ray_id,affine,t,r,theta,phi,pt,pr,ptheta,pphi,C_null,Q,root_signed_residual
0,1.61414393803409780e2,1.68306299164688653e2,8.01881088666105057e1,1.61644542966382843e0,-3.08994543862425175e0,-9.87851740647973764e-1,9.74206094228681985e-1,-1.55564535437842082e1,-1.55727040572646693e1,-3.33483241021781396e-14,2.42508568509017607e2,-3.68203245670883916e-11
1,1.61475654455976297e2,1.68445535118652316e2,8.01445980715404716e1,1.61108068629435208e0,-3.09638458899953095e0,-9.87838947956176550e-1,9.75406051274814168e-1,-1.55602473854028194e1,-1.50777572247372973e1,-1.84990911478166709e-14,2.42490060495905368e2,-1.65130131790647283e-11
2,1.61539509336120886e2,1.68587708018822752e2,8.01067265127246628e1,1.60551953672745173e0,-3.10265480159516072e0,-9.87826563214639908e-1,9.76570794010405030e-1,-1.55632857993129274e1,-1.45828631137161207e1,-1.82423520733721034e-14,2.42472052046718460e2,-7.37685468266136013e-11
3,1.61605983620835843e2,1.68732742682509098e2,8.00745464850603952e1,1.59976363301651547e0,-3.10873657948667459e0,-9.87814590331138609e-1,9.77699892224024980e-1,-1.55656099930710017e1,-1.40880204592107603e1,-4.77395900588817312e-15,2.42454552067600105e2,-3.88524767913622782e-11
4,1.61675083733297271e2,1.68880533232706711e2,8.00480935397127098e1,1.59381630091453097e0,-3.11460925696290047e0,-9.87803033104193262e-1,9.78792927385236267e-1,-1.55672670856478863e1,-1.35932279543892509e1,9.65200142033495467e-15,2.42437569275503876e2,-1.45945477925124578e-11
5,1.61746793586581020e2,1.69030938504585578e2,8.00273828863530809e1,1.58768279590575134e0,-3.12025105134646052e0,-9.87791895219850002e-1,9.79849493888476863e-1,-1.55683100973009445e1,-1.30984842512799649e1,1.99285032920215599e-14,2.42421112188565445e2,-5.56923396288766526e-11
6,1.61821070446291515e2,1.69183777097507885e2,8.00124054012477330e1,1.58137057639747947e0,-3.12563914838822221e0,-9.87781180248531898e-1,9.80869200421545684e-1,-1.55687977917725657e1,-1.26037879615363604e1,3.41254802194157492e-14,2.42405189116602628e2,-8.12718781162402593e-11
7,1.61897840439790627e2,1.69338822124701409e2,8.00031232613432337e1,1.57488959058240630e0,-3.13074982759035292e0,-9.87770891641960636e-1,9.81851671458757624e-1,-1.55687943409703937e1,-1.21091376572640677e1,3.44689554676591570e-14,2.42389808151713567e2,-5.10169684275751933e-11
8,1.61976993763916425e2,1.69495795741927651e2,7.99994652473201739e1,1.56825257188947864e0,-3.13555863417257497e0,-9.87761032730163580e-1,9.82796548873096754e-1,-1.55683687825445478e1,-1.16145318719100601e1,5.05671893247239268e-14,2.42374977159106265e2,-4.17941237174090929e-11
9,1.62058379673824930e2,1.69654363572522129e2,8.00013217878802720e1,1.56147533606980549e0,-3.14004060453023026e0,-9.87751606718559327e-1,9.83703493654254246e-1,-1.55675942431244110e1,-1.11199691012128401e1,7.14706072102444523e-14,2.42360703768020159e2,-4.83169060316868126e-13
10,1.62141801373369049e2,1.69814129189326536e2,8.00085398539706887e1,1.55457707083362129e0,-3.14417055183925997e0,-9.87742616685136632e-1,9.84572187711024172e-1,-1.55665469050968159e1,-1.06254478042130369e1,8.31210100749046887e-14,2.42346995362891477e2,-4.27462509833276272e-11
11,1.62227010967596186e2,1.69974628859274361e2,8.00209178507774226e1,1.54758060662610109e0,-3.14792341781866547e0,-9.87734065577726805e-1,9.85402335724347767e-1,-1.55653047033264720e1,-1.01309664043232992e1,1.04017489066521307e-13,2.42333859074751444e2,-2.26378915613167919e-11
12,1.62313704687986871e2,1.70135326810912431e2,8.00382007044848649e1,1.54051265467498588e0,-3.15127469545049843e0,-9.87725956211373934e-1,9.86193667005923036e-1,-1.55639457507367656e1,-9.63652329045626743e0,1.12449979883244566e-13,2.42321301772780942e2,-8.91020590643165633e-12
13,1.62401518647164579e2,1.70295611334478878e2,8.00600753869004080e1,1.53340399603049193e0,-3.15420092552744036e0,-9.87718291265807458e-1,9.86945937302207255e-1,-1.55625465085770589e1,-9.14211681820943411e0,1.28555152634213243e-13,2.42309330056203834e2,-5.73265879211248830e-11
14,1.62490025431169300e2,1.70454792077055487e2,8.00861671728606126e1,1.52628960311437400e0,-3.15668026714578875e0,-9.87711073283025986e-1,9.87658930469979435e-1,-1.55611797385013624e1,-8.64774531110526112e0,1.49883577771348087e-13,2.42297950246365673e2,-4.98943109050742351e-11
15,1.62578731880601367e2,1.70612098937520244e2,8.01160369702038224e1,1.51920867357838674e0,-3.15869313857724299e0,-9.87704304664988375e-1,9.88332459935768237e-1,-1.55599122988101310e1,-8.15340706188511355e0,1.64784852429988860e-13,2.42287168379131742e2,-5.25091081726714037e-11
16,1.62667078442676598e2,1.70766682992574232e2,8.01491800957172273e1,1.51220455534842557e0,-3.16022292030158525e0,-9.87697987671423361e-1,9.88966369838916615e-1,-1.55588028751030603e1,-7.65910033385505873e0,1.88335458339849993e-13,2.42276990197591459e2,-3.90798504668055102e-11
17,1.62754440492790422e2,1.70917619893591194e2,8.01850268911387332e1,1.50532454193877485e0,-3.16125670641855194e0,-9.87692124417758222e-1,9.89560535750618975e-1,-1.55578997640626326e1,-7.16482336228175054e0,2.17128398594113037e-13,2.42267421145037787e2,-4.81179540656739846e-11
18,1.62840132010551685e2,1.71063916147787921e2,8.02229455654659347e1,1.49861951884520628e0,-3.16178608433914476e0,-9.87686716873171999e-1,9.90114864858420374e-1,-1.55572388550700946e1,-6.67057435583637837e0,2.48521689338865315e-13,2.42258466358309562e2,-5.55928636458702385e-11
19,1.62923411951176604e2,1.71204518635726231e2,8.02622476128584452e1,1.49214344538458854e0,-3.16180791591612964e0,-9.87681766858771626e-1,9.90629295511371133e-1,-1.55568419738668133e1,-6.17635149808434480e0,2.81463220785926893e-13,2.42250130661458627e2,-1.40261136039043777e-11
20,1.63003493567390649e2,1.71338327609098485e2,8.03021960781088495e1,1.48595266200535336e0,-3.16132508650083155e0,-9.87677276045903718e-1,9.91103796036119755e-1,-1.55567157609504267e1,-5.68215294901854762e0,3.13819283059846299e-13,2.42242418559774222e2,-3.21307425110717304e-11
21,1.63079556807473466e2,1.71464213256549812e2,8.03420168214314856e1,1.48010502094259100e0,-3.16034718248376123e0,-9.87673245954594159e-1,9.91538362760264191e-1,-1.55568512501706788e1,-5.18797684663369996e0,3.47681952672651562e-13,2.42235334234182943e2,-4.07993638873449527e-11
22,1.63150763745103575e2,1.71581035725303821e2,8.03809127737286389e1,1.47465884800319258e0,-3.15889105351330413e0,-9.87669677952128566e-1,9.91933017217322743e-1,-1.55572242861442671e1,-4.69382130853927393e0,3.98052250882852121e-13,2.42228881536025881e2,-9.99023086478700861e-12
23,1.63216276786337005e2,1.71687668244321713e2,8.04180809720798635e1,1.46967175484938317e0,-3.15698121368296114e0,-9.87666573251767432e-1,9.92287802555237741e-1,-1.55577968704699181e1,-4.19968443360825194e0,4.63155555574523703e-13,2.42223063982213858e2,-5.88187276662210934e-11
24,1.63275279167055544e2,1.71783022731601676e2,8.04527319404135852e1,1.46519933366399724e0,-3.15465003740717131e0,-9.87663932911604703e-1,9.92602779226492649e-1,-1.55585194569176011e1,-3.70556430365909018e0,5.72749313254572456e-13,2.42217884750827039e2,-9.09210484678624198e-11
25,1.63326997019157943e2,1.71866077005377946e2,8.04841107497687318e1,1.46129377849858244e0,-3.15193771115434096e0,-9.87661757833567022e-1,9.92878020097734182e-1,-1.55593341290511908e1,-3.21145898516790584e0,7.12585589493497373e-13,2.42213346677067420e2,-8.80362449606764130e-11
26,1.63370722065280233e2,1.71935902478869110e2,8.05115188750981474e1,1.45800248866332960e0,-3.14889191200687923e0,-9.87660048762560971e-1,9.93113605174465119e-1,-1.55601784983816049e1,-2.71736653100805681e0,1.00777762870873921e-12,2.42209452249721210e2,-7.44080352887976915e-11
27,1.63405833834951267e2,1.71991691038874421e2,8.05343357952098557e1,1.45536671781310378e0,-3.14556719801522799e0,-9.87658806285763746e-1,9.93309616185461541e-1,-1.55609900688315577e1,-2.22328498221397020e0,1.32908050884394946e-12,2.42206203607902268e2,-5.08464381709927693e-11
28,1.63431820201007838e2,1.72032779713330001e2,8.05520391803828488e1,1.45342033661758530e0,-3.14202411272958493e0,-9.87658030832063716e-1,9.93466131307141009e-1,-1.55617107378666670e1,-1.72921236976625647e0,1.81653482403745792e-12,2.42203602538455129e2,-7.18074488759157248e-11
29,1.63448295036141786e2,1.72058671745763235e2,8.05642225005465775e1,1.45218877605063756e0,-3.13832802574910863e0,-9.87657722671648974e-1,9.93583220319871674e-1,-1.55622910595807600e1,-1.23514671639484042e0,1.98169762934477522e-12,2.42201650473479930e2,-6.34656771580921486e-11
30,1.63455011898202315e2,1.72069052828233879e2,8.05706089796239695e1,1.45168821187052233e0,-3.13454775072891323e0,-9.87657881915745217e-1,9.93660940480677324e-1,-1.55626938909735362e1,-7.41086038396959856e-1,1.78224294588961996e-12,2.42200348488723392e2,-6.36646291241049767e-12
31,1.63451872864538444e2,1.72063801492890718e2,8.05710610143682970e1,1.45192503892490543e0,-3.13075399987524472e0,-9.87658508516503941e-1,9.93699333357656811e-1,-1.55628970843791077e1,-2.47028347466767495e-1,1.91637092479546300e-12,2.42199697302280271e2,-6.50715037409099750e-11
32,1.63438931936430436e2,1.72042993009446434e2,8.05655844574586126e1,1.45289566733823028e0,3.15616755975343333e0,-9.87659602267041858e-1,9.93698422813133364e-1,-1.55628949741761584e1,2.47028347466767467e-1,1.78451508805370709e-12,2.42199697273228480e2,-9.66622337728040293e-11
33,1.63416392797246658e2,1.72006896550748507e2,8.05543275092399682e1,1.45458665290577227e0,3.15977672492462647e0,-9.87661162801629189e-1,9.93658214250287775e-1,-1.55626985245085905e1,7.41086038396959745e-1,1.51230086396433872e-12,2.42200348401613752e2,-4.47641923528863117e-11
34,1.63384601088516320e2,1.71955965823085364e2,8.05375743273845899e1,1.45697515307945391e0,3.16319217664989205e0,-9.87663189596028168e-1,9.93578695144989643e-1,-1.55623341404597149e1,1.23514671639484042e0,1.99702499545720280e-12,2.42201650328452246e2,-8.69562200023210607e-11
35,1.63344031732541850e2,1.71890823773244961e2,8.05157338175801272e1,1.46002967988955890e0,3.16635168388233712e0,-9.87665681967982323e-1,9.93459836799838736e-1,-1.55618412789953773e1,1.72921236976625670e0,1.84280986737644925e-12,2.42203602335528899e2,-7.05853153704083525e-11
36,1.63295272139402300e2,1.71812242337525504e2,8.04893243725925345e1,1.46371110398228188e0,3.16919863556355530e0,-9.87668639077852073e-1,9.93301597184383822e-1,-1.55612691093134465e1,2.22328498221397064e0,1.33044204993215676e-12,2.42206203347182026e2,-8.28492829896276817e-12
37,1.63239002355057835e2,1.71721118450460267e2,8.04589555453124916e1,1.46797385123672353e0,3.17168301203544134e0,-9.87672059929398660e-1,9.93103924650429959e-1,-1.55606725502285403e1,2.71736653100805681e0,9.84643573273547013e-13,2.42209451931354778e2,-4.38689085058285855e-11
38,1.63175973327274221e2,1.71618447672424708e2,8.04253077676308408e1,1.47276722607135313e0,3.17376207631115248e0,-9.87675943370714182e-1,9.92866762278539539e-1,-1.55601080474788862e1,3.21145898516790629e0,7.00302012560105602e-13,2.42213346301238204e2,-4.12541112382314168e-11
39,1.63106984481224686e2,1.71505296818959096e2,8.03891112516723041e1,1.47803679379134789e0,3.17540077806255461e0,-9.87680288095295178e-1,9.92590052590708427e-1,-1.55596294454257169e1,3.70556430365908929e0,5.47795316052646086e-13,2.42217884317737628e2,-4.02167188440216705e-11
40,1.63032861712577386e2,1.71382776886813332e2,8.03511251385238410e1,1.48372575774235882e0,3.17657188108075683e0,-9.87685092643258544e-1,9.92273742365461398e-1,-1.55592842618739677e1,4.19968443360825194e0,4.57975671275256957e-13,2.42223063492114903e2,-9.82964820650522597e-11
41,1.62954436751261568e2,1.71252017402785725e2,8.03121178193433849e1,1.48977627464765949e0,3.17725583973370806e0,-9.87690355402697784e-1,9.91917787317320943e-1,-1.55591106025611339e1,4.69382130853927304e0,3.80097862906492168e-13,2.42228880989177270e2,-6.41193764749914408e-11
42,1.62872528643260409e2,1.71114143093188744e2,8.02728491620151630e1,1.49613066205870937e0,3.17744046068925901e0,-9.87696074611175812e-1,9.91522156439414437e-1,-1.55591348660252553e1,5.18797684663369996e0,3.37679537110169292e-13,2.42235333630896349e2,-9.02673491509631276e-11
43,1.62787927865793847e2,1.70970253511999090e2,8.02340551577411674e1,1.50273246397630378e0,3.17712039259717960e0,-9.87702248357353874e-1,9.91086835854460668e-1,-1.55593703026049344e1,5.68215294901854673e0,3.02349291436687651e-13,2.42242417900376921e2,-5.34896571480203420e-11
44,1.62701383367745450e2,1.70821406012032213e2,8.01964352893618582e1,1.50952735309500419e0,3.17629648877772031e0,-9.87708874582751029e-1,9.90611832070534271e-1,-1.55598164133789005e1,6.17635149808434569e0,2.72801746470374695e-13,2.42250129946313649e2,-5.46833689440973103e-11
45,1.62613592615994605e2,1.70668602201923449e2,8.01606427205861962e1,1.51646385976426834e0,3.17497508684962870e0,-9.87715951083634414e-1,9.90097174585417905e-1,-1.55604591126958862e1,6.67057435583637925e0,2.23415036471052986e-13,2.42258465587803016e2,-9.49569312069797888e-11
46,1.62525194558502733e2,1.70512777833572642e2,8.01272772411866043e1,1.52349392784881887e0,3.17316724548504547e0,-9.87723475513031413e-1,9.89542917827656798e-1,-1.55612715348464867e1,7.16482336228175054e0,2.12406481292504168e-13,2.42267420319602508e2,-8.08597633294994012e-11
47,1.62436765281470912e2,1.70354795906222165e2,8.00968807728435621e1,1.53057330578879647e0,3.17088797298220948e0,-9.87731445382867945e-1,9.88949142457599462e-1,-1.55622153414921005e1,7.65910033385505695e0,1.87494117454001241e-13,2.42276989317670143e2,-9.54969436861574650e-11
48,1.62348816046662762e2,1.70195442661417502e2,8.00699351500976064e1,1.53766178713427948e0,3.16815547593139479e0,-9.87739858066219778e-1,9.88315956078978708e-1,-1.55632423795716921e1,8.15340706188511355e0,1.63332888880596272e-13,2.42287167445204915e2,-6.12772055319510400e-11
49,1.62261793346017896e2,1.70035426078066649e2,8.00468618408472992e1,1.54472331871618684e0,3.16499044961640674e0,-9.87748710799683738e-1,9.87643493429746888e-1,-1.55642965459902136e1,8.64774531110526112e0,1.37294689506184397e-13,2.42297949258930004e2,-6.20588025412871502e-11
50,1.62176080589947759e2,1.69875376444508845e2,8.00280232480267983e1,1.55172599666200028e0,3.16141542546197485e0,-9.87758000685854065e-1,9.86931916130766806e-1,-1.55653157314869226e1,9.14211681820943411e0,1.27790139581307471e-13,2.42309329015798625e2,-2.62758703684085049e-11
51,1.62092001056703793e2,1.69715848588119314e2,8.00137252418837051e1,1.55864197096058210e0,3.15745418517310261e0,-9.87767724695906235e-1,9.86181412074756181e-1,-1.55662337377403084e1,9.63652329045626566e0,1.11643333466915351e-13,2.42321300679959734e2,-4.83026951769716106e-11
52,1.62009821754603564e2,1.69557325363553048e2,8.00042205933028470e1,1.56544727860698796e0,3.15313124640356790e0,-9.87777879672282033e-1,9.85392194535292587e-1,-1.55669820857065684e1,1.01309664043232992e1,1.02740732588202377e-13,2.42333857930096286e2,-5.67865754419472069e-11
53,1.61929757890761181e2,1.69400222041731865e2,7.99997130167475063e1,1.57212162383302068e0,3.14847142092414156e0,-9.87788462331472772e-1,9.84564501070385178e-1,-1.55674916568002750e1,1.06254478042130387e1,7.66574304034151055e-14,2.42346994167008461e2,-5.76818592890049331e-11
54,1.61851977683137875e2,1.69244891286240176e2,8.00003615712121814e1,1.57864812189002768e0,3.14349944330539266e0,-9.87799469266890884e-1,9.83698592286430862e-1,-1.55676941300727734e1,1.11199691012128419e1,6.68597122110980990e-14,2.42360702521541327e2,-2.24389395953039639e-11
55,1.61776607301520357e2,1.69091628455604649e2,8.00062852131353424e1,1.58501302053242776e0,3.13823966601793192e0,-9.87810896951831885e-1,9.82794750518996563e-1,-1.55675231969464978e1,1.16145318719100601e1,5.10008701937181286e-14,2.42374975862687648e2,-3.68203245670883916e-11
56,1.61703735767166847e2,1.68940677018189206e2,8.00175673367011342e1,1.59120541097435164e0,3.13271581545953914e0,-9.87822741742518162e-1,9.81853278476842783e-1,-1.55669155499039551e1,1.21091376572640712e1,3.11972669919668988e-14,2.42389806806027309e2,-3.66497943105059676e-11
57,1.61633419684227647e2,1.68792233914513446e2,8.00342601779337741e1,1.59721693778895979e0,3.12695080262757008e0,-9.87834999881219256e-1,9.80874497886357166e-1,-1.55658116527525578e1,1.26037879615363604e1,1.98868699285981165e-14,2.42405187722342276e2,-5.96145355302724056e-11
58,1.61565687710652441e2,1.68646454741358014e2,8.00563889918429368e1,1.60304151510583504e0,3.12096658182590581e0,-9.87847667499443416e-1,9.79858748164159854e-1,-1.55641563080051970e1,1.30984842512799649e1,1.67192648614644668e-14,2.42421110746461693e2,-8.24371682028868236e-11
59,1.61500544708790585e2,1.68503458669459746e2,8.00839559428783190e1,1.60867505457617233e0,3.11478405082556709e0,-9.87860740621200439e-1,9.78806385138517143e-1,-1.55618990419503351e1,1.35932279543892509e1,7.36910532594947654e-15,2.42437567786286536e2,-3.29549720845534466e-11
60,1.61437975540655543e2,1.68363333036037517e2,8.01169436726639788e1,1.61411520895885197e0,3.10842298617456425e0,-9.87874215166320790e-1,9.77717779833422229e-1,-1.55589943306684084e1,1.40880204592107638e1,-4.63171168085807494e-15,2.42454550532031988e2,-7.67528263168060221e-11
61,1.61377948491533516e2,1.68226137576429409e2,8.01553185270189914e1,1.61936113383211278e0,3.10190200779294445e0,-9.87888086953836786e-1,9.76593317323063204e-1,-1.55554016910896351e1,1.45828631137161171e1,-1.10744746706359365e-14,2.42472050465573830e2,-7.73781039242749102e-11
62,1.61320418323901094e2,1.68091908281308207e2,8.01990334419176634e1,1.62441326883076398e0,3.09523856753659743e0,-9.87902351705411963e-1,9.75433395661719715e-1,-1.55510856606906902e1,1.50777572247372973e1,-1.33365540833096929e-14,2.42490058869972927e2,-7.00737246006610803e-11
63,1.61265328971100359e2,1.67960660876830872e2,8.02480304954340511e1,1.62927313895173809e0,3.08844895699340771e0,-9.87917005048818186e-1,9.74238424888929533e-1,-1.55460156879799456e1,1.55727040572646693e1,-2.59445243067091269e-14,2.42508566839110529e2,-8.08455524747841991e-11
64,1.61478449197449834e2,1.68451769718446769e2,8.01436520246181772e1,1.60956932364580441e0,-3.09533639439689123e0,-9.87837906417864620e-1,9.75405637083964439e-1,-1.50656518100842174e1,-1.55721098914669405e1,-1.66672231571851626e-14,2.27338249388748636e2,-4.07851530326297507e-12
65,1.61544840674489762e2,1.68599413512763135e2,8.01046468367516837e1,1.60397288554219974e0,-3.10197868834236568e0,-9.87825069946528078e-1,9.76609325041193244e-1,-1.50688684279167795e1,-1.50771787171692555e1,-1.56888391167342434e-14,2.27320801847599057e2,-9.81970060820458457e-11
66,1.61614241062838062e2,1.68750538672251082e2,8.00716751732325633e1,1.59815785643791530e0,-3.10845239053045530e0,-9.87812642731143886e-1,9.77777590625727999e-1,-1.50713241696444342e1,-1.45823005514927804e1,-2.75474087985116967e-15,2.27303825046165855e2,-4.76916284242179245e-11
67,1.61686701810398517e2,1.68905097004553284e2,8.00448156850110308e1,1.59212446457393364e0,-3.11473649593476409e0,-9.87800628701387406e-1,9.78909993448059401e-1,-1.50730615275466864e1,-1.40874741235978487e1,5.38805111638396284e-15,2.27287327397178359e2,-3.26281224261038005e-11
68,1.61762255074293961e2,1.69063008091541320e2,8.00241300174376704e1,1.58587465764956503e0,-3.12080856842160781e0,-9.87789031677142826e-1,9.80006104668625810e-1,-1.50741296262421027e1,-1.35926981204916455e1,1.41553435639707459e-15,2.27271317134891575e2,-4.66826577394385822e-11
69,1.61840909295058708e2,1.69224153836149412e2,8.00096585957465010e1,1.57941239683497625e0,-3.12664476899477695e0,-9.87777855365260082e-1,9.81065508379230122e-1,-1.50745843041499015e1,-1.30979711877335951e1,2.45671538667835421e-14,2.27255802305982115e2,-2.73274736173334531e-11
70,1.61922644235004810e2,1.69388372481551983e2,8.00014158662181956e1,1.57274397559743440e0,-3.13221991956356316e0,-9.87767103356376741e-1,9.82087803148212757e-1,-1.50744880359716031e1,-1.26032919302042625e1,3.83235110312796223e-14,2.27240790760506030e2,-6.92068624630337581e-11
71,1.62007405491902546e2,1.69555452139870937e2,7.99993849958296153e1,1.56587836038849537e0,-3.13750761006307632e0,-9.87756779121822137e-1,9.83072603734606920e-1,-1.50739096581200958e1,-1.21086589129372246e1,5.46750145158370060e-14,2.27226290143065796e2,-5.52375922779901884e-11
72,1.62095098529640325e2,1.69725123904428244e2,8.00035120617335309e1,1.55882754839464566e0,-3.14248035747255550e0,-9.87746886010596237e-1,9.84019542970684946e-1,-1.50729238575826692e1,-1.16140706620135550e1,5.82901782397726720e-14,2.27212307884066064e2,-3.70619090972468257e-11
73,1.62185582301635179e2,1.69897054660501794e2,8.00136997941602317e1,1.55160693532577731e0,-3.14710982577511356e0,-9.87737427246433874e-1,9.84928273802803900e-1,-1.50716103855517609e1,-1.11195256655179318e1,8.02101440822156064e-14,2.27198851191184133e2,-2.58921772910980508e-11
74,1.62278662591195200e2,1.70070839765225685e2,8.00298009826587986e1,1.54423568358006946e0,-3.15136711607679310e0,-9.87728405924962360e-1,9.85798471469974347e-1,-1.50700529611669687e1,-1.06250223745557353e1,8.33361157859258128e-14,2.27185927040956273e2,-9.41611233429284766e-11
75,1.62374085246714742e2,1.70245995828182515e2,8.00516117075110003e1,1.53673707813704818e0,-3.15522313578300428e0,-9.87719825010949903e-1,9.86629835785223563e-1,-1.50683378389043039e1,-1.01305592043299946e1,1.05155467666762092e-13,2.27173542170657697e2,-1.49782408698229119e-11
76,1.62471529556165819e2,1.70421953897664338e2,8.00788646230898422e1,1.52913885425809926e0,-3.15864905475270241e0,-9.87711687335657507e-1,9.87422093468598105e-1,-1.50665520264694344e1,-9.63613453527706021e0,1.19560611411273499e-13,2.27161703070312115e2,-5.24238430443801917e-11
77,1.62570602071304677e2,1.70598053429224365e2,8.01112225851754829e1,1.52147347769043173e0,-3.16161685449807495e0,-9.87703995594290007e-1,9.88175000460524422e-1,-1.50647811593797716e1,-9.14174671425955943e0,1.47510476056211814e-13,2.27150415974990835e2,-5.08748598804231733e-11
78,1.62670831272090652e2,1.70773537497190375e2,8.01482729939799441e1,1.51377835476123446e0,-3.16409997359738382e0,-9.87696752343559137e-1,9.88888344125414265e-1,-1.50631070641826721e1,-8.64739405581535081e0,1.68373995301784873e-13,2.27139686857334254e2,-9.77706804405897856e-11
79,1.62771663526331423e2,1.70947549775365729e2,8.01895232906017839e1,1.50609594688385662e0,-3.16607404832029093e0,-9.87689959999358824e-1,9.89561945232852125e-1,-1.50616050743493819e1,-8.15307484346067390e0,1.90073651262778753e-13,2.27129521420357491e2,-5.11590769747272134e-13
80,1.62872460865416969e2,1.71119133876336889e2,8.02343981129530448e1,1.49847376192543846e0,-3.16751774193762170e0,-9.87683620834555964e-1,9.90195659585906385e-1,-1.50603412002021582e1,-7.65878733104573151e0,2.11204317923652241e-13,2.27119925090525783e2,-8.93578544491901994e-11
81,1.62972501130403089e2,1.71287235664529987e2,8.02822386554518914e1,1.49096419414580805e0,-3.16841364923628355e0,-9.87677736976901421e-1,9.90789379149474736e-1,-1.50593692944937292e1,-7.16452974416091593e0,2.30515259658226057e-13,2.27110903011122645e2,-7.78754838393069804e-12
82,1.63070981058181701e2,1.71450709160272595e2,8.03323047986458221e1,1.48362418548440700e0,-3.16874925454316658e0,-9.87672310407067600e-1,9.91343032525568546e-1,-1.50587283946727872e1,-6.67030028159144628e0,2.67095373596148988e-13,2.27102460035941618e2,-2.92175172944553196e-11
83,1.63167022829814300e2,1.71608326584244992e2,8.03837805364865687e1,1.47651468445695988e0,-3.16851791236790303e0,-9.87667342956812022e-1,9.91856584622082704e-1,-1.50584404561625806e1,-6.17609711681833939e0,3.07294988066697528e-13,2.27094600723275363e2,-1.06297193269710988e-11
84,1.63259684518450740e2,1.71758792980207886e2,8.04357831549252609e1,1.46969988519417716e0,-3.16771981024001148e0,-9.87662836307271919e-1,9.92330035379649256e-1,-1.50585087115478817e1,-5.68191839956330380e0,3.30407576298874517e-13,2.27087329330274002e2,-8.87325768417213112e-11
85,1.63347974707783521e2,1.71900765653741843e2,8.04873764617657201e1,1.46324623857602298e0,-3.16636286426866942e0,-9.87658791987393370e-1,9.92763417450794772e-1,-1.50589168911818501e1,-5.18776225737519514e0,3.66433446086222858e-13,2.27080649807644363e2,-5.20259391123545356e-11
86,1.63430871331738501e2,1.72032878405549013e2,8.05375881605761919e1,1.45722123990516428e0,-3.16446349056768206e0,-9.87655211372499897e-1,9.93156792775534925e-1,-1.50596295145953540e1,-4.69362679725538090e0,4.20416305935145118e-13,2.27074565794683394e2,-4.63700189357041381e-11
87,1.63507344492604545e2,1.72153770201848602e2,8.05854311811579862e1,1.45169201277517312e0,-3.16204719126868428e0,-9.87652095682995945e-1,9.93510248061765577e-1,-1.50605934044400467e1,-4.19951010731937213e0,4.84540359224627792e-13,2.27069080614713698e2,-3.19886339639197104e-11
88,1.63576382686384875e2,1.72262117553174022e2,8.06299284617795706e1,1.44672372578974073e0,-3.15914889378588359e0,-9.87649445983216245e-1,9.93823889258215631e-1,-1.50617404844751501e1,-3.70541025849193328e0,5.66917606609207425e-13,2.27064197270892862e2,-9.85380665952106938e-11
89,1.63637021508643983e2,1.72356669477742997e2,8.06701403309979383e1,1.44237789625142199e0,-3.15581298747433037e0,-9.87647263180418622e-1,9.94097835193306301e-1,-1.50629918046935636e1,-3.21132530623278001e0,7.47199828052269588e-13,2.27059918442422202e2,-6.41762198938522488e-11
90,1.63688373584817725e2,1.72436283564329955e2,8.07051933106898360e1,1.43871065102819484e0,-3.15209301360093086e0,-9.87645548023921460e-1,9.94332210639432557e-1,-1.50642626007449270e1,-2.71725329228988688e0,9.97128378130152093e-13,2.27056246481113845e2,-8.81357209436828271e-11
91,1.63729658193841146e2,1.72499961354159666e2,8.07343088841048910e1,1.43577102751505103e0,-3.14805098264273475e0,-9.87644301104391276e-1,9.94527139137236338e-1,-1.50654680581061324e1,-2.22319224647737812e0,1.32982784940144372e-12,2.27053183408424871e2,-9.31805743675795384e-11
92,1.63760228892704561e2,1.72546881095342741e2,8.07568306017419388e1,1.43359940487951065e0,-3.14375631645161624e0,-9.87643522853275502e-1,9.94682735968979825e-1,-1.50665293348509106e1,-1.72914018847483852e0,1.77904137818943320e-12,2.27050730912875764e2,-2.79101186606567353e-11
93,1.63779597421545702e2,1.72576425908354310e2,8.07722478536958448e1,1.43222615599993142e0,-3.13928443988169548e0,-9.87643213542390708e-1,9.94799101694180288e-1,-1.50673793219771781e1,-1.23509512964487667e0,2.05426539494346638e-12,2.27048890347831303e2,-8.09308176030754112e-11
94,1.63787452305906754e2,1.72588205569560330e2,8.07802147521814362e1,1.43167060270629021e0,-3.13471507431621488e0,-9.87643373283655812e-1,9.94876316649080494e-1,-1.50679676047496738e1,-7.41055074865697883e-1,1.48834431920857185e-12,2.27047662729741830e2,-7.70654651205404662e-11
95,1.63783670874379652e2,1.72582070470052429e2,8.07805628436707508e1,1.43194034115549651e0,-3.13013031088708704e0,-9.87644002028981394e-1,9.94914436762703414e-1,-1.50682641416901575e1,-2.47018024375390471e-1,2.06999899297519944e-12,2.27047048737463371e2,-2.29505303650512360e-11
96,1.63768323843935661e2,1.72558116803376691e2,8.07733067763476384e1,1.43303098157317854e0,3.15757274639250474e0,-9.87645099570307106e-1,9.94913490948859947e-1,-1.50682612971949457e1,2.47018024375390471e-1,2.18939071109898811e-12,2.27047048710120663e2,-5.23812104802345857e-11
97,1.63741672157256943e2,1.72516682638469035e2,8.07586425561080006e1,1.43492631930831926e0,3.16194281593489368e0,-9.87646665539793300e-1,9.94873480238104735e-1,-1.50679740349940161e1,7.41055074865697772e-1,1.62217002254872594e-12,2.27047662647684064e2,-4.70805616714642383e-11
98,1.63704156324606515e2,1.72458335175372184e2,8.07369385693474726e1,1.43759892505501430e0,3.16608825030048502e0,-9.87648699410161979e-1,9.94794378668956147e-1,-1.50674382771771764e1,1.23509512964487644e0,1.97638812867578784e-12,2.27048890211057312e2,-8.16697820482659154e-11
99,1.63656379054056856e2,1.72383850081132636e2,8.07087200675911589e1,1.44101111438741047e0,3.16993757998624126e0,-9.87651200495188841e-1,9.94676135837741615e-1,-1.50667076281063057e1,1.72914018847483852e0,1.74449403490470334e-12,2.27050730721514725e2,-8.95994389793486334e-11
100,1.63599082400775842e2,1.72294184308500974e2,8.06746482491598158e1,1.44511623334000427e0,3.17342631410292464e0,-9.87654167950345663e-1,9.94518680901423813e-1,-1.50658488249140134e1,2.22319224647737812e0,1.31222105664158262e-12,2.27053183162576119e2,-7.33280103304423392e-12
101,1.63533120975043119e2,1.72190444152625332e2,8.06354953815582860e1,1.44986017992403649e0,3.17649809619544765e0,-9.87657600773588884e-1,9.94321927723100574e-1,-1.50649363840990151e1,2.71725329228988688e0,9.63035640816345406e-13,2.27056246180909142e2,-4.73079353469074704e-11
102,1.63459432897060879e2,1.72073850475308234e2,8.05921175662099785e1,1.45518307247740131e0,3.17910549112729335e0,-9.87661497806299749e-1,9.94085780807009822e-1,-1.50640469565252708e1,3.21132530623278001e0,7.17000677580292844e-13,2.27059918088033243e2,-9.58664259087527171e-11
103,1.63379010180593582e2,1.71945703028402363e2,8.05454267550029783e1,1.46102097475506021e0,3.18121039908167891e0,-9.87665857734363550e-1,9.93810141644848044e-1,-1.50632538811377579e1,3.70541025849193284e0,5.65194158835824467e-13,2.27064196862521527e2,-4.64126514998497441e-11
104,1.63292870074709640e2,1.71807345646298131e2,8.04963634938696799e1,1.46730759388842191e0,3.18278411705803776e0,-9.87670679089397874e-1,9.93494915108419030e-1,-1.50626223524328697e1,4.19951010731937124e0,4.83363349346177529e-13,2.27069080152581876e2,-8.17124146124115214e-12
105,1.63202028638207423e2,1.71660133799973522e2,8.04458716340660374e1,1.47397587918507766e0,3.18380708752687136e0,-9.87675960250118501e-1,9.93140015564957679e-1,-1.50622055059820461e1,4.69362679725538001e0,3.97274661084745517e-13,2.27074565279042901e2,-4.24904555984539911e-11
106,1.63107477503037586e2,1.71505405653766388e2,8.03948759532026003e1,1.48095946524309419e0,3.18426838705541604e0,-9.87681699443845318e-1,9.92745372452145003e-1,-1.50620416002992616e1,5.18776225737519425e0,3.62601441927790091e-13,2.27080649238789391e2,-9.21005494092241861e-11
107,1.63010164440857750e2,1.71344457384692760e2,8.03442633035353282e1,1.48819391998820794e0,3.18416501457707568e0,-9.87687894748144113e-1,9.92310935120403359e-1,-1.50621523505995043e1,5.68191839956330380e0,3.26589449928249564e-13,2.27087328708515884e2,-6.63078481011325493e-11
108,1.62910978019564595e2,1.71178523155481400e2,8.02948675921558674e1,1.49561777518489758e0,3.18350104015572466e0,-9.87694544092599380e-1,9.91836676824031538e-1,-1.50625423646642620e1,6.17609711681834028e0,2.94722579674555618e-13,2.27094600048951492e2,-3.66213726010755636e-11
109,1.62810736350323793e2,1.71008759805989257e2,8.02474586218691428e1,1.50317333230899863e0,3.18228667169786572e0,-9.87701645260721128e-1,9.91322597810382011e-1,-1.50631995515622101e1,6.67030028159144628e0,2.67273182752436611e-13,2.27102459309429207e2,-8.42703684611478820e-11
110,1.62710179698086222e2,1.70836236063725408e2,8.02027346006408521e1,1.51080724946287703e0,3.18053729042210609e0,-9.87709195891973812e-1,9.90768727515509706e-1,-1.50640963233684158e1,7.16452974416091593e0,2.40476041857284883e-13,2.27110902232817239e2,-2.26947349801775999e-11
111,1.62609966565524587e2,1.70661925880205217e2,8.01613179674032921e1,1.51847092480212686e0,3.17827249733781114e0,-9.87717193483928502e-1,9.90175125920858434e-1,-1.50651913867709890e1,7.65878733104573239e0,2.02365901813550408e-13,2.27119924260847313e2,-4.92264007334597409e-11
112,1.62510672755456852e2,1.70486705370273455e2,8.01237540772817169e1,1.52612069867604161e0,3.17551520367299522e0,-9.87725635394537504e-1,9.89541884157462026e-1,-1.50664319210895776e1,8.15307484346067390e0,1.76759648584656759e-13,2.27129520539759426e2,-4.88711293655796908e-11
113,1.62412792875811476e2,1.70311352772394201e2,8.00905122458353560e1,1.53371790056783386e0,3.17229078905894291e0,-9.87734518844519793e-1,9.88869124464870963e-1,-1.50677559558353860e1,8.64739405581535259e0,1.62789920432615531e-13,2.27139685926294533e2,-5.16422460350440815e-11
114,1.62316743745203325e2,1.70136550829751286e2,8.00619886422704781e1,1.54122876842254364e0,3.16862634294280898e0,-9.87743840919859450e-1,9.88156999619788978e-1,-1.50690947883695365e1,9.14174671425955943e0,1.31002847458816518e-13,2.27150414994007662e2,-1.54898316395701841e-12
115,1.62222869191983307e2,1.69962891020080804e2,8.00385105515582467e1,1.54862426754284010e0,3.16454999756105471e0,-9.87753598574409586e-1,9.87405691949696185e-1,-1.50703753149652719e1,9.63613453527706021e0,1.21598911495546247e-13,2.27161702039920328e2,-1.52766688188421540e-11
116,1.62131445790670568e2,1.69790879110836528e2,8.00203415714588999e1,1.55587983447095435e0,3.16009035501388258e0,-9.87763788632599726e-1,9.86615412039011819e-1,-1.50715221822580130e1,1.01305592043299963e1,1.06616104833534564e-13,2.27173541091402228e2,-8.44124770082999021e-11
117,1.62042689146960242e2,1.69620941584741644e2,8.00076873727659859e1,1.56297506861777413e0,3.15527600655018725e0,-9.87774407792239129e-1,9.85786397224983957e-1,-1.50724596975657175e1,1.06250223745557371e1,8.80476247466788209e-14,2.27185925913409903e2,-5.63460389457759447e-11
118,1.61956760411402485e2,1.69453432553304850e2,8.00007017154044462e1,1.56989339127120120e0,3.15013513899094066e0,-9.87785452627411020e-1,9.84918909966315370e-1,-1.50731134639248605e1,1.11195256655179318e1,7.38679950540443997e-14,2.27198850015940565e2,-9.72022462519817054e-11
119,1.61873772767912897e2,1.69288640847247393e2,7.99994924751805456e1,1.57662168833413174e0,3.14469522112011113e0,-9.87796919591460765e-1,9.84013236152580406e-1,-1.50734117280130206e1,1.16140706620135568e1,6.43998743221629866e-14,2.27212306661750318e2,-5.00364194522262551e-11
120,1.61793797709950127e2,1.69126797045782979e2,8.00041274991131388e1,1.58314994992599112e0,3.13898276167661994e0,-9.87808805020059522e-1,9.83069683409633188e-1,-1.50732864462112079e1,1.21086589129372246e1,4.29968560755611406e-14,2.27226288874307443e2,-2.48832066063187085e-11
121,1.61716870967356385e2,1.68968080263518289e2,8.00146401549303619e1,1.58947091702375998e0,3.13302313007029198e0,-9.87821105134351507e-1,9.82088579441525500e-1,-1.50726740862388606e1,1.26032919302042608e1,3.54265228263983545e-14,2.27240789445971160e2,-1.95399252334027551e-11
122,1.61642997997088059e2,1.68812624570665776e2,8.00310344882550311e1,1.59557974267177216e0,3.12684043096944997e0,-9.87833816044169088e-1,9.81070270439093450e-1,-1.50715161896888876e1,1.30979711877335951e1,2.83939538547883785e-14,2.27255800946349922e2,-7.75202124714269303e-11
123,1.61572158986124350e2,1.68660524963700539e2,8.00532899346595741e1,1.60147367303231136e0,3.12045742428818063e0,-9.87846933751319489e-1,9.80015119574899396e-1,-1.50697597251661826e1,1.35926981204916437e1,1.44016742975594525e-14,2.27271315730862199e2,-5.45981038158060983e-11
124,1.61504313346451369e2,1.68511842841065004e2,8.00813655641656652e1,1.60715175166327806e0,3.11389548272827099e0,-9.87860454152933443e-1,9.78923505596810517e-1,-1.50673572633624087e1,1.40874741235978469e1,3.47291639890556780e-15,2.27287325949459103e2,-3.87956333725014701e-11
125,1.61439403701785295e2,1.68366610963524664e2,8.01152038549594039e1,1.61261454889682243e0,3.10717457978680134e0,-9.87874373044867027e-1,9.77795821525112352e-1,-1.50642670050119296e1,1.45823005514927821e1,-1.26426646929189701e-14,2.27303823555489515e2,-9.19300191526417620e-11
126,1.61377359383913188e2,1.68224837901619566e2,8.01547340108171795e1,1.61786391700042742e0,3.10031330196704369e0,-9.87888686125159787e-1,9.76632473454238981e-1,-1.50604526908995453e1,1.50771787171692591e1,-1.85684800868557431e-14,2.27320800314720742e2,-5.53370682609966025e-11
127,1.61318099467388834e2,1.68086511987433141e2,8.01998748474222367e1,1.62290277090318691e0,3.09332887975891158e0,-9.87903388997538157e-1,9.75433879456625297e-1,-1.50558834204416581e1,1.55721098914669440e1,-2.04489203348146020e-14,2.27338247814430730e2,-9.24558207771042362e-11
128,1.61545538519190870e2,1.68600916117199972e2,8.01049886189160958e1,1.60283188656670039e0,-3.10094553884648416e0,-9.87824473444796403e-1,9.76570109653041474e-1,-1.45743184464992179e1,-1.55715317414775871e1,-1.14630527292547413e-14,2.12659412214977209e2,-4.89137619297252968e-11
129,1.61617511835945862e2,1.68757566374627231e2,8.00709028407012369e1,1.59699998095667661e0,-3.10781384818840367e0,-9.87811594368069423e-1,9.77777327601081270e-1,-1.45769371889386061e1,-1.50766157965838037e1,-6.88338275267597055e-15,2.12643002459190939e2,-7.21342985343653709e-11
130,1.61692970944524319e2,1.68918320375386912e2,8.00433027568573152e1,1.59092537087096475e0,-3.11451557423245617e0,-9.87799125817472312e-1,9.78948905410419679e-1,-1.45787860333977246e1,-1.45817531402440075e1,-8.11850586757145720e-16,2.12627035260375976e2,-5.28075361216906458e-11
131,1.61772001120573861e2,1.69083165670229391e2,8.00223006175831557e1,1.58460655026642727e0,-3.12102820186170815e0,-9.87787071744038236e-1,9.80084390787674953e-1,-1.45799085533167485e1,-1.40869424959233385e1,9.49240686054508842e-15,2.12611518546311288e2,-1.97815097635611892e-11
132,1.61854668407917273e2,1.69252056647297309e2,8.00079920095342487e1,1.57804375043526668e0,-3.12732748877541322e0,-9.87775435988487271e-1,9.81183342686482107e-1,-1.45803557672665782e1,-1.35921825446293170e1,1.69586567011492662e-14,2.12596460076799247e2,-8.27782287160516717e-11
133,1.61941014463739407e2,1.69424908132949383e2,8.00004509751099562e1,1.57123927414574083e0,-3.13338746188262718e0,-9.87764222277955461e-1,9.82245332833157070e-1,-1.45801863447170366e1,-1.30974719256207521e1,3.61551066863086135e-14,2.12581867435054534e2,-4.33288960266509093e-11
134,1.62031050672260790e2,1.69601588243992325e2,7.99997243986430817e1,1.56419786395860849e0,-3.13918045018621417e0,-9.87753434222799709e-1,9.83269947465459482e-1,-1.45794666453778152e1,-1.26028092371806846e1,4.60985416506076717e-14,2.12567748019194141e2,-4.48778791906079277e-11
135,1.62124751509745977e2,1.69781910501032598e2,8.00058256334663866e1,1.55692710272177792e0,-3.14467716358619409e0,-9.87743075313471053e-1,9.84256789296669710e-1,-1.45782705445949397e1,-1.21081930374529012e1,6.31890373359311752e-14,2.12554109033881474e2,-2.85496071228408255e-11
136,1.62222047179501487e2,1.69965625256232613e2,8.00187273769875276e1,1.54943784217397851e0,-3.14984682821877326e0,-9.87733148917473769e-1,9.85205479712387588e-1,-1.45766789933795522e1,-1.16136218453415285e1,7.60051743764478260e-14,2.12540957482068791e2,-5.43565192856476642e-11
137,1.62322815574843673e2,1.70152410536761209e2,8.00383538376933217e1,1.54174465299582319e0,-3.15465738995987266e0,-9.87723658276409289e-1,9.86115661196283799e-1,-1.45747792600223391e1,-1.11190941414730435e1,9.16211551071910435e-14,2.12528300156934932e2,-7.72928387959836982e-11
138,1.62426873686714941e2,1.70341862473448970e2,8.00645722937414632e1,1.53386628646510514e0,-3.15907579844258191e0,-9.87714606503108272e-1,9.86986999968514134e-1,-1.45726638020825678e1,-1.06246083692195974e1,9.80500403091610906e-14,2.12516143633970358e2,-9.80975300990394317e-11
139,1.62533968641735953e2,1.70533485563252469e2,8.00971842091200017e1,1.52582613412973633e0,-3.16306838415590530e0,-9.87705996578860490e-1,9.87819188802651516e-1,-1.45704287242557573e1,-1.01301629357829199e1,1.15050330373733800e-13,2.12504494263273472e2,-5.41149347554892302e-11
140,1.62643768643078801e2,1.70726683110683695e2,8.01359161572760001e1,1.51765266765048001e0,-3.16660134068367416e0,-9.87697831350744293e-1,9.88611949965662928e-1,-1.45681717907270603e1,-9.63575621333741950e0,1.42804171265886737e-13,2.12493358162024009e2,-7.38964445190504193e-12
141,1.62755854183837073e2,1.70920748299822009e2,8.01804108973727239e1,1.50937983633999395e0,-3.16964132261880360e0,-9.87690113529060443e-1,9.89365038199593649e-1,-1.45659899816164877e1,-9.14138654023116359e0,1.59204247007771471e-13,2.12482741207206601e2,-1.15960574476048350e-11
142,1.62869710011689250e2,1.71114856465071227e2,8.02302190562536168e1,1.50104739516919472e0,-3.17215616685024937e0,-9.87682845684873523e-1,9.90078243635033384e-1,-1.45639766132032342e1,-8.64705222224335834e0,1.87084722713670715e-13,2.12472649028551103e2,-8.31619217933621258e-11
143,1.62984718433819694e2,1.71308059243445456e2,8.02847919796405733e1,1.49270113150758599e0,-3.17411574044810640e0,-9.87676030247670589e-1,9.90751394495386517e-1,-1.45622180813472131e1,-8.15275153389650598e0,2.00159333552107910e-13,2.12463087001723210e2,-2.58921772910980508e-11
144,1.63100154655918715e2,1.71499281396050378e2,8.03434764231017482e1,1.48439295511499703e0,-3.17549291200049710e0,-9.87669669503134506e-1,9.91384359421458972e-1,-1.45607903363348452e1,-7.65848271982162654e0,2.28827373716100624e-13,2.12454060241808435e2,-6.97752966516418383e-11
145,1.63215184928018516e2,1.71687321159370924e2,8.04055118369901720e1,1.47618081357425868e0,-3.17626463480038623e0,-9.87663765591038301e-1,9.91977049218505935e-1,-1.45597552530683387e1,-7.16424399617446639e0,2.69308880751495394e-13,2.12445573597022502e2,-1.47082346302340738e-11
146,1.63328868319422014e2,1.71870855023033272e2,8.04700310564263646e1,1.46812839518206562e0,-3.17641311976719010e0,-9.87658320503267184e-1,9.92529417811589432e-1,-1.45591571187666364e1,-6.67003355210065774e0,2.79812631398534961e-13,2.12437631642756855e2,-5.60476109967567027e-11
147,1.63440162923469529e2,1.72048447786724182e2,8.05360651968469057e1,1.46030458416774400e0,-3.17592706366732846e0,-9.87653336081967592e-1,9.93041462188584134e-1,-1.45590195143649588e1,-6.17584955124768964e0,3.26343119194660858e-13,2.12430238675934334e2,-5.64597257834975608e-11
148,1.63547937206099334e2,1.72218568630117886e2,8.06025534825497090e1,1.45278263970383481e0,-3.17480288474893779e0,-9.87648814017829113e-1,9.93513221124701529e-1,-1.45593429063912527e1,-5.68169013332117334e0,3.54743144581615155e-13,2.12423398709630362e2,-6.77857769915135577e-11
149,1.63650987018339606e2,1.72379613693901717e2,8.06683585588036607e1,1.44563908115491979e0,-3.17304590438413969e0,-9.87644755848500644e-1,9.93944772518258857e-1,-1.45601032823287682e1,-5.18755341568311135e0,4.12626530166271266e-13,2.12417115468096824e2,-5.16564568897592835e-11
150,1.63748058502868730e2,1.72529935329435347e2,8.07322875665177122e1,1.43895227756561783e0,-3.17067140128739000e0,-9.87641162957146213e-1,9.94336229229300317e-1,-1.45612521430077244e1,-4.69343749498945328e0,4.43377105863174137e-13,2.12411392382053265e2,-1.09423581307055429e-11
151,1.63837876727071659e2,1.72667877720008562e2,8.07931188799101960e1,1.43280075923298167e0,-3.16770545627102962e0,-9.87638036571140021e-1,9.94687733401250163e-1,-1.45627181010637976e1,-4.19934044886427227e0,4.90960570809217955e-13,2.12406232584398225e2,-9.01678731679567136e-11
152,1.63919179395532296e2,1.72791818037903425e2,8.08496339455406883e1,1.42726129231437793e0,-3.16418550246465458e0,-9.87635377760906930e-1,9.94999449355693621e-1,-1.45644102203239445e1,-3.70526033760773865e0,5.87325327261467578e-13,2.12401638906234410e2,-6.39346353636938147e-11
153,1.63990754471939795e2,1.72900211722074971e2,8.09006531516575507e1,1.42240678199333637e0,-3.16016050049367125e0,-9.87633187438904381e-1,9.95271555276757147e-1,-1.45662230703569335e1,-3.21119520593501395e0,7.30676803784024997e-13,2.12397613873268796e2,-5.07327513332711533e-12
154,1.64051480019967101e2,1.72991639893224658e2,8.09450741437504888e1,1.41830409326700480e0,-3.15569067177621543e0,-9.87631466358756538e-1,9.95504234029124579e-1,-1.45680432765300196e1,-2.71714308474301536e0,9.80748685389110086e-13,2.12394159702618282e2,-4.08277855967753567e-11
155,1.64100364136685187e2,1.73064856454777640e2,8.09819105649369675e1,1.41501189787498838e0,-3.15084674634865891e0,-9.87630215114532861e-1,9.95697663569850011e-1,-1.45697571423393804e1,-2.22310199290198796e0,1.33879734555419905e-12,2.12391278299964654e2,-8.89315288077341393e-11
156,1.64136582560815725e2,1.73118832125593855e2,8.10103288976207807e1,1.41257866816108235e0,-3.14570871352925119e0,-9.87629434140179452e-1,9.95852007501261904e-1,-1.45712587392709096e1,-1.72906993906874562e0,1.79625747869643915e-12,2.12388971257119607e2,-5.04911668031127192e-11
157,1.64159511456823338e2,1.73152792582483528e2,8.10296809805396521e1,1.41104094104672950e0,-3.14036410173443459e0,-9.87629123709100387e-1,9.95967406354411056e-1,-1.45724577346001745e1,-1.23504492351831807e0,2.08858548945284328e-12,2.12387239849952380e2,-5.29780663782730699e-11
158,1.64168753044800667e2,1.73166248099474956e2,8.10395299144099823e1,1.41042196611062165e0,-3.13490585383902376e0,-9.87629283933892599e-1,9.96043970180672478e-1,-1.45732861893864225e1,-7.41024939990770570e-1,1.49477816463548102e-12,2.12386085036700990e2,-9.53690459937206469e-11
159,1.64164152171933750e2,1.73159012561309908e2,8.10396674590563180e1,1.41073083081542627e0,-3.12942990160210055e0,-9.87629914766230410e-1,9.96081772959824474e-1,-1.45737036248928398e1,-2.47007977549857205e-1,2.15641941322009412e-12,2.12385507457377116e2,-3.15196757583180442e-11
160,1.64145802566826745e2,1.73131210458759682e2,8.10301216308232171e1,1.41196212473709437e0,3.15915273545291964e0,-9.87631015996906725e-1,9.96080849199223239e-1,-1.45736998243712019e1,2.47007977549857233e-1,2.50954622412077021e-12,2.12385507431698699e2,-8.86188900039996952e-11
161,1.64114042310452845e2,1.73083271362694035e2,8.10111539659267521e1,1.41409616641582847e0,3.16437733442611391e0,-9.87632587256023875e-1,9.96041192949111198e-1,-1.45732950872615223e1,7.41024939990770681e-1,1.62345323002997116e-12,2.12386084959503535e2,-4.92690332976053469e-11
162,1.64069438914942026e2,1.73015912331434436e2,8.09832467400559608e1,1.41709977547327171e0,3.16933979351322614e0,-9.87634628013337013e-1,9.95962759254741203e-1,-1.45725379447306995e1,1.23504492351831807e0,2.13752355659319049e-12,2.12387239721306656e2,-8.97415475265006535e-11
163,1.64012765194029498e2,1.72930109591937764e2,8.09470812057276135e1,1.42092753380368197e0,3.17395761555700506e0,-9.87637137578752489e-1,9.95845467878942570e-1,-1.45715006320667904e1,1.72906993906874584e0,1.76179389002953379e-12,2.12388971077094624e2,-8.05897570899105631e-11
164,1.63944967765828153e2,1.72827061570401725e2,8.09035085570477577e1,1.42552344733762060e0,3.17815704755368600e0,-9.87640115102972005e-1,9.95689208983567164e-1,-1.45702728489258675e1,2.22310199290198796e0,1.27049206658652603e-12,2.12391278068672960e2,-1.98809857465676032e-11
165,1.63867130461599373e2,1.72708145837525990e2,8.08535157642849072e1,1.43082289745246016e0,3.18187445782067746e0,-9.87643559578290975e-1,9.95493850305711137e-1,-1.45689544880139419e1,2.71714308474301536e0,9.52112954449857440e-13,2.12394159420201277e2,-7.57722773414570838e-11
166,1.63780435097785642e2,1.72574872748500098e2,8.07981886190710981e1,1.43675476029450166e0,3.18505722241403566e0,-9.87647469839541992e-1,9.95259245313550922e-1,-1.45676480621553210e1,3.21119520593501440e0,6.85780208661834756e-13,2.12397613539873049e2,-4.56168436357984319e-11
167,1.63686122009732799e2,1.72428838504764713e2,8.07386742928819814e1,1.44324357306513984e0,3.18766412377302100e0,-9.87651844565186954e-1,9.94985241799355546e-1,-1.45664515118935718e1,3.70526033760773821e0,5.49028270763196602e-13,2.12401638522051400e2,-6.51425580144859850e-11
168,1.63585452470689091e2,1.72271680072311057e2,8.06761454636887692e1,1.45021163722292989e0,3.18966529780454389e0,-9.87656682278551301e-1,9.94671690398835406e-1,-1.45654519516378951e1,4.19934044886427227e0,5.14368929394048990e-13,2.12406232149654414e2,-4.81605866298195906e-11
169,1.63479674706327216e2,1.72105033942062647e2,8.06117676810189039e1,1.45758096694400408e0,3.19104179070512739e0,-9.87661981349203910e-1,9.94318452598565106e-1,-1.45647207415647806e1,4.69343749498945417e0,4.11484214757340538e-13,2.12411391896966109e2,-9.34221588977379724e-11
170,1.63369994713227015e2,1.71930500167333975e2,8.05466711654130734e1,1.46527501403490445e0,3.19178480250226837e0,-9.87667739994471439e-1,9.93925407888762380e-1,-1.45643100868020401e1,5.18755341568311223e0,3.91988524972575192e-13,2.12417114932949659e2,-9.25695076148258522e-11
171,1.63257552582326355e2,1.71749612550571413e2,8.04819277545071401e1,1.47322012474399489e0,3.19189470080646487e0,-9.87673956281095999e-1,9.93492459826387897e-1,-1.45642511923496603e1,5.68169013332117334e0,3.18324359926958067e-13,2.12423398124712037e2,-1.28892452266882174e-11
172,1.63143404555311974e2,1.71563815321992081e2,8.04185332538086897e1,1.48134670703947435e0,3.19137988689617158e0,-9.87680628127021398e-1,9.93019540882096763e-1,-1.45645538610837058e1,6.17584955124769053e0,3.03419615821365340e-13,2.12430238041575961e2,-6.77573552820831537e-11
173,1.63028510649150064e2,1.71374446206820522e2,8.03573950701670014e1,1.48959010703068206e0,3.19025558894159955e0,-9.87687753303312821e-1,9.92506616038315914e-1,-1.45652073228409087e1,6.67003355210065951e0,2.69465873226071295e-13,2.12437630959305181e2,-2.75406364380614832e-11
174,1.62913727390790967e2,1.71182725438189237e2,8.02993247200432307e1,1.49789120921246033e0,3.18854264602409021e0,-9.87695329436203417e-1,9.91953685186716894e-1,-1.45661820265555377e1,7.16424399617446639e0,2.36359543048791920e-13,2.12445572864846866e2,-1.59872115546022542e-11
175,1.62799805002955935e2,1.70989750033558153e2,8.02450346058708561e1,1.50619678674296442e0,3.18626633357856415e0,-9.87703354009264123e-1,9.91360784429232367e-1,-1.45674321098309516e1,7.65848271982162743e0,2.07250883121901097e-13,2.12454059461314500e2,-7.74349473431357183e-11
176,1.62687388282825509e2,1.70796492524681128e2,8.01951383529638662e1,1.51445963514543624e0,3.18345526760057851e0,-9.87711824365693269e-1,9.90727986426008567e-1,-1.45688982728637733e1,8.15275153389650598e0,1.91213364586495516e-13,2.12463086173337672e2,-4.21209733758587390e-11
177,1.62577020387764691e2,1.70603803283607135e2,8.01501539672461831e1,1.52263852622552931e0,3.18014041256622004e0,-9.87720737710723551e-1,9.90055399952472048e-1,-1.45705108166206916e1,8.64705222224335657e0,1.72282327293160620e-13,2.12472648152719216e2,-7.28164195606950670e-11
178,1.62469148771733785e2,1.70412415604901980e2,8.01105090974528764e1,1.53069801934689220e0,3.17635420724023509e0,-9.87730091114137232e-1,9.89343168831338993e-1,-1.45721926495080325e1,9.14138654023116359e0,1.53667009672453503e-13,2.12482740284404201e2,-2.30500063480576500e-11
179,1.62364132592119404e2,1.70222952775426478e2,8.00765477543369428e1,1.53860816528800792e0,3.17212981375479330e0,-9.87739881512891937e-1,9.88591470398879846e-1,-1.45738621149067065e1,9.63575621333741772e0,1.36481104195951275e-13,2.12493357192746146e2,-1.00328634289326146e-11
180,1.62262250996433181e2,1.70035936452989944e2,8.00485379221688902e1,1.54634413450652830e0,3.16750048857178967e0,-9.87750105713848248e-1,9.87800513648630085e-1,-1.45754355383358121e1,1.01301629357829199e1,1.08968389866959114e-13,2.12504493248036738e2,-4.95816721013397910e-11
181,1.62163711805798755e2,1.69851795786980063e2,8.00266795984881156e1,1.55388579737407539e0,3.16249906908450829e0,-9.87760760396593329e-1,9.86970537176941165e-1,-1.45768294340912270e1,1.06246083692195992e1,1.05995073829134867e-13,2.12516142573322043e2,-3.46176420862320811e-11
182,1.62068660213881401e2,1.69670876822689053e2,8.00111128938912088e1,1.56121727936519772e0,3.15715756640910694e0,-9.87771842116360155e-1,9.86101807032906619e-1,-1.45779623451296612e1,1.11190941414730453e1,7.50406681238047213e-14,2.12528299051424682e2,-2.28652652367600240e-11
183,1.61977187214628202e2,1.69493451834209083e2,8.00019259134106875e1,1.56832650965879727e0,3.15150685307244283e0,-9.87783347307035098e-1,9.85194614553996706e-1,-1.45787563162006997e1,1.16136218453415285e1,6.93958779329761910e-14,2.12540956332289369e2,-4.70379291073186323e-11
184,1.61889337557615875e2,1.69319728325369169e2,7.99991622223143963e1,1.57520477739308484e0,3.14557643352339023e0,-9.87795272284247794e-1,9.84249274248757966e-1,-1.45791380190893864e1,1.21081930374528977e1,4.99184027447086009e-14,2.12554107840430248e2,-5.27222709933994338e-12
185,1.61805117100187857e2,1.69149857517739633e2,8.00028277664672061e1,1.58184630606926868e0,3.13939428539695964e0,-9.87807613248537941e-1,9.83266121771192991e-1,-1.45790395612498127e1,1.26028092371806864e1,4.71567229709535241e-14,2.12567746782698663e2,-2.97006863547721878e-11
186,1.61724499480945326e2,1.68983942208869536e2,8.00128971704785386e1,1.58824785339697638e0,3.13298676000251275e0,-9.87820366288600371e-1,9.82245512015281319e-1,-1.45783990161603896e1,1.30974719256207539e1,4.12933576221519161e-14,2.12581866156151079e2,-6.85815848555648699e-11
187,1.61647432086186143e2,1.68822043939034131e2,8.00293193822290192e1,1.59440834121552033e0,3.12637853140522370e0,-9.87833527384592180e-1,9.81187817347582869e-1,-1.45771607166552482e1,1.35921825446293170e1,1.59663948728905325e-14,2.12596458756142226e2,-6.68336497255950235e-11
188,1.61573841311792705e2,1.68664189442828302e2,8.00520226622898861e1,1.60032851800559217e0,3.11959258455373645e0,-9.87847092411504368e-1,9.80093425985323563e-1,-1.45752753523452121e1,1.40869424959233385e1,1.29098121082193984e-14,2.12611517184581231e2,-5.41859890290652402e-11
189,1.61503637147082230e2,1.68510376392213885e2,8.00809189401807799e1,1.60601065485737449e0,3.11265023407565256e0,-9.87861057142595089e-1,9.78962740520375352e-1,-1.45726999100182777e1,1.45817531402440093e1,8.60422844084496319e-15,2.12627033858261171e2,-1.10134124042815529e-11
190,1.61436717123444481e2,1.68360578459225223e2,8.01159075754697625e1,1.61145827452770574e0,3.10557116653143206e0,-9.87875417252867871e-1,9.77796176585011945e-1,-1.45693974923933602e1,1.50766157965838090e1,-1.11369247157711015e-14,2.12643001017391185e2,-7.42943484510760754e-11
191,1.61372969678339103e2,1.68214749738700391e2,8.01568785695471888e1,1.61667591234030783e0,3.09837350002699496e0,-9.87890168322602236e-1,9.76594161650700010e-1,-1.45653370463741183e1,1.55715317414775871e1,-1.59039448277553674e-14,2.12659410734218795e2,-2.93027824227465317e-11
192,1.61615742390086297e2,1.68753737851723315e2,8.00722091445241233e1,1.59625291543726244e0,-3.10677586873085998e0,-9.87811445923604814e-1,9.77699087232546726e-1,-1.40824324725222514e1,-1.55709698950245112e1,-4.32986979603811051e-15,1.98471864753211179e2,-9.68185531746712513e-11
193,1.61693784010002958e2,1.68920032308157545e2,8.00434894105849111e1,1.59018299197433932e0,-3.11389495113020853e0,-9.87798525437329711e-1,9.78909624563158443e-1,-1.40844295299123043e1,-1.50760687436956662e1,2.25514051876984922e-15,1.98456469085021524e2,-9.48006118051125668e-11
194,1.61775859179096472e2,1.69091141021434311e2,8.00217735141818025e1,1.58384425933535677e0,-3.12085145350526938e0,-9.87786016711242554e-1,9.80084292562326764e-1,-1.40856433031055133e1,-1.45812211534852469e1,1.42663658664332615e-14,1.98441488458086667e2,-5.15285591973224655e-11
195,1.61862096310252582e2,1.69267098049953745e2,8.00072162076628928e1,1.57723312391114878e0,-3.12762138547775104e0,-9.87773923717176872e-1,9.81222624930036869e-1,-1.40861181073986543e1,-1.40864258423203328e1,2.94660129629420453e-14,1.98426930324326605e2,-4.99937868880806491e-11
196,1.61952605522646763e2,1.69447904258753084e2,7.99999567998891479e1,1.57034770987597594e0,-3.13417869951994943e0,-9.87762250316144397e-1,9.82324166072110261e-1,-1.40859066044623269e1,-1.35916814853734511e1,3.43440553773888269e-14,1.98412801977947652e2,-2.07478478841949254e-12
197,1.62047472725004639e2,1.69633519913841582e2,8.00001135870053162e1,1.56318823451908928e0,-3.14049524571856997e0,-9.87751000255042033e-1,9.83388472771688060e-1,-1.40850701720035545e1,-1.30969867157748112e1,4.47454573393457622e-14,1.98399110547345657e2,-2.60200749835348688e-11
198,1.62146752720130849e2,1.69823856247159114e2,8.00077773129733174e1,1.55575742899160208e0,-3.14654076251470238e0,-9.87740177163429212e-1,9.84415116132480561e-1,-1.40836791059583337e1,-1.26023401253892100e1,4.64905891561784301e-14,1.98385862987094811e2,-9.79980541160330176e-11
199,1.62250461275225717e2,1.70018765963204373e2,8.00230035951772010e1,1.54806100396273916e0,-3.15228291451353071e0,-9.87729784550383294e-1,9.85403683819250586e-1,-1.40818125973558121e1,-1.21077402656570090e1,6.38621100446101764e-14,1.98373066070067154e2,-9.17026454771985300e-11
200,1.62358566133321688e2,1.70218032698429965e2,8.00458042781607588e1,1.54010815746137442e0,-3.15768739022344880e0,-9.87719825801433360e-1,9.86353782613528907e-1,-1.40795584186663358e1,-1.16131856484988187e1,7.59982354825439188e-14,1.98360726379653926e2,-2.08189021577709354e-11
201,1.62470976988332836e2,1.70421359502463901e2,8.00761377222330140e1,1.53191211924803627e0,-3.16271807429437901e0,-9.87710304175582032e-1,9.87265041292345158e-1,-1.40770122491196528e1,-1.11186747472831122e1,9.42926292601953264e-14,1.98348850302189760e2,-2.36042296819505282e-11
202,1.62587534512753678e2,1.70628356488981069e2,8.01138980962350047e1,1.52349072233248761e0,-3.16733731031528842e0,-9.87701222802418455e-1,9.88137113822352253e-1,-1.40742765666293774e1,-1.06242059978557180e1,1.12496817417095940e-13,1.98337444019479818e2,-5.77387027078657411e-11
203,1.62707998615291956e2,1.70838527905697674e2,8.01589038278447106e1,1.51486698767251848e0,-3.17150627127439133e0,-9.87692584679325747e-1,9.88969682841119857e-1,-1.40714590374900830e1,-1.01297777996304497e1,1.26874205585991717e-13,1.98326513501546543e2,-4.87432316731428728e-11
204,1.62832036215240237e2,1.71051258996459751e2,8.02108854701975247e1,1.50606970267636120e0,-3.17518545507940875e0,-9.87684392668790601e-1,9.89762463369428636e-1,-1.40686703461126008e1,-9.63538851673947327e0,1.59974464231105173e-13,1.98316064499561918e2,-7.76907427280093543e-11
205,1.62959208954294667e2,1.71265803176129765e2,8.02694733737253188e1,1.49713396798294052e0,-3.17833532171258204e0,-9.87676649495817682e-1,9.90515206664489445e-1,-1.40660214281513642e1,-9.14103647924210883e0,1.70027186774390771e-13,1.98306102538946107e2,-7.80175923864590004e-11
206,1.63088961422638931e2,1.71481270207556349e2,8.03341857052902100e1,1.48810168034873302e0,-3.18091708621007729e0,-9.87669357745454501e-1,9.91227704084714611e-1,-1.40636201037605897e1,-8.64671998439055400e0,1.91806640015279584e-13,1.98296632912775522e2,-5.25943733009626158e-11
207,1.63220610642293565e2,1.71696616245610613e2,8.04044175215307604e1,1.47902191275051886e0,-3.18289367721183947e0,-9.87662519860430410e-1,9.91899790791279767e-1,-1.40615671551321100e1,-8.15243729795096428e0,2.22049809095459239e-13,1.98287660675327857e2,-2.44710918195778504e-11
208,1.63353337721175478e2,1.71910636788399870e2,8.04794317746798242e1,1.46995114662576287e0,-3.18423086384382481e0,-9.87656138138912620e-1,9.92531349066335888e-1,-1.40599519545018481e1,-7.65818665557791078e0,2.30065966277948064e-13,1.98279190635941376e2,-4.93685092806117609e-11
209,1.63486182742763248e2,1.72121963724757819e2,8.05583532845960519e1,1.46095330637355447e0,-3.18489854375025372e0,-9.87650214732386234e-1,9.93122310984005385e-1,-1.40588478239426813e1,-7.16396626424044491e0,2.73428849006940311e-13,1.98271227353127102e2,-7.71649411035468802e-11
210,1.63618044066548521e2,1.72329067765437941e2,8.06401668289324931e1,1.45209954388461759e0,-3.18487217196796424e0,-9.87644751643660834e-1,9.93672660135579533e-1,-1.40583073920931341e1,-6.66977430369748703e0,3.00241602413375830e-13,1.98263775128917388e2,-4.45083969680126756e-11
211,1.63747683250322382e2,1.72530267557538707e2,8.07237205518406427e1,1.44346772218502362e0,-3.18413429413527727e0,-9.87639750725003651e-1,9.94182432092344470e-1,-1.40583582973251406e1,-6.17560892802051331e0,3.32013930237629040e-13,1.98256838003563672e2,-2.92033064397401176e-11
212,1.63873736734839952e2,1.72723746673875155e2,8.08077358384641542e1,1.43514155351811024e0,-3.18267612886553941e0,-9.87635213676410384e-1,9.94651713294849915e-1,-1.40589996593861351e1,-5.68146826716092246e0,3.72524927572115416e-13,1.98250419750485634e2,-1.60156332640326582e-11
213,1.63994735223700985e2,1.72907579409686321e2,8.08908246168788025e1,1.42720935945458716e0,-3.18049912425825276e0,-9.87631142044008481e-1,9.95080638096676684e-1,-1.40601997862109567e1,-5.18735042855984840e0,4.09283718028063959e-13,1.98244523871547955e2,-7.13811232344596647e-11
214,1.64109131318528938e2,1.73079765881069790e2,8.09715147022182009e1,1.41976243960672721e0,-3.17761639448684630e0,-9.87627537218601081e-1,9.95469383767452642e-1,-1.40618955811699191e1,-4.69325349879758225e0,4.67312386703833127e-13,1.98239153592664962e2,-6.22719653620151803e-11
215,1.64215335432186180e2,1.73238276306074937e2,8.10482832879986006e1,1.41289306118146163e0,-3.17405392696579369e0,-9.87624400434353289e-1,9.95818163378282772e-1,-1.40639940513147579e1,-4.19917554528000991e0,5.22977060962714901e-13,1.98234311859717337e2,-6.72173428029054776e-11
216,1.64311759310619664e2,1.73381103575118857e2,8.11195980244409043e1,1.40669211290748897e0,-3.16985144205147540e0,-9.87621732767622440e-1,9.96127216648696079e-1,-1.40663761775754974e1,-3.70511461795915942e0,6.22938766542402433e-13,1.98230001334837510e2,-2.25242047235951759e-11
217,1.64396865707694531e2,1.73506322350235848e2,8.11839643597275682e1,1.40124650152461205e0,-3.16506278898460947e0,-9.87619535135933480e-1,9.96396799017859713e-1,-1.40689031925599668e1,-3.21106875108493339e0,7.11882375964423275e-13,1.98226224392994766e2,-9.51558831729926169e-11
218,1.64469221946197422e2,1.73612152050525083e2,8.12399770234838883e1,1.39663640355760066e0,-3.15975577666095075e0,-9.87617808297104660e-1,9.96627169396927193e-1,-1.40714250354299928e1,-2.71703596498502931e0,9.74542495313368562e-13,1.98222983119034609e2,-8.57767190609592944e-11
219,1.64527554384163437e2,1.73697020315849102e2,8.12863728202016631e1,1.39293251501116022e0,-3.15401136728888609e0,-9.87616552848521678e-1,9.96818577239097059e-1,-1.40737904487730390e1,-2.22301426786987166e0,1.33521416579435170e-12,1.98220279304919273e2,-1.96820337805547751e-11
220,1.64570800291313446e2,1.73759623003591514e2,8.13220813745420799e1,1.39019346208471894e0,-3.14792220434986669e0,-9.87615769226564910e-1,9.96971249705342011e-1,-1.40758578975980519e1,-1.72900165765943203e0,1.76110113905142418e-12,1.98218114447488347e2,-1.69393388205207884e-11
221,1.64598153450491168e2,1.73798976595866066e2,8.13462702534596644e1,1.38846354255967874e0,-3.14159050018865438e0,-9.87615457706186306e-1,9.97085379777436165e-1,-1.40775062814482013e1,-1.23499612382863821e0,2.14066505949302155e-12,1.98216489746523905e2,-7.57438556320266798e-12
222,1.64609099997839593e2,1.73814459144024084e2,8.13583810480324701e1,1.38777095717499543e0,-3.13512536708016443e0,-9.87615618400642048e-1,9.97161116161117467e-1,-1.40786443287028593e1,-7.40995649268101353e-1,1.61344440412214407e-12,1.98215406103083183e2,-1.95967686522635631e-11
223,1.64603441621734191e2,1.73805836570494961e2,8.13581535530775852e1,1.38812666235133908e0,-3.12863973094086889e0,-9.87616251261378530e-1,9.97198555723375346e-1,-1.40792176402163562e1,-2.46998212156782360e-1,1.99239776458063570e-12,1.98214864118931303e2,-3.40065753334783949e-11
224,1.64581304212189366e2,1.73773272236189456e2,8.13456360972635366e1,1.38952393207117897e0,3.16093829647407754e0,-9.87617356078070552e-1,9.97197739012722684e-1,-1.40792125897831877e1,2.46998212156782332e-1,2.10093152151356790e-12,1.98214864094789931e2,-4.93400875711813569e-11
225,1.64543131266361002e2,1.73717319030255112e2,8.13211812373706238e1,1.39193866232304031e0,3.16712753551046644e0,-9.87618932478815159e-1,9.97158649176067002e-1,-1.40786566595672280e1,7.40995649268101242e-1,1.72570742689327067e-12,1.98215406030635108e2,-3.22728510582237504e-11
226,1.64489662662318096e2,1.73638894684700858e2,8.12854272897394168e1,1.39533039294106298e0,3.17300874358792173e0,-9.87620979930479148e-1,9.97081214285563955e-1,-1.40776152268626156e1,1.23499612382863844e0,2.21174752232551619e-12,1.98216489625803348e2,-4.11830569646554068e-11
227,1.64421900628863824e2,1.73539242360973816e2,8.12392673564225163e1,1.39964396640970890e0,3.17848617345510709e0,-9.87623497739197553e-1,9.96965312813330229e-1,-1.40761852475517433e1,1.72900165765943203e0,1.69107322546199756e-12,1.98218114278541094e2,-9.86517534329323098e-11
228,1.64341065710804230e2,1.73419879633148696e2,8.11838084618615028e1,1.40481169808231665e0,3.18347514257343045e0,-9.87626485051026348e-1,9.96810781758989517e-1,-1.40744866271520284e1,2.22301426786987166e0,1.31042225681721192e-12,1.98220279087875070e2,-8.16413603388355114e-11
229,1.64248546146543561e2,1.73282539683728260e2,8.11203240358693307e1,1.41075590224272185e0,3.18790367399244978e0,-9.87629940852745247e-1,9.96617426740443513e-1,-1.40726522789165660e1,2.71703596498502886e0,9.54497331867587562e-13,1.98222982854008052e2,-4.74642547487746924e-11
230,1.64145844284077924e2,1.73129108773996251e2,8.10502032099842893e1,1.41739160588404745e0,3.19171347747260414e0,-9.87633863972807946e-1,9.96385033283456512e-1,-1.40708179194631544e1,3.21106875108493428e0,6.99920156554956208e-13,1.98226224080133306e2,-5.15569809067528695e-11
231,1.64034523492469731e2,1.72961563882295309e2,8.09749002568452170e1,1.42462928650904597e0,3.19486028747802076e0,-9.87638253082443685e-1,9.96113378524684179e-1,-1.40691125564248285e1,3.70511461795915853e0,5.94275496867968656e-13,1.98230000974312532e2,-2.23110419028671458e-11
232,1.63916158541898483e2,1.72781913887828722e2,8.08958870584279737e1,1.43237748892815064e0,3.19731362024949117e0,-9.87643106696900697e-1,9.95802242612477739e-1,-1.40676504171989780e1,4.19917554528000903e0,5.57941713663634431e-13,1.98234311451746663e2,-7.96660515334224328e-11
233,1.63792291734514180e2,1.72592146930424832e2,8.08146108395769858e1,1.44054520465301161e0,3.19905604448826342e0,-9.87648423176835655e-1,9.95451419209725796e-1,-1.40665248028300827e1,4.69325349879758136e0,4.52220292462834905e-13,1.98239153137454252e2,-6.90647539158817381e-11
234,1.63664396291224278e2,1.72394185727783452e2,8.07324586646951019e1,1.44904393122982911e0,3.20008207804856815e0,-9.87654200729841558e-1,9.95060724657325868e-1,-1.40658040767326309e1,5.18735042855984751e0,4.03103765644896583e-13,1.98244523369359968e2,-2.95585778076201677e-11
235,1.63533847728701829e2,1.72189851782360847e2,8.06507294569721154e1,1.45778936325383901e0,3.20039682751339960e0,-9.87660437412115511e-1,9.94630005520545923e-1,-1.40655297548106439e1,5.68146826716092157e0,3.88867757439292916e-13,1.98250419201603876e2,-2.72848410531878471e-11
236,1.63401903287930594e2,1.71980838659858762e2,8.05706136506724278e1,1.46670269825023136e0,3.20001448120283838e0,-9.87667131130261167e-1,9.94159144397749328e-1,-1.40657164770981034e1,6.17560892802051331e0,2.99086276578375276e-13,1.98256837408274777e2,-7.07984781911363825e-11
237,1.63269688940210500e2,1.71768693915847336e2,8.04931800669241255e1,1.47571156673916071e0,3.19895675231972643e0,-9.87674279643220965e-1,9.93648064003739839e-1,-1.40663535213185611e1,6.66977430369748880e0,2.85011597656037452e-13,1.98263774487564973e2,-2.83222334473975934e-11
238,1.63138193122517293e2,1.71554808814157582e2,8.04193692365798114e1,1.48475061545144582e0,3.19725135088042522e0,-9.87681880564339254e-1,9.93096729643103804e-1,-1.40674074630984514e1,7.16396626424044403e0,2.63258165267288291e-13,1.98271226666060954e2,-5.47402123629581183e-11
239,1.63008266132445215e2,1.71340414713098966e2,8.03499921726436952e1,1.49376178569568663e0,3.19493054364443196e0,-9.87689931363548657e-1,9.92505150261021041e-1,-1.40688255850291331e1,7.65818665557791078e0,2.45583067770560604e-13,1.98279189903542374e2,-9.76712044575833715e-11
240,1.62880624031109647e2,1.71126584881141724e2,8.02857335080076950e1,1.50269433587945711e0,3.19202984260012768e0,-9.87698429369676001e-1,9.91873378298473107e-1,-1.40705396724305203e1,8.15243729795096428e0,2.09781844673351259e-13,1.98287659897984980e2,-8.32329760669381358e-11
241,1.62755855919481519e2,1.70914240500413172e2,8.02271579234570424e1,1.51150465922246746e0,3.18858684606561038e0,-9.87707371772868048e-1,9.91201508593829494e-1,-1.40724698924870442e1,8.64671998439055223e0,1.90689478096750520e-13,1.98296632090915949e2,-5.89466253586579114e-11
242,1.62634433547162530e2,1.70704159700014515e2,8.01747188745571151e1,1.52015594596495895e0,3.18464024286042369e0,-9.87716755627125909e-1,9.90489676566520760e-1,-1.40745285222325087e1,9.14103647924210883e0,1.69541464201117265e-13,1.98306101673016059e2,-1.78204118128633127e-11
243,1.62516722350781805e2,1.70496988597884865e2,8.01287687538827527e1,1.52861773507659460e0,3.18022897949995453e0,-9.87726577852949705e-1,9.89738055899400004e-1,-1.40766233597460602e1,9.63538851673947327e0,1.44410525204641260e-13,1.98316063590022651e2,-9.24558207771042362e-11
244,1.62402993174679693e2,1.70293253490112676e2,8.00895697706388177e1,1.53686539467306815e0,3.17539158280201406e0,-9.87736835240086597e-1,9.88946855907469002e-1,-1.40786607152665297e1,1.01297777996304479e1,1.27377275394024991e-13,1.98326512548896062e2,-8.97131258170702495e-11
245,1.62293434088471514e2,1.70093373497535566e2,8.00573049826535055e1,1.54487956388707870e0,3.17016562531889434e0,-9.87747524450375836e-1,9.88116318749453271e-1,-1.40805479311154773e1,1.06242059978557162e1,1.03791975014644322e-13,1.98337443024217066e2,-1.21218590720673092e-11
246,1.62188161861364762e2,1.69897673136165309e2,8.00320890535434017e1,1.55264558247333628e0,3.16458731814040872e0,-9.87758642020690081e-1,9.87246716605590269e-1,-1.40821954200317094e1,1.11186747472831122e1,9.54097911787243902e-14,1.98348849264849434e2,-2.01936245503020473e-11
247,1.62087232785801461e2,1.69706394423363690e2,8.00139784343137705e1,1.56015292835937980e0,3.15869121439236711e0,-9.87770184365963311e-1,9.86338348914806429e-1,-1.40835182410333797e1,1.16131856484988205e1,6.88823997840870561e-14,1.98360725300779535e2,-9.32232069317251444e-12
248,1.61990652653780216e2,1.69519708255282410e2,8.00029807746908119e1,1.56739467795416498e0,3.15251000673201442e0,-9.87782147782303888e-1,9.85391539738329159e-1,-1.40844372515157747e1,1.21077402656570090e1,7.79584730103977108e-14,1.98373064950230514e2,-5.16990894539048895e-11
249,1.61898385774264170e2,1.69337724888311413e2,7.99990634510824776e1,1.57436699942595792e0,3.14607440293034202e0,-9.87794528450187004e-1,9.84406635292630172e-1,-1.40848798856570259e1,1.26023401253892100e1,4.16784662338187673e-14,1.98385861826871917e2,-1.93836058315355331e-11
250,1.61810362991175509e2,1.69160503439648750e2,8.00021611667048802e1,1.58106868536300582e0,3.13941306494319639e0,-9.87807322437719293e-1,9.83384001677992337e-1,-1.40847806142099916e1,1.30969867157748094e1,3.53571338873592822e-14,1.98399109347341295e2,-8.10018718766514212e-12
251,1.61726488708071543e2,1.68988060378590177e2,8.00121826245016052e1,1.58750072822447086e0,3.13255259844956857e0,-9.87820525703971830e-1,9.82324022812582021e-1,-1.40840811410754974e1,1.35916814853734493e1,3.16309478609611006e-14,1.98412800738782352e2,-3.35802496920223348e-11
252,1.61646646962902878e2,1.68820377026060953e2,8.00290163099131888e1,1.59366593967168702e0,3.12551758152618531e0,-9.87834134102378525e-1,9.81227098573119072e-1,-1.40827303892354756e1,1.40864258423203328e1,2.07750483482982418e-14,1.98426929046631471e2,-4.48210357717471197e-11
253,1.61570706617434183e2,1.68657406108305992e2,8.00525354414188115e1,1.59956861316646126e0,3.11833062279482931e0,-9.87848143384188138e-1,9.80093643134474335e-1,-1.40806843238170742e1,1.45812211534852505e1,9.96425164601077995e-15,1.98441487142511846e2,-3.95061761082615703e-12
254,1.61498525739185311e2,1.68499077429884181e2,8.00826021600830842e1,1.60521422802085612e0,3.11101244095489538e0,-9.87862549201972362e-1,9.78924083495867237e-1,-1.40779056542395100e1,1.50760687436956680e1,-2.84494650060196363e-16,1.98456467732230834e2,-5.38449285159003921e-11
255,1.61429955258847031e2,1.68345302741005952e2,8.01190710347852075e1,1.61060919229085342e0,3.10358195904747047e0,-9.87877347113179205e-1,9.77718858177843098e-1,-1.40743634512192788e1,1.55709698950245095e1,-6.25888230132432000e-15,1.98471863363883841e2,-6.40483222014154308e-11
256,1.61689127656564409e2,1.68910208996584316e2,8.00453921846853262e1,1.58985378315815695e0,-3.11282905335754290e0,-9.87798827946408164e-1,9.78792155886041626e-1,-1.35899769905861962e1,-1.55704246337526335e1,4.85028683883115264e-15,1.84775418655639299e2,-2.65032440438517369e-11
257,1.61773760577734436e2,1.69086824907775139e2,8.00225190464325777e1,1.58354478767213869e0,-3.12022559244187336e0,-9.87785867267670814e-1,9.80005792062795256e-1,-1.35913254873780289e1,-1.50755378332926107e1,1.24969479209369183e-14,1.84761012380850900e2,-9.99165195025852881e-11
258,1.61863055345985714e2,1.69269064958663165e2,8.00072428769319259e1,1.57693885078400275e0,-3.12746592415165514e0,-9.87773319546466411e-1,9.81183316368130609e-1,-1.35918720551620176e1,-1.45807048589642108e1,1.70280456401883384e-14,1.84746994323780058e2,-3.43760575560736470e-11
259,1.61957194922205105e2,1.69457022879636298e2,7.99997718225907306e1,1.57002989314333563e0,-3.13452466531736063e0,-9.87761188774858745e-1,9.82324245944036001e-1,-1.35916612349061445e1,-1.40859244233167828e1,2.74710809655687171e-14,1.84733371470198136e2,-3.01270119962282479e-11
260,1.62056346170593343e2,1.69650760500451469e2,8.00003010507422090e1,1.56281348478666837e0,-3.14137401331491128e0,-9.87749478833593764e-1,9.83428107773727023e-1,-1.35907468918842387e1,-1.35911951958558532e1,4.15015244392691329e-14,1.84720150658208524e2,-8.62883098307065666e-11
261,1.62160653187953699e2,1.69850299319029688e2,8.00090065107151389e1,1.55528726111028548e0,-3.14798364790777851e0,-9.87738193488786109e-1,9.84494440488811184e-1,-1.35891927956406988e1,-1.30965158037586242e1,4.70803951380105445e-14,1.84707338570618361e2,-6.97895075063570403e-11
262,1.62270229356100060e2,1.70055610699346261e2,8.00260374402782020e1,1.54745139745009297e0,-3.15432066647629084e0,-9.87727336388673383e-1,9.85522796520009736e-1,-1.35870730411447074e1,-1.26018848326547666e1,7.16440795578421330e-14,1.84694941727451834e2,-8.32187652122229338e-11
263,1.62385147997396018e2,1.70266604602744678e2,8.00515074887979097e1,1.53930914396442131e0,-3.16034956530889843e0,-9.87716911060447789e-1,9.86512744632156213e-1,-1.35844722426476565e1,-1.21073008274716827e1,8.42034775239142164e-14,1.84682966478498315e2,-5.96855898038484156e-11
264,1.62505431544998885e2,1.70483116799400591e2,8.00854843561693457e1,1.53086742024387013e0,-3.16603228212635335e0,-9.87706920907170050e-1,9.87463872880094851e-1,-1.35814854199393018e1,-1.16127622933442023e1,9.22838194750141838e-14,1.84671418996066819e2,-1.55324642037157901e-11
265,1.62631039185419411e2,1.70704894565731280e2,8.01279778882273348e1,1.52213746590991961e0,-3.17132831759926326e0,-9.87697369204769360e-1,9.88375792010531162e-1,-1.35782174861437408e1,-1.11182676965875160e1,1.17707926738930269e-13,1.84660305267827937e2,-8.42703684611478820e-11
266,1.62761853004925143e2,1.70931580962784977e2,8.01789266380193482e1,1.51313553923368849e0,-3.17619495615356273e0,-9.87688259099134047e-1,9.89248139318748776e-1,-1.35747822386937536e1,-1.06238154657328128e1,1.22228616117325828e-13,1.84649631089802199e2,-3.71329633708228357e-11
267,1.62897662777097196e2,1.71162697913913860e2,8.02381830022473537e1,1.50388365037453231e0,-3.18058760858485856e0,-9.87679593603301376e-1,9.90080582945252252e-1,-1.35713007530185710e1,-1.01294039926243968e1,1.51424012218015491e-13,1.84639402059564986e2,-4.65547600470017642e-11
268,1.63038149663076354e2,1.71397628453309295e2,8.03054971703451486e1,1.49441030914585182e0,-3.18446030055241192e0,-9.87671375594746381e-1,9.90872826561864151e-1,-1.35678990848021019e1,-9.63503163357707137e0,1.65836094856430805e-13,1.84629623569572118e2,-2.00373051484348252e-12
269,1.63182869278785489e2,1.71635598719747549e2,8.03805003000960454e1,1.48475125925311091e0,-3.18776633145050514e0,-9.87663607812777400e-1,9.91624614355085754e-1,-1.35647052049985959e1,-9.14069671059261424e0,1.92111951347051502e-13,1.84620300800733077e2,-6.60236310068285093e-11
270,1.63331234793229498e2,1.71875660499107084e2,8.04626875381285913e1,1.47495016194725825e0,-3.19045912681691179e0,-9.87656292856043172e-1,9.92335736158238224e-1,-1.35618451259940080e1,-8.64639751263355549e0,2.00750874257416001e-13,1.84611438716144733e2,-5.64597257834975608e-11
271,1.63482500974503182e2,1.72116675388826252e2,8.05514017519533212e1,1.46505918236337696e0,-3.19249330364764505e0,-9.87649433180154523e-1,9.93006032522451343e-1,-1.35594382310387491e1,-8.15213229695285690e0,2.45903991613616313e-13,1.84603042055101866e2,-4.77626826977939345e-11
272,1.63635750361869611e2,1.72357301931249452e2,8.06458191005161922e1,1.45513942221614268e0,-3.19382596091109905e0,-9.87643031095423396e-1,9.93635399445658263e-1,-1.35575918949273238e1,-7.65789929047741769e0,2.57672355674642972e-13,1.84595115327269355e2,-7.52038431528490037e-11
273,1.63789883007738354e2,1.72595987332290861e2,8.07449378379030520e1,1.44526113401678136e0,-3.19441819643150859e0,-9.87637088764729332e-1,9.94223792410566243e-1,-1.35563955821931543e1,-7.16369669124374475e0,2.86128759574566516e-13,1.84587662807180124e2,-3.48450157616753131e-11
274,1.63943611455627263e2,1.72830965596389262e2,8.08475719744080976e1,1.43550364601046532e0,-3.19423683548771731e0,-9.87631608201507527e-1,9.94771229319603489e-1,-1.35559147263219746e1,-6.66952266988327924e0,3.30189001140901439e-13,1.84580688528932626e2,-5.10169684275751933e-11
275,1.64095462756190528e2,1.73060264021684389e2,8.09523515690782318e1,1.42595492535957735e0,-3.19325633568692258e0,-9.87626591267872778e-1,9.95277791872366868e-1,-1.35561848208168865e1,-6.17537537115553725e0,3.62425367494978445e-13,1.84574196281180065e2,-7.99502686277264729e-11
276,1.64243789323418440e2,1.73281719957701938e2,8.10577314488145504e1,1.41671071166978502e0,-3.19146080730075843e0,-9.87622039672872876e-1,9.95743624919982362e-1,-1.35572062747324491e1,-5.68125291552627942e0,4.11685442680553848e-13,1.84568189602409973e2,-9.19442300073569641e-12
277,1.64386790230945394e2,1.73493009463210683e2,8.11620099756303972e1,1.40787316571257248e0,-3.18884605959052170e0,-9.87617954970884449e-1,9.96168933364949383e-1,-1.35589406788796492e1,-5.18715340078858844e0,4.53370847808276523e-13,1.84562671776492124e2,-7.54596385377226397e-11
278,1.64522544098673393e2,1.73691688968772382e2,8.12633590693998826e1,1.39954900063308973e0,-3.18542155421354867e0,-9.87614338560142357e-1,9.96553976267274599e-1,-1.35613091659586704e1,-4.69307490372383196e0,4.96473955696741243e-13,1.84557645828558066e2,-4.82884843222564086e-11
279,1.64649054001382694e2,1.73875250228295727e2,8.13598660146955837e1,1.39184709563184117e0,-3.18121212042408752e0,-9.87611191681418421e-1,9.96899057974371505e-1,-1.35641934983879953e1,-4.19901548180007200e0,5.36229047276570725e-13,1.84553114521158818e2,-3.50155460182577372e-11
280,1.64764303836642171e2,1.74041187735498937e2,8.14495866271128506e1,1.38487563427273996e0,-3.17625926843278306e0,-9.87608515416841914e-1,9.97204516311602673e-1,-1.35674403567720887e1,-3.70497317490482825e0,6.25540418075498650e-13,1.84549080350780258e2,-6.11350969847990200e-11
281,1.64866324402941501e2,1.74187076478330169e2,8.15306082047033840e1,1.37873885844213118e0,-3.17062193258848168e0,-9.87606310688866951e-1,9.97470708140864581e-1,-1.35708690192066381e1,-3.21094600710937117e0,7.62274575058508042e-13,1.84545545544633967e2,-1.02318153949454427e-11
282,1.64953266162765260e2,1.74310656521867742e2,8.16011194406983265e1,1.37353357982570334e0,-3.16437649018082245e0,-9.87604578259393406e-1,9.97697992890358099e-1,-1.35742822301175288e1,-2.71693198846142225e0,9.68760445127503367e-13,1.84542512057837229e2,-9.68753965935320593e-11
283,1.65023474476271872e2,1.74409919639691509e2,8.16594832952086165e1,1.36934563697364342e0,-3.15761593807384244e0,-9.87603318729033175e-1,9.97886714942532005e-1,-1.35774796001224161e1,-2.22292911680311489e0,1.32920334895009207e-12,1.84539981570908452e2,-1.62003743753302842e-12
284,1.65075562198669019e2,1.74483192278817114e2,8.17043079203973690e1,1.36624651995110735e0,-3.15044816826589047e0,-9.87602532536535072e-1,9.98037185996954790e-1,-1.35802724278867704e1,-1.72893537961107358e0,1.71892356034750171e-12,1.84537955487564005e2,-4.21351842305739410e-11
285,1.65108474110071711e2,1.74529208726772254e2,8.17345102756973745e1,1.36429039894438731e0,-3.14299336066301649e0,-9.87602219958356842e-1,9.98149668656787559e-1,-1.35824984821936301e1,-1.23494875585521346e0,2.28348481616513777e-12,1.84536434933004159e2,-9.48290335145429708e-11
286,1.65121537863713655e2,1.74547168630509873e2,8.17493672300221874e1,1.36351178257126260e0,-3.13538059812188452e0,-9.87602381108397820e-1,9.98224362486798023e-1,-1.35840351168295843e1,-7.40967217873021999e-1,1.67522231167300389e-12,1.84535420752168278e2,-1.61151092470390722e-11
287,1.65114497012428927e2,1.74536774008940625e2,8.17485497489793573e1,1.36392399423421806e0,-3.12774389281373733e0,-9.87603015937881024e-1,9.98261393651814322e-1,-1.35848091746605668e1,-2.46988733255894544e-1,2.50124835225035407e-12,1.84534913509522852e2,-7.47775175113929436e-11
288,1.65087523157335482e2,1.74498242547533437e2,8.17321371650437101e1,1.36551859323664293e0,3.16296742659300723e0,-9.87604124235394676e-1,9.98260808947135980e-1,-1.35848024821790592e1,2.46988733255894544e-1,2.13137827665668602e-12,1.84534913486849291e2,-1.26476606965297833e-11
289,1.65041206163389063e2,1.74432296054249889e2,8.17006103506166994e1,1.36826578872515014e0,3.17025182787258153e0,-9.87605705627085939e-1,9.98222574674563989e-1,-1.35840522943191626e1,7.40967217873021999e-1,1.70542268187242468e-12,1.84535420684346860e2,-4.00035560232936405e-11
290,1.64976523425697167e2,1.74340125191812575e2,8.16548245821028189e1,1.37211580933191857e0,3.17717149622295514e0,-9.87607759577010191e-1,9.98146580348515888e-1,-1.35826467191947664e1,1.23494875585521346e0,2.37547918076515263e-12,1.84536434820016666e2,-1.19655396702000871e-11
291,1.64894791066437676e2,1.74223333677760422e2,8.15959647339201979e1,1.37700111148853921e0,3.18361465224045981e0,-9.87610285387635733e-1,9.98032646811361834e-1,-1.35807158061952915e1,1.72893537961107380e0,1.69677184629069000e-12,1.84537955329444515e2,-1.45945477925124578e-11
292,1.64797601408135961e2,1.74083866754776579e2,8.15254868874633303e1,1.38283924552612003e0,3.18948366957520735e0,-9.87613282200498266e-1,9.97880537975560755e-1,-1.35784194953604853e1,2.22292911680311445e0,1.32276980167878033e-12,1.84539981367767012e2,-9.25695076148258522e-11
293,1.64686751948531764e2,1.73923929709862961e2,8.14450513259401987e1,1.38953615834749900e0,3.19469702546444445e0,-9.87616748997011573e-1,9.97689975142414087e-1,-1.35759339168260826e1,2.71693198846142181e0,9.53376483661672047e-13,1.84542511809784997e2,-9.49142986428341828e-11
294,1.64564171273051471e2,1.73745902473332990e2,8.13564521314142439e1,1.39698969779163962e0,3.19919035426075737e0,-9.87620684599424203e-1,9.97460652754144084e-1,-1.35734375686038913e1,3.21094600710937206e0,7.28917794179384515e-13,1.84545545251807027e2,-8.68709548740298487e-11
295,1.64431846945328942e2,1.73552255922068809e2,8.12615482537441949e1,1.40509309532581317e0,3.20291664628723360e0,-9.87625087671929802e-1,9.97192254434592473e-1,-1.35710987154782590e1,3.70497317490482825e0,6.20134152362616931e-13,1.84549080013351215e2,-9.01962948773871176e-11
296,1.64291759553842326e2,1.73345474593386569e2,8.11622001190525282e1,1.41373823535028986e0,3.20584569696677413e0,-9.87629956721918445e-1,9.96884468308882332e-1,-1.35690650099788357e1,4.19901548180007289e0,5.48201675026893653e-13,1.84553114139315312e2,-2.65032440438517369e-11
297,1.64145825948033490e2,1.73127989283240197e2,8.10602147611449197e1,1.42281856403049867e0,3.20796295205532367e0,-9.87635290101377850e-1,9.96537000795928107e-1,-1.35674559227617664e1,4.69307490372383107e0,4.87318085190535655e-13,1.84557645402506864e2,-9.32232069317251444e-11
298,1.63995853463953495e2,1.72902121662857581e2,8.09573012806663996e1,1.43223154059628599e0,3.20926791337101935e0,-9.87641086008431812e-1,9.96149588313781975e-1,-1.35663581640115378e1,5.18715340078858755e0,4.24169380175420940e-13,1.84562671306470406e2,-7.18642922947765328e-11
299,1.63843505788747535e2,1.72670041785921939e2,8.08550373297725002e1,1.44188058277883879e0,3.20977226853233022e0,-9.87647342489019975e-1,9.95722006588567354e-1,-1.35658239383919170e1,5.68125291552627854e0,3.92394450265953765e-13,1.84568189088683312e2,-7.53033191358554177e-11
300,1.63690280143310588e2,1.72433738282980812e2,8.07548463809532961e1,1.45167650061080167e0,3.20949789277594810e0,-9.87654057438714483e-1,9.95254077483332944e-1,-1.35658716354034503e1,6.17537537115553636e0,3.47281231549700919e-13,1.84574195724033842e2,-6.77857769915135577e-12
301,1.63537494753609110e2,1.72195000239308939e2,8.06579848472197938e1,1.46153844627336937e0,3.20847484644300573e0,-9.87661228604664987e-1,9.94745673447743117e-1,-1.35664884214046850e1,6.66952266988328013e0,3.07487542372530953e-13,1.84580687928671949e2,-3.18607362714828923e-11
302,1.63386285123708603e2,1.71955409221374225e2,8.05655376693097054e1,1.47139443108382517e0,3.20673946325520243e0,-9.87668853587678974e-1,9.94196719821693442e-1,-1.35676341571950445e1,7.16369669124374475e0,2.87285820133043046e-13,1.84587662164140255e2,-7.80602249506046064e-11
303,1.63237607411262559e2,1.71716339650885317e2,8.04784207698394880e1,1.48118147449809001e0,3.20433259606571497e0,-9.87676929844421569e-1,9.93607195308879088e-1,-1.35692460938765347e1,7.65789929047741769e0,2.62317945143308862e-13,1.84595114641801985e2,-3.37365690938895568e-11
304,1.63092247178929711e2,1.71478965662915897e2,8.03973887372843024e1,1.49084545558641235e0,3.20129806107216064e0,-9.87685454689741671e-1,9.92977130973279221e-1,-1.35712438746324917e1,8.15213229695285513e0,2.25701402012390417e-13,1.84603041327575511e2,-9.28679355638450943e-11
305,1.62950831907444694e2,1.71244272678183336e2,8.03230462013986681e1,1.50034073665828926e0,3.19768130003708784e0,-9.87694425299110779e-1,9.92306608112571986e-1,-1.35735344681265495e1,8.64639751263355727e0,2.13136799875890404e-13,1.84611437946965594e2,-7.92539367466815747e-11
306,1.62813845858867609e2,1.71013072117065605e2,8.02558615492974354e1,1.50962962348380092e0,3.19352826342122142e0,-9.87703838711180726e-1,9.91595755338798401e-1,-1.35760167623466526e1,9.14069671059261601e0,1.87121151906666228e-13,1.84620299990309434e2,-6.93063384460401721e-11
307,1.62681646115056083e2,1.70786017924127265e2,8.01961818532155917e1,1.51868171865163126e0,3.18888450533887946e0,-9.87713691830443441e-1,9.90844745155633366e-1,-1.35785856435422794e1,9.63503163357707137e0,1.57780039033994512e-13,1.84629622718343512e2,-2.67732502834405750e-11
308,1.62554478870872174e2,1.70563623837993532e2,8.01442481216619171e1,1.52747321540874248e0,3.18379447336556165e0,-9.87723981430001063e-1,9.90053790273672685e-1,-1.35811354662814381e1,1.01294039926243968e1,1.45172068810595079e-13,1.84639401167991650e2,-9.39053279580548406e-11
309,1.62432495294431476e2,1.70346280589953324e2,8.01002102069303987e1,1.53598616994655668e0,3.17830097170376780e0,-9.87734704154431098e-1,9.89223139854786049e-1,-1.35835628847081971e1,1.06238154657328110e1,1.22613724728992679e-13,1.84649630158359230e2,-6.21298568148631603e-11
310,1.62315766478710998e2,1.70134272444435993e2,8.00641409043211780e1,1.54420778122996794e0,3.17244477428634264e0,-9.87745856522747712e-1,9.88353075830127770e-1,-1.35857690618034130e1,1.11182676965875178e1,1.05356695589975402e-13,1.84660304297008707e2,-8.22808488010196015e-11
311,1.62204297177991208e2,1.69927792681731120e2,8.00360489403928028e1,1.55212969957850100e0,3.16626436432489333e0,-9.87757434931452072e-1,9.87443909392977881e-1,-1.35876613046387131e1,1.16127622933442023e1,9.74428870925692081e-14,1.84671417986392356e2,-1.31592514662770554e-11
312,1.62098038166766969e2,1.69726957784855898e2,8.00158906861656334e1,1.55974737847533418e0,3.15979577801015088e0,-9.87769435657668282e-1,9.86495977733690910e-1,-1.35891541919473404e1,1.21073008274716827e1,7.69488639473792091e-14,1.84682965430489986e2,-5.17275111633352935e-11
313,1.61996897158703916e2,1.69531820208203783e2,8.00035805276529999e1,1.56705947859317440e0,3.15307253201680826e0,-9.87781854862356257e-1,9.85509641053897378e-1,-1.35901702687100325e1,1.26018848326547683e1,6.57217336108573136e-14,1.84694940641661901e2,-5.27649035575450398e-11
314,1.61900748304991112e2,1.69342379701426893e2,7.99989999053102281e1,1.57406732868248733e0,3.14612561682414604e0,-9.87794688593600756e-1,9.84485279876434194e-1,-1.35906403835968952e1,1.30965158037586207e1,5.59378932063481216e-14,1.84707337447615657e2,-9.40900690693524666e-11
315,1.61809440338483540e2,1.69158593220933199e2,8.00020050799963514e1,1.58077444469212569e0,3.13898354033172566e0,-9.87807932789968257e-1,9.83423292649905467e-1,-1.35905037413971783e1,1.35911951958558568e1,4.42042236148409984e-14,1.84720149498566457e2,-6.92352841724641621e-11
316,1.61722803466936568e2,1.68980383508342982e2,8.00124337192950748e1,1.58718610609329547e0,3.13167240868295060e0,-9.87821583283926552e-1,9.82324093636539719e-1,-1.35897077358732421e1,1.40859244233167846e1,2.86888568457044357e-14,1.84733370274511884e2,-4.63984406451345421e-11
317,1.61640655133286117e2,1.68807646437964934e2,8.00301104129161160e1,1.59330898673411570e0,3.12421603346562904e0,-9.87835635805322854e-1,9.81188111063568069e-1,-1.35882076202614481e1,1.45807048589642090e1,1.73264180780563493e-14,1.84746993092659011e2,-2.82796008832519874e-12
318,1.61562804770566459e2,1.68640257251507421e2,8.00548512358953559e1,1.59915083648517231e0,3.11663605649983211e0,-9.87850085984916193e-1,9.80015785514992466e-1,-1.35859660639241024e1,1.50755378332926107e1,1.44328993201270350e-14,1.84761011114917778e2,-4.29736246587708592e-11
319,1.61489057676229208e2,1.68478075800398159e2,8.00864674762529489e1,1.60472020933640125e0,3.10895208520279898e0,-9.87864929357952115e-1,9.78807568537747086e-1,-1.35829526351487395e1,1.55704246337526335e1,6.93195501000332115e-15,1.84775417355530863e2,-8.14139866633922793e-11
320,1.61765743560523219e2,1.69070273313889231e2,8.00246009675665846e1,1.58365745389046464e0,-3.11910515243351449e0,-9.87786623499199656e-1,9.79848913479695383e-1,-1.30969402814151437e1,-1.55698962329105317e1,5.37070388162419476e-15,1.71569889685357765e2,-5.15854026161832735e-11
321,1.61857527912851168e2,1.69257927188462475e2,8.00080895391782150e1,1.57711013597852756e0,-3.12680776665865956e0,-9.87773623865851880e-1,9.81065417893925429e-1,-1.30976105264446350e1,-1.50750233339289998e1,1.75831571525009167e-14,1.71556447129702235e2,-9.65911794992280193e-11
322,1.61954693628215466e2,1.69452126761341276e2,7.99998531677128142e1,1.57023571553170460e0,-3.13436333325163252e0,-9.87761038350093323e-1,9.82245552427208346e-1,-1.30974539504452192e1,-1.45802045183618390e1,2.61804466994419727e-14,1.71543366685102768e2,-4.60147475678240880e-11
323,1.62057492130011440e2,1.69653041444058061e2,8.00001666549371748e1,1.56302518346336550e0,-3.14174521903537984e0,-9.87748870963629844e-1,9.83388814582428772e-1,-1.30965145793356079e1,-1.40854384935439487e1,4.14460132880378751e-14,1.71530654881518757e2,-1.20792265079217032e-12
324,1.62166162699743268e2,1.69860811911710186e2,8.00092960124758292e1,1.55547104943832593e0,-3.14892398061347389e0,-9.87737125606371613e-1,9.84494710405339313e-1,-1.30948467944744547e1,-1.35907239234851147e1,4.33160451951408731e-14,1.71518318111027156e2,-5.66160451853647828e-11
325,1.62280925132559275e2,1.70075540701939531e2,8.00274916435627546e1,1.54756779563991964e0,-3.15586720063158088e0,-9.87725806063095457e-1,9.85562756401470730e-1,-1.30925161752840129e1,-1.30960594295887187e1,5.43939893127287633e-14,1.71506362620704181e2,-8.33892954688053578e-11
326,1.62401970761620589e2,1.70297281033918807e2,8.00549799342199435e1,1.53931240426109506e0,-3.16253935203450931e0,-9.87714916000176912e-1,9.86592481879879912e-1,-1.30896002054543885e1,-1.26014435914361336e1,7.11201930680971373e-14,1.71494794505574220e2,-6.63646915199933574e-11
327,1.62529451642505308e2,1.70526023658132232e2,8.00919530378654798e1,1.53070496346925156e0,-3.16890170432168095e0,-9.87704458962401333e-1,9.87583431787352195e-1,-1.30861887643945458e1,-1.21068749476362818e1,9.00494956379560563e-14,1.71483619701667322e2,-5.45981038158060983e-11
328,1.62663467709196880e2,1.70761681580315411e2,8.01385566532807303e1,1.52174935446574233e0,-3.17491228913577128e0,-9.87694438369855043e-1,9.88535170094429816e-1,-1.30823843081604227e1,-1.16123519967400739e1,1.01342545466565070e-13,1.71472843979212456e2,-5.59907675778958946e-12
329,1.62804051755882085e2,1.71004072560902500e2,8.01948756330709500e1,1.51245401903810195e0,-3.18052594619257523e0,-9.87684857514904868e-1,9.89447283786270115e-1,-1.30783016266198775e1,-1.11178731982186854e1,1.19095705519711714e-13,1.71462472935937569e2,-5.38591393706155941e-12
330,1.62951152171621999e2,1.71252899382833192e2,8.02609173260080695e1,1.50283280242532813e0,-3.18569447443356335e0,-9.87675719559270915e-1,9.90319387494303260e-1,-1.30740670480023180e1,-1.06234369735050134e1,1.43635103810879627e-13,1.71452511990523504e2,-4.61710669696913101e-11
331,1.63104613471913410e2,1.71507728019707969e2,8.03365926657458544e1,1.49290586011707349e0,-3.19036691711778042e0,-9.87667027531193176e-1,9.91151128778261059e-1,-1.30698169510009663e1,-1.01290417070970840e1,1.62765634303951856e-13,1.71442966376201298e2,-4.05577793571865186e-11
332,1.63264154836670514e2,1.71767964027101073e2,8.04216951751555342e1,1.48270060918000235e0,-3.19449001296869284e0,-9.87658784322703598e-1,9.91942194027795709e-1,-1.30656954421082645e1,-9.63468574772238462e0,1.84255388724352542e-13,1.71433841134540899e2,-4.78905803902307525e-11
333,1.63429347089139640e2,1.72032827732643597e2,8.05158782711529710e1,1.47225269472683706e0,-3.19800884789344453e0,-9.87650992687003293e-1,9.92692314897471118e-1,-1.30618510668193721e1,-9.14036740956166049e0,2.03803987575135181e-13,1.71425141109403427e2,-3.09938741338555701e-11
334,1.63599588842379148e2,1.72301329121517114e2,8.06186315376209137e1,1.46160693026714816e0,-3.20086774242194938e0,-9.87643655235951656e-1,9.93401275117518745e-1,-1.30584324536690843e1,-8.64608497353060379e0,2.28183791306513228e-13,1.71416870941093180e2,-9.43600753089413047e-11
335,1.63774082891611044e2,1.72572243693425122e2,8.07292569775273705e1,1.45081815725214014e0,-3.20301140785789595e0,-9.87636774437670617e-1,9.94068917433889809e-1,-1.30555828461927472e1,-8.15183668861783417e0,2.56104165652359939e-13,1.71409035060721294e2,-3.33812977260095067e-11
336,1.63951814339880400e2,1.72844090999708641e2,8.08468466585994889e1,1.43995195485279259e0,-3.20438639799489788e0,-9.87630352614269458e-1,9.94695150329945155e-1,-1.30534335657522664e1,-7.65762077327730140e0,2.89024013055971807e-13,1.71401637684779047e2,-6.37072616882505827e-11
337,1.64131532371045068e2,1.73115118010674252e2,8.09702635921699567e1,1.42908511715066933e0,-3.20494287176631643e0,-9.87624391939693647e-1,9.95279954072168405e-1,-1.30520965716177475e1,-7.16343541687316243e0,3.14819351143746928e-13,1.71394682809954759e2,-7.24327264833846129e-11
338,1.64311738001248671e2,1.73383289881532988e2,8.10981281067079465e1,1.41830580326297384e0,-3.20463666408725523e0,-9.87618894437701123e-1,9.95823385517883075e-1,-1.30516564431838287e1,-6.66927878117486905e0,3.64531321794814289e-13,1.71388174208186342e2,-8.95425955604878254e-11
339,1.64490680459599560e2,1.73646290986494591e2,8.12288123108374691e1,1.40771325895230759e0,-3.20343163639570871e0,-9.87613861979970586e-1,9.96325581036039076e-1,-1.30521622949772951e1,-6.17514900190041782e0,3.85255195800571215e-13,1.71382115421951880e2,-9.89075488178059459e-11
340,1.64666365001950510e2,1.73901539200213335e2,8.13604454179471759e1,1.39741700890651366e0,-3.20130224477770131e0,-9.87609296284344684e-1,9.96786756846765098e-1,-1.30536203301774822e1,-5.68104419030509789e0,4.19940124340989485e-13,1.71376509759866252e2,-4.42241798737086356e-11
341,1.64836574836740112e2,1.74146216207560997e2,8.14909326155852938e1,1.38753543032133453e0,-3.19823622305504873e0,-9.87605198913210525e-1,9.97207206101180299e-1,-1.30559879124618998e1,-5.18696243481343000e0,4.66533062182250546e-13,1.71371360292499133e2,-6.19166939941351302e-11
342,1.64998909344238371e2,1.74377316019899439e2,8.16179897130110845e1,1.37819364356894036e0,-3.19423723363986811e0,-9.87601571272023748e-1,9.97587292124961778e-1,-1.30591701467847567e1,-4.69290180269146617e0,5.37109853121497949e-13,1.71366669848510327e2,-9.35074240260291845e-11
343,1.65150839830911906e2,1.74591712801163311e2,8.17391949177687138e1,1.36952069644745444e0,-3.18932729536521542e0,-9.87598414607973485e-1,9.97927437451549992e-1,-1.30630199569761984e1,-4.19886034175673473e0,5.84503799527791301e-13,1.71362441011050464e2,-2.34905428442289121e-11
344,1.65289782654068006e2,1.74786247542140472e2,8.18520577477087556e1,1.36164607471897559e0,-3.18354876221927841e0,-9.87595730008795192e-1,9.98228108579092499e-1,-1.30673424833881775e1,-3.70483608212299620e0,6.64565191071941896e-13,1.71358676114507290e2,-3.34239302901551127e-11
345,1.65413187749104850e2,1.74957831149981018e2,8.19541033416333988e1,1.35469564044267843e0,-3.17696560899991898e0,-9.87593518401732928e-1,9.98489796784146177e-1,-1.30719042654307724e1,-3.21082703797665925e0,7.63822598920382845e-13,1.71355377241495717e2,-2.60627075476804748e-11
346,1.65518638565824460e2,1.75103559333968263e2,8.20429684536396593e1,1.34878717467244602e0,-3.16966378869719279e0,-9.87591780552650178e-1,9.98712995780919210e-1,-1.30764471246095049e1,-2.71683120938198064e0,9.60618954173875217e-13,1.71352546220215004e2,-2.24389395953039639e-11
347,1.65603957432257488e2,1.75220832551032260e2,8.21165034541914594e1,1.34402577277819324e0,-3.16175046923232328e0,-9.87590517065293994e-1,9.98898177467624881e-1,-1.30807059762316875e1,-2.22284658411170444e0,1.32812239938412402e-12,1.71350184622097601e2,-3.95061761082615703e-12
348,1.65667308770257648e2,1.75307472604301523e2,8.21728730617643777e1,1.34049939696598264e0,-3.15335203662542884e0,-9.87589728380712906e-1,9.99045767382524597e-1,-1.30844290795619074e1,-1.72887113949999272e0,1.70227807544387488e-12,1.71348293759738056e2,-5.48538992006797343e-11
349,1.65707291726828998e2,1.75361826624265575e2,8.22106476274339713e1,1.33827491929955777e0,-3.14461086314762461e0,-9.87589414776828822e-1,9.99156121726230695e-1,-1.30873986356948802e1,-1.23490284431430375e0,2.46075488002754639e-12,1.71346874685343465e2,-4.91553464598837309e-11
350,1.65723013942185105e2,1.75382849399169572e2,8.22288768739032747e1,1.33739497996279133e0,-3.13568096975276278e0,-9.87589576368165134e-1,9.99229507830938890e-1,-1.30894493170154931e1,-7.40939660642849662e-1,1.83791295984420122e-12,1.71345928188954787e2,-1.67403868545079604e-11
351,1.65714139455849192e2,1.75370156463856887e2,8.22271391644414109e1,1.33787593542820349e0,-3.12672284230414377e0,-9.87590213105728920e-1,9.99266089756458031e-1,-1.30904823810143043e1,-2.46979545794227318e-1,2.20110723674364281e-12,1.71345454798359214e2,-9.00968188943807036e-11
352,1.65680906070149632e2,1.75324042905076340e2,8.22055615699014623e1,1.33970708278314188e0,3.16528753927909490e0,-9.87591324777053137e-1,9.99265920241810490e-1,-1.30904735196266806e1,2.46979545794227318e-1,2.29903726264857333e-12,1.71345454777268770e2,-3.48165940522449091e-11
353,1.65624110523567595e2,1.75245466147240279e2,8.21648089139993232e1,1.34285123069746093e0,3.17382318689201126e0,-9.87592911006390795e-1,9.99228939663144744e-1,-1.30894734522171277e1,7.40939660642849662e-1,1.85265923424975804e-12,1.71345928125652534e2,-8.44124770082999021e-11
354,1.65545063104284225e2,1.75135994542709085e2,8.21060431486499027e1,1.34724656123413533e0,3.18192327790662954e0,-9.87594971255067233e-1,9.99154981943331078e-1,-1.30876013163937017e1,1.23490284431430375e0,2.42218021356301050e-12,1.71346874579869507e2,-4.49063009000383317e-11
355,1.65445516344637895e2,1.74997726857610587e2,8.20308573509608294e1,1.35280960909347892e0,3.18945649002782217e0,-9.87597504821988159e-1,9.99043786703262215e-1,-1.30850319269899806e1,1.72887113949999272e0,1.70931026494472449e-12,1.71348293612166032e2,-1.39834810397587717e-11
356,1.65327574698450746e2,1.74833190206521408e2,8.19411908675309206e1,1.35943909320838108e0,3.19630982109033734e0,-9.87600510844299451e-1,9.98895016412411074e-1,-1.30819787522895314e1,2.22284658411170355e0,1.29184325996928306e-12,1.71350184432496462e2,-6.34798880128073506e-11
357,1.65193593350510923e2,1.74645225362969995e2,8.18392333922694490e1,1.36702028137441056e0,3.20239089341136918e0,-9.87603988298202395e-1,9.98708276916591586e-1,-1.30786748608907342e1,2.71683120938198064e0,9.09607892479735725e-13,1.71352545988697301e2,-3.00843794320826419e-11
358,1.65046074439159355e2,1.74436868548105679e2,8.17273259507717000e1,1.37542955578005843e0,3.20762902396439964e0,-9.87607935999919251e-1,9.98483139607792558e-1,-1.30753540884296839e1,3.21082703797666014e0,7.27115850168713607e-13,1.71355376968195600e2,-6.32667251920793205e-11
359,1.64887568126872509e2,1.74211237920606180e2,8.16078659958989618e1,1.38453887222807670e0,3.21197515012150259e0,-9.87612352606808797e-1,9.98219163557243605e-1,-1.30722343215867856e1,3.70483608212299620e0,6.29399310447809057e-13,1.71358675799576673e2,-5.63744606552063487e-11
360,1.64720584406709236e2,1.73971431348293663e2,8.14832223638885296e1,1.39421985925676895e0,3.21540078647108185e0,-9.87617236618629657e-1,9.97915916181614682e-1,-1.30695042240012054e1,4.19886034175673561e0,5.71462148435397665e-13,1.71362440654668234e2,-3.98472366214264184e-11
361,1.64547519612719640e2,1.73720439984668417e2,8.13556640101043200e1,1.40434737323835557e0,3.21789623810316217e0,-9.87622586378948064e-1,9.97572991358867678e-1,-1.30673140798230083e1,4.69290180269146529e0,5.00198406999663447e-13,1.71366669450869239e2,-4.53894699603551999e-11
362,1.64370599649263227e2,1.73461080062948042e2,8.12273045682270265e1,1.41480239983060474e0,3.21946831112741716e0,-9.87628400076690838e-1,9.97190024304507761e-1,-1.30657708315059775e1,5.18696243481343000e0,4.56123853964651715e-13,1.71371359853829802e2,-4.35989022662397474e-11
363,1.64191840215636205e2,1.73195943423706126e2,8.11000630973198469e1,1.42547426107662467e0,3.22013774859287549e0,-9.87634675747835034e-1,9.96766702898610135e-1,-1.30649369219819498e1,5.68104419030509877e0,4.20204669671075948e-13,1.71376509280410403e2,-6.30819840807816945e-11
364,1.64013022939678876e2,1.72927365786275885e2,8.09756400568587367e1,1.43626214442839784e0,3.21993658839355046e0,-9.87641411277236703e-1,9.96302775480374159e-1,-1.30648322525884435e1,6.17514900190041782e0,3.82503057005934011e-13,1.71382114901972272e2,-4.50910420113359578e-11
365,1.63835685410869360e2,1.72657410732090284e2,8.08555066449362272e1,1.44707601185929691e0,3.21890559824291600e0,-9.87648604400593433e-1,9.95798055375146429e-1,-1.30654384321223489e1,6.66927878117486905e0,3.46448564281232052e-13,1.71388173647969609e2,-1.52056145452661440e-11
366,1.63661122599383305e2,1.72387866774143959e2,8.07409051325531948e1,1.45783697374378574e0,3.21709189896712067e0,-9.87656252706534787e-1,9.95252422583341234e-1,-1.30667044888131318e1,7.16343541687316332e0,3.16385806442553985e-13,1.71394682209817120e2,-1.36424205265939236e-11
367,1.63490397000251818e2,1.72120254678498924e2,8.06328576690052330e1,1.46847722500460121e0,3.21454684660377765e0,-9.87664353638840975e-1,9.94665823146827055e-1,-1.30685533047156657e1,7.65762077327730051e0,2.87620621763906570e-13,1.71401637045045447e2,-6.05240302320453338e-11
368,1.63324354957114451e2,1.71855842284396374e2,8.05321811304279294e1,1.47893964294256497e0,3.21132420926985862e0,-9.87672904498783089e-1,9.94038266729722730e-1,-1.30708881704066968e1,8.15183668861783417e0,2.53928822413485022e-13,1.71409034381741805e2,-7.68096697356668301e-11
369,1.63163646907021246e2,1.71595664343433327e2,8.04395058485061583e1,1.48917714027612136e0,3.20747864778939684e0,-9.87681902447581916e-1,9.93369822924245249e-1,-1.30735990135348334e1,8.64608497353060557e0,2.38484579306863509e-13,1.71416870223242114e2,-3.33955085807247087e-12
370,1.63008749663319975e2,1.71340545277256695e2,8.03552964092988447e1,1.49915185615061408e0,3.20306448962783330e0,-9.87691344508979996e-1,9.92660616734883816e-1,-1.30765680041353480e1,9.14036740956166049e0,1.97673474811033145e-13,1.71425140353064705e2,-2.51674237006227486e-11
371,1.62859989254666601e2,1.71091123169037900e2,8.02798730920623171e1,1.50883425466510013e0,3.19813477293343373e0,-9.87701227571923912e-1,9.91910823620797522e-1,-1.30796743686373205e1,9.63468574772238284e0,1.79264589283967268e-13,1.71433840340128228e2,-3.79998255084501579e-11
372,1.62717563224711228e2,1.70847873712376924e2,8.02134328860412182e1,1.51820218664073869e0,3.19274053022672799e0,-9.87711548393349958e-1,9.91120664398001949e-1,-1.30827983468848288e1,1.01290417070970840e1,1.61794189157404844e-13,1.71442965544141941e2,-2.04920524993212894e-11
373,1.62581561633341039e2,1.70611133202838658e2,8.01560693446895982e1,1.52723995719606487e0,3.18693027819250618e0,-9.87722303601071383e-1,9.90290400227899714e-1,-1.30858243015301952e1,1.06234369735050134e1,1.38479505640276557e-13,1.71452511121263143e2,-7.82875986260478385e-11
374,1.62451986284202974e2,1.70381119967218922e2,8.01077908090000079e1,1.53593742993801863e0,3.18074967992161151e0,-9.87733489696760003e-1,9.89420327851366688e-1,-1.30886430393882698e1,1.11178731982186854e1,1.21562482302550734e-13,1.71462472029939875e2,-6.05666627961909398e-11
375,1.62328767927967419e2,1.70157953875375739e2,8.00685367478615007e1,1.54428918860069841e0,3.17424134780166467e0,-9.87745103059017193e-1,9.88510775171714373e-1,-1.30911534340437434e1,1.16123519967400775e1,1.04014019619569353e-13,1.71472843036956561e2,-8.70130634211818688e-11
376,1.62211781354954354e2,1.69941673766326062e2,8.00381921218972820e1,1.55229376886699777e0,3.16744475825412497e0,-9.87757139946530138e-1,9.87562097243811166e-1,-1.30932634528796630e1,1.21068749476362800e1,8.59763649163625132e-14,1.71483618723647709e2,-5.06332753502647392e-11
377,1.62100858414097530e2,1.69732252763686972e2,8.00165997968442042e1,1.55995296677732753e0,3.16039625308763350e0,-9.87769596501308911e-1,9.86574672692905774e-1,-1.30948906941952465e1,1.26014435914361336e1,7.89542042856083981e-14,1.71494793492308020e2,-9.53406242842902429e-11
378,1.61995799070403507e2,1.69529611547577105e2,8.00035711059420436e1,1.56727122540262398e0,3.15312910594182139e0,-9.87782468751996268e-1,9.85548900560447638e-1,-1.30959625350122408e1,1.30960594295887187e1,5.60766710844262661e-14,1.71506361572716060e2,-8.32613977763685398e-11
379,1.61896380665311312e2,1.69333629716377146e2,7.99988947122407268e1,1.57425509806306807e0,3.14567363588931892e0,-9.87795752617247391e-1,9.84485197558231273e-1,-1.30964159805686151e1,1.35907239234851112e1,4.34027813689397135e-14,1.71518317028857808e2,-8.47961700856103562e-11
380,1.61802365564880972e2,1.69144155403441204e2,8.00023439425442575e1,1.58091278409345359e0,3.13805735355428705e0,-9.87809443909172802e-1,9.83383995699765312e-1,-1.30961972946170562e1,1.40854384935439523e1,3.47395723299115389e-14,1.71530653765723486e2,-3.98188149119960144e-11
381,1.61713507391813067e2,1.68961013333769074e2,8.00136827764163030e1,1.58725373172521245e0,3.13030512803956773e0,-9.87823538336839446e-1,9.82245740273100187e-1,-1.30952614771039340e1,1.45802045183618372e1,1.83880688453541552e-14,1.71543365536252622e2,-2.79669620795175433e-11
382,1.61629556030805986e2,1.68784011505840937e2,8.00326706683283504e1,1.59328830189365700e0,3.12243936547619771e0,-9.87838031509826298e-1,9.81070888115779027e-1,-1.30935716436294065e1,1.50750233339289981e1,2.03795313957755297e-14,1.71556445948383299e2,-5.29780663782730699e-11
383,1.61550261587407221e2,1.68612946679469076e2,8.00590663728243896e1,1.59902748649099125e0,3.11448019214590532e0,-9.87852918941824143e-1,9.79859906153269677e-1,-1.30910983499267175e1,1.55698962329105317e1,1.22610255282040725e-14,1.71569888472158539e2,-3.62661012331955135e-11
384,1.61845617344621928e2,1.69233838760295555e2,8.00098793984374481e1,1.57768846848498989e0,-3.12560230185588139e0,-9.87774836458493732e-1,9.80868970831006437e-1,-1.26033170075592338e1,-1.55693849610407984e1,1.72500902451133697e-14,1.58855097937947903e2,-5.86908299737842754e-11
385,1.61945150330951549e2,1.69433285225064509e2,8.00002794104389068e1,1.57090572311075616e0,-3.13364151288849024e0,-9.87761799128658247e-1,9.82088102788396755e-1,-1.26032769448951143e1,-1.50745255076232070e1,1.90542026601292491e-14,1.58842592465043992e2,-6.98747726346482523e-11
386,1.62050887104552146e2,1.69640323978023446e2,7.99997284489094227e1,1.56376372879825420e0,-3.14154608345309372e0,-9.87749177038612203e-1,9.83270589063905853e-1,-1.26023778582313337e1,-1.45797203869968115e1,3.34524075107367480e-14,1.58830423737612705e2,-2.11741735256509855e-12
387,1.62163164427573065e2,1.69855219468770201e2,8.00085840347867787e1,1.55625005764544388e0,-3.14928834800523783e0,-9.87736974219106001e-1,9.84415903819998439e-1,-1.26006622398797727e1,-1.40849683014483524e1,4.37601344049909358e-14,1.58818597840750698e2,-3.00275360132218339e-11
388,1.62282313281245763e2,1.70078213157400114e2,8.00272014353220840e1,1.54835359222733238e0,-3.15683741855839095e0,-9.87725194588629174e-1,9.85523527888729989e-1,-1.25981839827047590e1,-1.35902679096663821e1,5.51364509604468367e-14,1.58807120731211569e2,-4.66400251752929762e-11
389,1.62408651039527371e2,1.70309513316281311e2,8.00559264665608481e1,1.54006501118852968e0,-3.16415894168018097e0,-9.87713841950052296e-1,9.86592950748277131e-1,-1.25950095415714216e1,-1.30956178274629575e1,6.95797586214297326e-14,1.58795998230751167e2,-8.67714788910234347e-11
390,1.62542471605766565e2,1.70549282578376108e2,8.00950863231207677e1,1.53137736537973579e0,-3.17121487447501504e0,-9.87702919987336281e-1,9.87623673019905501e-1,-1.25912189991621304e1,-1.26010166285617036e1,8.72982242050568402e-14,1.58785236019546829e2,-2.57074361798004247e-11
391,1.62684033183808197e2,1.70797622914988381e2,8.01449781022850942e1,1.52228675334832020e0,-3.17796329436813352e0,-9.87692432262323727e-1,9.88615209580299581e-1,-1.25869069503416782e1,-1.21064628454514178e1,1.02959307746175455e-13,1.58774839629731645e2,-4.76489958600723185e-11
392,1.62833543350055351e2,1.71054557734039236e2,8.02058546798533456e1,1.51279310329191552e0,-3.18435826174022063e0,-9.87682382211609533e-1,9.89567093385553820e-1,-1.25821830952578075e1,-1.16119549703051632e1,1.21406357189712821e-13,1.58764814439019858e2,-4.89137619297252968e-11
393,1.62991141121669813e2,1.71320010835991923e2,8.02779076173493422e1,1.50290106559544867e0,-3.19034975938795773e0,-9.87672773143499216e-1,9.90478880100468806e-1,-1.25771724052453173e1,-1.11174914559636555e1,1.37969496938339375e-13,1.58755165664461259e2,-9.15889586394769140e-11
394,1.63156875774565378e2,1.71593782045024710e2,8.03612468307096890e1,1.49262101543934733e0,-3.19588373829249184e0,-9.87663608235062385e-1,9.91350153611985752e-1,-1.25720146991281521e1,-1.06230707169823635e1,1.61405611098786039e-13,1.58745898356333498e2,-9.95470372799900360e-11
395,1.63330682283698849e2,1.71875519479182174e2,8.04558768592719247e1,1.48197015823463496e0,-3.20090230509643359e0,-9.87654890529280793e-1,9.92180532479436827e-1,-1.25668634436360591e1,-1.01286911307411209e1,1.75175846051089934e-13,1.58737017392157526e2,-9.89643922366667539e-11
396,1.63512353441230573e2,1.72164688638892386e2,8.05616697451434618e1,1.47097372141430593e0,-3.20534409262363740e0,-9.87646622932302320e-1,9.92969677329060052e-1,-1.25618835749026676e1,-9.63435103861509923e0,2.05358299809610401e-13,1.58728527470907864e2,-8.96704932529246435e-12
397,1.63701508983482199e2,1.72460538806148151e2,8.06783347947348943e1,1.45966620401473679e0,-3.20914486013030897e0,-9.87638808210799191e-1,9.93717299133758059e-1,-1.25572481347354596e1,-9.14004874720575167e0,2.17841369942739504e-13,1.58720433107347930e2,-2.10889083973597735e-11
398,1.63897562431443532e2,1.72762067661740133e2,8.08053858536222407e1,1.44809264034867846e0,-3.21223837381118615e0,-9.87631448989441107e-1,9.94423168226389209e-1,-1.25531335339393895e1,-8.64578252963011984e0,2.52067464123761908e-13,1.58712738626596519e2,-9.67759206105256453e-11
399,1.64099686841904031e2,1.73067985562917158e2,8.09421072036163167e1,1.43630981600148910e0,-3.21455761911733484e0,-9.87624547748482517e-1,9.95087123774801352e-1,-1.25497133055009442e1,-8.15155062686696930e0,2.86928467096991824e-13,1.58705448158839545e2,-3.89377419196534902e-12
400,1.64306781263413825e2,1.73376681561235586e2,8.10875197755296284e1,1.42438735400261884e0,-3.21603639294162313e0,-9.87618106821472552e-1,9.95709083300248543e-1,-1.25471503039127317e1,-7.65735124915773380e0,3.12824419146373600e-13,1.58698565634274757e2,-9.58380041993223131e-11
401,1.64517440371577436e2,1.73686193952935156e2,8.12403500432076981e1,1.41240856763077316e0,-3.21661131360622310e0,-9.87612128393088762e-1,9.96289051653319158e-1,-1.25455874532761911e1,-7.16318257746038523e0,3.39195685428173022e-13,1.58692094778276982e2,-3.69624331142404117e-11
402,1.64729930480608346e2,1.73994188893920438e2,8.13990046857834244e1,1.40047095607881977e0,-3.21622426753058521e0,-9.87606614497098301e-1,9.96827128688946407e-1,-1.25451373518701281e1,-6.66904276495398562e0,3.97685356867683026e-13,1.58686039106766003e2,-4.16662260249722749e-11
403,1.64942175772089030e2,1.74297951248693352e2,8.15615547597630410e1,1.38868620342756044e0,-3.21482528120422506e0,-9.87601567014455894e-1,9.97323514722180948e-1,-1.25458713017624799e1,-6.17492993859174089e0,4.19511647642423213e-13,1.58680401921819197e2,-7.94102561485487968e-11
404,1.65151759050126827e2,1.74594392271068415e2,8.17257336158377399e1,1.37717953426513939e0,-3.21237576413011272e0,-9.87596987671531479e-1,9.97778512734689316e-1,-1.25478086315274648e1,-5.68084220070003809e0,4.68514116391816060e-13,1.58675186307549609e2,-6.60236310068285093e-11
405,1.65355941425701872e2,1.74880078726287792e2,8.18889529322550374e1,1.36608828594613430e0,-3.20885201266187980e0,-9.87592878038483057e-1,9.98192526271297731e-1,-1.25509074812706451e1,-5.18677763062092279e0,4.94619969981791030e-13,1.58670395126205676e2,-5.20827825312153436e-11
406,1.65551704884288824e2,1.75151287485768961e2,8.20483408506428020e1,1.35555958306191671e0,-3.20424879867223389e0,-9.87589239527767448e-1,9.98566052060987919e-1,-1.25550584620317700e1,-4.69273428639539336e0,5.90332904087942367e-13,1.58666031014577868e2,-5.61328761250479147e-11
407,1.65735820531070061e2,1.75404088287706315e2,8.22008051210097790e1,1.34574704843099235e0,-3.19858279687004599e0,-9.87586073392797692e-1,9.98899666647606432e-1,-1.25600827058733113e1,-4.19871020648460469e0,6.25279342192364140e-13,1.58662096380596779e2,-9.33368937694467604e-11
408,1.65904943343421962e2,1.75634455172328217e2,8.23431222914651926e1,1.33680655860571762e0,-3.19189554068483838e0,-9.87583380726747007e-1,9.99194006743933327e-1,-1.25657356995924161e1,-3.70470341152616944e0,6.87441423230517046e-13,1.58658593400339015e2,-7.11821712684468366e-11
409,1.66055731537891802e2,1.75838404133516462e2,8.24720513513675257e1,1.32889114817649223e0,-3.18425555325974896e0,-9.87581162461503848e-1,9.99449743612623953e-1,-1.25717178694107350e1,-3.21071190612248136e0,8.17917131593071112e-13,1.58655524015196761e2,-9.04663011169759557e-11
410,1.66184985400449563e2,1.76012151027151646e2,8.25844670623231565e1,1.32214527816126082e0,-3.17575929363247100e0,-9.87579419366776290e-1,9.99667552485380861e-1,-1.25776921288001358e1,-2.71673368065795451e0,9.78364307971379965e-13,1.58652889929388948e2,-7.78612729845917784e-11
411,1.66289797070705902e2,1.76152280211557837e2,8.26775049084269256e1,1.31669879556577962e0,-3.16653060351606186e0,-9.87578152049352287e-1,9.99848078764697723e-1,-1.25833075700072410e1,-2.22276671314201613e0,1.30146002481901224e-12,1.58650692607807144e2,-7.90549847806687467e-11
412,1.66367699893709300e2,1.76255911384488854e2,8.27487067300640859e1,1.31266100498317950e0,-3.15671844549838587e0,-9.87577360952511141e-1,9.99991903392712489e-1,-1.25882273257073756e1,-1.72880897107453579e0,1.73098135217847338e-12,1.58648933274073556e2,-4.61994886791217141e-11
413,1.66416804213596066e2,1.76320850313758683e2,8.27961543193854084e1,1.31011532821923815e0,-3.14649288551893491e0,-9.87577046355594623e-1,1.00009951019153753e0,-1.25921575937554504e1,-1.23485841333037527e0,2.55326115068330028e-12,1.58647612909044540e2,-7.23190396456629969e-11
414,1.66435906415855044e2,1.76345709189319166e2,8.28185780811062244e1,1.30911502678023028e0,-3.13603947284935902e0,-9.87577208373731308e-1,1.00017125806355578e0,-1.25948741854905073e1,-7.40912992059670095e-1,1.80168441201323387e-12,1.58646732249176040e2,-2.82085466096759774e-11
415,1.66424559906802415e2,1.76329984432262279e2,8.28154295868753820e1,1.30968039542673753e0,-3.12555237738175418e0,-9.87577846957720218e-1,1.00020736064499594e0,-1.25962429581146402e1,-2.46970654600377620e-1,1.99464563755671811e-12,1.58646291786498296e2,-8.85478357304236852e-11
416,1.66383100416595568e2,1.76274083826908566e2,8.27869103586903634e1,1.31179770624470016e0,3.16795848995449836e0,-9.87578961894069796e-1,1.00020787530864563e0,-1.25962312150858722e1,2.46970654600377676e-1,2.26964265795121661e-12,1.58646291766896809e2,-4.37836433775373735e-11
417,1.66312622995201764e2,1.76179300224644038e2,8.27339540103625382e1,1.31542000883988863e0,3.17793389466713228e0,-9.87580552805196743e-1,1.00017270247381851e0,-1.25949085011999689e1,7.40912992059670206e-1,1.76660393941523858e-12,1.58646732190266789e2,-6.97610857969266362e-11
418,1.66214913479639876e2,1.76047734889868934e2,8.26581641197428780e1,1.32046970104510120e0,3.18738419629887826e0,-9.87582619149779628e-1,1.00010159506973917e0,-1.25924368919912002e1,1.23485841333037527e0,2.57599846943852573e-12,1.58647612810910147e2,-4.79474238090915605e-11
419,1.66092342112839788e2,1.75882178831253754e2,8.25617149964590595e1,1.32684260790634445e0,3.19615406285366843e0,-9.87585160223269032e-1,9.99994176954496439e-1,-1.25890524940125204e1,1.72880897107453602e0,1.69083524308513700e-12,1.58648933136752902e2,-6.60378418615437113e-11
420,1.65947730551907796e2,1.75685964300841476e2,8.24472260281931426e1,1.33441317307332419e0,3.20411219146693327e0,-9.87588175158554016e-1,9.99849968279695633e-1,-1.25850410719082380e1,2.22276671314201568e0,1.27514622125235455e-12,1.58650692431387228e2,-3.94351218346855603e-11
421,1.65784205256121822e2,1.75462800560569178e2,8.23176220674063472e1,1.34304029404949521e0,3.21115399595388284e0,-9.87591662926781133e-1,9.99668415250532849e-1,-1.25807112742053331e1,2.71673368065795451e0,9.51598608939230317e-13,1.58652889713966715e2,-4.65831817564321682e-11
422,1.65605050087909547e2,1.75216607896953889e2,8.21759922544535613e1,1.35257332562798704e0,3.21720257496166839e0,-9.87595622338328427e-1,9.99448921622282160e-1,-1.25763688086876684e1,3.21071190612248092e0,7.79833446082345283e-13,1.58655523760892180e2,-1.54756207848549820e-11
423,1.65413569215976196e2,1.74951362045480664e2,8.20254580536797420e1,1.36285782588625093e0,3.22220813723584421e0,-9.87600052043926757e-1,9.99190879447796498e-1,-1.25722942551465291e1,3.70470341152616989e0,6.69419381038593997e-13,1.58658593107300590e2,-2.12878603633726016e-11
424,1.65212968600761940e2,1.74670958214861088e2,8.18690586124214974e1,1.37374070931572301e0,3.22614617673515092e0,-9.87604950535933779e-1,9.98893697049088480e-1,-1.25687262357419023e1,4.19871020648460469e0,5.98286177544427034e-13,1.58662096048985376e2,-9.60937995841959491e-11
425,1.65006261104675445e2,1.74379100448393501e2,8.17096584491877991e1,1.38507458149384166e0,3.22901474691810231e0,-9.87610316149750145e-1,9.98556822776924591e-1,-1.25658506411401749e1,4.69273428639539247e0,5.46720654859278454e-13,1.58666030644577347e2,-6.69615474180318415e-11
426,1.64796197150234946e2,1.74079218706430112e2,8.15498794692922644e1,1.39672114019494531e0,3.23083118685052550e0,-9.87616147065383365e-1,9.98179763752067073e-1,-1.25637957309465378e1,5.18677763062092101e0,4.84251527765877654e-13,1.58670394718030821e2,-3.09512415697099641e-11
427,1.64585220243191941e2,1.73774413224055138e2,8.13920567796112095e1,1.40855362473298817e0,3.23162861565898529e0,-9.87622441309149668e-1,9.97762099357008547e-1,-1.25626323007227434e1,5.68084220070003720e0,4.62161559022788992e-13,1.58675185861425348e2,-1.92557081390987150e-11
428,1.64375444797146997e2,1.73467423624315359e2,8.12382159393123118e1,1.42045837035488987e0,3.23145245242366963e0,-9.87629196755514527e-1,9.97303489710754665e-1,-1.25623777622408959e1,6.17492993859174089e0,4.12204992361608902e-13,1.58680401437991236e2,-3.50581785824033432e-11
429,1.64168652566283043e2,1.73160618985992272e2,8.10900681693517811e1,1.43233557498486341e0,3.23035715044450766e0,-9.87636411129068748e-1,9.96803679686158683e-1,-1.25630028847298938e1,6.66904276495398651e0,3.79401371430887480e-13,1.58686038585502189e2,-9.58237933446071111e-11
430,1.63966303533741751e2,1.72856004499386728e2,8.09490195766647105e1,1.44409941305593392e0,3.22840326887853335e0,-9.87644082006634449e-1,9.96262499218074304e-1,-1.25644400270247338e1,7.16318257746038523e0,3.37944949801993744e-13,1.58692094219868693e2,-3.46034312315168791e-11
431,1.63769557161574824e2,1.72555240337857157e2,8.08161904839275280e1,1.45567763959198637e0,3.22565494780550610e0,-9.87652206819496392e-1,9.95679860722959997e-1,-1.25665918813960769e1,7.65735124915773469e0,3.02098623894409002e-13,1.58698565039027017e2,-9.93338744592620060e-12
432,1.63579300308678398e2,1.72259668744848369e2,8.06924413241975600e1,1.46701082218747358e0,3.22217780792920205e0,-9.87660782855761532e-1,9.95055754431031114e-1,-1.25693399865513040e1,8.15155062686696930e0,2.84477302825436595e-13,1.58705447527081333e2,-7.48912043491145596e-12
433,1.63396178720390765e2,1.71970345932689270e2,8.05784021221467697e1,1.47805132403337014e0,3.21803726378135746e0,-9.87669807262831156e-1,9.94390242353527021e-1,-1.25725525039571551e1,8.64578252963011984e0,2.49040371658182380e-13,1.58712737958671681e2,-9.79554215518874116e-11
434,1.63220629650237925e2,1.71688076064739306e2,8.04745032071575963e1,1.48876214193339096e0,3.21329721819315317e0,-9.87679277049991922e-1,9.93683451494813741e-1,-1.25760909600677628e1,9.14004874720575344e0,2.18203927149218657e-13,1.58720432403620805e2,-5.76534375795745291e-11
435,1.63052913817877453e2,1.71413445266647557e2,8.03810054176655484e1,1.49911568256549987e0,3.20801909389332085e0,-9.87689189091116471e-1,9.92935566794475033e-1,-1.25798158238984428e1,9.63435103861510278e0,2.08723663353005406e-13,1.58728526731760894e2,-3.49302808899665251e-11
436,1.62893145471131959e2,1.71146854212888229e2,8.02980285960204014e1,1.50909254032544138e0,3.20226115311189696e0,-9.87699540127467079e-1,9.92146824162688512e-1,-1.25835909119817586e1,1.01286911307411209e1,1.80154502427143370e-13,1.58737016617986967e2,-7.38964445190504193e-12
437,1.62741319795525214e2,1.70888548348462365e2,8.02255776298747207e1,1.51868032225310579e0,3.19607805595115524e0,-9.87710326770603442e-1,9.91317503863695659e-1,-1.25872866948110449e1,1.06230707169823635e1,1.44436546056780912e-13,1.58745897547550896e2,-5.29780663782730699e-11
438,1.62597337279538692e2,1.70638645207111352e2,8.01635656474584835e1,1.52787255047535009e0,3.18952061126781405e0,-9.87721545505381604e-1,9.90447924409655234e-1,-1.25907826274056358e1,1.11174914559636555e1,1.32987371115333985e-13,1.58755164821506042e2,-7.67244046073756181e-11
439,1.62461024918817259e2,1.70397158595740905e2,8.01118342398882390e1,1.53666766043981062e0,3.18263567856859853e0,-9.87733192693048601e-1,9.89538437054633291e-1,-1.25939686495054417e1,1.16119549703051650e1,1.16868320576557494e-13,1.58764813562336201e2,-4.57589521829504520e-12
440,1.62332154330976778e2,1.70164019632130845e2,8.00701707664646989e1,1.54506810383814996e0,3.17546618496662969e0,-9.87745264574417026e-1,9.88589420922965645e-1,-1.25967460055515197e1,1.21064628454514178e1,1.04263819800110014e-13,1.58774838719785066e2,-8.77946604305179790e-11
441,1.62210456974422868e2,1.69939094769109516e2,8.00383229177701168e1,1.55307955819639543e0,3.16805122692549590e0,-9.87757757273125092e-1,9.87601278765910973e-1,-1.25990275273313017e1,1.26010166285617036e1,8.74855743404623354e-14,1.58785235076813166e2,-1.15392140287440270e-11
442,1.62095636740350130e2,1.69722201034021424e2,8.00160107859801286e1,1.56071024024116212e0,3.16042623192742589e0,-9.87770666798966412e-1,9.86574433315436483e-1,-1.26007375079120401e1,1.30956178274629575e1,7.34065586094345690e-14,1.58795997255719101e2,-3.45181661032256670e-11
443,1.61987380212357692e2,1.69513118753190525e2,8.00029367176860546e1,1.56797031696533162e0,3.15262316007509691e0,-9.87783989051292943e-1,9.85509324185346536e-1,-1.26018112778773723e1,1.35902679096663821e1,5.90430482283466063e-14,1.58807119724390361e2,-1.70246039488120005e-11
444,1.61885364902774967e2,1.69311602057952655e2,7.99987932400909045e1,1.57487140638524159e0,3.14467072991902041e0,-9.87797719822480547e-1,9.84406405263800965e-1,-1.26021945764093282e1,1.40849683014483524e1,4.77569372936414993e-14,1.58818596802655861e2,-4.90558704768773168e-11
445,1.61789265757049066e2,1.69117387460046785e2,8.00032693356168494e1,1.58142615903752737e0,3.13659465641200974e0,-9.87811854801451505e-1,9.83266142536263210e-1,-1.26018427920345371e1,1.45797203869968097e1,3.41532357950313781e-14,1.58830422668775753e2,-6.77857769915135577e-12
446,1.61698760200779532e2,1.68930200774003112e2,8.00160553249046416e1,1.58764791098488867e0,3.12841789190886566e0,-9.87826389577253328e-1,9.82089012280477625e-1,-1.26007201317764537e1,1.50745255076232052e1,2.30648833365876271e-14,1.58842591366007667e2,-4.61710669696913101e-11
447,1.61613531972532741e2,1.68749762637193953e2,8.00368465888328871e1,1.59355039931026154e0,3.12016086356631472e0,-9.87841319642681182e-1,9.80875499576858489e-1,-1.25987987634855880e1,1.55693849610407966e1,1.83117410124111757e-14,1.58855096809263131e2,-4.17941237174090929e-11
448,1.61928749270005596e2,1.69400771391959410e2,8.00012475435859756e1,1.57197289213873104e0,-3.13231636830359994e0,-9.87763470588043591e-1,9.81851952978044507e-1,-1.21091095049751427e1,-1.55688910796750157e1,2.63400412592318389e-14,1.46630868060005383e2,-4.50910420113359578e-11
449,1.62036664251933729e2,1.69612800961690652e2,7.99991426196221482e1,1.56496013403584522e0,-3.14072451840511491e0,-9.87750396839587430e-1,9.83073461855723973e-1,-1.21083254115746701e1,-1.50740446095593459e1,3.27515792264421179e-14,1.46619272090931275e2,-5.15001374878920615e-11
450,1.62151721013344172e2,1.69833608771844609e2,8.00069684154442626e1,1.55755409548077184e0,-3.14901418296547808e0,-9.87737739414718430e-1,9.84258028950245945e-1,-1.21066416739726321e1,-1.45792527135344212e1,5.41858224956115464e-14,1.46607988266498467e2,-1.78772552317241207e-11
451,1.62274362002763837e2,1.70063577570551047e2,8.00251845197922620e1,1.54973839860188645e0,-3.15715697286831043e0,-9.87725502362617247e-1,9.85405100662023803e-1,-1.21040978974493090e1,-1.40845140890079996e1,5.39984723602060512e-14,1.46597022238491007e2,-5.05622210766887292e-11
452,1.62405033490781932e2,1.70303076361053485e2,8.00542579536775776e1,1.54149767279426864e0,-3.16512085392893416e0,-9.87713689619755808e-1,9.86514127435203836e-1,-1.21007460874326576e1,-1.35898273895249524e1,6.34214902817120674e-14,1.46586379539634265e2,-7.65965069149388000e-11
453,1.62544177617646227e2,1.70552449751822536e2,8.00946559539022189e1,1.53281806208152283e0,-3.17286981053533923e0,-9.87702305006515902e-1,9.87584565707505080e-1,-1.20966521858417035e1,-1.30951912254919627e1,8.29961099846343586e-14,1.46576065577364005e2,-7.80033815317437984e-11
454,1.62692221967580650e2,1.70812004535509061e2,8.01468363769614029e1,1.52368784104144983e0,-3.18036351480067836e0,-9.87691352223879937e-1,9.88615880482088483e-1,-1.20918975759253904e1,-1.26006041649689617e1,1.02293173931400361e-13,1.46566085627733827e2,-7.96944732428528368e-11
455,1.62849566178041755e2,1.71081993003736329e2,8.02112352320578452e1,1.51409815331022668e0,-3.18755701597643704e0,-9.87680834850199862e-1,9.89607548655558111e-1,-1.20865804668903252e1,-1.21060647345268162e1,1.08753284155937990e-13,1.46556444829387431e2,-4.82884843222564086e-11
456,1.63016565054712714e2,1.71362592480667303e2,8.02882508096351302e1,1.50404388577730330e0,-3.19440047002198968e0,-9.87670756338049349e-1,9.90559063247597238e-1,-1.20808170385609461e1,-1.16115714201707743e1,1.26950533418934697e-13,1.46547148177633716e2,-5.91171556152403355e-11
457,1.63193507649445706e2,1.71653880563255512e2,8.03782238513624776e1,1.49352468929588644e0,-3.20083893547308529e0,-9.87661120011161686e-1,9.91469938682195906e-1,-1.20747421901496779e1,-1.11171226683288946e1,1.50164602974456329e-13,1.46538200518636046e2,-9.69322400123928674e-11
458,1.63380591788649724e2,1.71955805611342527e2,8.04814132283648718e1,1.48254615251654331e0,-3.20681226914008377e0,-9.87651929061463818e-1,9.92339717265044996e-1,-1.20685096971628720e1,-1.06227168869046125e1,1.71467007259451520e-13,1.46529606543717676e2,-6.86242174197104760e-11
459,1.63577893631390083e2,1.72268152154839584e2,8.05979666740231551e1,1.47112112867858547e0,-3.21225516360810959e0,-9.87643186546207641e-1,9.93167976979105527e-1,-1.20622915391948240e1,-1.01283524463922650e1,1.90188143012193223e-13,1.46521370783813268e2,-4.00603994421544485e-11
460,1.63785332018648774e2,1.72590501107974063e2,8.07278862844553942e1,1.45927120515950404e0,-3.21709737773711035e0,-9.87634895385204881e-1,9.93954340675165193e-1,-1.20562761235660822e1,-9.63402768105459373e0,2.20191920252688078e-13,1.46513497604064668e2,-1.71240799318184145e-11
461,1.64002627681960917e2,1.72922185036404471e2,8.08709887878882370e1,1.44702829157618806e0,-3.22126422081090436e0,-9.87627058358168330e-1,9.94698486658679770e-1,-1.20506651028799752e1,-9.13974089016053881e0,2.45276021715312709e-13,1.46505991198560110e2,-2.21405116462847218e-11
462,1.64229257839592549e2,1.73262239239822065e2,8.10268610226795403e1,1.43443628366751996e0,-3.22467735967219715e0,-9.87619678102167331e-1,9.95400160559999470e-1,-1.20456684794112867e1,-8.64549033928200039e0,2.74698666591355334e-13,1.46498855585267194e2,-9.28395138544146903e-11
463,1.64464407355582352e2,1.73609350122469408e2,8.11948116876739192e1,1.42155273675382343e0,-3.22725602457192196e0,-9.87612757109202488e-1,9.96059188216307900e-1,-1.20414977202812796e1,-8.15127426164780822e0,3.10541523051988122e-13,1.46492094601128088e2,-1.38555833473219536e-11
464,1.64706918488532551e2,1.73961803239851207e2,8.13738212570334554e1,1.40845045450850770e0,-3.22891869131784714e0,-9.87606297723896187e-1,9.96675489087951227e-1,-1.20383566924309839e1,-7.65709085955294277e0,3.31264529696007060e-13,1.46485711897341758e2,-8.51372305987752043e-11
465,1.64955242296566695e2,1.74317434508646699e2,8.15624929715728229e1,1.39521886723192878e0,-3.22958531160033857e0,-9.87600302141314890e-1,9.97249089482107998e-1,-1.20364303849286998e1,-7.16293830582117863e0,3.59920426795667936e-13,1.46479710934866858e2,-9.84243797574890777e-11
466,1.65207395957534402e2,1.74673589304104780e2,8.17590089990126643e1,1.38196504114717889e0,-3.22918014637085138e0,-9.87594772404917332e-1,9.97780134579150935e-1,-1.20358716354849431e1,-6.66881474531874385e0,4.19410166319078570e-13,1.46474094980118053e2,-5.18980414199177176e-11
467,1.65460931470235209e2,1.75027095392900407e2,8.19610970637889409e1,1.36881413051640566e0,-3.22763522462815633e0,-9.87589710404636056e-1,9.98268897977838243e-1,-1.20367864271333058e1,-6.17471829651694204e0,4.59011301190415111e-13,1.46468867100871876e2,-2.26236807066015899e-11
468,1.65712922255062750e2,1.75374256676884102e2,8.21660139208920555e1,1.35590906345169016e0,-3.22489439802152500e0,-9.87585117875098395e-1,9.98715787241546082e-1,-1.20392187608665271e1,-5.68064705310106977e0,4.87014942263108708e-13,1.46464030162437268e2,-2.12878603633726016e-11
469,1.65959974783666979e2,1.75710875251275411e2,8.23705527071375627e1,1.34340924784998483e0,-3.22091788782364175e0,-9.87580996393984112e-1,9.99121343797696460e-1,-1.20431366024180768e1,-5.18659908562322425e0,5.34947086627823865e-13,1.46459586824034005e2,-3.97903932025656104e-13
470,1.66198272207184431e2,1.76032308966819642e2,8.25710811222505896e1,1.33148810466870837e0,-3.21568712585484340e0,-9.87577347380528381e-1,9.99486235588542549e-1,-1.20484208684493215e1,-4.69257244319614664e0,5.95389623020414760e-13,1.46455539535416790e2,-4.52899939773487858e-11
471,1.66423655676423664e2,1.76333570177984996e2,8.27636162273577725e1,1.32032929019582501e0,-3.20920958106064225e0,-9.87574172094169533e-1,9.99811241160915909e-1,-1.20548597374976669e1,-4.19856515522541507e0,6.39919974648739398e-13,1.46451890533763475e2,-1.91420213013770990e-11
472,1.66631746397271030e2,1.76609468405326254e2,8.29439391369692771e1,1.31012156278721759e0,-3.20152315226253048e0,-9.87571471633346243e-1,1.00009722446286764e0,-1.20621505891180671e1,-3.70457523317693660e0,7.09985889524311631e-13,1.46448641840828742e2,-5.58628698854590766e-11
473,1.66818107372349289e2,1.76854795191697150e2,8.31077489413246440e1,1.30105238279523694e0,-3.19269961688627113e0,-9.87569246934442591e-1,1.00034510048926406e0,-1.20699114344630516e1,-3.21060067237676172e0,8.32261126335054335e-13,1.46445795260346955e2,-6.04813976678997278e-11
474,1.66978438523559191e2,1.77064543804718852e2,8.32508500851877074e1,1.29330049834455818e0,-3.18284658342039872e0,-9.87567498770890007e-1,1.00055579302504616e0,-1.20777027018330276e1,-2.71663945384005778e0,9.62044463190259158e-13,1.46443352375704990e2,-3.79571929443045519e-11
475,1.67108793115592505e2,1.77234150330384608e2,8.33693617648989260e1,1.28702794482980121e0,-3.17210743116149452e0,-9.87566227752419312e-1,1.00073018693695293e0,-1.20850587052732230e1,-2.22268954612603320e0,1.29205261940879002e-12,1.46441314547944643e2,-8.45545855554519221e-11
476,1.67205798144659241e2,1.77359737212773155e2,8.34599326942938546e1,1.28237204304229269e0,-3.16065885559738113e0,-9.87565434324470859e-1,1.00086907856053742e0,-1.20915262590738806e1,-1.72874890721552399e0,1.69208662923261977e-12,1.46439682913932813e2,-8.44835312818759121e-11
477,1.67266857828566543e2,1.77438336688456275e2,8.35199410170455394e1,1.27943808463089237e0,-3.14870587384276268e0,-9.87565118767760430e-1,1.00097312849187414e0,-1.20967061004180536e1,-1.23481548640781469e0,2.68250051620351482e-12,1.46438458385023921e2,-4.29452029493404552e-11
478,1.67290318629970244e2,1.77468070975945636e2,8.35476582929440497e1,1.27829341171544408e0,-3.13647445701797567e0,-9.87565281198003464e-1,1.00104282130851030e0,-1.21002915521708498e1,-7.40887226233357898e-1,1.80130975240000435e-12,1.46437641645409457e2,-2.52384779741987586e-11
479,1.67275576992451306e2,1.77448269146455232e2,8.35423589985557697e1,1.27896351030000566e0,-3.12420229263093807e0,-9.87565921565796589e-1,1.00107843631473981e0,-1.21020986567870530e1,-2.46962064378844298e-1,2.00132338781485505e-12,1.46437233152290503e2,-7.62696572564891540e-11
480,1.67223117038133665e2,1.77379507161429245e2,8.35043627546855305e1,1.28143054664633538e0,3.17105683760614454e0,-9.87567039656658152e-1,1.00108003229600850e0,-1.21020830618315891e1,2.46962064378844326e-1,2.17860633335432551e-12,1.46437233134099813e2,-4.15383283325354569e-11
481,1.67134473904298886e2,1.77263566587811596e2,8.34350046185356717e1,1.28563450880814667e0,3.18270225422920872e0,-9.87568635091226832e-1,1.00104744772476484e0,-1.21003410921642249e1,7.40887226233357676e-1,1.92560096828279376e-12,1.46437641590793447e2,-1.68824954016599804e-11
482,1.67012127610400313e2,1.77103317332739465e2,8.33365377268796550e1,1.29147681890065846e0,3.19370777521907723e0,-9.87570707325618469e-1,1.00098031604756654e0,-1.20970951948597332e1,1.23481548640781491e0,2.58654691632012601e-12,1.46438458293990976e2,-9.14326392376096919e-11
483,1.66859340559634859e2,1.76902538497631554e2,8.32119806150815577e1,1.29882601035205636e0,3.20388832949261415e0,-9.87573255651939430e-1,1.00087809400876271e0,-1.20926665860496936e1,1.72874890721552421e0,1.68759353279951396e-12,1.46439682786574792e2,-9.68327640293864533e-11
484,1.66679957491009304e2,1.76665697563538146e2,8.30649271896417929e1,1.30752486633470388e0,3.21309083070892454e0,-9.87576279198957518e-1,1.00074009968643063e0,-1.20874398118003636e1,2.22268954612603276e0,1.27217550729974427e-12,1.46441314384319867e2,-3.44329009749344550e-11
485,1.66478189089031559e2,1.76397710722278561e2,8.28993397771679810e1,1.31739831941482000e0,3.22119723337151376e0,-9.87579776932926645e-1,1.00056555617379073e0,-1.20818246798887401e1,2.71663945384005689e0,9.58806818662782945e-13,1.46443352175910206e2,-7.98507926447200589e-11
486,1.66258399515623239e2,1.76103706241028078e2,8.27193448830064284e1,1.32826142207308173e0,3.22812516257581894e0,-9.87583747658566491e-1,1.00035363677189237e0,-1.20762206168352488e1,3.21060067237676217e0,8.12297928573513239e-13,1.46445795024490309e2,-5.09601250087143853e-11
487,1.66024914549579648e2,1.75788809015413023e2,8.25290479194742232e1,1.33992679486285726e0,3.23382645280086933e0,-9.87588190020192824e-1,1.00010350799031733e0,-1.20709872529541293e1,3.70457523317693704e0,6.97854100895067830e-13,1.46448641569047425e2,-5.01927388540934771e-11
488,1.65781861879873929e2,1.75457959052685084e2,8.23323782491617351e1,1.35221111180895837e0,3.23828408472414342e0,-9.87593102502997255e-1,9.99814367491712264e-1,-1.20664233895623916e1,4.19856515522541507e0,6.27800762764696429e-13,1.46451890226208548e2,-7.65538743507931940e-11
489,1.65533049572486902e2,1.75115770762023573e2,8.21329705654165139e1,1.36494035605053909e0,3.24150806293003324e0,-9.87598483434476981e-1,9.99485475122997680e-1,-1.20627548900937729e1,4.69257244319614752e0,5.71744041000243897e-13,1.46455539192259238e2,-2.01083594220108353e-11
490,1.65281883742244503e2,1.74766434592876635e2,8.19340838034532197e1,1.37795374280629113e0,3.24353074977145139e0,-9.87604330986004419e-1,9.99116176183235116e-1,-1.20601307622147012e1,5.18659908562322425e0,5.41774958229268577e-13,1.46459586445472581e2,-9.04947228264063597e-11
491,1.65031322604947945e2,1.74413658390123288e2,8.17385550237551541e1,1.39110634143078027e0,3.24440208949912368e0,-9.87610643174543723e-1,9.98705916942179139e-1,-1.20586258935819899e1,5.68064705310107065e0,4.75249180287296014e-13,1.46464029748677319e2,-4.60005367131088860e-11
492,1.64783861588457114e2,1.74060643080672378e2,8.15487832631570484e1,1.40427052431875388e0,3.24418505042396976e0,-9.87617417864501967e-1,9.98254253070844921e-1,-1.20582485592056941e1,6.17471829651694115e0,4.43309451647611041e-13,1.46468866652145778e2,-5.20543608217849396e-11
493,1.64541542956541434e2,1.73710085893318507e2,8.13667371296655659e1,1.41733642731673082e0,3.24295150402944499e0,-9.87624652769719003e-1,9.97760852052793745e-1,-1.20589508356454811e1,6.66881474531874385e0,4.03553059025174576e-13,1.46474094496675605e2,-7.54596385377226397e-11
494,1.64305983222180544e2,1.73364204017596535e2,8.11939797130076926e1,1.43021162950582359e0,3.24077866345103116e0,-9.87632345455585869e-1,9.97225490835754846e-1,-1.20606403072058797e1,7.16293830582117685e0,3.69069358407969617e-13,1.46479710416977866e2,-5.14432940690312535e-12
495,1.64078412160319232e2,1.73024772081849648e2,8.10317048701708558e1,1.44282025798962388e0,3.23774612693602215e0,-9.87640493341293668e-1,9.96648049999279806e-1,-1.20631918111537075e1,7.65709085955294189e0,3.36097469300078444e-13,1.46485711345290611e2,-3.16902060149004683e-11
496,1.63859718178543744e2,1.72693167767659588e2,8.08807798397233455e1,1.45510170428673558e0,3.23393351647844618e0,-9.87649093702204661e-1,9.96028505611209147e-1,-1.20664583510549850e1,8.15127426164780644e0,2.97487728895262649e-13,1.46492094015215116e2,-4.22488710682955571e-11
497,1.63650495920693999e2,1.72370421016539126e2,8.07417902014669124e1,1.46700911069417472e0,3.22941866592756899e0,-9.87658143672343614e-1,9.95366919772679326e-1,-1.20702806516943753e1,8.64549033928200039e0,2.87117551955873296e-13,1.46498854965820072e2,-4.69668748337426223e-11
498,1.63451093074592592e2,1.72057263424125551e2,8.06150842461649546e1,1.47850775345780039e0,3.22427629287696371e0,-9.87667640247005596e-1,9.94663430649252556e-1,-1.20744951071487812e1,9.13974089016053881e0,2.47250137030974315e-13,1.46505990545911317e2,-5.14859266331768595e-11
499,1.63261654337223604e2,1.71754175453323086e2,8.05008147624064634e1,1.48957341878808003e0,3.21857708051908764e0,-9.87677580285471257e-1,9.93918242585228651e-1,-1.20789400780772507e1,9.63402768105459373e0,2.20799073469279961e-13,1.46513496918568194e2,-3.42197381542064250e-11
500,1.63082161298329652e2,1.71461429962608065e2,8.03989770244810558e1,1.50019084014578241e0,3.21238709564871217e0,-9.87687960513832786e-1,9.93131616715990595e-1,-1.20834606306908636e1,1.01283524463922650e1,1.89188942290030582e-13,1.46521370065842461e2,-9.67901314652408473e-11
501,1.62912467627450212e2,1.71179131224780008e2,8.03094423670151230e1,1.51035224197303775e0,3.20576747404670748e0,-9.87698777527916572e-1,9.92303862341050613e-1,-1.20879118900692379e1,1.06227168869046125e1,1.59792318266127609e-13,1.46529605793653928e2,-9.19726517167873681e-11
502,1.62752329405935541e2,1.70907249117738417e2,8.02319871735678305e1,1.52005601645901445e0,3.19877431225599995e0,-9.87710027796304013e-1,9.91435329199432891e-1,-1.20921612181254314e1,1.11171226683288964e1,1.48964174329080379e-13,1.46538199736886838e2,-5.68007862966624089e-11
503,1.62601430751338228e2,1.70645648517640126e2,8.01663174033340340e1,1.52930554577660249e0,3.19145871363014999e0,-9.87721707663443804e-1,9.90526400698388376e-1,-1.20960894344125620e1,1.16115714201707743e1,1.30912641838065724e-13,1.46547147364613068e2,-2.37747599385329522e-11
504,1.62459405076762607e2,1.70394114155606701e2,8.01120889705851909e1,1.53810817194507177e0,3.18386694544367677e0,-9.87733813352850043e-1,9.89577488083085099e-1,-1.20995912868157411e1,1.21060647345268144e1,1.15064208161541615e-13,1.46556443985523117e2,-6.59383658785372972e-11
505,1.62325852431440012e2,1.70152371331477042e2,8.00689243937887909e1,1.54647430941726172e0,3.17604067215250030e0,-9.87746340970378944e-1,9.88589025492655038e-1,-1.21025753572031292e1,1.26006041649689600e1,8.58722815078039048e-14,1.46566084753467891e2,-7.36974925530375913e-11
506,1.62200353412587901e2,1.69920102944154706e2,8.00364261758080886e1,1.55441669097652047e0,3.16801723726421303e0,-9.87759286507582268e-1,9.87561465823838192e-1,-1.21049635602461851e1,1.30951912254919609e1,8.77839467783303462e-14,1.46576064673158527e2,-5.02922148370998912e-11
507,1.62082480137035077e2,1.69696963313340376e2,8.00141873770420204e1,1.56194973495815081e0,3.15982997258594978e0,-9.87772645845130581e-1,9.86495277310639240e-1,-1.21066903657941882e1,1.35898273895249542e1,6.50451914552263588e-14,1.46586378605954678e2,-8.32329760669381358e-11
508,1.61971804735471494e2,1.69482589254100702e2,8.00017998204759522e1,1.56908902064793931e0,3.15150851887528605e0,-9.87786414756300579e-1,9.85390940725951459e-1,-1.21077018488519084e1,1.40845140890080032e1,5.33045829698153284e-14,1.46597021275819600e2,-6.54836185276508331e-11
509,1.61867905791409555e2,1.69276608833576830e2,7.99988603297427119e1,1.57585085853680451e0,3.14307914619882434e0,-9.87800588910520361e-1,9.84248947113567807e-1,-1.21079546476708959e1,1.45792527135344230e1,4.22994972382184642e-14,1.46607987275325740e2,-9.89075488178059459e-12
510,1.61770373096457718e2,1.69078648194387455e2,8.00049753539381214e1,1.58225194259664326e0,3.13456506571053151e0,-9.87815163876967994e-1,9.83069795965481275e-1,-1.21074148903233798e1,1.50740446095593477e1,3.35079186619680058e-14,1.46619271071765695e2,-6.30393515166360885e-11
511,1.61678811044174267e2,1.68888336783493571e2,8.00197642863681438e1,1.58830907262654031e0,3.12598672723314275e0,-9.87830135128219600e-1,9.81853993767548228e-1,-1.21060571334381830e1,1.55688910796750175e1,1.58345558887162952e-14,1.46630867013356522e2,-5.66160451853647828e-11
512,1.62015107038105214e2,1.69570888681519875e2,7.99986965544076298e1,1.56653821554518080e0,-3.13924057509479981e0,-9.87752529535619761e-1,9.82797500571352289e-1,-1.16143291302000726e1,-1.55684148430337999e1,3.19189119579732505e-14,1.34897029464220964e2,-4.43520775661454536e-11
513,1.62132071536723345e2,1.69796324174382306e2,8.00047024979133283e1,1.55930378340085296e0,-3.14805168179470130e0,-9.87739420665611156e-1,9.84021126192455520e-1,-1.16127666083520715e1,-1.50735808877940318e1,4.13696854550948956e-14,1.34886314498639848e2,-8.69135874381754547e-11
514,1.62257244900698879e2,1.70031878385502864e2,8.00216412450938890e1,1.55164032365556603e0,-3.15676474069029167e0,-9.87726729164050243e-1,9.85207490957359378e-1,-1.16102543053340526e1,-1.45788017397002641e1,5.89389648197879978e-14,1.34875887864733102e2,-4.78053152619395405e-11
515,1.62391199641661444e2,1.70278080128897614e2,8.00500976142520386e1,1.54352694121945389e0,-3.16535105681266060e0,-9.87714459097922659e-1,9.86356008255771743e-1,-1.16068271936845449e1,-1.40840760914532037e1,6.94617974250633097e-14,1.34865754793137484e2,-9.81401626631850377e-11
516,1.62534525998669267e2,1.70535458374227289e2,8.00906777078102436e1,1.53494333124727489e0,-3.17377787323210425e0,-9.87702614421071434e-1,9.87466091920046973e-1,-1.16025335156442253e1,-1.35894025916346610e1,7.34794169954255949e-14,1.34855920404390446e2,-5.80087089474545792e-11
517,1.62687824458189482e2,1.70804531747395686e2,8.01440022732617621e1,1.52587029302200494e0,-3.18200792786316100e0,-9.87691198970796047e-1,9.88537158012418371e-1,-1.15974367441095652e1,-1.30947798454350917e1,9.40844624430781096e-14,1.34846389703198525e2,-4.94111418447573669e-11
518,1.62851695368344792e2,1.71085794732164686e2,8.02106972873347104e1,1.51629037076162576e0,-3.18999899702673950e0,-9.87680216464522531e-1,9.89568627335287387e-1,-1.15916176041373991e1,-1.26002064154483495e1,1.03743402757316971e-13,1.34837167572760166e2,-5.72129010834032670e-11
519,1.63026724952697464e2,1.71379699858575663e2,8.02913810764842992e1,1.50618864175517886e0,-3.19770343915910749e0,-9.87669670496553520e-1,9.90559928849414240e-1,-1.15851760708892542e1,-1.21056808225331558e1,1.34506988880289668e-13,1.34828258769200943e2,-9.08642050490016118e-11
520,1.63213466930273768e2,1.71686635077573300e2,8.03866471839661187e1,1.49555367265529271e0,-3.20506775796063703e0,-9.87659564534898782e-1,9.91510504208660381e-1,-1.15782332221535462e1,-1.16112015467409666e1,1.42112016598971991e-13,1.34819667916046996e2,-3.58681973011698574e-11
521,1.63412418872080877e2,1.72006895463311849e2,8.04970421104303853e1,1.48437866378245698e0,-3.21203221179334220e0,-9.87649901918198680e-1,9.92419813640901927e-1,-1.15709327768510928e1,-1.11167670283091216e1,1.65461394585619814e-13,1.34811399498883731e2,-4.25330881625995971e-11
522,1.63623992381802566e2,1.72340648368598636e2,8.06230370023894807e1,1.47266279825284974e0,-3.21853050546443997e0,-9.87640685852734346e-1,9.93287343412993629e-1,-1.15634420952863977e1,-1.06223756687186910e1,1.94056576363621502e-13,1.34803457860043693e2,-3.87103682442102581e-11
523,1.63848476218833667e2,1.72687891226006911e2,8.07649923792535986e1,1.46041280672851603e0,-3.22448961182452765e0,-9.87631919409545755e-1,9.94112615110225861e-1,-1.15559523539613256e1,-1.01280258318158243e1,2.21038465308964760e-13,1.34795847193470280e2,-3.91935373045271263e-11
524,1.64085991613672348e2,1.73048401367406086e2,8.09231151027107813e1,1.44764474856904601e0,-3.22982978380129637e0,-9.87623605521645409e-1,9.94895196922788161e-1,-1.15486775414453913e1,-9.63371584499542699e0,2.45067854898195492e-13,1.34788571539710830e2,-5.44275735592236742e-11
525,1.64336439321545271e2,1.73421677592231674e2,8.10974070637798548e1,1.43438599492487717e0,-3.23446483225665027e0,-9.87615746981346354e-1,9.95634717055021157e-1,-1.15418518596315618e1,-9.13944400044567473e0,2.70812886005167286e-13,1.34781634781045625e2,-5.69571056985296309e-11
526,1.64599438474647400e2,1.73806873804915028e2,8.12876055475518484e1,1.42067737765058788e0,-3.23830276054198229e0,-9.87608346437700457e-1,9.96330879241257739e-1,-1.15357250691588309e1,-8.64520855645194786e0,2.95411264894518411e-13,1.34775040636773269e2,-5.20117282576393336e-12
527,1.64874258095822825e2,1.74202725932702350e2,8.14931160031928812e1,1.40657543879279778e0,-3.24124686125353678e0,-9.87601406394055581e-1,9.96983480151830248e-1,-1.15305553076142591e1,-8.15100773875835394e0,3.32988844831128006e-13,1.34768792658675977e2,-6.95621338309138082e-11
528,1.65159743284571704e2,1.74607474580610926e2,8.17129390567083789e1,1.39215467830910877e0,-3.24319739182977429e0,-9.87594929205735550e-1,9.97592428192866643e-1,-1.15265989602601628e1,-7.65683974198503936e0,3.61689844741164279e-13,1.34762894226642032e2,-3.14628323394572362e-11
529,1.65454239619487169e2,1.75018787512697003e2,8.19455950991453932e1,1.37750965307801154e0,-3.24405394932387203e0,-9.87588917077845019e-1,9.98157762841549889e-1,-1.15240973080158255e1,-7.16270273109917621e0,3.99964783515116551e-13,1.34757348544496608e2,-5.65165692023583688e-11
530,1.65755521203426326e2,1.75433688019565523e2,8.21890516331761205e1,1.36275673032225408e0,-3.24371865538916015e0,-9.87583372063206344e-1,9.98679673224093789e-1,-1.15232599522376962e1,-6.66859484293757987e0,4.39898117932102650e-13,1.34752158635999251e2,-6.62936372464173473e-11
531,1.66060729911697308e2,1.75848497426583663e2,8.24406606769682071e1,1.34803524777030126e0,-3.24210023324474550e0,-9.87578296060429683e-1,9.99158514172320378e-1,-1.15242454522264790e1,-6.17451418777847039e0,4.93002340340442657e-13,1.34747327341077494e2,-5.21538368047913536e-12
532,1.66366335517392287e2,1.76258802120460899e2,8.26971156451145077e1,1.33350778884125210e0,-3.23911900122305063e0,-9.87573690812119098e-1,9.99594817545864656e-1,-1.15271402232342517e1,-5.68045885096003023e0,5.40298708551212314e-13,1.34742857312241370e2,-9.49995637711253949e-11
533,1.66668128056146116e2,1.76659457092139803e2,8.29544388584283610e1,1.31935925484845917e0,-3.23471271518895653e0,-9.87569557903224204e-1,9.99989296276588058e-1,-1.15319375058267131e1,-5.18642689454314354e0,5.81319714587635872e-13,1.34738751011241590e2,-5.37880850970395841e-11
534,1.66961254475099310e2,1.77044638505703091e2,8.32080116090626660e1,1.30579442172676119e0,-3.22884306074304694e0,-9.87565898759529714e-1,1.00034283849958605e0,-1.15385190451766153e1,-4.69241635901551746e0,6.35760541434216009e-13,1.34735010705944262e2,-4.38831193605437875e-11
535,1.67240310590935252e2,1.77407956490882810e2,8.34526578355966677e1,1.29303372156035423e0,-3.22150242909500539e0,-9.87562714646297524e-1,1.00065648941332608e0,-1.15466428418247968e1,-4.19842526503444802e0,7.08548237443595852e-13,1.34731638467439041e2,-9.46016598390997387e-11
536,1.67499496046709254e2,1.77742635605335124e2,8.36827893297160301e1,1.28130710265122061e0,-3.21272042328364904e0,-9.87560006667052681e-1,1.00093141926979246e0,-1.15559406992071150e1,-3.70445161520515631e0,7.46779374449779709e-13,1.34728636167384053e2,-9.37490085561876185e-11
537,1.67732833926262288e2,1.78041763862740879e2,8.38926146072076904e1,1.27084600241920298e0,-3.20256936519787461e0,-9.87557775762525458e-1,1.00116887717922864e0,-1.15659289940947474e1,-3.21049339589173233e0,8.68383056434884892e-13,1.34726005475634565e2,-5.65592017665039748e-12
538,1.67934448161789248e2,1.78298602129119928e2,8.40764053033804117e1,1.26187370815334066e0,-3.19116795559277877e0,-9.87556022709744408e-1,1.00137013215719572e0,-1.15760348697122843e1,-2.71654857905747393e0,1.01768181555439430e-12,1.34723747858051468e2,-9.64632818067912012e-11
539,1.68098881817411268e2,1.78506935096527400e2,8.42288041135462890e1,1.25459465612103216e0,-3.17868223485961865e0,-9.87554748121285075e-1,1.00153640484069606e0,-1.15856378102387705e1,-2.22261512413134232e0,1.31586744538808587e-12,1.34721864574652955e2,-2.05062633540364914e-11
540,1.68221429536554808e2,1.78661434838521131e2,8.43451486248216185e1,1.24918348437781623e0,-3.16532315087320093e0,-9.87553952444675254e-1,1.00166879521020147e0,-1.15941235331380508e1,-1.72869097989731713e0,1.73471951863887752e-12,1.34720356677944096e2,-4.03872491006040946e-11
541,1.68298450209292355e2,1.78758000541510313e2,8.44217781326565131e1,1.24577484896042012e0,-3.15134038211250278e0,-9.87553635961959775e-1,1.00176821306276365e0,-1.16009439568202737e1,-1.23477408640309894e0,2.71000146693893551e-12,1.34719225011633000e2,-7.65965069149388000e-11
542,1.68327623559347273e2,1.78794035776336870e2,8.44562879858065827e1,1.24445507633149144e0,-3.13701256000713258e0,-9.87553798789421067e-1,1.00183531848481300e0,-1.16056745871346738e1,-7.40862376884862561e-1,1.86590246563107104e-12,1.34718470209155527e2,-2.75690581474918872e-12
543,1.68308118295866905e2,1.78768629073570963e2,8.44476995929214667e1,1.24525661536705767e0,-3.12263459722088665e0,-9.87554440877460804e-1,1.00187047894572157e0,-1.16080599460050760e1,-2.46953779704455673e-1,2.31214309173331453e-12,1.34718092693794887e2,-4.46647163698798977e-11
544,1.68240649718760210e2,1.78682614546901675e2,8.43965239934487670e1,1.24815596580409904e0,3.17468197742813585e0,-9.87555562010640098e-1,1.00187374783006189e0,-1.16080391716093807e1,2.46953779704455645e-1,2.19306640549140047e-12,1.34718092676948658e2,-4.89421836391557008e-11
545,1.68127419453598634e2,1.78538505009474079e2,8.43047111820911823e1,1.25307533953262906e0,3.18828231858648703e0,-9.87557161807879780e-1,1.00184486661983518e0,-1.16057474717487477e1,7.40862376884862561e-1,1.95846541295539162e-12,1.34718470158673711e2,-4.25615098720300011e-11
546,1.67971946246920083e2,1.78340307225512248e2,8.41754931907218946e1,1.25988783808018279e0,3.20109326250608150e0,-9.87559239722819782e-1,1.00178328990846310e0,-1.16014937859910496e1,1.23477408640309871e0,2.67744417674180279e-12,1.34719224927507383e2,-1.16955334306112491e-11
547,1.67778810982345760e2,1.78093243988140699e2,8.40131428758484162e1,1.26842550185317449e0,3.21289259570530206e0,-9.87561795044335278e-1,1.00168822967497118e0,-1.15957194699466495e1,1.72869097989731779e0,1.61510578132115223e-12,1.34720356560224701e2,-7.52606865717098117e-11
548,1.67553348422255795e2,1.77803417632719800e2,8.38226796161246739e1,1.27848928807136031e0,3.22350138926051999e0,-9.87564826897211812e-1,1.00155871321912016e0,-1.15889458343113514e1,2.22261512413134232e0,1.25498407239216236e-12,1.34721864423424449e2,-2.94164692604681477e-12
549,1.67301321246573195e2,1.77477452926698902e2,8.36095562988159742e1,1.28985991085511253e0,3.23278730069621778e0,-9.87568334242974966e-1,1.00139364814001897e0,-1.15817193072599256e1,2.71654857905747305e0,9.80379622969596021e-13,1.34723747673394769e2,-1.98099314729915932e-11
550,1.67028608998757250e2,1.77122154270836262e2,8.33793592799210614e1,1.30230852793143193e0,3.24066440765221708e0,-9.87572315880877682e-1,1.00119188785615321e0,-1.15745619361817234e1,3.21049339589173233e0,8.26332058334600106e-13,1.34726005257651025e2,-3.15480974677484483e-12
551,1.66740937196890911e2,1.76744204496368553e2,8.31375459978046791e1,1.31560644417498196e0,3.24709020170704088e0,-9.87576770449036134e-1,1.00095229211503089e0,-1.15679325644186317e1,3.70445161520515631e0,7.42724024643814928e-13,1.34728635916200801e2,-4.17514911532634869e-11
552,1.66443662335620445e2,1.76349922546767289e2,8.28892357499103269e1,1.32953326267622329e0,3.25206056246391029e0,-9.87581696425719247e-1,1.00067377848294004e0,-1.15622011858413369e1,4.19842526503444802e0,6.82947188385130133e-13,1.34731638183192928e2,-9.62785406954935752e-11
553,1.66141618983269410e2,1.75945087278896324e2,8.26390599323178208e1,1.34388318864688161e0,3.25560355675312740e0,-9.87587092130785216e-1,1.00035536252467328e0,-1.15576364442388133e1,4.69241635901551835e0,6.30163889819845835e-13,1.34735010388799395e2,-8.78941364135243930e-11
554,1.65839027230064801e2,1.75534826152786792e2,8.23910703209823083e1,1.35846943373203444e0,3.25777281045881884e0,-9.87592955727264687e-1,9.99996185988151320e-1,-1.15544044456793529e1,5.18642689454314265e0,5.66683852620819550e-13,1.34738750661371967e2,-6.32240926279337145e-11
555,1.65539453184292199e2,1.75123561577654783e2,8.21486985462834269e1,1.37312685164892900e0,3.25864103598473331e0,-9.87599285223084156e-1,9.99595533591058238e-1,-1.15525761040337844e1,5.68045885096002934e0,5.23983634259650444e-13,1.34742856929843583e2,-4.65405491922865622e-11
556,1.65245812153270094e2,1.74715004285654970e2,8.19147568978118130e1,1.38771305281263757e0,3.25829411503304112e0,-9.87606078472933024e-1,9.99152839877015420e-1,-1.15521400236380476e1,6.17451418777847039e0,4.81207088065538358e-13,1.34747326926366839e2,-6.27267127129016444e-11
557,1.64960403217096143e2,1.74312181953127123e2,8.16914696462286969e1,1.40210830162058109e0,3.25682596771210697e0,-9.87613333180261566e-1,9.98667688074065696e-1,-1.15530182102816283e1,6.66859484293758165e0,4.45225453726827425e-13,1.34752158189208075e2,-6.12629946772358380e-11
558,1.64684964516087149e2,1.73917491782429892e2,8.14805246182043703e1,1.41621450856187026e0,3.25433430284812353e0,-9.87621046899417876e-1,9.98139803014489790e-1,-1.15550824550636051e1,7.16270273109917710e0,4.01498279067880048e-13,1.34757348065869564e2,-8.10018718766514212e-11
559,1.64420740105389768e2,1.73532767253599133e2,8.12831362086210447e1,1.42995360561887863e0,3.25091724608107580e0,-9.87629217037906182e-1,9.97569040057985412e-1,-1.15581698659684182e1,7.65683974198503936e0,3.73426983779623356e-13,1.34762893716447820e2,-1.98383531824219972e-11
560,1.64168551164475986e2,1.73159351212921962e2,8.11001128601780721e1,1.44326555152582747e0,3.24667077923996494e0,-9.87637840858775706e-1,9.96955371694817960e-1,-1.15620966064607167e1,8.15100773875835394e0,3.38016073464508793e-13,1.34768792117191367e2,-1.31592514662770554e-11
561,1.63928866302002319e2,1.72798169479880187e2,8.09319239125548648e1,1.45610616434493623e0,3.24168689003566923e0,-9.87646915483127663e-1,9.96298873173353861e-1,-1.15666693766005650e1,8.64520855645194430e0,2.91064047863720532e-13,1.34775040064295467e2,-8.18545231595635414e-12
562,1.63701867449186352e2,1.72449800988077982e2,8.07787624082880455e1,1.46844493008661958e0,3.23605231768112667e0,-9.87656437892737160e-1,9.95599708156194696e-1,-1.15716945217882294e1,9.13944400044567296e0,2.73140884909928161e-13,1.34781634177889629e2,-6.99174051987938583e-11
563,1.63487509265893664e2,1.72114541994352237e2,8.06406018213531155e1,1.48026289230370556e0,3.22984778063375844e0,-9.87666404932788566e-1,9.94858115098890217e-1,-1.15769848856647979e1,9.63371584499542521e0,2.50723053429879883e-13,1.34788570906204626e2,-3.61808361049043015e-11
564,1.63285571080355680e2,1.71792463071591868e2,8.05172457334818858e1,1.49155069089664094e0,3.22314758162855242e0,-9.87676813314716129e-1,9.94074394785059656e-1,-1.15823646580591415e1,1.01280258318158225e1,2.18724344192011699e-13,1.34795846529953593e2,-2.30215846386272460e-11
565,1.63095701158545069e2,1.71483458451922615e2,8.04083702334716861e1,1.50230678935783701e0,3.21601949837068313e0,-9.87687659619146285e-1,9.93248899246291228e-1,-1.15876725308240456e1,1.06223756687186928e1,1.86621551545584907e-13,1.34803457166874722e2,-4.68816097054514103e-11
566,1.62917453616208320e2,1.71187287868901677e2,8.03135593168059785e1,1.51253590789685588e0,3.20852488289857796e0,-9.87698940298937789e-1,9.92382022144467135e-1,-1.15927634867875096e1,1.11167670283091216e1,1.65211594405079154e-13,1.34811398776438267e2,-2.22826201934367418e-11
567,1.62750318591889510e2,1.70903611405871004e2,8.02323338609762686e1,1.52224766438404679e0,3.20071890695243244e0,-9.87710651682311203e-1,9.91474190589390014e-1,-1.15975095285850447e1,1.16112015467409666e1,1.46868628370100396e-13,1.34819667164708051e2,-3.26849658449646086e-13
568,1.62593746453465542e2,1.70632018053814846e2,8.01641749040914391e1,1.53145541466917212e0,3.19265090372698968e0,-9.87722789976068216e-1,9.90525858297734096e-1,-1.16017996188819179e1,1.21056808225331540e1,1.31245708745453271e-13,1.34828257989362612e2,-7.44790895623737015e-11
569,1.62447166860656409e2,1.70372048764076368e2,8.01085420057203379e1,1.54017527743126226e0,3.18436476770458787e0,-9.87735351268886563e-1,9.89537499961528400e-1,-1.16055390612203517e1,1.26002064154483477e1,1.10571274358761684e-13,1.34837166764839509e2,-2.70432565230294131e-11
570,1.62310003488240966e2,1.70123214787190875e2,8.00648874546095612e1,1.54842532527840460e0,3.17589938374293324e0,-9.87748331534696211e-1,9.88509606678095176e-1,-1.16086485077613979e1,1.30947798454350917e1,9.70404312461425889e-14,1.34846388867612177e2,-4.29167812399100512e-11
571,1.62181685151220904e2,1.69885012042314486e2,8.00326670290739770e1,1.55622492249535394e0,3.16728906429958501e0,-9.87761726636121273e-1,9.87442682289935814e-1,-1.16110627402433906e1,1.35894025916346610e1,7.80035758207731078e-14,1.34855919541574906e2,-9.38769062486244366e-11
572,1.62061653997485280e2,1.69656932197443041e2,8.00113479448719858e1,1.56359418992969590e0,3.15856397982094084e0,-9.87775532327989314e-1,9.86337240491148681e-1,-1.16127293354278791e1,1.40840760914532037e1,6.24535145821170090e-14,1.34865753903538348e2,-5.17133003086200915e-11
573,1.61949371343033420e2,1.69438471057248165e2,8.00004145397253694e1,1.57055357852081046e0,3.14975057209956022e0,-9.87789744260897051e-1,9.85193802568482546e-1,-1.16136072968363138e1,1.45788017397002623e1,4.18137746649449582e-14,1.34875886948803526e2,-8.26219093141844496e-11
574,1.61844321637076234e2,1.69229134771703428e2,7.99993721603633219e1,1.57712353451246967e0,3.14087194405318204e0,-9.87804357984831016e-1,9.84012895659747144e-1,-1.16136657106299008e1,1.50735808877940336e1,4.61089499914635326e-14,1.34886313556852400e2,-5.92166315982467495e-11
575,1.61746014966815494e2,1.69028444303012151e2,8.00077496442383023e1,1.58332424117365922e0,3.13194822212058543e0,-9.87819368952836063e-1,9.82795051428857591e-1,-1.16128824645657183e1,1.55684148430337999e1,3.67553210089965887e-14,1.34897028497048865e2,-9.89075488178059459e-12
576,1.62104619635749941e2,1.69743952295186318e2,8.00021830450253901e1,1.56141320004659101e0,-3.14636510384128076e0,-9.87742016829869729e-1,9.83705271386778213e-1,-1.11189976158214296e1,-1.55679564977325633e1,4.21537804662364124e-14,1.23653416540476613e2,-8.12292455520946532e-11
577,1.62231331986006097e2,1.69983643604277745e2,8.00169448923857516e1,1.55396878512676762e0,-3.15561463923425745e0,-9.87728874154008452e-1,9.84930744665401980e-1,-1.11166229269013943e1,-1.50731345829687289e1,5.23192600354605020e-14,1.23643553179353631e2,-8.05755462351953611e-11
578,1.62367463592509495e2,1.70234964399224367e2,8.00437753438405224e1,1.54605813240559975e0,-3.16479140840974793e0,-9.87716149852001624e-1,9.86118612250346360e-1,-1.11132377795852140e1,-1.45783676999993261e1,5.81548698086464810e-14,1.23633955147325565e2,-9.42605993259348907e-11
579,1.62513746025869807e2,1.70498622466806012e2,8.00834119816820191e1,1.53765523596874254e0,-3.17386695588245882e0,-9.87703848008000596e-1,9.87268248333732057e-1,-1.11088703230033126e1,-1.40836545369927162e1,7.20881687676921956e-14,1.23624627266594260e2,-6.49862386126187630e-11
580,1.62670948123855510e2,1.70775345756920274e2,8.01366329658363696e1,1.52873412943179998e0,-3.18280837537664363e0,-9.87691972592596668e-1,9.88379022700169529e-1,-1.11035626015029614e1,-1.35889937377512240e1,8.87345752431656365e-14,1.23615574257961356e2,-1.16529008664656430e-12
581,1.62839869922288244e2,1.71065872996396507e2,8.02042518987145598e1,1.51926938473823459e0,-3.19157774840958641e0,-9.87680527459400270e-1,9.89450302145200355e-1,-1.10973729743672429e1,-1.30943839024413435e1,1.11820275261464985e-13,1.23606800735528481e2,-4.37978542322525755e-11
582,1.63021333323325678e2,1.71370940538866336e2,8.02871095967723534e1,1.50923675522570044e0,-3.20013154499480645e0,-9.87669516341692977e-1,9.90481452705556875e-1,-1.10903787192715519e1,-1.25998235883917928e1,1.18988152664201152e-13,1.23598311201465265e2,-6.74589273330639116e-11
583,1.63216168562130690e2,1.71691264467200625e2,8.03860618480696871e1,1.49861399089123282e0,-3.20841999670262501e0,-9.87658942849155230e-1,9.91471842946155868e-1,-1.10826787507938693e1,-1.21053113109586388e1,1.37254790866236931e-13,1.23590110040858008e2,-9.89643922366667539e-11
584,1.63425195347166493e2,1.72027516788298271e2,8.05019620465917285e1,1.48738185615818397e0,-3.21638645864049444e0,-9.87648810464683113e-1,9.92420848593214777e-1,-1.10743963426216645e1,-1.16108455444572982e1,1.59049856618409535e-13,1.23582201516636516e2,-4.97237806484918110e-11
585,1.63649197368141273e2,1.72380294394976801e2,8.06356374071697530e1,1.47552538162596125e0,-3.22396678538319792e0,-9.87639122541287828e-1,9.93327858847978695e-1,-1.10656816859038720e1,-1.11164247231603213e1,1.85781945383212133e-13,1.23574589764596965e2,-4.04583033741801046e-11
586,1.63888888699614398e2,1.72750079329553756e2,8.07878572894320683e1,1.46303538045170445e0,-3.23108875693919195e0,-9.87629882299093764e-1,9.94192284750994526e-1,-1.10567140447271104e1,-1.06220472423603525e1,2.08874584295415389e-13,1.23567278788530032e2,-4.93685092806117609e-11
587,1.64144870524041380e2,1.73137188818000624e2,8.09592920402177754e1,1.44991025602076729e0,-3.23767160496604012e0,-9.87621092822434710e-1,9.95013569986406665e-1,-1.10477031823334269e1,-1.01277114594970321e1,2.35984842777980930e-13,1.23560272455475399e2,-9.63495949690695852e-12
588,1.64417576600140194e2,1.73541713600305229e2,8.11504607447098181e1,1.43615811895479206e0,-3.24362570699234221e0,-9.87612757057053758e-1,9.95791204502867067e-1,-1.10388896301497645e1,-9.63341569534666498e0,2.67150884747380246e-13,1.23553574491082017e2,-2.48121523327426985e-11
589,1.64707206092644185e2,1.73963443346897179e2,8.13616664371762965e1,1.42179921646430540e0,-3.24885253749801306e0,-9.87604877807413462e-1,9.96524741265331304e-1,-1.10305432616580052e1,-9.13915823527322679e0,2.92153454206633967e-13,1.23547188475118162e2,-4.28030944021884352e-11
590,1.65013642860420418e2,1.74401778528258063e2,8.15929177640240653e1,1.40686865349382328e0,-3.25324498898336634e0,-9.87597457734120332e-1,9.97213816316349311e-1,-1.10229595265865150e1,-8.64493733053918056e0,3.32756391885347114e-13,1.23541117837129889e2,-8.99120777830830775e-11
591,1.65336361190192946e2,1.74855629114776576e2,8.18438369330038995e1,1.39141935088352153e0,-3.25668820239730117e0,-9.87590499351465811e-1,9.97858172089019946e-1,-1.10164526190662162e1,-8.15075119967432826e0,3.56747617558106356e-13,1.23535365852222725e2,-6.50430820314795710e-11
592,1.65674319409024719e2,1.75323302071154927e2,8.21135551697127681e1,1.37552513900654083e0,-3.25906107193515604e0,-9.87584005025092471e-1,9.98457683551531083e-1,-1.10113448297121508e1,-7.65659802990086114e0,3.99855495936130012e-13,1.23529935637057463e2,-4.71516159450402483e-11
593,1.66025844927812017e2,1.75802381884828634e2,8.24005989567125141e1,1.35928382512595602e0,-3.26023860967370416e0,-9.87577976969785887e-1,9.99012386253754547e-1,-1.10079514140582759e1,-7.16247597861254004e0,4.41938152739851375e-13,1.23524830145961502e2,-7.44648787076584995e-11
594,1.66388517137744998e2,1.76289611394552480e2,8.27027731353044828e1,1.34282000000335677e0,-3.26009536351396045e0,-9.87572417247398304e-1,9.99522504690143032e-1,-1.10065605605190200e1,-6.66838317490579158e0,4.88207564652842763e-13,1.23520052167263742e2,-8.12008238426642492e-11
595,1.66759058138773014e2,1.76780783877149076e2,8.30170504530155569e1,1.32628726822322185e0,-3.25851006690835110e0,-9.87567327764906966e-1,9.99988478618009657e-1,-1.10074085300393989e1,-6.17431772116042055e0,5.39201495952656984e-13,1.23515604319793425e2,-4.90132379127317108e-11
596,1.67133245253258849e2,1.77270661403648916e2,8.33394810868523166e1,1.30986950603515218e0,-3.25537164709581450e0,-9.87562710272610778e-1,1.00041098415599117e0,-1.10106508283838682e1,-5.68027769466741805e0,5.67181718258424894e-13,1.23511489049578898e2,-6.83400003254064359e-11
597,1.67505863085668608e2,1.77752938264632888e2,8.36651395006386736e1,1.29378068498889975e0,-3.25058661436629981e0,-9.87558566362468637e-1,1.00079094577210537e0,-1.10163313830140357e1,-5.18626114930129845e0,6.25236841467202709e-13,1.23507708626765165e2,-1.83320025826105848e-11
598,1.67870715577226747e2,1.78220270788329543e2,8.39881287744359071e1,1.27826277047859427e0,-3.24408768409552239e0,-9.87554897466582982e-1,1.00112953485579870e0,-1.10243530668104359e1,-4.69226611723414333e0,6.64683152268308319e-13,1.23504265142709599e2,-9.06794639377039857e-11
599,1.68220718775976763e2,1.78664394794984673e2,8.43016629991690536e1,1.26358123804169487e0,-3.23584323984612832e0,-9.87551704855830659e-1,1.00142815070009883e0,-1.10344543376144095e1,-4.19829061068858245e0,7.15471952517088283e-13,1.23501160507332258e2,-3.94493326894007623e-11
600,1.68548091490061552e2,1.79076347817727338e2,8.45982450622889388e1,1.25001787444536228e0,-3.22586694119943207e0,-9.87548989638643460e-1,1.00168838063495924e0,-1.10461978619446306e1,-3.70433262372661387e0,8.01729342636559039e-13,1.23498396446657765e2,-9.25126641959650442e-11
601,1.68844652454990751e2,1.79446803927752796e2,8.48699489904746542e1,1.23786076593203132e0,-3.21422645369368265e0,-9.87546752759942637e-1,1.00191193790644051e0,-1.10589772125298644e1,-3.21039013407127971e0,8.84010312868221959e-13,1.23495974500594542e2,-5.17559328727656975e-11
602,1.69102218897918107e2,1.79766514371080603e2,8.51088026956231687e1,1.22739172461077395e0,-3.20105000457706446e0,-9.87544995000226078e-1,1.00210057865426294e0,-1.10720464725787799e1,-2.71646110495797322e0,1.04113094014091079e-12,1.23493896020971448e2,-7.59001750338939019e-11
603,1.69313083633994154e2,1.80026828589270593e2,8.53072496281004362e1,1.21887183711870639e0,-3.18652935086388256e0,-9.87543716974812469e-1,1.00225600270759263e0,-1.10845744455160560e1,-2.22254348701207061e0,1.30324863314296158e-12,1.23492162169765407e2,-6.68620714350254275e-11
604,1.69470529162384082e2,1.80220250807096392e2,8.54586494572827462e1,1.21252626968401733e0,-3.17091789449886718e0,-9.87542919133244435e-1,1.00237974631706162e0,-1.10957202926725547e1,-1.72863522014960003e0,1.72797328746102097e-12,1.23490773917613197e2,-2.13589146369486116e-11
605,1.69569322156815758e2,1.80340971920618586e2,8.55577628853756664e1,1.20852982845654067e0,-3.15452316318102977e0,-9.87542601758847560e-1,1.00247307759405757e0,-1.11047217355707701e1,-1.23473423549746708e0,2.75262137302417775e-12,1.23489732042588059e2,-5.82787151870434172e-11
606,1.69606125167677192e2,1.80385309953087955e2,8.56011588831505179e1,1.20699493860611784e0,-3.13769367408100841e0,-9.87542764968451392e-1,1.00253690655847771e0,-1.11109821494116705e1,-7.40838457329806022e-1,2.03911266669597191e-12,1.23489037128856580e2,-4.36415348303853534e-11
607,1.69579767762879840e2,1.80351998412224873e2,8.55874875013656862e1,1.20796358077882071e0,-3.12080116983650591e0,-9.87543408712269866e-1,1.00257172079625212e0,-1.11141408662802945e1,-2.46945805016898640e-1,2.28000183193262113e-12,1.23488689566730869e2,-2.90896196020185016e-11
608,1.69491337196567429e2,1.80242280880543689e2,8.55175784945334101e1,1.21140428618453466e0,3.17896518804903527e0,-9.87544532773941164e-1,1.00257755471441778e0,-1.11141130923303582e1,2.46945805016898612e-1,2.44684288564119001e-12,1.23488689551249848e2,-8.13997758086770773e-11
609,1.69344075720567730e2,1.80059798631312987e2,8.53943521637454523e1,1.21721460962016081e0,3.19487836524077640e0,-9.87546136770730221e-1,1.00255399584916560e0,-1.11110918850783378e1,7.40838457329806022e-1,1.85494871687234136e-12,1.23489037082347821e2,-2.07336370294797234e-11
610,1.69143101569784648e2,1.79810289457212093e2,8.52225579852213713e1,1.22522872065676669e0,3.20980383608283670e0,-9.87548220153888878e-1,1.00250022648655412e0,-1.11055128911526744e1,1.23473423549746708e0,2.78815891815303862e-12,1.23489731965140692e2,-4.29167812399100512e-11
611,1.68894996244000225e2,1.79501142746375422e2,8.50083816954189189e1,1.23522905822246787e0,3.22347262544091029e0,-9.87550782209176026e-1,1.00241509418397468e0,-1.10979903453591504e1,1.72863522014959980e0,1.66228700726120393e-12,1.23490773809234796e2,-4.96385155202005990e-11
612,1.68607316317622576e2,1.79140872281483496e2,8.47589769841041232e1,1.24696053522751238e0,3.23567544184277356e0,-9.87553822057537056e-1,1.00229720155901969e0,-1.10892377841869472e1,2.22254348701207105e0,1.23598603140456786e-12,1.23492162030527965e2,-8.18829448689939454e-11
613,1.68288091231544740e2,1.78738571772776879e2,8.44819813865922242e1,1.26014563243947531e0,3.24626585388417377e0,-9.87557338655938977e-1,1.00214500436006104e0,-1.10799879151248017e1,2.71646110495797410e0,9.86701172156490003e-13,1.23493895850954814e2,-7.88702436693711206e-11
614,1.67945360574368266e2,1.78303410004084327e2,8.41850685039637341e1,1.27449886770624210e0,3.25515844931235954e0,-9.87561330798361392e-1,1.00195690746135369e0,-1.10709235422857226e1,3.21039013407127971e0,8.62385250016695082e-13,1.23495974299898648e2,-3.61808361049043015e-11
615,1.67586789054374549e2,1.77844206598575681e2,8.38755739773876314e1,1.28973948116133252e0,3.26232315151579444e0,-9.87565797116942701e-1,1.00173135044321948e0,-1.10626268678492821e1,3.70433262372661387e0,7.95121347235694387e-13,1.23498396215393754e2,-5.51239054402685724e-11
616,1.67219379414006426e2,1.77369110675518186e2,8.35602152882603662e1,1.30560162407938707e0,3.26777707598498557e0,-9.87570736083275391e-1,1.00146687725777928e0,-1.10555495884444124e1,4.19829061068858156e0,7.23096495874875345e-13,1.23501160245630672e2,-9.42321776165044867e-11
617,1.66849287035318923e2,1.76885387324936374e2,8.32449094342915998e1,1.32184177410794468e0,3.27157523903381664e0,-9.87576146009852107e-1,1.00116218741960084e0,-1.10500022647198684e1,4.69226611723414244e0,6.58212200022045835e-13,1.23504264850715842e2,-4.57305304735200480e-11
618,1.66481727488242939e2,1.76399303564308013e2,8.29346803542862432e1,1.33824345254166399e0,3.27380118633397421e0,-9.87582025051657930e-1,1.00081616870226475e0,-1.10461590351962702e1,5.18626114930129845e0,6.14721815117569292e-13,1.23507708304643131e2,-1.83746351467561908e-11
619,1.66120960686197350e2,1.75916097243583664e2,8.26336405397888427e1,1.35461955948414770e0,3.27455829449918978e0,-9.87588371207905436e-1,1.00042791317760349e0,-1.10440728351643624e1,5.68027769466741894e0,5.44720518691477196e-13,1.23511488697508980e2,-2.40021336139761843e-11
620,1.65770332251402806e2,1.75440008879229424e2,8.23450282240314806e1,1.37081277140726554e0,3.27396219376200026e0,-9.87595182323911414e-1,9.99996719533344347e-1,-1.10436964830151325e1,6.17431772116042143e0,5.20973021667092695e-13,1.23515603937974745e2,-1.77351466845721006e-11
621,1.65432353049163112e2,1.74974356511813369e2,8.20712818149310550e1,1.38669448318528610e0,3.27213450844910181e0,-9.87602456093109593e-1,9.99522085031373742e-1,-1.10449058332498566e1,6.66838317490579335e0,4.72276731611209755e-13,1.23520051755909179e2,-7.73638930695597082e-11
622,1.65108800336512189e2,1.74521636074907434e2,8.18141355929148943e1,1.40216275078382635e0,3.26919793027905525e0,-9.87610190059197035e-1,9.99003690390498189e-1,-1.10475222619049003e1,7.16247597861254093e0,4.25095722511592555e-13,1.23524829705298586e2,-5.03206365465302952e-11
623,1.64800827443940847e2,1.74083633253912353e2,8.15747240193132228e1,1.41713962801348048e0,3.26527252431086490e0,-9.87618381618409535e-1,9.98441380476886020e-1,-1.10513327749659283e1,7.65659802990086202e0,4.00511221410049245e-13,1.23529935167333164e2,-8.16982037576963194e-11
624,1.64509072522821668e2,1.73661536515590257e2,8.13536854750397822e1,1.43156821239922549e0,3.26047310609302299e0,-9.87627028021923703e-1,9.97835143129495505e-1,-1.10561068728210383e1,8.15075119967432826e0,3.57169155362768720e-13,1.23535365353694772e2,-5.21822585142217577e-11
625,1.64233760148286649e2,1.73256044371924560e2,8.11512593878424013e1,1.44540963596081351e0,3.25490750611451896e0,-9.87636126378377721e-1,9.97185087857517694e-1,-1.10616099194885571e1,8.64493733053918056e0,3.25298815662122820e-13,1.23541117310069993e2,-6.21014351054327562e-11
626,1.63974792208039389e2,1.72867462720612991e2,8.09673732555121006e1,1.45864016532021257e0,3.24867554025466898e0,-9.87645673656511347e-1,9.96491425601817027e-1,-1.10676131675650193e1,9.13915823527322857e0,2.87946749777390210e-13,1.23547187919817347e2,-2.24957830141647719e-11
627,1.63731826494244046e2,1.72495790224705985e2,8.08017179934669230e1,1.47124851615970198e0,3.24186852175899354e0,-9.87655666687915934e-1,9.95754450295233795e-1,-1.10739008185803574e1,9.63341569534666498e0,2.54197704552261428e-13,1.23553573907841141e2,-1.53761448018485680e-11
628,1.63504342787963708e2,1.72140791185601188e2,8.06538113646836479e1,1.48323344068862339e0,3.23456917364757723e0,-9.87666102169892257e-1,9.94974522599324063e-1,-1.10802746003420118e1,1.01277114594970339e1,2.42330461253104090e-13,1.23560271844613268e2,-4.96243046654853970e-11
629,1.63291697103054332e2,1.71802056341775312e2,8.05230501023930003e1,1.49460161257236068e0,3.22685182546075078e0,-9.87676976668411366e-1,9.94152055935700552e-1,-1.10865563603162567e1,1.06220472423603542e1,2.06546585390654514e-13,1.23567278150372744e2,-1.90141236089402810e-11
630,1.63093165249330895e2,1.71479052599719608e2,8.04087518171768778e1,1.50536580998306402e0,3.21878280196707323e0,-9.87688286621171807e-1,9.93287504754539308e-1,-1.10925891409522599e1,1.11164247231603230e1,1.87259929784744372e-13,1.23574589099489700e2,-5.20543608217849396e-11
631,1.62907977095385633e2,1.71171162986925509e2,8.03101879979776356e1,1.51554338198107907e0,3.21042093244497551e0,-9.87700028340747993e-1,9.92381354873522969e-1,-1.10982371436795830e1,1.16108455444572964e1,1.52749340953661772e-13,1.23582200824932286e2,-3.91651155950967222e-11
632,1.62735342955801286e2,1.70877718207974738e2,8.02266094638551834e1,1.52515497432197922e0,3.20181812686998102e0,-9.87712198017827170e-1,9.91434115663242799e-1,-1.11033849195855314e1,1.21053113109586405e1,1.39058903281252810e-13,1.23590109322925557e2,-1.61861635206150822e-11
633,1.62574473454701234e2,1.70598021145492424e2,8.01572655568084400e1,1.53422348628099248e0,3.19301997977267504e0,-9.87724791724526319e-1,9.90446313831418346e-1,-1.11079360566577954e1,1.25998235883917911e1,1.22266780033797318e-13,1.23598310457680725e2,-6.84394763084128499e-11
634,1.62424594088928586e2,1.70331365542051344e2,8.01014182450484356e1,1.54277322875088263e0,3.18406637398183312e0,-9.87737805417784553e-1,9.89418488559990705e-1,-1.11118115715937815e1,1.30943839024413453e1,1.01106623073832225e-13,1.23606799966282651e2,-6.47304432277451269e-11
635,1.62284955557829107e2,1.70077049957602952e2,8.00583521578186321e1,1.55082925460634136e0,3.17499206533036027e0,-9.87751234942828793e-1,9.88351187764425765e-1,-1.11149481610594982e1,1.35889937377512275e1,9.17980969017406778e-14,1.23615573463658009e2,-4.97237806484918110e-11
636,1.62154840762878905e2,1.69834387941997164e2,8.00273814169522666e1,1.55841683432021516e0,3.16582723611162820e0,-9.87765076036699163e-1,9.87244965267475516e-1,-1.11172964235937712e1,1.40836545369927197e1,7.53043460921531960e-14,1.23624626447640210e2,-3.61382035407586955e-11
637,1.62033569229476996e2,1.69602715215573568e2,8.00078539863809368e1,1.56556105246605726e0,3.15659801005931140e0,-9.87779324331838238e-1,9.86100378706746827e-1,-1.11188191286073170e1,1.45783676999993297e1,5.75373082511987377e-14,1.23633954304141213e2,-8.48388026497559622e-11
638,1.61920499563694420e2,1.69381394512555516e2,7.99991541274460758e1,1.57228650366192069e0,3.14732692523332469e0,-9.87793975359731569e-1,9.84917988021692392e-1,-1.11194895821048867e1,1.50731345829687271e1,4.94673746409546311e-14,1.23643552312370232e2,-9.75575176198617555e-11
639,1.61815030438113922e2,1.69169818622520523e2,8.00007034343739178e1,1.57861706942886482e0,3.13803336375158581e0,-9.87809024554595849e-1,9.83698354391533858e-1,-1.11192901186298698e1,1.55679564977325633e1,3.90867893607094175e-14,1.23653415650131194e2,-4.64268623545649461e-11
640,1.62197170656328240e2,1.69919660418635942e2,8.00116229671400703e1,1.55662765681920390e0,-3.15367667896959825e0,-9.87731935877253164e-1,9.84574941950466576e-1,-1.06231483698435429e1,-1.55675162824934965e1,4.95228857921858889e-14,1.12899868862615946e2,-2.00230942937196232e-11
641,1.62334355027232277e2,1.70174477325878144e2,8.00358105383206890e1,1.54898874784958451e0,-3.16340126044050240e0,-9.87718760729279777e-1,9.85801985865407793e-1,-1.06199301498558345e1,-1.50727059280281033e1,5.72528136011385413e-14,1.12890826832469202e2,-6.85247414367040619e-11
642,1.62482326966730540e2,1.70442620797348638e2,8.00733499565814100e1,1.54084527783754122e0,-3.17308377529458241e0,-9.87706004920613445e-1,9.86991050631987443e-1,-1.06156293986381680e1,-1.45779508214410765e1,7.40449368485940340e-14,1.12882027961099041e2,-6.44178044240106829e-11
643,1.62642011322809424e2,1.70725016278645398e2,8.01251640482936267e1,1.53216552438442677e0,-3.18269669925474830e0,-9.87693672551919755e-1,9.88141464010327542e-1,-1.06102647656491076e1,-1.40832496465457488e1,8.10948530549637780e-14,1.12873476675558308e2,-6.72173428029054776e-11
644,1.62814397029796567e2,1.71022637280225183e2,8.01922425275069486e1,1.52291710025701188e0,-3.19220772608330128e0,-9.87681767609902894e-1,9.89252542919958122e-1,-1.06038690302130121e1,-1.35886010425513089e1,1.01956637577060860e-13,1.12865177309913136e2,-8.32613977763685398e-11
645,1.63000533863848375e2,1.71336498571049901e2,8.02756397513259401e1,1.51306740795949612e0,-3.20157908074041986e0,-9.87670293963866408e-1,9.90323594189689071e-1,-1.05964919860214710e1,-1.30940036047957040e1,1.19262238973405488e-13,1.12857134100334321e2,-6.72031319481902756e-11
646,1.63201525768913484e2,1.71667645323913746e2,8.03764692586263152e1,1.50258425296884157e0,-3.21076676394583682e0,-9.87659255362345889e-1,9.91353916173655869e-1,-1.05882036639279615e1,-1.25994558855467211e1,1.33355132492241069e-13,1.12849351180320781e2,-2.20268248085631058e-11
647,1.63418519546237860e2,1.72017136928425742e2,8.04958939173198473e1,1.49143665196625208e0,-3.21971973294852232e0,-9.87648655429819056e-1,9.92342801546498121e-1,-1.05790978540569363e1,-1.21049563948706780e1,1.57870244654745306e-13,1.12841832575946810e2,-5.19833065482089296e-11
648,1.63652687396475812e2,1.72386023886723734e2,8.06351102014607619e1,1.47959587744537768e0,-3.22837902945848887e0,-9.87638497663502313e-1,9.93289541664956754e-1,-1.05692958443843814e1,-1.16105036015684302e1,1.79863068883179267e-13,1.12834582201192973e2,-4.31867874794988893e-11
649,1.63905201463180333e2,1.72775315877126360e2,8.07953247765207152e1,1.46703678442978447e0,-3.23667687443893781e0,-9.87628785430236245e-1,9.94193432963622725e-1,-1.05589502310164729e1,-1.11160959341775616e1,1.96849481159944162e-13,1.12827603853379330e2,-5.20543608217849396e-11
650,1.64177198162064371e2,1.73185938727606839e2,8.09777212000748250e1,1.45373946778468621e0,-3.24453576156059986e0,-9.87619521963463476e-1,9.95053785931728552e-1,-1.05482485710425458e1,-1.06217317820403210e1,2.32154573343024140e-13,1.12820901208690103e2,-2.28510543820448220e-11
651,1.64469729737570276e2,1.73618677734379844e2,8.11834141893210699e1,1.43969129840425469e0,-3.25186759749837462e0,-9.87610710360309563e-1,9.95869937286756546e-1,-1.05374165379825744e1,-1.01274094964357992e1,2.56430293665843578e-13,1.12814477817790674e2,-7.03721525496803224e-11
652,1.64783700219235925e2,1.74074104548482836e2,8.14133886165515577e1,1.42488938153364031e0,-3.25857295885127174e0,-9.87602353578767245e-1,9.96641265999509307e-1,-1.05267200999031996e1,-9.63312739177542809e0,2.93598478862122647e-13,1.12808337101585394e2,-2.82796008832519874e-11
653,1.65119782867865467e2,1.74552484854113629e2,8.16684202783750663e1,1.40934346811580835e0,-3.26454056322180763e0,-9.87594454434990277e-1,9.97367213809059572e-1,-1.05164660720760175e1,-9.13888374686017890e0,3.18772785945498072e-13,1.12802482347071134e2,-7.44790895623737015e-11
654,1.65478316442132268e2,1.75053664419326708e2,8.19489756781091359e1,1.39307932718832683e0,-3.26964708648289992e0,-9.87587015600702611e-1,9.98047310757874340e-1,-1.05070002071571498e1,-8.64467680619803680e0,3.53413479037278933e-13,1.12796916703350462e2,-3.07665004584123380e-11
655,1.65859178406686539e2,1.75576932044927588e2,8.22550887865087361e1,1.37614255023032861e0,-3.27375749938381855e0,-9.87580039600726156e-1,9.98681206031529323e-1,-1.04987017950569204e1,-8.15050478137994538e0,3.93050175739872998e-13,1.12791643177759155e2,-6.23856521997367963e-12
656,1.66261634788113668e2,1.76120859718299755e2,8.25862142478727321e1,1.35860270304171848e0,-3.27672614277600838e0,-9.87573528810633428e-1,9.99268703950155213e-1,-1.04919735884038197e1,-7.65636585251224933e0,4.40997932615871946e-13,1.12786664632167458e2,-3.48592266163905151e-11
657,1.66684169088536635e2,1.76683123215916453e2,8.29410590998644750e1,1.34055766370550145e0,-3.27839880778429871e0,-9.87567485454525551e-1,9.99809804278543490e-1,-1.04872258089349266e1,-7.16225816970377593e0,4.81593931400681186e-13,1.12781983779421054e2,-1.09139364212751389e-11
658,1.67124296757130480e2,1.77260310747058952e2,8.33173990506494135e1,1.32213788470293503e0,-3.27861612706370931e0,-9.87561911602943931e-1,1.00030474506318012e0,-1.04848531176490063e1,-6.66817985460511498e0,5.23512656835922741e-13,1.12777603179959229e2,-3.68487462765187956e-11
659,1.67578377358432220e2,1.77847733125757060e2,8.37118908791804728e1,1.30351019521012468e0,-3.27721860201916426e0,-9.87556809170918259e-1,1.00075404497360143e0,-1.04852038716172764e1,-6.17412900199796333e0,5.70629481166928798e-13,1.12773525238603611e2,-5.08038056068471633e-11
660,1.68041443622996496e2,1.78439256212339501e2,8.41198994750814819e1,1.28488062418966176e0,-3.27405356740456943e0,-9.87552179916151740e-1,1.00115854070314980e0,-1.04885418875887542e1,-5.68010368143182198e0,5.96331144187001172e-13,1.12769752201512091e2,-7.45501438359497115e-11
661,1.68507074339040059e2,1.79027184232712159e2,8.45353657649477270e1,1.26649559366996067e0,-3.26898430040287202e0,-9.87548025437348431e-1,1.00151941355955598e0,-1.04950024152020820e1,-5.18610193890559223e0,6.68651765900474260e-13,1.12766286153357072e2,-5.11306552652968094e-11
662,1.68967345122833876e2,1.79602229560160737e2,8.49507489041351960e1,1.24864073418560029e0,-3.26190128286068193e0,-9.87544347172690462e-1,1.00183819826996157e0,-1.05045461294815077e1,-4.69212179859117828e0,7.18029802282416085e-13,1.12763129014635410e2,-4.64126514998497441e-11
663,1.69412895176918369e2,1.80153608231636071e2,8.53570803810458045e1,1.23163655319218557e0,-3.25273529353772428e0,-9.87541146398458469e-1,1.00211676668250749e0,-1.05169175194445579e1,-4.19816126459629313e0,7.78159654768462161e-13,1.12760282539246134e2,-1.12407860797247849e-11
664,1.69833146217063472e2,1.80669297811089592e2,8.57441661313055050e1,1.21583029397805964e0,-3.24147153343077177e0,-9.87538424227806133e-1,1.00235727996067370e0,-1.05316165786502971e1,-3.70421832276341245e0,8.53004732820350497e-13,1.12757748312228159e2,-3.33955085807247087e-11
665,1.70216698791291464e2,1.81136482164337480e2,8.61009623733151557e1,1.20158360708179512e0,-3.22816340768431465e0,-9.87536181609687702e-1,1.00256210544654456e0,-1.05478942801529101e1,-3.21029094250178071e0,9.12000726674411233e-13,1.12755527747712705e2,-1.67830194186535664e-11
666,1.70551909431847889e2,1.81542184553675781e2,8.64161298177169215e1,1.18925614675417402e0,-3.21294400825988502e0,-9.87534419327940283e-1,1.00273369872564788e0,-1.05647817030632929e1,-2.71637707864927958e0,1.05725476116924622e-12,1.12753622087121357e2,-6.11350969847990200e-11
667,1.70827620448006371e2,1.81874057355243451e2,8.66787400356657400e1,1.17918588147403303e0,-3.19603294710068697e0,-9.87533138000523003e-1,1.00287445717806611e0,-1.05811587005433498e1,-2.22247467336082094e0,1.27351178647733265e-12,1.12752032397533597e2,-2.22541984840063378e-11
668,1.71033977712448632e2,1.82121258960808518e2,8.68790719446528357e1,1.17166767680282402e0,-3.17773621377602389e0,-9.87532338078916827e-1,1.00298655747001031e0,-1.05958602763502778e1,-1.72858165801995245e0,1.74437504371627305e-12,1.12750759570328654e2,-1.10560449684271589e-11
669,1.71163239486355280e2,1.82275315347839467e2,8.70094043437159002e1,1.16693239894121281e0,-3.15843737327736074e0,-9.87532019847680020e-1,1.00307179456365603e0,-1.06078085590931313e1,-1.23469595517016129e0,2.82778694123825280e-12,1.12749804320030833e2,-5.82929260417586192e-11
670,1.71210462016770578e2,1.82330846519223513e2,8.70646928714633930e1,1.16512917804505811e0,-3.13857971930068302e0,-9.87532183424169596e-1,1.00313144232887708e0,-1.06161484786025824e1,-7.40815480462412967e-1,1.95219564797476097e-12,1.12749167183085817e2,-8.21387402538675815e-11
671,1.71173954011097379e2,1.82286045345665769e2,8.70430252941959282e1,1.16631336619028136e0,-3.11864073683232856e0,-9.87532828758417858e-1,1.00316615460532410e0,-1.06203600523554744e1,-2.46938144615362093e-1,2.59959217238474316e-12,1.12748848518004962e2,-3.85682596970582381e-11
672,1.71055424428949635e2,1.82142830479851284e2,8.69457800434161783e1,1.17044204815417019e0,3.18408337460865143e0,-9.87533955633176364e-1,1.00317592035751213e0,-1.06203227930555482e1,2.46938144615362121e-1,2.76863389053511218e-12,1.12748848503809683e2,-9.97459892460028641e-11
673,1.70859799905661589e2,1.81906649208939626e2,8.67774632741389524e1,1.17737781950062748e0,3.20276711085746779e0,-9.87535563664115879e-1,1.00316007845550326e0,-1.06163183998331299e1,7.40815480462413078e-1,2.15357163254725065e-12,1.12749167140478960e2,-7.25890458852518350e-11
674,1.70594745983635164e2,1.81585966358591634e2,8.65452562137964776e1,1.18690021346872743e0,3.22019434925112780e0,-9.87537652300190083e-1,1.00311738836167885e0,-1.06089731657448638e1,1.23469595517016129e0,2.86811676838971685e-12,1.12749804249017842e2,-3.22870619129389524e-11
675,1.70269974424259431e2,1.81191525430545511e2,8.62583518057381582e1,1.19872298847138015e0,3.23603683953595889e0,-9.87540220824160042e-1,1.00304614491422495e0,-1.05991558005045903e1,1.72858165801995245e0,1.74701442548497177e-12,1.12750759470961768e2,-7.49054152038297616e-11
676,1.69896445383241314e2,1.80735495879440748e2,8.59271859744233097e1,1.21251477075742775e0,3.25005040351160002e0,-9.87543268353275216e-1,1.00294432018453494e0,-1.05878546797912865e1,2.22247467336082094e0,1.22977160139231545e-12,1.12752032269867925e2,-5.72413227928336710e-11
677,1.69485574203133893e2,1.80230621724758720e2,8.55626702678178219e1,1.22792040343752085e0,3.26207705430316830e0,-9.87546793840115900e-1,1.00280971380461748e0,-1.05760589599454615e1,2.71637707864927913e0,1.01563093872492072e-12,1.12753621931234747e2,-6.11066752753686160e-13
678,1.69048532183635047e2,1.79689465806909311e2,8.51755131536916252e1,1.24458071783017155e0,3.27203978832285758e0,-9.87550796073587867e-1,1.00264009506635610e0,-1.05646620162281693e1,3.21029094250178115e0,8.91588669213461138e-13,1.12755527563694244e2,-4.21351842305739410e-11
679,1.68595698241478487e2,1.79123810481443229e2,8.47756858798114479e1,1.26214912365297027e0,3.27993225789167342e0,-9.87555273680077228e-1,1.00243332431271259e0,-1.05543967143724053e1,3.70421832276341290e0,8.14965282758262077e-13,1.12757748100178873e2,-8.71693828230490908e-11
680,1.68136284011088776e2,1.78544239847633264e2,8.43720554478345690e1,1.28030418695201864e0,3.28580566504033200e0,-9.87560225124751612e-1,1.00218744639379942e0,-1.05458035310290974e1,4.19816126459629402e0,7.42058758190777823e-13,1.12760282299288846e2,-7.73781039242749102e-11
681,1.67678126356851351e2,1.77959898697529638e2,8.39721794164372142e1,1.29875805016843282e0,3.28975489651608299e0,-9.87565648713015665e-1,1.00190075397652256e0,-1.05392265938863741e1,4.69212179859117740e0,6.98150304928590870e-13,1.12763128746906631e2,-2.54090082307811826e-11
682,1.67227622287386737e2,1.77378403266114645e2,8.35822386988808859e1,1.31726104884119466e0,3.29190537637836167e0,-9.87571542592112994e-1,1.00157182246149090e0,-1.05348298468852093e1,5.18610193890559312e0,6.34149850686771543e-13,1.12766285858004011e2,-3.65787400369299576e-11
683,1.66789772166567047e2,1.76805868947419526e2,8.32070755640350654e1,1.33560317139365536e0,3.29240153833383742e0,-9.87577904752870772e-1,1.00119952082946795e0,-1.05326252080239264e1,5.68010368143182287e0,5.89630774761040755e-13,1.12769751878705904e2,-7.78186404204461724e-11
684,1.66368295960238868e2,1.76247018486024331e2,8.28503028173243052e1,1.35361312021536784e0,3.29139733292520908e0,-9.87584733031587225e-1,1.00078300395253650e0,-1.05325058033457957e1,6.17412900199796333e0,5.67639685256082771e-13,1.12773524888521592e2,-2.64179789155605249e-11
685,1.65965791242321075e2,1.75705337917323362e2,8.25144539182651471e1,1.37115571453042340e0,3.28904883169872519e0,-9.87592025112057459e-1,1.00032169204301535e0,-1.05342792200451356e1,6.66817985460511409e0,5.11453726592669966e-13,1.12777602802796252e2,-1.95825577975483611e-11
686,1.65583908173166208e2,1.75183254008515775e2,8.22011500251345097e1,1.38812828083048445e0,3.28550877015030984e0,-9.87599778527730510e-1,9.99815242337611210e-1,-1.05376975932115062e1,7.16225816970377505e0,4.69815158998798665e-13,1.12781983375387995e2,-2.64037680608453229e-11
687,1.65223523686900876e2,1.74682314102189139e2,8.19112667298337129e1,1.40445654787259255e0,3.28092275816845724e0,-9.87607990663998847e-1,9.99263517167460313e-1,-1.05424828924713250e1,7.65636585251224844e0,4.22443330316824017e-13,1.12786664201488023e2,-4.76063632959267125e-11
688,1.64884903465955745e2,1.74203355804947194e2,8.16450893720274706e1,1.42009043012300018e0,3.27542684892385205e0,-9.87616658760614774e-1,9.98666551512237377e-1,-1.05483468986119355e1,8.15050478137994716e0,3.94554180993544890e-13,1.12791642720674659e2,-5.34896571480203420e-11
689,1.64567845386158325e2,1.73746659292960373e2,8.14024507596911917e1,1.43499996347818870e0,3.26914616596194518e0,-9.87625779914225399e-1,9.98024522148605819e-1,-1.05550060795671676e1,8.64467680619803858e0,3.58308868686485482e-13,1.12796916220109949e2,-3.36370931108831428e-11
690,1.64271801858302751e2,1.73312078966449064e2,8.11828487475095528e1,1.44917155814622611e0,3.26219432174850743e0,-9.87635351081027069e-1,9.97337719673778045e-1,-1.05621919713734798e1,9.13888374686017890e0,3.21019252846888037e-13,1.12802481837940519e2,-1.34434685605810955e-11
691,1.63995981006367487e2,1.72899153892425460e2,8.09855435628518023e1,1.46260465752841817e0,3.25467340432648866e0,-9.87645369079532709e-1,9.96606524043312403e-1,-1.05696578363079894e1,9.63312739177542987e0,2.88118487401511914e-13,1.12808336566840097e2,-1.00328634289326146e-11
692,1.63739428148406432e2,1.72507198161394683e2,8.08096362519966931e1,1.47530883704662030e0,3.24667435310598407e0,-9.87655830593444861e-1,9.95831383803562065e-1,-1.05771823898754693e1,1.01274094964358010e1,2.57741744613682044e-13,1.12814477257722402e2,-8.21245293991523795e-11
693,1.63501089841846891e2,1.72135373206344497e2,8.06541303959826905e1,1.48730133971627954e0,3.23827758534469545e0,-9.87666732174633966e-1,9.95012798896120487e-1,-1.05845713239361423e1,1.06217317820403210e1,2.25344048976339195e-13,1.12820900623600139e2,-5.09317032992839813e-11
694,1.63279863054312898e2,1.71782744527662999e2,8.05179795416275113e1,1.49860502202061996e0,3.22955376951503847e0,-9.87678070246211903e-1,9.94151306731558715e-1,-1.05916572491508969e1,1.11160959341775634e1,2.01273026023685020e-13,1.12827603243584662e2,-6.27125018581864424e-11
695,1.63074632000500259e2,1.71448325316445363e2,8.04001227792163888e1,1.50924667070650176e0,3.22056467002489200e0,-9.87689841105699795e-1,9.93247471139137139e-1,-1.05982985642206469e1,1.16105036015684266e1,1.78655701343899409e-13,1.12834581567018247e2,-6.25988150204648264e-11
696,1.62884294992421417e2,1.71131109323561503e2,8.02995107166841962e1,1.51925564541833324e0,3.21136401007375838e0,-9.87702040928282066e-1,9.92301873771122223e-1,-1.06043776484236680e1,1.21049563948706798e1,1.56884921720390480e-13,1.12841831917730431e2,-2.92033064397401176e-11
697,1.62707783363172268e2,1.70830095066054781e2,8.02151238266866358e1,1.52866280121401044e0,3.20199831654601974e0,-9.87714665770141775e-1,9.91315107550762686e-1,-1.06097986759896070e1,1.25994558855467229e1,1.38413586148189438e-13,1.12849350498409848e2,-5.75539615965681151e-12
698,1.62544074214179005e2,1.70544303171293762e2,8.01459848465848239e1,1.53749964712521159e0,3.19250772367728120e0,-9.87727711571873557e-1,9.90287771786670823e-1,-1.06144852690023423e1,1.30940036047957058e1,1.17583026648659938e-13,1.12857133395084432e2,-5.90887339058099315e-11
699,1.62392198432791702e2,1.70272788366274881e2,8.00911666211912490e1,1.54579770073306033e0,3.18292672162964330e0,-9.87741174161966051e-1,9.89220468620951809e-1,-1.06183781399220845e1,1.35886010425513089e1,1.00950497960994312e-13,1.12865176581691600e2,-4.58868498753872700e-11
700,1.62251245152999047e2,1.70014647349218592e2,8.00497965153915203e1,1.55358800332437119e0,3.17328484283951484e0,-9.87755049260348406e-1,9.88113800526759678e-1,-1.06214328239915492e1,1.40832496465457471e1,8.35199964743793544e-14,1.12873475924746501e2,-8.49667003421927802e-11
701,1.62120363590136151e2,1.69769023538356521e2,8.00210582917042501e1,1.56090076499202568e0,3.16360728368233657e0,-9.87769332481998941e-1,9.86968368617197833e-1,-1.06236175635897681e1,1.45779508214410765e1,7.29624693995845064e-14,1.12882027188078467e2,-8.97983909453614615e-11
702,1.61998762982494611e2,1.69535109491934662e2,8.00041921578204551e1,1.56776511366508853e0,3.15391546216445606e0,-9.87784019340605335e-1,9.85784771571141194e-1,-1.06249113787162450e1,1.50727059280281068e1,5.86405923819199870e-14,1.12890826037639229e2,-6.62936372464173473e-11
703,1.61885711203927656e2,1.69312147620154235e2,7.99984935270557429e1,1.57420892631569487e0,3.14422751438256842e0,-9.87799105252272880e-1,9.84563605018688448e-1,-1.06253023380708633e1,1.55675162824934947e1,4.55468995852470471e-14,1.12899868046374507e2,-2.83364443021127954e-11
704,1.62292591194917208e2,1.70097639773484900e2,8.00268850671224499e1,1.55221215006283764e0,-3.16115814520000749e0,-9.87722289959062527e-1,9.85406209258901655e-1,-1.01268276358380938e1,-1.55670944278645447e1,5.30131494258512248e-14,1.02636231390402074e2,-7.22053528079413809e-11
705,1.62440990666584639e2,1.70368462475378578e2,8.00611867237089285e1,1.54439848280698411e0,-3.17139512447648109e0,-9.87709083690145873e-1,9.86634540217520062e-1,-1.01227390210517711e1,-1.50722951479452387e1,6.88962775718948706e-14,1.02627979569067179e2,-4.49631443188991398e-11
706,1.62601718561816398e2,1.70654510931043262e2,8.01102846675984495e1,1.53604127978986948e0,-3.18162672430607119e0,-9.87696297685551561e-1,9.87824487129708495e-1,-1.01174838359074215e1,-1.45775513232710718e1,8.06993361024410660e-14,1.02619949589647831e2,-3.20454773827805184e-11
707,1.62775933025291920e2,1.70956973314187707e2,8.01753249453296775e1,1.52710250408201564e0,-3.19182720734458858e0,-9.87683936061795942e-1,9.88975322940237378e-1,-1.01110680493280718e1,-1.40828616334801886e1,9.38034372399698668e-14,1.02612145497907179e2,-6.40909547655610368e-12
708,1.62964892391423859e2,1.71277123830881635e2,8.02575557362621055e1,1.51754257719975949e0,-3.20196581858919416e0,-9.87672002821049499e-1,9.90086301338496511e-1,-1.01035114231393983e1,-1.35882247133777785e1,1.10706582789887875e-13,1.02604571254693283e2,-4.36983782492461614e-11
709,1.63169956819113139e2,1.71616320639461094e2,8.03583300050062093e1,1.50732075175653657e0,-3.21200597283312961e0,-9.87660501847679062e-1,9.91156656414977522e-1,-1.00948508231231955e1,-1.30936391536715355e1,1.28137084276502833e-13,1.02597230731478362e2,-1.01891828307998367e-11
710,1.63392586705060751e2,1.71975999809757269e2,8.04791051879549713e1,1.49639565159921806e0,-3.22190433725698711e0,-9.87649436904862066e-1,9.92185603170346875e-1,-1.00851440494633913e1,-1.25991035017757138e1,1.49335405152939416e-13,1.02590127705959517e2,-4.77484718430787325e-11
711,1.63634336418422606e2,1.72357663746948162e2,8.06214385060098806e1,1.48472602451851388e0,-3.23160980586008995e0,-9.87638811631279423e-1,9.93172339260903758e-1,-1.00744741943259264e1,-1.21046162626831819e1,1.70582298286703349e-13,1.02583265857714224e2,-6.00977045905892737e-11
712,1.63896841445052701e2,1.72762862044253382e2,8.07869760457527804e1,1.47227176110187030e0,-3.24106236750474030e0,-9.87628629537895653e-1,9.94116048477470593e-1,-1.00629544953918746e1,-1.16101758999052098e1,1.96880706182511744e-13,1.02576648763945556e2,-9.86659642876475118e-11
713,1.64181796467743595e2,1.73193162166580123e2,8.09774331924672879e1,1.45899524197941410e0,-3.25019187723842817e0,-9.87618894004825276e-1,9.95015906584913679e-1,-1.00507335937632298e1,-1.11157808364780841e1,2.22648288694671237e-13,1.02570279895284543e2,-3.39497319146175869e-11
714,1.64490921256986411e2,1.73650106725658361e2,8.11945633455959950e1,1.44486308370755157e0,-3.25891675239270606e0,-9.87609608278296469e-1,9.95871090295728179e-1,-1.00380010153045109e1,-1.06214294560355658e1,2.46951764593106304e-13,1.02564162611696403e2,-8.45261638460215181e-11
715,1.64825910512703331e2,1.74135153399654371e2,8.14401111063138359e1,1.42984835944309552e0,-3.26714263209871625e0,-9.87600775467714409e-1,9.96680790299910191e-1,-1.00249925675043166e1,-1.01271201039463357e1,2.81948075997462411e-13,1.02558300158481345e2,-5.56070745005854405e-11
716,1.65188363054499121e2,1.74649592858049118e2,8.17157453673256526e1,1.41393337217603210e0,-3.27476106306428072e0,-9.87592398542830985e-1,9.97444229407520644e-1,-1.00119951701924155e1,-9.63285108851497718e0,3.08654143910125356e-13,1.02552695662371846e2,-5.07895947521319613e-11
717,1.65579685097667891e2,1.75194439476605822e2,8.20229670442961236e1,1.39711305247292028e0,-3.28164830771857741e0,-9.87584480331023307e-1,9.98160686943809328e-1,-9.99935041017022286e0,-9.13862068224521273e0,3.43605352504106065e-13,1.02547352127758273e2,-4.80753215015283786e-11
718,1.66000961989827999e2,1.75770289394881530e2,8.23629857755286139e1,1.37939903502419781e0,-3.28766441535980425e0,-9.87577023514688790e-1,9.98829530520166542e-1,-9.98745582389437558e0,-8.64442712316369644e0,3.87159054815455761e-13,1.02542272433023726e2,-3.07665004584123380e-11
719,1.66452793008349431e2,1.76377140881822982e2,8.27365600653633351e1,1.36082443311228851e0,-3.29265275465448326e0,-9.87570030628758588e-1,9.99450256112916380e-1,-9.97676257650692122e0,-8.15026861620275689e0,4.27286678261751263e-13,1.02537459327004925e2,-2.16573425859678537e-11
720,1.66935085090971143e2,1.77014173504190381e2,8.31437965096685332e1,1.34144927049307539e0,-3.29644027768973213e0,-9.87563504058337926e-1,1.00002253692121101e0,-9.96776784767866531e0,-7.65614333464003050e0,4.71088446030165642e-13,1.02532915425610767e2,-5.96855898038484156e-13
721,1.67446804287321868e2,1.77679485839751976e2,8.35839065099843310e1,1.32136643856431224e0,-3.29883887027315570e0,-9.87557446036471220e-1,1.00054628063415363e0,-9.96099991720322642e0,-7.16204942159307834e0,5.10220338201250456e-13,1.02528643208559004e2,-8.42987901705782861e-11
722,1.67985688986317768e2,1.78369797145521773e2,8.40549239648921116e1,1.30070791624326221e0,-3.29964823403579866e0,-9.87551858642042979e-1,1.00102169340927749e0,-9.95699378060182383e0,-6.66798499156655122e0,5.56598170331490394e-13,1.02524645016283330e2,-9.00115537660894915e-11
723,1.68547937288724711e2,1.79080127149919093e2,8.45533955264807133e1,1.27965081706784800e0,-3.29866082855255627e0,-9.87546743797813154e-1,1.00144934698442767e0,-9.95625530223327537e0,-6.17394813204979442e0,6.08330226470332747e-13,1.02520923046990148e2,-5.51381162949837744e-11
724,1.69127892633731506e2,1.79803480308319934e2,8.50740665284911017e1,1.25842261634068708e0,-3.29566944870679190e0,-9.87542103268592375e-1,1.00183024295134415e0,-9.95921269470678006e0,-5.67993690516212002e0,6.55590165488106891e-13,1.02517479353874535e2,-4.05577793571865186e-11
725,1.69717766590398924e2,1.80530575986088962e2,8.56096003127100147e1,1.23730467725503890e0,-3.29047797905409611e0,-9.87537938659562631e-1,1.00216586553011067e0,-9.96615581987413535e0,-5.18594934934328400e0,6.99409280491281038e-13,1.02514315842526415e2,-9.63353841143543832e-11
726,1.70307453816913409e2,1.81249682203235096e2,8.61503847001561809e1,1.21663297524202196e0,-3.28291568902130138e0,-9.87534251414742381e-1,1.00245821167678018e0,-9.97716673086206107e0,-4.69198348108630992e0,7.53024378963296215e-13,1.02511434268492877e2,-4.18651779909851030e-11
727,1.70884507824734499e2,1.81946623878614162e2,8.66844931196542205e1,1.19679477623138286e0,-3.27285503409211742e0,-9.87531042815600668e-1,1.00270978580182901e0,-9.99204909316038226e0,-4.19803729670971038e0,8.54842672343147925e-13,1.02508836235036085e2,-5.11164444105816074e-11
728,1.71434351403836331e2,1.82605040835708024e2,8.71978735635967013e1,1.17822004567085825e0,-3.26023224316076421e0,-9.87528313979823991e-1,1.00292354676772355e0,-1.00102691944881030e1,-3.70410877416618289e0,8.70151173337774253e-13,1.02506523191053333e2,-2.29505303650512360e-11
729,1.71940785035028341e2,1.83206958754380054e2,8.76748288299868506e1,1.16136665548499995e0,-3.24506899295539020e0,-9.87526065860239832e-1,1.00310279815148284e0,-1.00309258744475880e1,-3.21019587488454361e0,9.43744431561310826e-13,1.02504496429253734e2,-6.12487838225206360e-12
730,1.72386823909999151e2,1.83733701404096252e2,8.80988200018597070e1,1.14669910655822971e0,-3.22749231333168840e0,-9.87524299243890846e-1,1.00325101956279417e0,-1.00527685554603856e1,-2.71629654564176715e0,1.11533503786842569e-12,1.02502757084450351e2,-1.21644916362129152e-11
731,1.72755837690473783e2,1.84167113529532401e2,8.84535700607792137e1,1.13466152008328391e0,-3.20774883383359155e0,-9.87523014751271466e-1,1.00337164675068191e0,-1.00742787318781186e1,-2.22240872046172466e0,1.30995084571261522e-12,1.02501306132088800e2,-3.25854898619581945e-11
732,1.73032894101169262e2,1.84490988397104985e2,8.87243728594842764e1,1.12564696790741947e0,-3.18620905408079125e0,-9.87522212835723390e-1,1.00346781968983301e0,-1.00938186557549372e1,-1.72853032253728767e0,1.80363346870618391e-12,1.02500144387017500e2,-6.60094201521133073e-11
733,1.73206135719494000e2,1.84692520719242282e2,8.88994418051921826e1,1.11996653202311025e0,-3.16335802155259138e0,-9.87521893782989268e-1,1.00354212800845977e0,-1.01098323168581938e1,-1.23465926617228638e0,2.93296211427949982e-12,1.02499272502407976e2,-4.30588897870620713e-11
734,1.73267973863765064e2,1.84763559990521657e2,8.89710870575462707e1,1.11782238195167460e0,-3.13977090726641839e0,-9.87522057710932044e-1,1.00359638871636303e0,-1.01210634129787245e1,-7.40793458739818500e-1,2.01980939569176843e-12,1.02498690968643061e2,-9.66196012086584233e-11
735,1.73215886975699931e2,1.84701444188217522e2,8.89365122671550097e1,1.11928919867807486e0,-3.11607519703826075e0,-9.87522704569411158e-1,1.00363148966375682e0,-1.01267417481472126e1,-2.46930802653303805e-1,2.47012615440037053e-12,1.02498400113437881e2,-8.14708300822530873e-11
736,1.73052671931867167e2,1.84509257774485093e2,8.87980805865407490e1,1.12430722043262388e0,3.19028068963299116e0,-9.87523834140325518e-1,1.00364732285572211e0,-1.01266916658869963e1,2.46930802653303749e-1,2.53174617162173037e-12,1.02498400100471940e2,-5.22675236425129697e-11
737,1.72786102365413882e2,1.84195467473684715e2,8.85630024831761204e1,1.13268819094880824e0,3.21233309829793257e0,-9.87525446037816002e-1,1.00364281666552291e0,-1.01213356890255142e1,7.40793458739818611e-1,2.06853970259081310e-12,1.02498690929737847e2,-7.96376298239920288e-11
738,1.72428066929206068e2,1.83773012116482306e2,8.82425141395312522e1,1.14413310257871959e0,3.23275513586738006e0,-9.87527539708630719e-1,1.00361605892090067e0,-1.01115964413908248e1,1.23465926617228638e0,2.91251864206060196e-12,1.02499272437584708e2,-8.22382162368739955e-11
739,1.71993355621602745e2,1.83258021203964034e2,8.78507088079860949e1,1.15825857272893451e0,3.25114314006198635e0,-9.87530114432652151e-1,1.00356448838856016e0,-1.00987274578952455e1,1.72853032253728767e0,1.75236989632607254e-12,1.02500144296314616e2,-9.82538495009066537e-11
740,1.71498307658924944e2,1.82668383977901499e2,8.74032286012948987e1,1.17462755155930676e0,3.26721481491578558e0,-9.87533169323581705e-1,1.00348512372399656e0,-1.00841177390641459e1,2.22240872046172466e0,1.28658726467750784e-12,1.02501306015560317e2,-3.89235310649382882e-11
741,1.70959524200760711e2,1.82022380795409163e2,8.69160150299324528e1,1.19278002420148321e0,3.28080808932456502e0,-9.87536703329787602e-1,1.00337479768482019e0,-1.00691126374311608e1,2.71629654564176715e0,1.02218710926194056e-12,1.02502756942155898e2,-7.04716285326867364e-11
742,1.70392797101063138e2,1.81337535316380041e2,8.64042662794891640e1,1.21226023246994652e0,3.29186924072087983e0,-9.87540715235305289e-1,1.00323036944450239e0,-1.00548795505231077e1,3.21019587488454317e0,9.53079195425976522e-13,1.02504496261290001e2,-7.50901563151273876e-11
743,1.69812334305922150e2,1.80629773456805196e2,8.58816806806189135e1,1.23263826203285176e0,3.30043447461384831e0,-9.87545203660997850e-1,1.00304889659932517e0,-1.00423291346060815e1,3.70410877416618289e0,8.63508483467390064e-13,1.02506522997504092e2,-9.60653778747655451e-12
744,1.69230295852107076e2,1.79912906109599646e2,8.53600008735834734e1,1.25352518049832407e0,3.30660892066301138e0,-9.87550167065865292e-1,1.00282775823093750e0,-1.00320881601278735e1,4.19803729670971126e0,7.73684501881310993e-13,1.02508836016005958e2,-4.39683844888349995e-11
745,1.68656605705669278e2,1.79198401822761383e2,8.48488255951075416e1,1.27458197376073112e0,3.31054608154343688e0,-9.87555603748507260e-1,1.00256472888176895e0,-1.00245117686149605e1,4.69198348108630992e0,7.38542040024103841e-13,1.02511434024120035e2,-9.08499941942864098e-11
746,1.68098978223177141e2,1.78495387545113175e2,8.43556300809040778e1,1.29552319708338892e0,3.31242964355644709e0,-9.87561511848735418e-1,1.00225800930747999e0,-1.00197204742860073e1,5.18594934934328577e0,6.95062930822221148e-13,1.02514315572942792e2,-3.21733750752173364e-11
747,1.67563090936703333e2,1.77810807419605851e2,8.38859290144887524e1,1.31611655692537921e0,3.31245855732034977e0,-9.87567889349326933e-1,1.00190622312137867e0,-1.00176488052808530e1,5.67993690516212002e0,6.47891462701721821e-13,1.02517479059229927e2,-2.67164068645797670e-12
748,1.67052841428074146e2,1.77149675153151236e2,8.34435217131847935e1,1.33617966327168669e0,3.31083556763987152e0,-9.87574734077922400e-1,1.00150838934831299e0,-1.00180958390428270e1,6.17394813204979442e0,5.97680759051311128e-13,1.02520922727450412e2,-4.98801000503590330e-11
749,1.66570638806969100e2,1.76515368141284910e2,8.30307715391162446e1,1.35557504870402767e0,3.30775892554635620e0,-9.87582043709062107e-1,1.00106388017554915e0,-1.00207714859135866e1,6.66798499156655122e0,5.57795129529914391e-13,1.02524644672029780e2,-5.67013103136559948e-11
750,1.66117694757456690e2,1.75909926151638956e2,8.26488855029205496e1,1.37420433092038685e0,3.30341679736253635e0,-9.87589815766358181e-1,1.00057237155844603e0,-1.00253353819040854e1,7.16204942159307922e0,5.00160676764060952e-13,1.02528642839779081e2,-8.00071120465872809e-11
751,1.65694292227473568e2,1.75334330804926253e2,8.22981727273685522e1,1.39200216284052725e0,3.29798382255841060e0,-9.87598047624794084e-1,1.00003379240067636e0,-1.00314273951897608e1,7.65614333464003138e0,4.63917099180477521e-13,1.02532915032512150e2,-4.19362322645611130e-11
752,1.65300020226789400e2,1.74788752861073306e2,8.19782705110986427e1,1.40893040496230415e0,3.29161929967385758e0,-9.87606736513154115e-1,9.99448276173787953e-1,-1.00386900811034145e1,8.15026861620275334e0,4.22351389972597246e-13,1.02537458909805196e2,-4.39683844888349995e-11
753,1.64933970600338967e2,1.74272762087297934e2,8.16883339118570575e1,1.42497278422735651e0,3.28446655071982940e0,-9.87615879516574369e-1,9.98816117280482807e-1,-1.00467841186555358e1,8.64442712316369644e0,3.87767942755523620e-13,1.02542271991952532e2,-5.54223333892878145e-11
754,1.64594897413990282e2,1.73785499578306315e2,8.14271893992751785e1,1.44013017534035237e0,3.27665309944021477e0,-9.87625473579210489e-1,9.98137733271781902e-1,-1.00553980285336859e1,9.13862068224521273e0,3.38156586066062914e-13,1.02547351663057754e2,-5.13153963765944354e-11
755,1.64281342303950368e2,1.73325815376991358e2,8.11934557657382356e1,1.45441655031069317e0,3.26829138102410832e0,-9.87635515507020778e-1,9.97413633190747273e-1,-1.00642534771847227e1,9.63285108851497718e0,3.16512441256300292e-13,1.02552695174296986e2,-9.65059143709368072e-11
756,1.63991730405802855e2,1.72892375712726874e2,8.09856367177390695e1,1.46785558302175168e0,3.25947977254756704e0,-9.87646001970654441e-1,9.96644391778086614e-1,-1.00731073371978734e1,1.01271201039463357e1,2.87339596560798327e-13,1.02558299647296536e2,-7.63975549489259720e-11
757,1.63724441803523803e2,1.72483744648482713e2,8.08021898923303183e1,1.48047786043442642e0,3.25030379210225595e0,-9.87656929508446080e-1,9.95830628970562182e-1,-1.00817514818192766e1,1.06214294560355658e1,2.47156461963271568e-13,1.02564162077677850e2,-1.53477230924181640e-11
758,1.63477863205414621e2,1.72098444799235324e2,8.06415768243480784e1,1.49231863388389274e0,3.24083736053997828e0,-9.87668294529506441e-1,9.94972993983104459e-1,-1.00900110894199706e1,1.11157808364780823e1,2.18616791336501137e-13,1.02570279338719516e2,-5.43565192856476642e-11
759,1.63250424038850838e2,1.71735001338400593e2,8.05022978975827641e1,1.50341603732083096e0,3.23114405461577547e0,-9.87680093316906982e-1,9.94072153235687428e-1,-1.00977420478862925e1,1.16101758999052098e1,1.92994925596323696e-13,1.02576648185132569e2,-2.76543232757830992e-11
760,1.63040620531502412e2,1.71391972927466981e2,8.03829157139423529e1,1.51380970007722970e0,3.22127830602658705e0,-9.87692322030951586e-1,9.93128781422704776e-1,-1.01048278905283091e1,1.21046162626831819e1,1.73035197281734554e-13,1.02583265256962747e2,-2.91322521661641076e-11
761,1.62847030712076048e2,1.71067972592894421e2,8.02820697046261671e1,1.52353968676376539e0,3.21128651934050113e0,-9.87704976712529548e-1,9.92143555094001761e-1,-1.01111765670342351e1,1.25991035017757120e1,1.50178480762264144e-13,1.02590127083584918e2,-7.62554464017739519e-11
762,1.62668322686619661e2,1.70761681007638032e2,8.01984842523600179e1,1.53264570410610679e0,3.20120809480690927e0,-9.87718053286546604e-1,9.91117148204036069e-1,-1.01167172534937322e1,1.30936391536715337e1,1.30482430416023476e-13,1.02597230087809777e2,-3.49160700352513231e-11
763,1.62503258041298636e2,1.70471854131006012e2,8.01309721076297308e1,1.54116652253568254e0,3.19107635090679986e0,-9.87731547565426027e-1,9.90050229174239904e-1,-1.01213973307707885e1,1.35882247133777803e1,1.06942232847018204e-13,1.02604570590064498e2,-9.25126641959650442e-11
764,1.62350691798710443e2,1.70197326732677055e2,8.00784344739022913e1,1.54913956830358535e0,3.18091934734963200e0,-9.87745455252674875e-1,9.88943459096371935e-1,-1.01251796060939956e1,1.40828616334801904e1,9.81228986951521165e-14,1.02612144812665150e2,-3.97903932025656104e-12
765,1.62209570016931877e2,1.69937012981722035e2,8.00398588115349696e1,1.55660064928076625e0,3.17076061291569999e0,-9.87759771946508991e-1,9.87797490779398712e-1,-1.01280398143406583e1,1.45775513232710718e1,8.42312330995298453e-14,1.02619948884143810e2,-7.88418219599407166e-11
766,1.62078925840287980e2,1.69689904992424118e2,8.00143151402889856e1,1.56358378422918398e0,3.16061978467922833e0,-9.87774493143534604e-1,9.86612968404093627e-1,-1.01299644093738586e1,1.50722951479452387e1,7.11999903479920704e-14,1.02627978843664422e2,-1.16102683023200370e-11
767,1.61957874606177256e2,1.69455070004864325e2,8.00009514232591243e1,1.57012111104587437e0,3.15051316626009736e0,-9.87789614242475134e-1,9.85390527604135813e-1,-1.01309486387682472e1,1.55670944278645464e1,5.30062105319473176e-14,1.02636230645465702e2,-8.73967564984923229e-11
768,1.62390652467648493e2,1.70277437526713840e2,8.00477840583362621e1,1.54819761470540151e0,-3.16878805152085219e0,-9.87713082228534378e-1,9.86198792564792370e-1,-9.63009541165173744e0,-1.55666911559456800e1,6.45802855636645745e-14,9.28623546662573460e1,-9.48148226598277688e-11
769,1.62551019852157367e2,1.70565144544589145e2,8.00928983737850473e1,1.54023361082335031e0,-3.17957498994144583e0,-9.87699846206637200e-1,9.87428122220225690e-1,-9.62511658279185411e0,-1.50719024594540283e1,7.53980211598559436e-14,9.28548611101251709e1,-4.23341361965867691e-11
770,1.62725443135917260e2,1.70870193557429189e2,8.01544278871381550e1,1.53168703103548842e0,-3.19039976539017323e0,-9.87687031333175147e-1,9.88618628803194177e-1,-9.61887503269324640e0,-1.45771694167096815e1,9.24260668000442820e-14,9.28475689530144024e1,-9.78559455688809976e-11
771,1.62915360089504446e2,1.71194087438314426e2,8.02337858229047214e1,1.52251295913515539e0,-3.20123946198715448e0,-9.87674641739840875e-1,9.89769520828804650e-1,-9.61136037878704030e0,-1.40824907033578626e1,1.06772229946372477e-13,9.28404818737748343e1,-3.19886339639197104e-11
772,1.63122356455684155e2,1.71538465712052982e2,8.03325340102411332e1,1.51266387264376578e0,-3.21206605260749845e0,-9.87662681443612467e-1,9.90879976691882103e-1,-9.60257491079917891e0,-1.35878649499915767e1,1.25281729435045008e-13,9.28336034741081448e1,-1.55750967678613961e-11
773,1.63348175369219859e2,1.71905110249621288e2,8.04523932611349437e1,1.50208988659248521e0,-3.22284547073151373e0,-9.87651154343278770e-1,9.91949142643178350e-1,-9.59253722663818564e0,-1.30932907428894598e1,1.40793626757229617e-13,9.28269372745055676e1,-5.97282223679940216e-11
774,1.63594724419097616e2,1.72295947753123613e2,8.05952516815442976e1,1.49073916468655021e0,-3.23353653724880941e0,-9.87640064216036895e-1,9.92976131486713820e-1,-9.58128658287922086e0,-1.25987666248226020e1,1.64011165759703204e-13,9.28204867102467830e1,-8.88604745341581292e-11
775,1.63864078747081180e2,1.72713047260426862e2,8.07631693780437132e1,1.47855855116722101e0,-3.24408972803878193e0,-9.87629414714167209e-1,9.93960022444072999e-1,-9.56888803202614646e0,-1.21042910959299377e1,1.88980775472913365e-13,9.28142551274406031e1,-8.91162699190317653e-11
776,1.64158477943407604e2,1.73158610244750946e2,8.09583774011554311e1,1.46549448927880288e0,-3.25444577092134013e0,-9.87619209361797146e-1,9.94899862790973533e-1,-9.55543839338354672e0,-1.16098626146616901e1,2.16396345287250824e-13,9.28082457791465316e1,-3.76019215764245018e-11
777,1.64480313676232782e2,1.73634950043094165e2,8.11832679538055544e1,1.45149430639263843e0,-3.26453406602386265e0,-9.87609451551752393e-1,9.95794672069725273e-1,-9.54107305683200124e0,-1.11154795987899782e1,2.42285358442728693e-13,9.28024618215615789e1,-4.76063632959267125e-11
778,1.64832103941455841e2,1.74144456288226337e2,8.14403718530396930e1,1.43650796092062816e0,-3.27427093305089567e0,-9.87600144542502667e-1,9.96643449919511482e-1,-9.52597353873161801e0,-1.06211404264859226e1,2.78565365219307637e-13,9.27969063102912202e1,-5.98276983510004357e-12
779,1.65216448530775807e2,1.74689538736022001e2,8.17323179494226082e1,1.42049036090790293e0,-3.28355770420816828e0,-9.87591291455211961e-1,9.97445188839701791e-1,-9.51037558291188390e0,-1.01268434374618899e1,3.05616643103689967e-13,9.27915821966970640e1,-5.77244918531505391e-11
780,1.65635958793136524e2,1.75272543387852863e2,8.20617676824679876e1,1.40340437643713356e0,-3.29227870509737519e0,-9.87582895270892491e-1,9.98198893491744843e-1,-9.49457741011219447e0,-9.63258693417786915e0,3.42833400557296386e-13,9.27864923243587612e1,-3.43050032824976370e-11
781,1.66093153100273412e2,1.75895632213030268e2,8.24313162676763085e1,1.38522467411376748e0,-3.30029920109745634e0,-9.87574958827667992e-1,9.98903608417076372e-1,-9.47894744618844243e0,-9.13836918311037216e0,3.81887230171962244e-13,9.27816394256211083e1,-2.71569433607510291e-11
782,1.66590307795826590e2,1.76560616272042637e2,8.28433503381423435e1,1.36594249652771116e0,-3.30746343779287910e0,-9.87567484818156593e-1,9.99558456235957404e-1,-9.46393048217253963e0,-8.64418841608240385e0,4.15128001418629822e-13,9.27770261182640752e1,-3.70476982425316237e-11
783,1.67129252202482860e2,1.77268731043831622e2,8.32998505823041597e1,1.34557148488510370e0,-3.31359297603144887e0,-9.87560475786970815e-1,1.00016268839052236e0,-9.45005072175603900e0,-8.15004283165266585e0,4.60633267640453425e-13,9.27726549022884086e1,-5.37028199687483720e-11
784,1.67711096117552131e2,1.78020342929808294e2,8.38021276501701635e1,1.32415458847157108e0,-3.31848562068580488e0,-9.87553934128343913e-1,1.00071575014927006e0,-9.43790955361536277e0,-7.65593059656205277e0,5.15084502827889423e-13,9.27685281568171689e1,-7.98365817900048569e-11
785,1.68335880168505753e2,1.78814578292163361e2,8.43504813515343841e1,1.30177200703111406e0,-3.32191537181624286e0,-9.87547862083885009e-1,1.00121736069334566e0,-9.42817518220347672e0,-7.16184984723550500e0,5.51643800084100633e-13,9.27646481371350831e1,-8.85620465851388872e-11
786,1.69002144864015492e2,1.79648872435899904e2,8.49437783649970442e1,1.27854995659252579e0,-3.32363398867876070e0,-9.87542261740467775e-1,1.00166760741361571e0,-9.42156056387457141e0,-6.66779869133677749e0,5.95766491695570721e-13,9.27610169718738575e1,-1.60014224093174562e-11
787,1.69706424964744713e2,1.80518447454096531e2,8.55789541118201811e1,1.25466982165825525e0,-3.32337494294655400e0,-9.87537135028254798e-1,1.00206705083107805e0,-9.41878564242658811e0,-6.17377520937390312e0,6.41526762268362916e-13,9.27576366603214808e1,-5.29212229594122618e-11
788,1.70442693745802046e2,1.81415746602968198e2,8.62504619707904823e1,1.23037694890141092e0,-3.32086072184941417e0,-9.87532483718864040e-1,1.00241683269260196e0,-9.42052004617037220e0,-5.67977745635270459e0,7.01817076675936846e-13,9.27545090699038326e1,-4.34567937190877274e-11
789,1.71201807935109031e2,1.82329879839167091e2,8.69497187718962721e1,1.20598795625085109e0,-3.31581456825403542e0,-9.87528309423680528e-1,1.00271877493698192e0,-9.42730379514632766e0,-5.18580346347583365e0,7.64916775752855216e-13,9.27516359337967202e1,-6.26414475846104324e-11
790,1.71971037568915250e2,1.83246169104896609e2,8.76646285872793243e1,1.18189501081210935e0,-3.30797771123017670e0,-9.87524613592311584e-1,1.00297545199122906e0,-9.43944694903700032e0,-4.69185123988433705e0,7.99280346769348782e-13,9.27490188487248162e1,-2.23252527575823478e-11
791,1.72733800737265483e2,1.84145917620261969e2,8.83793024322545335e1,1.15856514736357585e0,-3.29713279198945175e0,-9.87521397511195165e-1,1.00319021450016943e0,-9.45691524939542205e0,-4.19791877443899253e0,8.62426449699249531e-13,9.27466592729180235e1,-3.74029696104116738e-11
792,1.73469750454719588e2,1.85006553754625543e2,8.90741190790704991e1,1.13653249194601491e0,-3.28313333331630153e0,-9.87518662302360295e-1,1.00336714102819613e0,-9.47921786518772791e0,-3.70400403753830521e0,9.37430688630058739e-13,9.27445585242225548e1,-8.68283223098842427e-11
793,1.74155363055708904e2,1.85802300094746897e2,8.97262753822128900e1,1.11638141711904648e0,-3.26593757405360652e0,-9.87516408922342492e-1,1.00351089774669111e0,-9.50532408092643344e0,-3.21010498296997415e0,1.01842861401080231e-12,9.27427177784057619e1,-4.12825329476618208e-11
794,1.74765135510040921e2,1.86505472984969060e2,9.03109343991617237e1,1.09871940963533476e0,-3.24564280922695136e0,-9.87514638161254066e-1,1.00362649642646562e0,-9.53364446734725490e0,-2.71621954979267421e0,1.12134238526573338e-12,9.27411380676396391e1,-3.30544480675598606e-11
795,1.75273400119552264e2,1.87088414660915134e2,9.08029833126012846e1,1.08413994284086868e0,-3.22251393829382815e0,-9.87513350642018395e-1,1.00371895837089120e0,-9.56211237528597202e0,-2.22234566424471636e0,1.34425099090201838e-12,9.27398202791598010e1,-8.25508550406084396e-11
796,1.75656615188273804e2,1.87525905944852582e2,9.11792662374070773e1,1.07317787717220336e0,-3.19699815473224191e0,-9.87512546819759307e-1,1.00379291373040647e0,-9.58838644863543799e0,-1.72848124167623629e0,1.80882565870010836e-12,9.27387651541096716e1,-7.21911419532261789e-12
797,1.75895823928290099e2,1.87797737968302499e2,9.14209930099920456e1,1.06626246312763073e0,-3.16971792453568302e0,-9.87512226981353991e-1,1.00385218647728425e0,-9.61016157310761443e0,-1.23462418850134470e0,3.00292486731836006e-12,9.27379732865975512e1,-3.26849658449646086e-12
798,1.75978850930569081e2,1.87890997584675773e2,9.15159027832277303e1,1.06367508298171720e0,-3.14143767843340305e0,-9.87512391245149890e-1,1.00389942807434740e0,-9.62553202494028248e0,-7.40772404166777254e-1,2.08751222416977272e-12,9.27374451226492056e1,-6.47020215183147229e-11
799,1.75901788878900504e2,1.87801606629415346e2,9.14597427735781849e1,1.06551943716669140e0,-3.11300586542360413e0,-9.87513039560840244e-1,1.00393586153959746e0,-9.63331613409674681e0,-2.46923783133351199e-1,2.56459782101462700e-12,9.27371809603507984e1,-9.73585656538489275e-11
800,1.75669448898802273e2,1.87534780899542284e2,9.12567389267967144e1,1.07171026574431782e0,3.19790404073310297e0,-9.87514171709508504e-1,1.00396118029064296e0,-9.63324896163515731e0,2.46923783133351199e-1,2.71357532594823127e-12,9.27371809485802174e1,-6.50004494673339650e-11
801,1.75294679430804820e2,1.87104312977173805e2,9.09189610851741605e1,1.08198305194682010e0,3.22412768726640087e0,-9.87515787303830717e-1,1.00397361686204634e0,-9.62598712594650507e0,7.40772404166777365e-1,2.22403990840155941e-12,9.27374450873222003e1,-3.13491455017356202e-11
802,1.74796721533374267e2,1.86530852858582080e2,9.04647429639574625e1,1.09592262417703057e0,3.24818418790004992e0,-9.87517885788441907e-1,1.00397016373620818e0,-9.61293279301040471e0,1.23462418850134492e0,2.78150557599630976e-12,9.27379732277053392e1,-7.85291831562062725e-11
803,1.74198968918653492e2,1.85839565966546559e2,8.99165144606378135e1,1.11300477262386188e0,3.26957434071454101e0,-9.87520466440468647e-1,1.00394690190177904e0,-9.59594064987905959e0,1.72848124167623629e0,1.68119424631685277e-12,9.27387650717206498e1,-9.61648538577719592e-11
804,1.73526576986797750e2,1.85057626632640336e2,8.92984795446360238e1,1.13264316548788568e0,3.28797917773484416e0,-9.87523528370215065e-1,1.00389937913927940e0,-9.57699638906279382e0,2.22234566424471680e0,1.27004244794559629e-12,9.27398201733171277e1,-3.81845666197477840e-11
805,1.72804312615530421e2,1.84211952315070164e2,8.86345228375968190e1,1.15423426184111433e0,3.30325040185781971e0,-9.87527070522015604e-1,1.00382298106777479e0,-9.55794317605957211e0,2.71621954979267377e0,1.10285456982051056e-12,9.27411379384045205e1,-6.51283471597707830e-11
806,1.72054900137717198e2,1.83327444930417670e2,8.79465954903856328e1,1.17719493641570061e0,3.31538528498618357e0,-9.87531091675242112e-1,1.00371325058298555e0,-9.54029858436316758e0,3.21010498296997504e0,9.76977830233205502e-13,9.27427176258456711e1,-8.32045543575077318e-11
807,1.71297961009198048e2,1.82425843977142648e2,8.72536769259382652e1,1.20099013119775266e0,3.32449406450627061e0,-9.87535590445467348e-1,1.00356612955270186e0,-9.52516877308253029e0,3.70400403753830565e0,8.87833209728405848e-13,9.27445583484245333e1,-9.99449412120156921e-11
808,1.70549514751056222e2,1.81525162296727387e2,8.65712820797575944e1,1.22515016149363376e0,3.33076645779969116e0,-9.87540565285786154e-1,1.00337811481505246e0,-9.51324246774026427e0,4.19791877443899253e0,8.48098501149419093e-13,9.27466590739871748e1,-1.86872739504906349e-11
809,1.69821929987234000e2,1.80639593275939944e2,8.59114066687828313e1,1.24927888154482325e0,3.33444160529224920e0,-9.87546014488282164e-1,1.00314633467335401e0,-9.50483755293709009e0,4.69185123988433617e0,7.80013640483412374e-13,9.27490186267698533e1,-9.25410859053954482e-11
810,1.69124185910315020e2,1.79779747541888554e2,8.52827749784380558e1,1.27305470053100889e0,3.33578354447769776e0,-9.87551936185649182e-1,1.00286856064308361e0,-9.49997410367022255e0,5.18580346347583365e0,7.28133699168242998e-13,9.27516356889412918e1,-1.99378291654284112e-11
811,1.68462312122725564e2,1.78953083599056441e2,8.46912618737649012e1,1.29622660515048760e0,3.33506269021743140e0,-9.87558328352955428e-1,1.00254317251444913e0,-9.49845401684407697e0,5.67977745635270459e0,6.78152846378399232e-13,9.27545088022897346e1,-3.35091954184463248e-11
812,1.67839901442988662e2,1.78164423140990237e2,8.41403865555717800e1,1.31860712764234633e0,3.33254282631595178e0,-9.87565188809551464e-1,1.00216909422801659e0,-9.49993481371776838e0,6.17377520937390312e0,6.30959694214450195e-13,9.27576363700998314e1,-3.43902684107888490e-11
813,1.67258622309407968e2,1.77416474037468731e2,8.36318066972499139e1,1.34006380522139890e0,3.32847266956350474e0,-9.87572515221116110e-1,1.00174571524040057e0,-9.50399140436857337e0,6.66779869133677661e0,5.91845149278125149e-13,9.27610166592049694e1,-3.86108922612038441e-11
814,1.66718686514056003e2,1.76710313644904772e2,8.31657698715032154e1,1.36051025015273641e0,3.32308096674870157e0,-9.87580305101840694e-1,1.00127280836539145e0,-9.51016392501508889e0,7.16184984723550677e0,5.50952512778923875e-13,9.27646478021937497e1,-3.60103058483218774e-11
815,1.66219250555953579e2,1.76045808307893424e2,8.27415010937714896e1,1.37989756766512817e0,3.31657417003405008e0,-9.87588555816741653e-1,1.00075045144660923e0,-9.51799231693306425e0,7.65593059656205188e0,5.04239011656082425e-13,9.27685277997891120e1,-8.86473117134300992e-11
816,1.65758744360984849e2,1.75421961027793628e2,8.23575203298413356e1,1.39820655402572469e0,3.30913589834363453e0,-9.87597264584101131e-1,1.00017895715742999e0,-9.52703956237246530e0,8.15004283165266763e0,4.58024243532584308e-13,9.27726545233730633e1,-9.38058519750484265e-11
817,1.65335130517712457e2,1.74837189239406086e2,8.20118929506910490e1,1.41544088369699872e0,3.30092756895033501e0,-9.87606428478032816e-1,9.99558812911411465e-1,-9.53690589565161773e0,8.64418841608240562e0,4.13721140679612631e-13,9.27770257176695310e1,-5.08464381709927693e-11
818,1.64946102068735627e2,1.74289539978052602e2,8.17024208715304354e1,1.43162134279084796e0,3.29208974323404480e0,-9.87616044431163020e-1,9.98890631280161534e-1,-9.54723623451079995e0,9.13836918311037039e0,3.72389619140989225e-13,9.27816390035662693e1,-7.63265006753499620e-11
819,1.64589228776039931e2,1.73776851936353097e2,8.14267839418979662e1,1.44678107109330045e0,3.28274386207554025e0,-9.87626109237428107e-1,9.98175110334572513e-1,-9.55772277759657918e0,9.63258693417787093e0,3.41197556319450257e-13,9.27864918810776516e1,-4.93258767164661549e-11
820,1.64262061838868760e2,1.73296874209710126e2,8.11826412185042585e1,1.46096172166574001e0,3.27299414833689939e0,-9.87636619554978723e-1,9.97413002799639403e-1,-9.56810434019740974e0,1.01268434374618899e1,2.99343883014557832e-13,9.27915817324292505e1,-4.79616346638067625e-11
821,1.63962206130614021e2,1.72847350777661205e2,8.09677008742033308e1,1.47421042246590517e0,3.26292952976831740e0,-9.87647571909189614e-1,9.96605092701404960e-1,-9.57816363441095042e0,1.06211404264859244e1,2.71907496518508651e-13,9.27969058252893433e1,-1.45234935189364478e-11
822,1.63687367701972846e2,1.72426078549028915e2,8.07797662230514106e1,1.48657741840133473e0,3.25262549038829007e0,-9.87658962695765363e-1,9.95752178171457669e-1,-9.58772338011026726e0,1.11154795987899799e1,2.32498048591267548e-13,9.28024613160859388e1,-3.56692453351570293e-11
823,1.63435382889277946e2,1.72030945447046008e2,8.06167639813744330e1,1.49811427731136737e0,3.24214579674284353e0,-9.87670788183941828e-1,9.94855059175016598e-1,-9.59664187217339304e0,1.16098626146616866e1,2.12208722816242812e-13,9.28082452534685132e1,-9.02673491509631276e-11
824,1.63204234057448332e2,1.71659953727878246e2,8.04767596201077566e1,1.50887255440311385e0,3.23154407165120316e0,-9.87683044519776288e-1,9.93914529083218090e-1,-9.60480842660159162e0,1.21042910959299395e1,1.86402976387611830e-13,9.28142545818406575e1,-9.21431819733697921e-11
825,1.62992055867718108e2,1.71311232593787054e2,8.03579635635246348e1,1.51890282326695747e0,3.22086520541870103e0,-9.87695727729514750e-1,9.92931369182525891e-1,-9.61213897638746317e0,1.25987666248226038e1,1.62373586798381098e-13,9.28204861450142147e1,-2.34763319895137101e-11
826,1.62797135018194268e2,1.70983043215016949e2,8.02587310798245852e1,1.52825399565862163e0,3.21014660560704668e0,-9.87708833723042412e-1,9.91906345380688226e-1,-9.61857197815643161e0,1.30932907428894580e1,1.46369028009019075e-13,9.28269366899392878e1,-6.42899067315738648e-11
827,1.62617905649949989e2,1.70673778507194584e2,8.01775579798993761e1,1.53697286555222523e0,3.19941929319542551e0,-9.87722358297402292e-1,9.90840206519064570e-1,-9.62406471367580707e0,1.35878649499915785e1,1.26249705134640067e-13,9.28336028705104752e1,-3.28981286656926386e-11
828,1.62452942024429774e2,1.70381959408784724e2,8.01130736741034468e1,1.54510382491854892e0,3.18870885673436177e0,-9.87736297140377473e-1,9.89733683830727240e-1,-9.62859001830581285e0,1.40824907033578608e1,1.07323872011733101e-13,9.28404812514605027e1,-4.09698941439273767e-11
829,1.62300949621685106e2,1.70106228930344827e2,8.00640326965405222e1,1.55268870904031120e0,3.17803627785644816e0,-9.87750645834137520e-1,9.88587491189970691e-1,-9.63213343477425354e0,1.45771694167096815e1,9.39665012467116867e-14,9.28475683123037783e1,-6.62225829728413373e-12
830,1.62160755473079490e2,1.69845344895289458e2,8.00293054823051193e1,1.55976673790168019e0,3.16741864199398915e0,-9.87765399858936077e-1,9.87402325886471477e-1,-9.63469077007278329e0,1.50719024594540265e1,7.80001063738211542e-14,9.28548604513474345e1,-4.67963445771601982e-11
831,1.62031298285243565e2,1.69598172019784130e2,8.00078689352973100e1,1.56637452741713790e0,3.15686974781451202e0,-9.87780554596855542e-1,9.86178869725207186e-1,-9.63626602183010128e0,1.55666911559456835e1,6.79942213643869309e-14,9.28623539897477457e1,-8.86757334228605032e-11
832,1.62491058375993106e2,1.70458513374298860e2,8.00740737069117472e1,1.54461488044343054e0,-3.17654025898721848e0,-9.87704315708053504e-1,9.86952435188244381e-1,-9.13302600674089504e0,-1.55663066801232883e1,7.08808012284123379e-14,8.35780950063367527e1,-4.57873738923808560e-11
833,1.62664144478552259e2,1.70763966541509490e2,8.01306987609424084e1,1.53653005601248505e0,-3.18791427899796975e0,-9.87691051317277746e-1,9.88182472769044029e-1,-9.12714713136479716e0,-1.50715280707893502e1,8.34263214066766068e-14,8.35713269790573747e1,-3.98614474761416204e-11
834,1.62853213398744913e2,1.71089108258276724e2,8.02055445194224177e1,1.52782427108604946e0,-3.19937636667046554e0,-9.87678208917701528e-1,9.89373211728502344e-1,-9.11989771308304853e0,-1.45768053046983397e1,1.01363362148276792e-13,8.35647408016311033e1,-2.33342234423616901e-11
835,1.63060035543552516e2,1.71435815329201148e2,8.03003416809704476e1,1.51844523085577165e0,-3.21090765082635876e0,-9.87665792655506580e-1,9.90523785257180100e-1,-9.11124691844683454e0,-1.40821370536871839e1,1.14588893929123969e-13,8.35583398008952116e1,-4.66826577394385822e-11
836,1.63286591554385154e2,1.71806167496455856e2,8.04170299273024796e1,1.50833677124054000e0,-3.22248425310427500e0,-9.87653806561809788e-1,9.91633282572244812e-1,-9.10117444677737097e0,-1.35875219443310122e1,1.35613742457962871e-13,8.35521272339775152e1,-2.48689957516035065e-11
837,1.63535093520423743e2,1.72202465124076525e2,8.05577799203147293e1,1.49743891746928348e0,-3.23407626878817744e0,-9.87642254549170762e-1,9.92700744421633252e-1,-9.08967430462702097e0,-1.30929585586832591e1,1.54522228346110069e-13,8.35461062846206062e1,-3.89235310649382882e-11
838,1.63808005768081443e2,1.72627245518029611e2,8.07250151821873345e1,1.48568809697302817e0,-3.24564656169465238e0,-9.87631140408172237e-1,9.93725158987903368e-1,-9.07675948125975829e0,-1.25984454350852708e1,1.77049347405144886e-13,8.35402800595543056e1,-5.64170932193519548e-11
839,1.64108063713940112e2,1.73083296153334516e2,8.09214324336269755e1,1.47301756629033753e0,-3.25714934566906100e0,-9.87620467804080415e-1,9.94705458669106313e-1,-9.06246767641576589e0,-1.21039810690446643e1,2.08586620198403239e-13,8.35346515849176683e1,-3.41202621712000109e-11
840,1.64438288478714014e2,1.73573662249764908e2,8.11500181962246359e1,1.45935812878982163e0,-3.26852852434098962e0,-9.87610240273592233e-1,9.95640518425087495e-1,-9.04686823010811203e0,-1.16095639141823490e1,2.34461755566073293e-13,8.35292238027388407e1,-8.75246541909291409e-11
841,1.64801993859984577e2,1.74101644996123952e2,8.14140583885675824e1,1.44463924054062165e0,-3.27971576179977875e0,-9.87600461221669446e-1,9.96529156657174342e-1,-9.03007038444963506e0,-1.11151923832470612e1,2.64007565808910272e-13,8.35239995674913729e1,-9.47153466768213548e-11
842,1.65202780759347178e2,1.74670785181363698e2,8.17171361689750313e1,1.42879062553045766e0,-3.29062826108255768e0,-9.87591133918472530e-1,9.97370139949230183e-1,-9.01223295766221888e0,-1.06208648491967033e1,3.01255548285084274e-13,8.35189816427073595e1,-2.09467998502077535e-11
843,1.65644512145361375e2,1.75284824945816723e2,8.20631112889222010e1,1.41174454795923476e0,-3.30116623678589294e0,-9.87582261496393610e-1,9.98162193445608081e-1,-8.99357541320854992e0,-1.01265796463452915e1,3.27732632698918280e-13,8.35141726976769405e1,-8.84625706021324731e-11
844,1.66131259018948867e2,1.75947637740611100e2,8.24560716279003856e1,1.39343891679020326e0,-3.31121008568104402e0,-9.87573846947197298e-1,9.98904019173434965e-1,-8.97439013790120477e0,-9.63233507157446311e0,3.71329703097167396e-13,8.35095753042461553e1,-7.35553840058855712e-11
845,1.66667204582156558e2,1.76663113345071565e2,8.29002443255700143e1,1.37382142274594377e0,-3.32061728926307298e0,-9.87565893119270122e-1,9.99594325205285905e-1,-8.95505546845087785e0,-9.13812938560780808e0,4.04716191115817026e-13,8.35051919336783612e1,-7.23332505003781989e-11
846,1.67256489944196460e2,1.77434981016232769e2,8.33998500499181858e1,1.35285492464698653e0,-3.32921913092804855e0,-9.87558402714990402e-1,1.00023186913707107e0,-8.93604858281013215e0,-8.64396081434671260e0,4.51803525147731477e-13,8.35010249536584723e1,-9.11768438527360559e-11
847,1.67902980543152864e2,1.78266549880897230e2,8.39588797364520616e1,1.33052430097753760e0,-3.33681738676572825e0,-9.87551378288215376e-1,1.00081551979335526e0,-8.91795674852858156e0,-8.14982755026570516e0,4.97645327723894582e-13,8.34970766253577068e1,-7.19211357136373408e-11
848,1.68609928715252977e2,1.79160342273871294e2,8.45807692776886171e1,1.30684494972014509e0,-3.34318126459454223e0,-9.87544822241896103e-1,1.00134434114453619e0,-8.90148454083122509e0,-7.65572775386560700e0,5.45143791219615537e-13,8.34933491006454886e1,-5.69997382626752369e-11
849,1.69379505919627206e2,1.80117594345628589e2,8.52679455153271846e1,1.28187303493425930e0,-3.34804503577835666e0,-9.87538736825820607e-1,1.00181770178118912e0,-8.88745346968843819e0,-7.16165955518222042e0,5.82056104703188026e-13,8.34898444194048182e1,-4.65689709017169662e-11
850,1.70212180447065492e2,1.81137601386401514e2,8.60212188723417341e1,1.25571741629268541e0,-3.35110704498233369e0,-9.87533124134490903e-1,1.00223541146527628e0,-8.87678900447885688e0,-6.66762105534835925e0,6.36476114868056442e-13,8.34865645069745170e1,-2.65032440438517369e-11
851,1.71105926728200473e2,1.82216896698439484e2,8.68390077392566866e1,1.22855292719654430e0,-3.35203110728040388e0,-9.87527986105140698e-1,1.00259788269622763e0,-8.87048840385083182e0,-6.17361032820688305e0,6.86990395126763076e-13,8.34835111717234355e1,-6.14193140791030601e-11
852,1.72055275618487883e2,1.83348277482493216e2,8.77164022775526604e1,1.20063425764692999e0,-3.35045170745479926e0,-9.87523324515888867e-1,1.00290630936296643e0,-8.86956145007721375e0,-5.67962542197206854e0,7.46259824768724656e-13,8.34806861027589804e1,-8.14708300822530873e-11
853,1.73050256750137919e2,1.84519734436541484e2,8.86441161089639991e1,1.17230912997293579e0,-3.34598486161187125e0,-9.87519140984043364e-1,1.00316284618329843e0,-8.87493598900068648e0,-5.18566436093677563e0,8.05900485234545272e-13,8.34780908677749096e1,-4.53326265414943919e-11
854,1.74075347813520125e2,1.85713406907843080e2,8.96074371242705183e1,1.14402873905952984e0,-3.33824686710262464e0,-9.87515436964549798e-1,1.00337076229934130e0,-8.88732254140911415e0,-4.69172514722244305e0,8.64553220680797097e-13,8.34757269110516944e1,-3.98614474761416204e-11
855,1.75108628715895804e2,1.86904769241706845e2,9.05853708553095913e1,1.11635263468865475e0,-3.32688320425270190e0,-9.87512213748592216e-1,1.00353453192679720e0,-8.90703925991011580e0,-4.19780576256912052e0,9.14946937657923343e-13,8.34735955515987058e1,-1.49924517245381139e-11
856,1.76121425416523437e2,1.88062340195811743e2,9.15502563850512558e1,1.08994452416535226e0,-3.31160914404099183e0,-9.87509472462345439e-1,1.00365981783997027e0,-8.93381233425563615e0,-3.70390417016232210e0,9.76164895444275871e-13,8.34716979814591866e1,-4.25615098720300011e-11
857,1.77078784747833481e2,1.89148261116451891e2,9.24681921191925937e1,1.06555518200665000e0,-3.29226160937767265e0,-9.87507214065886374e-1,1.00375330463949086e0,-8.96658824583973768e0,-3.21001831649365421e0,1.05757373344839145e-12,8.34700352641661709e1,-7.80175923864590004e-12
858,1.77941096186275843e2,1.90120058072849787e2,9.33005860287040889e1,1.04398923075664474e0,-3.26885808184323956e0,-9.87505439352261205e-1,1.00382235319233715e0,-9.00341914114655317e0,-2.71614613325188836e0,1.18661872862413365e-12,8.34686083333644575e1,-7.02868874213891104e-11
859,1.78667016848292064e2,1.90933736151541893e2,9.40069900294590184e1,1.02605451724255481e0,-3.24165300814746837e0,-9.87504148946711235e-1,1.00387447777611194e0,-9.04149928633186484e0,-2.22228553924111116e0,1.33140623092414812e-12,8.34674179915957524e1,-6.48867626296123490e-11
860,1.79217544044007212e2,1.91548034086602371e2,9.45490725723721539e1,1.01249644719877185e0,-3.21117673228056244e0,-9.87503343306062820e-1,1.00391669000697981e0,-9.07741978894931911e0,-1.72843444232255083e0,1.81986934202904571e-12,8.34664649092746629e1,-1.55466750584309921e-11
861,1.79560673855886876e2,1.91929255002386725e2,9.48951838846307112e1,1.00392458121768846e0,-3.17823957811617541e0,-9.87503022718276724e-1,1.00395479790420183e0,-9.10765337569544364e0,-1.23459074137649760e0,3.05342017403904820e-12,8.34657496237993684e1,-6.04671868131845258e-11
862,1.79675732841481476e2,1.92055735253697378e2,9.50246203163222987e1,1.00074358814921083e0,-3.14388800202034258e0,-9.87503187302163132e-1,1.00399277845441337e0,-9.12918573494879126e0,-7.40752328280812722e-1,2.14356493438618706e-12,8.34652725386243901e1,-2.30784280574880540e-11
863,1.79556361021347811e2,1.91920907747037290e2,9.49305832350974867e1,1.00310295225761403e0,-3.10931211983660249e0,-9.87503837007257967e-1,1.00403234294982457e0,-9.14011670824134903e0,-2.46917089902350811e-1,3.00436328003466247e-12,8.34650339234097061e1,-8.99973429113742895e-11
864,1.79211374985143493e2,1.91534175675388212e2,9.46210702874216594e1,1.01087754601189794e0,3.20746465148886006e0,-9.87504971613864746e-1,1.00407278059436789e0,-9.14002773776218547e0,2.46917089902350811e-1,2.58986640964129541e-12,8.34650339127405800e1,-6.31388274996425025e-11
865,1.78663296654118454e2,1.90919381484982353e2,9.41174812466953199e1,1.02368415069969210e0,3.23897313367764372e0,-9.87506590733260414e-1,1.00411110597564490e0,-9.12998797558492647e0,7.40752328280812833e-1,2.23700910768377670e-12,8.34652725067094536e1,-8.13145106803858653e-11
866,1.77944973280072247e2,1.90111308005818046e2,9.34513489062876346e1,1.04092975873332816e0,3.26751249477367445e0,-9.87508693808063942e-1,1.00414246963427733e0,-9.11221635099506955e0,1.23459074137649738e0,2.72478808721783594e-12,8.34657495705931893e1,-4.43236558567150496e-11
867,1.77095169135960901e2,1.89151112282785220e2,9.26600535616244372e1,1.06187997471791684e0,3.29246542689526089e0,-9.87511280112768564e-1,1.00416074025462576e0,-9.08954456790360865e0,1.72843444232255083e0,1.67166817497885201e-12,8.34664648348491767e1,-6.13340489508118480e-11
868,1.76154121255140637e2,1.88081708062685408e2,9.17824917776191853e1,1.08573292900454454e0,3.31349115121733417e0,-9.87514348754434224e-1,1.00415914589801725e0,-9.06486788713866609e0,2.22228553924111116e0,1.26985997671996698e-12,8.34674178959859461e1,-2.82085466096759774e-11
869,1.75159844560448619e2,1.86943904140227204e2,9.08554691947680340e1,1.11168605023500455e0,3.33049512948124926e0,-9.87517898673543448e-1,1.00413087139223922e0,-9.04072460226854702e0,2.71614613325188836e0,1.11277133341136647e-12,8.34686082166191596e1,-2.98996383207850158e-11
870,1.74145599872680179e2,1.85773728403670560e2,8.99112239023578326e1,1.13898784185279078e0,3.34357743421486653e0,-9.87521928645013647e-1,1.00406953992325754e0,-9.01906051520072261e0,3.21001831649365377e0,1.04374885470659429e-12,8.34700351263563221e1,-3.57402996087330393e-11
871,1.73138574487920152e2,1.84600996513089513e2,8.89761309607670654e1,1.16697198444293249e0,3.35297525294824261e0,-9.87526437279368063e-1,1.00396954504396896e0,-9.00116291229251431e0,3.70390417016232165e0,9.63911676171713694e-13,8.34716978226600901e1,-4.50768311566207558e-11
872,1.72159577194259953e2,1.83448929618451388e2,8.80703959666717537e1,1.19507498134708245e0,3.35901012591593018e0,-9.87531423024059385e-1,1.00382623295730533e0,-8.98771242229402745e0,4.19780576256912052e0,8.80498798871975907e-13,8.34735953718975594e1,-5.76818592890049331e-11
873,1.71223442094884376e2,1.82334512978408441e2,8.72084401117187582e1,1.22284067679660646e0,3.36204519359074361e0,-9.87536884164949225e-1,1.00363595757869639e0,-8.97889669289743075e0,4.69172514722244216e0,8.34040735780972042e-13,8.34757267105537579e1,-2.13162820728030056e-11
874,1.70339836850618070e2,1.81269285621236833e2,8.63996801413982354e1,1.24991558683282866e0,3.36245372184685065e0,-9.87542818827935154e-1,1.00339604151862050e0,-8.97454236501687319e0,5.18566436093677474e0,7.80579594017449807e-13,8.34780906465938415e1,-3.71613850802532397e-11
875,1.69514231561329751e2,1.80260310683064802e2,8.56494656455960239e1,1.27603865585914944e0,3.36059785892111229e0,-9.87549224980723173e-1,1.00310467719077390e0,-8.97423854154349065e0,5.67962542197206766e0,7.22864476609963447e-13,8.34806858610185429e1,-5.86908299737842754e-11
876,1.68748862752906007e2,1.79311154510047430e2,8.49600123904307765e1,1.30102829877525084e0,3.35681561564279374e0,-9.87556100434746842e-1,1.00276079743769020e0,-8.97743897794875778e0,6.17361032820688393e0,6.85538431577370488e-13,8.34835109095627104e1,-4.10693701269337907e-11
877,1.68043597683208077e2,1.78422774303379924e2,8.43312393550004202e1,1.32476875428513829e0,3.35141392809938798e0,-9.87563442847223083e-1,1.00236393775454502e0,-8.98353955700368445e0,6.66762105534836014e0,6.30551166835857657e-13,8.34865642245375597e1,-3.41486838806304149e-11
878,1.67396657165188458e2,1.77594268296898150e2,8.37614687514515168e1,1.34719703957639325e0,3.34466593167126369e0,-9.87571249723347533e-1,1.00191410474540255e0,-8.99193275015177207e0,7.16165955518222130e0,5.85134371511308871e-13,8.34898441168501790e1,-2.57784904533764347e-11
879,1.66805189468885914e2,1.76823478027743135e2,8.32479817573274943e1,1.36829122658029911e0,3.33681097630825407e0,-9.87579518418617242e-1,1.00141165914889507e0,-9.00204298879201481e0,7.65572775386560700e0,5.34470037671930243e-13,8.34933487781406001e1,-8.95425955604878254e-11
880,1.66265707096191477e2,1.76107452525356138e2,8.27874413929813500e1,1.38806035773040004e0,3.32805630509413630e0,-9.87588246141286930e-1,1.00085721708135922e0,-9.01334736744905918e0,8.14982755026570516e0,4.99390459540727250e-13,8.34970762830833024e1,-2.95727886623353697e-11
881,1.65774406897872097e2,1.75442793724002371e2,8.23762024028004731e1,1.40653605811789317e0,3.31857964523006777e0,-9.87597429954944483e-1,1.00025157001612497e0,-9.02538573444241798e0,8.64396081434671082e0,4.49730530593939193e-13,8.35010245918033860e1,-6.20445916865719482e-11
882,1.65327396145742455e2,1.74825905129391543e2,8.20105300727318820e1,1.42376574686347990e0,3.30853221074482695e0,-9.87607066781206799e-1,9.99595622166452369e-1,-9.03776351923885102e0,9.13812938560780808e0,4.08402478502267741e-13,8.35051915524430370e1,-2.94306801151833497e-11
883,1.64920845783744369e2,1.74253164774895595e2,8.16867485600961913e1,1.43980727128441588e0,3.29804179735077563e0,-9.87617153402531311e-1,9.98890343018560722e-1,-9.05014988271339860e0,9.63233507157446134e0,3.67417901658839696e-13,8.35095749038362243e1,-9.60369561653351411e-11
884,1.64551089091003860e2,1.73721040760518349e2,8.14013364035045726e1,1.45472475713009031e0,3.28721577590061065e0,-9.87627686465133547e-1,9.98136732457860165e-1,-9.06227308957631017e0,1.01265796463452915e1,3.28539279115247496e-13,8.35141722783129694e1,-4.37267999586765654e-11
885,1.64214680578043243e2,1.73226164398882219e2,8.11509835673699342e1,1.46858546755291486e0,3.27614387590592626e0,-9.87638662482013263e-1,9.97335795996575070e-1,-9.07391443863233604e0,1.06208648491967015e1,2.91870694280049747e-13,8.35189812046156845e1,-1.26760824059601873e-11
886,1.63908426687277000e2,1.72765372813028819e2,8.09326212222389927e1,1.48145747928713312e0,3.26490070623612239e0,-9.87650077836074169e-1,9.96488527869961560e-1,-9.08490165068474731e0,1.11151923832470612e1,2.65339833438460460e-13,8.35239991109112196e1,-7.81454900788958184e-11
887,1.63629397071532253e2,1.72335730057237896e2,8.07434327501998581e1,1.49340800796918272e0,3.25354799543557505e0,-9.87661928783342802e-1,9.95595900105969989e-1,-9.09510229102124690e0,1.16095639141823508e1,2.25864466019132237e-13,8.35292233279117227e1,-7.02868874213891104e-11
888,1.63374922938533814e2,1.71934533541426049e2,8.05808522500910698e1,1.50450224028209689e0,3.24213655560381531e0,-9.87674211456271212e-1,9.94658856021151005e-1,-9.10441757264810292e0,1.21039810690446643e1,1.96953564568502770e-13,8.35346510920981302e1,-5.97566440774244256e-11
889,1.63142587155590434e2,1.71559310725157701e2,8.04425550805083560e1,1.51480255554327314e0,3.23070798610806076e0,-9.87686921867126033e-1,9.93678306916016107e-1,-9.11277672691360685e0,1.25984454350852708e1,1.82354131794681962e-13,8.35402795490067831e1,-6.86810608385712840e-11
890,1.62930209445761193e2,1.71207809655866868e2,8.03264436597302449e1,1.52436804188269681e0,3.21929613974882933e0,-9.87700055911450381e-1,9.92655131020887760e-1,-9.12013202170370008e0,1.30929585586832573e1,1.54657536777236260e-13,8.35461057566108849e1,-1.60724766828934662e-11
891,1.62735828987977499e2,1.70877985876065111e2,8.02306307563018777e1,1.53325423163772379e0,3.20792837654230123e0,-9.87713609371601797e-1,9.91590173972913491e-1,-9.12645443927039679e0,1.35875219443310105e1,1.35922523236686743e-13,8.35521266887831473e1,-1.19939613796304911e-11
892,1.62557685987669856e2,1.70567987447965606e2,8.01534217829231324e1,1.54151299691697052e0,3.19662663048496531e0,-9.87727577920352817e-1,9.90484250288842571e-1,-9.13172998457016938e0,1.40821370536871875e1,1.14817877427952908e-13,8.35583392387989079e1,-3.93356458516791463e-11
893,1.62394203250391570e2,1.70276139281740512e2,8.00932970902723866e1,1.54919255965510949e0,3.18540831350344744e0,-9.87741957124551928e-1,9.89338145443178330e-1,-9.13595657222401947e0,1.45768053046983397e1,1.04471986617227230e-13,8.35647402229248257e1,-9.39621713769156486e-11
894,1.62243968408985779e2,1.70000927546541789e2,8.00488948884726597e1,1.55633758124444332e0,3.17428707888541561e0,-9.87756742448840153e-1,9.88152618271635586e-1,-9.13914142965505860e0,1.50715280707893502e1,8.12613865086575515e-14,8.35713263840349470e1,-5.20259391123545356e-11
895,1.62105717191298595e2,1.69740984658029618e2,8.00189951695079458e1,1.56298930536312586e0,3.16327346425451372e0,-9.87771929259414483e-1,9.86928403504217955e-1,-9.14129895121744696e0,1.55663066801232866e1,6.90697499194925513e-14,8.35780943953027560e1,-7.85576048656366765e-11
896,1.62593438308387761e2,1.70640232159927479e2,8.01054400957214483e1,1.54149409624300571e0,-3.18438359358401213e0,-9.87695993286455298e-1,9.87666906296054692e-1,-8.63570810445522596e0,-1.55659412048130701e1,8.57855453340050644e-14,7.47833146855679445e1,-5.45412603969452903e-11
897,1.62779977366329433e2,1.70964258433538305e2,8.01742601412446163e1,1.53332341597372945e0,-3.19638060003063940e0,-9.87682701926368201e-1,9.88897361499366800e-1,-8.62893261855389859e0,-1.50711721814357755e1,9.25301502086028904e-14,7.47772386881547249e1,-4.55457893622224219e-11
898,1.62984636273676671e2,1.71310560693603861e2,8.02633031333532898e1,1.52449490841911461e0,-3.20852331197120222e0,-9.87669833358468141e-1,9.90088004087869566e-1,-8.62066829901082876e0,-1.45764591816541511e1,1.11716191852906377e-13,7.47713259041402694e1,-4.62847538074129261e-11
899,1.63209577912542642e2,1.71681456274135826e2,8.03746740242086730e1,1.51494850482239207e0,-3.22079831735264710e0,-9.87657391742729707e-1,9.91237879750947570e-1,-8.61085945678406794e0,-1.40818008736837381e1,1.21951060361169539e-13,7.47655793237512114e1,-2.64321897702757269e-12
900,1.63457255337582012e2,1.72079550827290518e2,8.05107640928535631e1,1.50461880369066381e0,-3.23318756234412819e0,-9.87645381123728239e-1,9.92345972763036599e-1,-8.59945753386822531e0,-1.35871958802785358e1,1.50563589373930995e-13,7.47600018746152841e1,-4.00461885874392465e-11
901,1.63730450178781297e2,1.72507773679180843e2,8.06742897929813836e1,1.49343487921381679e0,-3.24566728478486866e0,-9.87633805427131750e-1,9.93411197969789939e-1,-8.58642472508965682e0,-1.30926427794733211e1,1.69239622316297300e-13,7.47545964184302107e1,-4.07993638873449527e-11
902,1.64032314215760863e2,1.72969415376427918e2,8.08683350604180617e1,1.48132021336224651e0,-3.25820672535455547e0,-9.87622668456266450e-1,9.94432392563855183e-1,-8.57173864275126185e0,-1.25981401053957995e1,1.95069654873591958e-13,7.47493657477271540e1,-2.22968310481519438e-11
903,1.64366413181920819e2,1.73468166216011696e2,8.10963962405757428e1,1.46819281414277181e0,-3.27076657456674980e0,-9.87611973888759875e-1,9.95408308091782157e-1,-8.55539825994580383e0,-1.21036863491479583e1,2.20937851347358105e-13,7.47443125826299024e1,-4.73221462016226724e-12
904,1.64736771023807194e2,1.74008153654526780e2,8.13624279935173718e1,1.45396560396700347e0,-3.28329710786909423e0,-9.87601725273274722e-1,9.96337603393278370e-1,-8.53743140041291504e0,-1.16092799597563285e1,2.48929349355719864e-13,7.47394395677009840e1,-9.90496573649579659e-12
905,1.65147911571799909e2,1.74593975149655677e2,8.16708873028022140e1,1.43854718932509562e0,-3.29573595569654643e0,-9.87591926026326838e-1,9.97218839538286828e-1,-8.51790406676308542e0,-1.11149193451903123e1,2.80445805467266496e-13,7.47347492688332693e1,-7.05568936609779485e-11
906,1.65604892692153896e2,1.75230721017703019e2,8.20267708741406096e1,1.42184315676196538e0,-3.30800545119522349e0,-9.87582579429205909e-1,9.98050478329334911e-1,-8.49693190434147638e0,-1.06206028734475328e1,3.18661763643035556e-13,7.47302441702056655e1,-6.27977669864776544e-11
907,1.66113325244851609e2,1.75923979058408037e2,8.24356385184321994e1,1.40375808092127774e0,-3.32000949709018123e0,-9.87573688624993618e-1,9.98830886608770174e-1,-8.47469406789893753e0,-1.01263288737053809e1,3.54622581300034767e-13,7.47259266713150652e1,-5.51949597138445824e-11
908,1.66679365258108078e2,1.76679808703320390e2,8.29036112610207567e1,1.38419847767351567e0,-3.33162989742439919e0,-9.87565256615690723e-1,9.99558349481045494e-1,-8.45144966556803290e0,-9.63209563753723330e0,4.03829747419592877e-13,7.47217990840845658e1,-1.34292577058658935e-11
909,1.67309662306530385e2,1.77504666963136657e2,8.34373275582186835e1,1.36307698691900181e0,-3.34272211396994479e0,-9.87557286259455047e-1,1.00023109663806786e0,-8.42755675767918255e0,-9.13790142019207074e0,4.35590799541252238e-13,7.47178636300545804e1,-3.72040176443988457e-11
910,1.68011239799269447e2,1.78405261167272954e2,8.40438337776480466e1,1.34031812056615518e0,-3.35311043797710795e0,-9.87549780267956701e-1,1.00084734722484536e0,-8.40349352410554040e0,-8.64374444193582647e0,4.82447415350861775e-13,7.47141224376718185e1,-9.02957708603935316e-11
911,1.68791273571734337e2,1.79388294280562121e2,8.47303758175031589e1,1.31586595186215982e0,-3.36258262679915099e0,-9.87542741203854768e-1,1.00140537998008772e0,-8.37988059222243997e0,-8.14962288945271141e0,5.24092921838636983e-13,7.47105775396545653e1,-7.26174675946822390e-12
912,1.69656724074974989e2,1.80460057767747230e2,8.55040476167961572e1,1.28969413631639518e0,-3.37088415941682218e0,-9.87536171478399671e-1,1.00190363646124925e0,-8.35750251259944577e0,-7.65553491730457480e0,5.85316517476286435e-13,7.47072308704861996e1,-1.53335122377029620e-11
913,1.70613765782254319e2,1.81625815872289451e2,8.63712405062617563e1,1.26181861594182698e0,-3.37771244193482811e0,-9.87530073349166648e-1,1.00234086551181534e0,-8.33732482053855328e0,-7.16147864944617574e0,6.26566507011538931e-13,7.47040842639852229e1,-5.39728262083372101e-11
914,1.71666948212036800e2,1.82888916942384867e2,8.73368278229959856e1,1.23231322915794084e0,-3.38271158303741926e0,-9.87524448917922015e-1,1.00271631593367050e0,-8.32050085229041159e0,-6.66745218079413604e0,6.73742311940728200e-13,7.47011394510193298e1,-8.46540615384583361e-11
915,1.72818022233488989e2,1.84249568245255688e2,8.84030178907671740e1,1.20132817621233201e0,-3.38546881292378510e0,-9.87519300128629651e-1,1.00302998041386493e0,-8.30835937060206753e0,-6.17345357884714918e0,7.27070313677469215e-13,7.46983980573123745e1,-6.10924644206534140e-11
916,1.74064383526418425e2,1.85703231109534670e2,8.95678256763320491e1,1.16911080964603764e0,-3.38551429756707911e0,-9.87514628765599256e-1,1.00328288569025537e0,-8.30236018909381102e0,-5.67948088535487905e0,7.96809666858688814e-13,7.46958616013839105e1,-5.79092329644481651e-11
917,1.75397137726633076e2,1.87238648698460310e2,9.08231645599601194e1,1.13602746222961937e0,-3.38232704610517443e0,-9.87510436451778495e-1,1.00347741041289540e0,-8.30400102710150811e0,-5.18553211803283176e0,8.41028635623075616e-13,7.46935314926109015e1,-4.10125267080729827e-11
918,1.76798897644113737e2,1.88835627662205582e2,9.21526633989768982e1,1.10258393846342373e0,-3.37535078496552687e0,-9.87506724647195466e-1,1.00361759281866414e0,-8.31465660009173924e0,-4.69160527232045244e0,9.09064056670016996e-13,7.46914090294321511e1,-3.85824705517734401e-11
919,1.78241596255456415e2,1.90462870824696779e2,9.35294848375459793e1,1.06944088575480656e0,-3.36402483115125417e0,-9.87503494647551938e-1,1.00370936713626224e0,-8.33533425099777325e0,-4.19769832317934277e0,9.64244743079101241e-13,7.46894953976684661e1,-1.71098690771032125e-11
920,1.79684832699513635e2,1.92076392352269863e2,9.49146519635587254e1,1.03741866514585768e0,-3.34783547992900532e0,-9.87500747582971794e-1,1.00376064635047402e0,-8.36634552980828339e0,-3.70380922692866488e0,1.02687216368968492e-12,7.46877916690030332e1,-7.62554464017739519e-11
921,1.81075507447499149e2,1.93619283011521816e2,9.62566283621056300e1,1.00748494304820824e0,-3.32639195152939360e0,-9.87498484416903799e-1,1.00378115986673055e0,-8.40692751838055408e0,-3.20993592311443443e0,1.10252128607268851e-12,7.46862987995867513e1,-3.54702933691442013e-11
922,1.82349622377927489e2,1.95023704879001031e2,9.74930184542295990e1,9.80717794296449230e-1,-3.29952568702838445e0,-9.87496705945186126e-1,1.00378197075644193e0,-8.45490436589267524e0,-2.71607633640946622e0,1.19425975185494249e-12,7.46850176288010488e1,-7.65538743507931940e-11
923,1.83436939570677879e2,1.96215799994555596e2,9.85550806408263469e1,9.58238855367735676e-1,-3.26740125122526992e0,-9.87495412795268201e-1,1.00377464870938615e0,-8.50654488394293828e0,-2.22222837854058231e0,1.39258244692685995e-12,7.46839488781709804e1,-1.66693325809319504e-11
924,1.84268557567751401e2,1.97123546597048744e2,9.93751241758469916e1,9.41116354912040931e-1,-3.23061234888842197e0,-9.87494605425598193e-1,1.00377015989465268e0,-8.55680297680281754e0,-1.72838995023960962e0,1.86425245900234682e-12,7.46830931504223372e1,-7.91260390542447567e-11
925,1.84786416825006768e2,1.97686535834600960e2,9.98958304035437408e1,9.30247171177080778e-1,-3.19022389871233392e0,-9.87494284125167598e-1,1.00377763305014667e0,-8.60005806737027712e0,-1.23455894321461845e0,3.15152474971748531e-12,7.46824509287040570e1,-1.80051529241609387e-11
926,1.84952655803351831e2,1.97865545720209639e2,1.00079461800292492e2,9.26238400073016499e-1,-3.14772241527968344e0,-9.87494449013228026e-1,1.00380323481236977e0,-8.63126643779855662e0,-7.40733242137838421e-1,2.18628240511442584e-12,7.46820225757366103e1,-9.13900066734640859e-11
927,1.84756221567123674e2,1.97649277301514530e2,9.99144052655956898e1,9.29316830907719882e-1,-3.10486160665695987e0,-9.87495100039164853e-1,1.00384939780909299e0,-8.64716725210684167e0,-2.46910726646571960e-1,2.76407994833727331e-12,7.46818083339454972e1,-8.82778294908348471e-11
928,1.84214679483623684e2,1.97056175449975484e2,9.94170199864821598e1,9.39292601525183346e-1,3.21975262626714720e0,-9.87496236982540077e-1,1.00391457529461658e0,-8.64705407312417407e0,2.46910726646571932e-1,2.94459313872439277e-12,7.46818083244041730e1,-1.28608235172578134e-11
929,1.83370680275080929e2,1.96130792933133108e2,9.86282440359318286e1,9.55588847730531321e-1,3.25816009449813571e0,-9.87497859453298821e-1,1.00399356580688570e0,-8.63278196959526056e0,7.40733242137838421e-1,2.38702563574652582e-12,7.46820225470877403e1,-7.02300440025283024e-11
930,1.82284308763924287e2,1.94935944060025520e2,9.76061502250599915e1,9.77328336288058375e-1,3.29233657158010296e0,-9.87499966892139480e-1,1.00407830964888611e0,-8.60805739437949313e0,1.23455894321461845e0,2.63254468137880115e-12,7.46824508809194612e1,-5.44417844139388762e-11
931,1.81023671421509675e2,1.93543041486332839e2,9.64167585697209830e1,1.00345181671093764e0,3.32153083797037185e0,-9.87502558571049183e-1,1.00415895909431296e0,-8.57737954993521790e0,1.72838995023960962e0,1.65218359826635464e-12,7.46830930835910749e1,-6.42756958768586628e-11
932,1.79656139776613941e2,1.92023074201819668e2,9.51254759590274546e1,1.03283863705881984e0,3.34543186322942043e0,-9.87505633593998344e-1,1.00422499549688027e0,-8.54506192948108456e0,2.22222837854058231e0,1.32149011785459569e-12,7.46839487923230081e1,-8.73257022249163128e-11
933,1.78241870171856419e2,1.90439883041398275e2,9.37907544464190579e1,1.06440718411987678e0,3.36408735403244430e0,-9.87509190897803535e-1,1.00426620439340342e0,-8.51459511869874142e0,2.71607633640946577e0,1.11524309752419892e-12,7.46850175239751763e1,-4.59721150036784820e-11
934,1.76830145264855901e2,1.88846303488478839e2,9.24605056803953005e1,1.09718447069420533e0,3.37779813867303558e0,-9.87513229253140112e-1,1.00427339562382967e0,-8.48839276580575408e0,3.20993592311443443e0,1.04375232415354624e-12,7.46862986758454781e1,-9.04805119716911577e-11
935,1.75458231422915787e2,1.87282880882404157e2,9.11709741058115668e1,1.13034449288373362e0,3.38701757948524484e0,-9.87517747265722834e-1,1.00423883566951289e0,-8.46782419818760701e0,3.70380922692866443e0,9.91580515613543767e-13,7.46877915264164329e1,-2.03783656615996733e-11
936,1.74152021434838900e2,1.85778426896372281e2,8.99473549817891325e1,1.16322103556293954e0,3.39227086723887972e0,-9.87522743377634238e-1,1.00415642034304375e0,-8.45340157199108688e0,4.19769832317934188e0,9.44143634801219989e-13,7.46894952363186206e1,-2.70574673777446151e-11
937,1.72927678196968259e2,1.84351624803651191e2,8.88053904627050201e1,1.19530264322200308e0,3.39409778825059938e0,-9.87528215868812231e-1,1.00402164906810709e0,-8.44501545657503527e0,4.69160527232045066e0,8.85522991739273735e-13,7.46914088494092141e1,-7.03153091308195144e-11
938,1.71793650723086074e2,1.83013043311707492e2,8.77533294404715178e1,1.22621697609143587e0,3.39301632556614496e0,-9.87534162858682230e-1,1.00383147041445175e0,-8.44215564115473960e0,5.18553211803283265e0,8.33047172910106326e-13,7.46935312940173901e1,-3.01270119962282479e-12
939,1.70752651845349362e2,1.81767136528645352e2,8.67938502153648983e1,1.25571017293095943e0,3.38950220580542183e0,-9.87540582307942172e-1,1.00358406082696527e0,-8.44408955078600698e0,5.67948088535487905e0,7.81541498184878947e-13,7.46958613843309394e1,-2.87911916529992595e-11
940,1.69803380529619631e2,1.80614002831964797e2,8.59257343245937477e1,1.28362506579889102e0,3.38397950138706083e0,-9.87547472020487871e-1,1.00327858336232967e0,-8.44999272983295846e0,6.17345357884714918e0,7.20438465828809882e-13,7.46983978219232512e1,-2.28652652367600240e-11
941,1.68941909049551498e2,1.79550815126351523e2,8.51452139774252856e1,1.30988057841385408e0,3.37681831301656121e0,-9.87554829645480359e-1,1.00291495708414802e0,-8.45903665470735433e0,6.66745218079413604e0,6.74615745210882523e-13,7.47011391974269117e1,-8.60183035911177285e-11
942,1.68162737158364280e2,1.78572919265799726e2,8.44469954089149297e1,1.33445351931833556e0,3.36833664353317941e0,-9.87562652679549458e-1,1.00249365405626656e0,-8.47044287795428019e0,7.16147864944617485e0,6.27924795493228771e-13,7.47040839923299984e1,-6.49293951937579550e-11
943,1.67459555613350972e2,1.77674639646292263e2,8.38249995916285258e1,1.35736323168150297e0,3.35880451270857527e0,-9.87570938469131687e-1,1.00201553084511552e0,-8.48351261197402451e0,7.65553491730457392e0,5.84676404513650994e-13,7.47072305809206085e1,-4.86721773995668627e-11
944,1.66825775106471298e2,1.76849846191394505e2,8.32728749981585850e1,1.37865910521380397e0,3.34844906881656446e0,-9.87579684212933961e-1,1.00148169497855055e0,-8.49763947106706219e0,8.14962288945270963e0,5.26858071059344013e-13,7.47105772323404977e1,-4.83169060316868126e-11
945,1.66254875827455635e2,1.76092337174888371e2,8.27843362192542429e1,1.39841070760591091e0,3.33745994389486667e0,-9.87588886964523405e-1,1.00089340318999542e0,-8.51231132930844581e0,8.64374444193582470e0,4.85569917607620027e-13,7.47141221127773321e1,-1.05160324892494828e-12
946,1.65740625453901430e2,1.75396085560939923e2,8.23533749461958564e1,1.41670018166644285e0,3.32599442376105703e0,-9.87598543635036408e-1,1.00025198665459936e0,-8.52710562065261435e0,9.13790142019207252e0,4.34294961104697563e-13,7.47178632877594566e1,-5.19548848387785256e-11
947,1.65277203941234177e2,1.74755387509089473e2,8.19743806184413728e1,1.43361652647785109e0,3.31418220955041987e0,-9.87608650996001702e-1,9.99558798057475606e-1,-8.54168107865242199e0,9.63209563753723153e0,3.91613824701764202e-13,7.47217987245756348e1,-2.19841922444174998e-11
948,1.64859264424011457e2,1.74164942827050737e2,8.16421992012054432e1,1.44925139952975979e0,3.30212967362336096e0,-9.87619205682273904e-1,9.98815175665467181e-1,-8.55576790471440951e0,1.01263288737053809e1,3.43860356855074656e-13,7.47259262947891898e1,-4.97664132126374170e-11
949,1.64481951807173289e2,1.73619889495884223e2,8.13521510284670342e1,1.46369611804066113e0,3.28992358707914834e0,-9.87630204195070971e-1,9.98022420230728624e-1,-8.56915762400638670e0,1.06206028734475346e1,3.17509907254986956e-13,7.47302437768697558e1,-9.16600129130529240e-11
950,1.64140894482870806e2,1.73115808250547275e2,8.11000226732677305e1,1.47703958695835036e0,3.27763433783316849e0,-9.87641642905111805e-1,9.97181781305798931e-1,-8.58169337896793749e0,1.11149193451903141e1,2.81885625952327246e-13,7.47347488588986124e1,-7.29301063984166831e-11
951,1.63832179932279530e2,1.72648708484095437e2,8.08820432649404637e1,1.48936693020133459e0,3.26531867971308021e0,-9.87653518055847113e-1,9.96294450271610565e-1,-8.59326106670837042e0,1.16092799597563285e1,2.51892257052688251e-13,7.47394391413871801e1,-8.14708300822530873e-11
952,1.63552321532293263e2,1.72215003247260569e2,8.06948523353087950e1,1.50075864634515055e0,3.25302206231746238e0,-9.87665825766779415e-1,9.95361558011040981e-1,-8.60378150243393591e0,1.21036863491479565e1,2.16559409293992644e-13,7.47443121401639843e1,-2.05631067728972994e-11
953,1.63298221419983577e2,1.71811478585512049e2,8.05354638843745221e1,1.51129014842451737e0,3.24078059351177350e0,-9.87678562036866547e-1,9.94384175683709071e-1,-8.61320365076308292e0,1.25981401053957995e1,1.92099808282719664e-13,7.47493652893460165e1,-1.05018216345342807e-11
954,1.63067132529010280e2,1.71435260655918455e2,8.04012296719923967e1,1.52103157949007306e0,3.22862268454755563e0,-9.87691722747999878e-1,9.93363317472924168e-1,-8.62149888379975771e0,1.30926427794733193e1,1.67119790228653642e-13,7.47545959443754100e1,-4.15809608966810629e-11
955,1.62856621717441385e2,1.71083782815791892e2,8.02898035860278867e1,1.53004782142431894e0,3.21657042383838121e0,-9.87705303668559020e-1,9.92299944497350705e-1,-8.62865617995002410e0,1.35871958802785340e1,1.48811518663194420e-13,7.47600013851344301e1,-3.51860762748401612e-11
956,1.62664535094026604e2,1.70754754013869444e2,8.01991081520941123e1,1.53839863504564001e0,3.20464072056390847e0,-9.87719300457026828e-1,9.91194969322135910e-1,-8.63467815717742582e0,1.40818008736837399e1,1.29916910562855037e-13,7.47655788191021884e1,-7.27595761418342590e-11
957,1.62488966111365869e2,1.70446129234576262e2,8.01273037298465454e1,1.54613888555300916e0,3.19284625420045565e0,-9.87733708665669230e-1,9.90049260683824928e-1,-8.63957782937792373e0,1.45764591816541547e1,1.07802655691102700e-13,7.47713253845779633e1,-2.88338242171448655e-11
958,1.62328226648410379e2,1.70156082365111729e2,8.00727606070530982e1,1.55331881970653374e0,3.18119626118734544e0,-9.87748523744267137e-1,9.88863648174419518e-1,-8.64337597851594097e0,1.50711721814357773e1,9.97396609747625007e-14,7.47772381539503215e1,-2.07194261747645214e-11
959,1.62180821083322257e2,1.69882981604885771e2,8.00340339893625128e1,1.55998437054697892e0,3.16969718541920908e0,-9.87763741043896637e-1,9.87638926722918531e-1,-8.64609904397638118e0,1.55659412048130719e1,8.01927968474558384e-14,7.47833141369929990e1,-8.74251782079227269e-11
960,1.62697340556189005e2,1.70821857481016423e2,8.01414954103576633e1,1.53886405287699501e0,-3.19228156918219330e0,-9.87688117716436054e-1,9.88342002576065859e-1,-8.13824418898024504e0,-1.55655949252121495e1,8.50292058984791765e-14,6.64778821162058762e1,-9.12336872715968639e-11
961,1.62898032666656036e2,1.71165227417055235e2,8.02231647279129589e1,1.53064820189546169e0,-3.20493533915845452e0,-9.87674800801375263e-1,9.89572589059964702e-1,-8.13059231074337063e0,-1.50708349818849925e1,1.06650799303054100e-13,6.64724639185066337e1,-4.19504431192763150e-11
962,1.63119199205499228e2,1.71533708319704346e2,8.03272631043082299e1,1.52174017851589838e0,-3.21780012059288145e0,-9.87661907437304531e-1,9.90762809260404165e-1,-8.12132497640128292e0,-1.45761312332330064e1,1.19022847133720688e-13,6.64671912286507336e1,-5.53797008251422085e-11
963,1.63363462020291081e2,1.71930131759996357e2,8.04563328472108878e1,1.51207189304502121e0,-3.23086955843258439e0,-9.87649441797283312e-1,9.91911607975921594e-1,-8.11035712891561289e0,-1.40814823440393315e1,1.41848338630623516e-13,6.64620667161494936e1,-2.11741735256509855e-11
964,1.63633834271996136e2,1.72357725871767940e2,8.06133002763754547e1,1.50156826815389355e0,-3.24413335258510482e0,-9.87637407938656287e-1,9.93017846911280366e-1,-8.09760595083926660e0,-1.35868869334359399e1,1.61967661505002525e-13,6.64570929946574154e1,-9.28253029996994883e-11
965,1.63933783129517849e2,1.72820175860754262e2,8.08015382998397627e1,1.49014672544295057e0,-3.25757621142258236e0,-9.87625809799527965e-1,9.94080291796903603e-1,-8.08299392126494354e0,-1.30923435756479805e1,1.83398435327220000e-13,6.64522726190176911e1,-1.50066625792533159e-11
966,1.64267301695895270e2,1.73321692804551503e2,8.10249384332130660e1,1.47771674272046893e0,-3.27117655899078885e0,-9.87614651195314552e-1,9.95097598264424787e-1,-8.06645296274374246e0,-1.25978508008083683e1,2.12659750919996782e-13,6.64476080823549893e1,-4.84021711599780247e-11
967,1.64638990654702980e2,1.73867090928207318e2,8.12879928531719145e1,1.46417954140312667e0,-3.28490494083436069e0,-9.87603935815372758e-1,9.96068296763274130e-1,-8.04792998640760793e0,-1.21034070958419022e1,2.34926661457635078e-13,6.64431018131839295e1,-5.14717157784616575e-11
968,1.65054149530674437e2,1.74461872856297788e2,8.15958865198296053e1,1.44942798834618092e0,-3.29872206202892926e0,-9.87593667219717086e-1,9.96990777086523616e-1,-8.02739421419819976e0,-1.16090109054187405e1,2.74429784452578929e-13,6.64387561725989286e1,-5.62749846721999347e-12
969,1.65518876362670596e2,1.75112321134174920e2,8.19545983579354100e1,1.43334682966587490e0,-3.31257637786800130e0,-9.87583848835827061e-1,9.97863273502431203e-1,-8.00484673595238050e0,-1.11146606329761823e1,3.01706576388838243e-13,6.64345734514742503e1,-2.25952589971711859e-11
970,1.66040172727840286e2,1.75825592313737218e2,8.23710086948204747e1,1.41581341776766823e0,-3.32640114279254728e0,-9.87574483955551252e-1,9.98683852125490823e-1,-7.98033284132956489e0,-1.06203546418079711e1,3.40661526765373424e-13,6.64305558677683052e1,-1.11128883872879669e-11
971,1.66626048002383698e2,1.76609806680568795e2,8.28530071869727180e1,1.39669914896236613e0,-3.34011080694419382e0,-9.87565575732114564e-1,9.99450403080262562e-1,-7.95395774193032778e0,-1.01260912562200414e1,3.85209225628457830e-13,6.64267055638523658e1,-6.42046416032826528e-11
972,1.67285611879279941e2,1.77474121645479045e2,8.34095907137859314e1,1.37587189946783139e0,-3.35359663318726531e0,-9.87557127177230210e-1,1.00016064130393523e0,-7.92590634786754755e0,-9.63186876275130643e0,4.27279739367847355e-13,6.64230246039330154e1,-2.34763319895137101e-11
973,1.68029136630576318e2,1.78428769090647592e2,8.40509333227346644e1,1.35319983278223721e0,-3.36672139284763272e0,-9.87549141158326815e-1,1.00081212158979116e0,-7.89646774993745293e0,-9.13768541145828195e0,4.70949668152087497e-13,6.64195149715435917e1,-5.62465629627695307e-11
974,1.68868059224072908e2,1.79485025399649288e2,8.47883990978831719e1,1.32855704933051877e0,-3.37931299030929688e0,-9.87541620395892328e-1,1.00140227575819085e0,-7.86606492150543168e0,-8.64353941726166397e0,5.16996168098415865e-13,6.64161785671120271e1,-8.16982037576963194e-11
975,1.69814876763299537e2,1.80655066149488903e2,8.56344523670854016e1,1.30183165295130676e0,-3.39115687398287147e0,-9.87534567460937041e-1,1.00192848263372314e0,-7.83528978795464681e0,-8.14942896135330486e0,5.61250698694060191e-13,6.64130172056153185e1,-1.00186525742174126e-11
976,1.70882865293580295e2,1.81951634078523142e2,8.66023964190919315e1,1.27293690288543115e0,-3.40198713107759065e0,-9.87527984772586853e-1,1.00238818459417978e0,-7.80494304155569463e0,-7.65535219266149269e0,6.07092501270223295e-13,6.64100326143314419e1,-3.41202621712000109e-11
977,1.72085520845760982e2,1.83387418170136840e2,8.77058408614602314e1,1.24182617581458699e0,-3.41147626787915836e0,-9.87521874595805982e-1,1.00277906726235044e0,-7.77607662486167950e0,-7.16130722937247732e0,6.63691324120918580e-13,6.64072264306770990e1,-2.23110419028671458e-12
978,1.73435583638487117e2,1.84974004720603631e2,8.89577597850071555e1,1.20851243206682302e0,-3.41922390326959080e0,-9.87516239039253563e-1,1.00309932024694315e0,-7.75003423311965900e0,-6.66729216050595586e0,7.22571308342523366e-13,6.64046002001511084e1,-5.76250158701441251e-11
979,1.74943467298817666e2,1.86720224095079857e2,9.03689635110412013e1,1.17309268907227815e0,-3.42474505046929156e0,-9.87511080053280921e-1,1.00334799462531143e0,-7.72848087647674209e0,-6.17330504754216669e0,7.66259451723261265e-13,6.64021553743783954e1,-2.46984654950210825e-11
980,1.76614890020300692e2,1.88629695134149443e2,9.19457808354549826e1,1.13577754787608343e0,-3.42745949225653401e0,-9.87506399428071502e-1,1.00352546394904962e0,-7.71340573347251901e0,-5.67934392609783689e0,8.25907051082985788e-13,6.63998933092776440e1,-1.92557081390987150e-11
981,1.78447525356331823e2,1.90697394752135040e2,9.36867675310863177e1,1.09692495822222624e0,-3.42668520520876019e0,-9.87502198791924912e-1,1.00363397598458803e0,-7.70707260141564188e0,-5.18540680764850936e0,8.76715366970870491e-13,6.63978152633154366e1,-7.40953964850632474e-11
982,1.80426611547281368e2,1.92905207784784324e2,9.55783745940030229e1,1.05707598765081645e0,-3.42164114070296632e0,-9.87498479609691726e-1,1.00367824863029043e0,-7.71187962554619766e0,-4.69149168129418381e0,9.29321723741605155e-13,6.63959223959066236e1,-9.09352593225776218e-11
983,1.82519756038679702e2,1.95216716771047430e2,9.75898019709781863e1,1.01698823520692860e0,-3.41146809207192758e0,-9.87495243181362059e-1,1.00366601518267751e0,-7.73007819898953663e0,-4.19759651556544355e0,9.83825867995058445e-13,6.63942157659145522e1,-3.26565441355342045e-11
984,1.84671716568338923e2,1.97572041088922674e2,9.96678007260308902e1,9.77659639430129568e-1,-3.39528047736500271e0,-9.87492490640805909e-1,1.00360836882309989e0,-7.76330036667196310e0,-3.70371926026688847e0,1.04515398072213550e-12,6.63926963302853324e1,-3.55129259332898073e-11
985,1.86800719679894542e2,1.99884313469818466e2,1.01732958093467431e2,9.40331958056176975e-1,-3.37226479457796424e0,-9.87490222954672481e-1,1.00351971367032777e0,-7.81187633868920983e0,-3.20985784835468824e0,1.13510958445195431e-12,6.63913649428112507e1,-3.94635435441159643e-11
986,1.88798665020387489e2,2.02040158011639704e2,1.03679783102116758e2,9.06459928556540562e-1,-3.34183773175891385e0,-9.87488440921449828e-1,1.00341713232665986e0,-7.87402019652191321e0,-2.71601019784498732e0,1.24669328679938296e-12,6.63902223530156448e1,-5.82645043323282152e-11
987,1.90537804214946306e2,2.03906750001639807e2,1.05383157766374083e2,8.77631067063170178e-1,-3.30386099183971682e0,-9.87487145170682812e-1,1.00331906181459107e0,-7.94514087926038570e0,-2.22217421374966317e0,1.40518879084700066e-12,6.63892692051800282e1,-8.56488213685224764e-11
988,1.91885403414285861e2,2.05346925110847621e2,1.06712665119041986e2,8.55426029735512072e-1,-3.25887456203822223e0,-9.87486336162356926e-1,1.00324334343339872e0,-8.01774207662949401e0,-1.72834779003608241e0,1.80825048944760480e-12,6.63885060375133946e1,-7.78186404204461724e-11
989,1.92725072908314587e2,2.06240949947089632e2,1.07553525514196764e2,8.41225035263019838e-1,-3.20826221234942643e0,-9.87486014186444661e-1,1.00320494041142649e0,-8.08241407722125160e0,-1.23452881160717287e0,3.17824071097497218e-12,6.63879332814563270e1,-4.96669372296310030e-11
990,1.92979659474825326e2,2.06509766550649431e2,1.07829134661492446e2,8.35992555392870318e-1,-3.15423568852094016e0,-9.87486179362615069e-1,1.00321380851791409e0,-8.13002839612918571e0,-7.40715156298276778e-1,2.31603420523893849e-12,6.63875512608962595e1,-1.62572177941910923e-11
991,1.92628091419060240e2,2.06132032040538832e2,1.07517712437135430e2,8.40099348260369028e-1,-3.09956623543925147e0,-9.87486831640110863e-1,1.00327345057950046e0,-8.15443186689323163e0,-2.46904696887079667e-1,2.98074240088336533e-12,6.63873601923030208e1,-3.04964942188235000e-11
992,1.91709688922861858e2,2.05148431956969688e2,1.06656659122086609e2,8.53245822530806608e-1,3.23607186978038319e0,-9.87487970797790715e-1,1.00338053127183868e0,-8.15430596351936821e0,2.46904696887079694e-1,3.10161908634830341e-12,6.63873601837921541e1,-2.72848410531878471e-12
993,1.90314332643991293e2,2.03651667034342182e2,1.05333011018273311e2,8.74518943888154765e-1,3.28386049284229919e0,-9.87489596444335982e-1,1.00352562308279381e0,-8.13317592179181403e0,7.40715156298276778e-1,2.39226539511076808e-12,6.63875512353386483e1,-4.91695573145989329e-11
994,1.88562689009540520e2,2.01766353441697817e2,1.03664103760312443e2,9.02561003442229004e-1,3.32528834355045744e0,-9.87491708018622516e-1,1.00369483180796681e0,-8.09771666950827296e0,1.23452881160717287e0,2.58567486540774161e-12,6.63879332388351742e1,-5.41717781743500382e-11
995,1.86583849015894856e2,1.99626257121063787e2,1.01775667981638748e2,9.35788686386959112e-1,3.35950053345728117e0,-9.87494304790259347e-1,1.00387184756630865e0,-8.05545204092683242e0,1.72834779003608263e0,1.64548154832702687e-12,6.63885059779112936e1,-8.43556335894390941e-11
996,1.84496922161216048e2,1.97355473971618778e2,9.97837875241496022e1,9.72597741999911003e-1,3.38637010130754623e0,-9.87497385860287014e-1,1.00403994619344661e0,-8.01293897735030392e0,2.22217421374966317e0,1.30133881101612836e-12,6.63892691286125967e1,-1.86872739504906349e-11
997,1.82399839091579111e2,1.95056869299573236e2,9.77839203206902283e1,1.01151357177991064e0,3.40628624134620717e0,-9.87500950162040203e-1,1.00418359242747313e0,-7.97488229241286817e0,2.71601019784498687e0,1.15733724687094863e-12,6.63902222595237390e1,-4.37836433775373735e-11
998,1.80365291983426431e2,1.92807742979020389e2,9.58469146945488149e1,1.05127798061062028e0,3.41993833086079624e0,-9.87504996462171492e-1,1.00428948415429065e0,-7.94403978196237137e0,3.20985784835468868e0,1.07888697975511150e-12,6.63913648324505061e1,-2.50395260081859306e-11
999,1.78441838878083388e2,1.90660758257617573e2,9.40200845120263153e1,1.09088186260553077e0,3.42814516036941175e0,-9.87509523361832398e-1,1.00434704442996492e0,-7.92156193505879891e0,3.70371926026688802e0,1.02788567588052437e-12,6.63926962031182342e1,-4.58157956018112600e-11
1000,1.76657801447824170e2,1.88647754838282424e2,9.23310179670969546e1,1.12956064584397065e0,3.43174075870142570e0,-9.87514529298009980e-1,1.00434847214086576e0,-7.90746407880311253e0,4.19759651556544355e0,9.63788077124050346e-13,6.63942156220119131e1,-4.26751967097516172e-11
1001,1.75026070776675169e2,1.86784540556494989e2,9.07922721916417572e1,1.16676844672298796e0,3.43150838328874830e0,-9.87520012545019754e-1,1.00428849968176848e0,-7.90106135827120415e0,4.69149168129418292e0,9.22694646382504757e-13,6.63959222353515202e1,-5.09174924445687793e-11
1002,1.73548668029520059e2,1.85075485375998852e2,8.94058251674754842e1,1.20214289647916606e0,3.42814858763104757e0,-9.87525971216147824e-1,1.00416399630230702e0,-7.90130350027099215e0,5.18540680764850936e0,8.73290589148423280e-13,6.63978150861980367e1,-6.03108674113173038e-11
1003,1.72220527764830024e2,1.83517364935626830e2,8.81667654171078112e1,1.23546834993100862e0,3.42226862770811779e0,-9.87532403265440673e-1,1.00397352288898944e0,-7.90700490420440971e0,5.67934392609783689e0,8.13593116488764423e-13,6.63998931156969405e1,-1.14681597551680170e-11
1004,1.71032373808360717e2,1.82102308034462141e2,8.70660937503987356e1,1.26664180087981015e0,3.41438391718457979e0,-9.87539306489642388e-1,1.00371690641645239e0,-7.91698887325072143e0,6.17330504754216669e0,7.72515731939371619e-13,6.64021551644461852e1,-6.16466877545462921e-11
1005,1.69972766402693424e2,1.80819916420385169e2,8.60927152905866535e1,1.29564350518744753e0,3.40492551829027645e0,-9.87546678530269895e-1,1.00339487034747354e0,-7.93016937454029414e0,6.66729216050595674e0,7.13700799848115963e-13,6.64045999739818029e1,-9.86517534329323098e-11
1006,1.69029479269119520e2,1.79658709458372499e2,8.52347776644154749e1,1.32251287977763310e0,3.39425008606239853e0,-9.87554516875826183e-1,1.00300873443268901e0,-7.94559071808922557e0,7.16130722937247644e0,6.65962944512710209e-13,6.64072261884020207e1,-8.18829448689939454e-11
1007,1.68190374473885925e2,1.78607058607770796e2,8.44805198304590874e1,1.34732945121283931e0,3.38265028002671420e0,-9.87562818864148872e-1,1.00256018328628427e0,-7.96244059982062602e0,7.65535219266149447e0,6.10929709599083992e-13,6.64100323560835477e1,-3.72324393538292497e-12
1008,1.67443920854589805e2,1.77653756512722055e2,8.38187740507278392e1,1.37019824807258450e0,3.37036462995183062e0,-9.87571581684886679e-1,1.00205109579277507e0,-7.98004734532663473e0,8.14942896135330486e0,5.62789398417251618e-13,6.64130169315381096e1,-6.24140739091672003e-11
1009,1.66779470348585278e2,1.76788335273957443e2,8.32392326125453650e1,1.39123890153107510e0,3.35758640313823431e0,-9.87580802382098555e-1,1.00148342458803041e0,-7.99786857860263822e0,8.64353941726166219e0,5.18574766461554759e-13,6.64161782773575453e1,-4.07851530326297507e-12
1010,1.66187376442263599e2,1.76001218952094632e2,8.27325613800667412e1,1.41057772648159330e0,3.34447132855116358e0,-9.87590477856976401e-1,1.00085911469466193e0,-8.01547593314867868e0,9.13768541145828195e0,4.62256968813967717e-13,6.64195146662712972e1,-9.21573928280849941e-11
1011,1.65659014068775861e2,1.75283770704244972e2,8.22904179103773572e1,1.42834213077702721e0,3.33114419264212236e0,-9.87600604870680576e-1,1.00018005156250345e0,-8.03253863021199344e0,9.63186876275130643e0,4.21792809013332715e-13,6.64230242833117615e1,-1.32729383039986715e-11
1012,1.65186741328720359e2,1.74628276035618882e2,8.19054133663574646e1,1.44465680083875259e0,3.31770439737001110e0,-9.87611180047284765e-1,9.99448030441621560e-1,-8.04880755698951766e0,1.01260912562200414e1,3.77664913231434696e-13,6.64267052280568180e1,-9.25979293242562562e-11
1013,1.64763829667572850e2,1.74027889829531119e2,8.15710440660847382e1,1.45964121503590061e0,3.30423060065193752e0,-9.87622199876829976e-1,9.98664740736857626e-1,-8.06410070773404541e0,1.06203546418079728e1,3.42569722588947911e-13,6.64305555169825794e1,-1.91988647202379070e-11
1014,1.64384379562442405e2,1.73476565112107068e2,8.12816091846168547e1,1.47340813037744889e0,3.29078456503607564e0,-9.87633660718473583e-1,9.97831760531705525e-1,-8.07829036848946558e0,1.11146606329761841e1,3.01474123443057351e-13,6.64345730858866261e1,-5.67865754419472069e-11
1015,1.64043232242410312e2,1.72968974840362534e2,8.10321247804863276e1,1.48606276861999187e0,3.27741433391442261e0,-9.87645558803735168e-1,9.96950557745067023e-1,-8.09129213579002915e0,1.16090109054187405e1,2.72611794249755235e-13,6.64387557924066385e1,-1.33439925775746815e-11
1016,1.63735883651289186e2,1.72500433553536539e2,8.08182401324456521e1,1.49770249396224009e0,3.26415684282697516e0,-9.87657890239831082e-1,9.96022495389030538e-1,-8.10305569443763396e0,1.21034070958419004e1,2.40991254729649995e-13,6.64431014185906292e1,-1.93978166862507351e-11
1017,1.63458404048369772e2,1.72066822795083851e2,8.06361596469446624e1,1.50841682713987790e0,3.25104005987664113e0,-9.87670651013092482e-1,9.95048839159853871e-1,-8.11355719419895038e0,1.25978508008083683e1,2.09377654103448663e-13,6.64476076735686831e1,-9.55395762503030710e-11
1018,1.63207364871978484e2,1.71664522340323458e2,8.04825718847274061e1,1.51828768173618700e0,3.23808473587257462e0,-9.87683836992459763e-1,9.94030766159172074e-1,-8.12279302949455584e0,1.30923435756479787e1,1.87051762967627155e-13,6.64522721962577094e1,-2.12025952350813895e-11
1019,1.62979773399101219e2,1.71290348088654355e2,8.03545862017732304e1,1.52738973992319971e0,3.22530583240955693e0,-9.87697443933050478e-1,9.92969373951106293e-1,-8.13077481991536999e0,1.35868869334359381e1,1.57086149643603790e-13,6.64570925581423211e1,-4.08277855967753567e-11
1020,1.62773015088876036e2,1.70941496764933135e2,8.02496768787963646e1,1.53579090854853417e0,3.21271368504518673e0,-9.87711467479791994e-1,9.91865689449897281e-1,-8.13752539968348998e0,1.40814823440393333e1,1.41817113608055934e-13,6.64620662661097725e1,-5.02069497088086791e-11
1021,1.62584803148626918e2,1.70615497170220891e2,8.01656342791051628e1,1.54355281413752077e0,3.20031494916422865e0,-9.87725903171115971e-1,9.90720677334340882e-1,-8.14307564275648943e0,1.45761312332330064e1,1.18384468894561223e-13,6.64671907653153653e1,-5.89324145039427094e-11
1022,1.62413134682490323e2,1.70310167499386779e2,8.01005224047799373e1,1.55073130839886586e0,3.18811336792773004e0,-9.87740746442705597e-1,9.89535247821972108e-1,-8.14746197213378665e0,1.50708349818849943e1,1.03306252441370816e-13,6.64724634421153695e1,-2.20694573727087118e-11
1023,1.62256252723029490e2,1.70023578148637171e2,8.00526421658799023e1,1.55737696529852787e0,3.17611039480548829e0,-9.87755992631292989e-1,9.88310263727277816e-1,-8.15072442404760622e0,1.55655949252121495e1,9.03929708861994641e-14,6.64778816270053596e1,-2.59632315646740608e-11
1024,1.62802226807134872e2,1.71002546825076763e2,8.01817726720314568e1,1.53675140581837333e0,-3.20019220888831768e0,-9.87680691612065287e-1,9.88977549717146576e-1,-7.64074920090290366e0,-1.55652680270606485e1,9.81853487402872815e-14,5.86616720195463017e1,-6.37214725429657847e-11
1025,1.63017717270017044e2,1.71365949694559674e2,8.02768965328912003e1,1.52853694734366119e0,-3.21353335588150690e0,-9.87667350570426983e-1,9.90207989203399030e-1,-7.63226151367597794e0,-1.50705166534027661e1,1.10252085239181952e-13,5.86568766930275416e1,-5.55360202270094305e-11
1026,1.63256257221537453e2,1.71757547408625442e2,8.03968623761036412e1,1.51959963091167394e0,-3.22715857280941698e0,-9.87654433796008591e-1,9.91397468773705270e-1,-7.62202664627070448e0,-1.45758216361019564e1,1.32685529230514021e-13,5.86522101170635537e1,-7.92539367466815747e-11
1027,1.63520999991782105e2,1.72180765843015763e2,8.05447187039162600e1,1.50986329608521808e0,-3.24107032207458667e0,-9.87641945474238003e-1,9.92544817892322406e-1,-7.60992583493197206e0,-1.40811816367000375e1,1.55164076032221487e-13,5.86476746567842326e1,-7.74491581978509203e-11
1028,1.63815616308544634e2,1.72639562526655652e2,8.07240196394409679e1,1.49924297188868061e0,-3.25526822218430301e0,-9.87629889674528805e-1,9.93648756344454265e-1,-7.59583599557702360e0,-1.35865952709082389e1,1.75366665633447383e-13,5.86432726278707648e1,-7.82875986260478385e-11
1029,1.64144390405194542e2,1.73138521911813484e2,8.09389200565049123e1,1.48764396649793906e0,-3.26974811687222333e0,-9.87618270346741656e-1,9.94707874789423685e-1,-7.57963167652011371e0,-1.30920611093534980e1,2.02411004623925805e-13,5.86390062939340098e1,-5.41007239007740282e-11
1030,1.64512334949621135e2,1.73682968687307351e2,8.11942895761193881e1,1.47496094789839094e0,-3.28450089678568480e0,-9.87607091317719954e-1,9.95720612440756825e-1,-7.56118799005361542e0,-1.25975776783953091e1,2.25274660037300123e-13,5.86348778639247143e1,-1.36566313813091256e-11
1031,1.64925328144682112e2,1.74279102170615829e2,8.14958488560594532e1,1.46107706346074795e0,-3.29951101074295527e0,-9.87596356287907429e-1,9.96685231799663729e-1,-7.54038486345467884e0,-1.21031434610125075e1,2.55656606995557922e-13,5.86308894895863588e1,-7.36406491341767833e-11
1032,1.65390276564668397e2,1.74934154916092922e2,8.18503318528798331e1,1.44586317264087261e0,-3.31475458765998932e0,-9.87586068828049779e-1,9.97599790613375448e-1,-7.51711305328983848e0,-1.16087568977597311e1,2.86388968095963037e-13,5.86270432629437579e1,-8.63025206854217686e-11
1033,1.65915307190955502e2,1.75656578424490647e2,8.22656776896789239e1,1.42917730403308885e0,-3.33019707027264467e0,-9.87576232375989793e-1,9.98462111654864315e-1,-7.49128249713446781e0,-1.11144163877925060e1,3.32012195514153063e-13,5.86233412138373993e1,-6.76010358802159317e-11
1034,1.66509991374430172e2,1.76456257904086726e2,8.27512551061810484e1,1.41086449943463821e0,-3.34579023661084607e0,-9.87566850233558169e-1,9.99269751620272095e-1,-7.46283373865156463e0,-1.06201202899602407e1,3.55843826627122439e-13,5.86197853075125650e1,-6.13056272413814440e-11
1035,1.67185601558329637e2,1.77344755879488417e2,8.33181206848672389e1,1.39075727781874114e0,-3.36146845337734845e0,-9.87557925563567029e-1,1.00001997155318145e0,-7.43175335894784617e0,-1.01258669239659405e1,3.97595151246932232e-13,5.86163774422749242e1,-5.46975797988125123e-11
1036,1.67955397641370894e2,1.78335580157476699e2,8.39793082489407681e1,1.36867704619110331e0,-3.37714396505275216e0,-9.87549461386911687e-1,1.00070971291613198e0,-7.39809457969777284e0,-9.63165457159142235e0,4.54032644814361674e-13,5.86131194471843742e1,-2.01225702767260373e-11
1037,1.68834932384500860e2,1.79444463769740935e2,8.47501395677593052e1,1.34443690723677078e0,-3.39270097137628390e0,-9.87541460579785313e-1,1.00133558598410222e0,-7.36200446472969183e0,-9.13748147798654031e0,5.00975996797770051e-13,5.86100130798306509e1,-9.38911171033396386e-11
1038,1.69842351914688663e2,1.80689630675185555e2,8.56485334521845800e1,1.31784646913896997e0,-3.40798818130827330e0,-9.87533925871009632e-1,1.00189388091608289e0,-7.32375941365925698e0,-8.64334585302077940e0,5.40749736654966284e-13,5.86070600241877031e1,-7.17648163117701188e-12
1039,1.70998644509895342e2,1.82091997608790052e2,8.66952678528794110e1,1.28871945071593408e0,-3.42280945185755936e0,-9.87526859839491289e-1,1.00238061694581782e0,-7.28381085774637782e0,-8.14924587269554479e0,6.00528307637127057e-13,5.86042618885276383e1,-4.46931380793103017e-11
1040,1.72327753015892426e2,1.83675224158016363e2,8.79141122663372840e1,1.25688508634704110e0,-3.43691202681051955e0,-9.87520264911801227e-1,1.00279165175425899e0,-7.24284311154634786e0,-7.65517968061504828e0,6.52854506566491466e-13,5.86016202034184559e1,-7.06421587892691605e-11
1041,1.73856405955578538e2,1.85465462638851932e2,8.93316881240597382e1,1.22220454545582746e0,-3.44997179513602470e0,-9.87514143359888630e-1,1.00312288095257185e0,-7.20184494788974217e0,-7.16114538951377266e0,7.12111793144121208e-13,5.85991364198184357e1,-5.00364194522262551e-11
1042,1.75613430521006023e2,1.87490567884340209e2,9.09768237414955934e1,1.18459373959929093e0,-3.46157492881547180e0,-9.87508497298929755e-1,1.00337056549102766e0,-7.16219513342978953e0,-6.66714108283813633e0,7.61733558174437775e-13,5.85968119072425111e1,-7.52748974264250137e-11
1043,1.77628179412614998e2,1.89778397517720776e2,9.28790399465598995e1,1.14405390554167496e0,-3.47119533070617958e0,-9.87503328685313653e-1,1.00353182974656852e0,-7.12575888888792974e0,-6.17316481638002834e0,8.27071050535366226e-13,5.85946479520365600e1,-8.57767190609592944e-11
1044,1.79927534857812475e2,1.92353668588813377e2,9.50656343347491060e1,1.10071108067431633e0,-3.47816774378622329e0,-9.87498639314776550e-1,1.00360536927726662e0,-7.09498517779339632e0,-5.67921461995956278e0,8.68513594376452147e-13,5.85926457557356954e1,-2.45989895120146684e-11
1045,1.82530778411726544e2,1.95232669176080861e2,9.75566568242994947e1,1.05486482188307185e0,-3.48165760153856541e0,-9.87494430820677671e-1,1.00359238542429763e0,-7.07298072838991398e0,-5.18528849915430534e0,9.17988341592179680e-13,5.85908064335356045e1,-2.05773176276125014e-11
1046,1.85441532464628182e2,1.98415052971589688e2,1.00356983566497064e2,1.00704499714259588e0,-3.48063160261002658e0,-9.87490704672427833e-1,1.00349771182563119e0,-7.06351109738624494e0,-4.69138443707218133e0,9.68948445784212353e-13,5.85891310128557663e1,-5.64170932193519548e-12
1047,1.88636208929116549e2,2.01872191003333029e2,1.03444918036549524e2,9.58072893727612618e-1,-3.47383900193195050e0,-9.87487462174070907e-1,1.00333100475551662e0,-7.07083710008680111e0,-4.19750039616499926e0,1.03101338230771056e-12,5.85876204320219500e1,-8.74109673532075249e-11
1048,1.92049325371124439e2,2.05532496985097083e2,1.06757656825830338e2,9.09118884399825133e-1,-3.45982453540333745e0,-9.87484704463018392e-1,1.00310773675036602e0,-7.09923802749617749e0,-3.70363432007953053e0,1.08443484227171982e-12,5.85862755390442729e1,-6.15187900621094741e-11
1049,1.95558129882066737e2,2.09266232872783547e2,1.10176011331978742e2,8.61743025014298336e-1,-3.43701049779799828e0,-9.87482432508945296e-1,1.00284959261928885e0,-7.15202683547810736e0,-3.20978413554287467e0,1.16381210224503207e-12,5.85850970905274977e1,-6.70468125463230535e-11
1050,1.98972324652477425e2,2.12875635024891182e2,1.13514089392032020e2,8.17896749515608201e-1,-3.40390306002705012e0,-9.87480647112844778e-1,1.00258379398021669e0,-7.22991042384922356e0,-2.71594775427883217e0,1.27951468864573314e-12,5.85840857506809840e1,-6.49436060484731570e-11
1051,2.02038136132030445e2,2.16099606916828634e2,1.16523072862422808e2,7.79853823594875428e-1,-3.35947755780331025e0,-9.87479348906242893e-1,1.00234098086377288e0,-7.32885697062359398e0,-2.22212307495181749e0,1.47420205383330671e-12,5.85832420904506890e1,-2.63753463514149189e-11
1052,2.04466248646310760e2,2.18642409584252960e2,1.18918520842657642e2,7.50032225264470220e-1,-3.30373946201767410e0,-9.87478538350580193e-1,1.00215163608538105e0,-7.43835523276462496e0,-1.72830798513484485e0,1.85315651712869567e-12,5.85825665867808425e1,-1.10844666778575629e-12
1053,2.05985859577020960e2,2.20228447899423912e2,1.20433490276794231e2,7.30681632928820934e-1,-3.23830425400293587e0,-9.87478215736753984e-1,1.00204160087222616e0,-7.54182075110285055e0,-1.23450036329799406e0,3.28538219307623891e-12,5.85820596220130696e1,-9.56674739427398890e-11
1054,2.06411877750850977e2,2.20670006109133908e2,1.20884734794958987e2,7.23466699157436666e-1,-3.16664296345301333e0,-9.87478381184829557e-1,1.00202776323401710e0,-7.62073621450960825e0,-7.40698080813713022e-1,2.40302995059039903e-12,5.85817214831619921e1,-5.11164444105816074e-11
1055,2.05697964910704940e2,2.19920535961764728e2,1.20225084130035654e2,7.29070147979640204e-1,-3.09362698466654518e0,-9.87479034643915066e-1,1.00211517367741587e0,-7.66161888006339709e0,-2.46899003975284720e-1,3.22145889337151908e-12,5.85815523620694947e1,-9.01820840226719156e-11
1056,2.03949036055665886e2,2.18087108996486819e2,1.18555963399188016e2,7.46998235190525550e-1,3.25879482700255707e0,-9.87480175892204048e-1,1.00229646672917982e0,-7.66155660627696733e0,2.46899003975284664e-1,2.90402845305357763e-12,5.85815523545178038e1,-8.18971557237091474e-11
1057,2.01387117854078440e2,2.15395974547970553e2,1.16093982818699985e2,7.75700061804318164e-1,3.32011465657497418e0,-9.87481804537183150e-1,1.00255368176535531e0,-7.62825742274685048e0,7.40698080813713133e-1,2.44121277283727151e-12,5.85817214605369614e1,-6.86526391291408800e-11
1058,1.98289279780717692e2,2.12129989453940169e2,1.13109994290461032e2,8.12939836534374072e-1,3.37109979971142693e0,-9.87483920016005934e-1,1.00286178677284177e0,-7.57515537049456356e0,1.23450036329799384e0,2.58716108974578474e-12,5.85820595842809979e1,-8.94146978680510074e-11
1059,1.94926271665012450e2,2.08566625219036496e2,1.09868804428755425e2,8.56242272846458596e-1,3.41103761894153745e0,-9.87486521596032563e-1,1.00319279562965802e0,-7.51568316549718940e0,1.72830798513484485e0,1.62908814042850292e-12,5.85825665340197403e1,-3.18465254167676903e-11
1060,1.91521768858767814e2,2.04936560417680596e2,1.06589140393339704e2,9.03252800922593191e-1,3.44044815455551056e0,-9.87489608375532679e-1,1.00351944680350202e0,-7.45986645147812144e0,2.22212307495181705e0,1.34130879146654447e-12,5.85832420226737653e1,-5.39586153536220081e-11
1061,1.88236487338384649e2,2.01407233971211838e2,1.03428062599218805e2,9.51951149689371001e-1,3.46052634040579044e0,-9.87493179284552158e-1,1.00381781616729615e0,-7.41357238665066376e0,2.71594775427883173e0,1.19836866124822805e-12,5.85840856679256490e1,-7.73070496506989002e-11
1062,1.85170732742539656e2,1.98084998262046042e2,1.00483486062707897e2,1.00073413651962229e0,3.47271139166944698e0,-9.87497233085938619e-1,1.00406870448171515e0,-7.37925549760945110e0,3.20978413554287467e0,1.09675549891941060e-12,5.85850969928396168e1,-7.38111793907592073e-11
1063,1.82376207487783518e2,1.95026712930153252e2,9.78057815778794861e1,1.04841188603729440e0,3.47842680567315599e0,-9.87501768376529809e-1,1.00425797901755764e0,-7.35710266493640486e0,3.70363432007953053e0,1.02914855457103549e-12,5.85862754264791050e1,-7.26743110135430470e-11
1064,1.79870012456390384e2,1.92253687105860649e2,9.54115139905963332e1,1.09415869199714666e0,3.47895390872963084e0,-9.87506783588495640e-1,1.00437620041250431e0,-7.34602482953512936e0,4.19750039616499926e0,9.83178382457650102e-13,5.85876203046428898e1,-7.58575424697482958e-11
1065,1.77647030531828932e2,1.89764109080036945e2,9.32955770353552509e1,1.13744684643835692e0,3.47538781976272970e0,-9.87512276990837101e-1,1.00441786853956949e0,-7.34434889331598484e0,4.69138443707218045e0,9.51505801233265558e-13,5.85891308707384582e1,-2.49116283157491125e-11
1066,1.75689362342416302e2,1.87542586779580176e2,9.14404264273224925e1,1.17797974110337900e0,3.46863659047785999e0,-9.87518246691035828e-1,1.00438054563821266e0,-7.35024246120354530e0,5.18528849915430445e0,9.03267478175040495e-13,5.85908062767577462e1,-4.65689709017169662e-11
1067,1.73972844981486503e2,1.85566794108137998e2,8.98224481394101417e1,1.21563220107330916e0,3.45943944399608583e0,-9.87524690636851443e-1,1.00426402023250017e0,-7.36194858780587413e0,5.67921461995956278e0,8.57108654883642629e-13,5.85926455843871281e1,-8.95710172699182294e-11
1068,1.72471220187210236e2,1.83811766874015376e2,8.84160224140688626e1,1.25040099181359143e0,3.44839121431142104e0,-9.87531606618266000e-1,1.00406959445747801e0,-7.37789971431402503e0,6.17316481638002834e0,8.08323893930484871e-13,5.85946477662133560e1,-4.21636059400043450e-11
1069,1.71158607183457207e2,1.82252491305484000e2,8.71959287726524934e1,1.28236572915936220e0,3.43596682866294767e0,-9.87538992269569982e-1,1.00379952141613216e0,-7.39676013548068489e0,6.66714108283813722e0,7.51996555303779957e-13,5.85968117070495964e1,-7.76765318732941523e-11
1070,1.70010839280529069e2,1.80865339231419682e2,8.61386412430760373e1,1.31165913317099370e0,3.42254329552152026e0,-9.87546845071584189e-1,1.00345658664269322e0,-7.41742878898886193e0,7.16114538951377444e0,7.02168358179822150e-13,5.85991362053678415e1,-5.24380538990953937e-11
1071,1.69006081328896585e2,1.79628766255280198e2,8.52229226790153973e1,1.33844509052562377e0,3.40841844269740601e0,-9.87555162354018856e-1,1.00304381247289087e0,-7.43902174899311053e0,7.65517968061504739e0,6.49829148824387914e-13,5.86016199748311450e1,-7.94528887126944028e-11
1072,1.68125015764808722e2,1.78523562083473820e2,8.44299996794029823e1,1.36290294268234979e0,3.39382644925111920e0,-9.87563941297957992e-1,1.00256425964013052e0,-7.46084579994271646e0,8.14924587269554657e0,6.00842292586278859e-13,5.86042616459297960e1,-7.10542735760100186e-14
1073,1.67350785442977212e2,1.77532843525443980e2,8.37435018532044069e1,1.38521657155928657e0,3.37895052478301405e0,-9.87573178938473517e-1,1.00202090170834412e0,-7.48236952512220554e0,8.64334585302077762e0,5.40673408822023305e-13,5.86070597677149721e1,-2.34621211347985081e-11
1074,1.66668811263785415e2,1.76641910674670982e2,8.31492803920792056e1,1.40556708387034823e0,3.36393317165027783e0,-9.87582872167356518e-1,1.00141655173651922e0,-7.50319536549051858e0,9.13748147798653854e0,4.95836011138450772e-13,5.86100128096244006e1,-2.05204742087516934e-11
1075,1.66066555753189107e2,1.75838039753394071e2,8.26351750978629553e1,1.42412813317946640e0,3.34888445031257298e0,-9.87593017735964973e-1,1.00075382496345000e0,-7.52303433975412794e0,9.63165457159142413e0,4.47938561243255151e-13,5.86131191633927386e1,-5.10738118464360014e-11
1076,1.65533273647449988e2,1.75110255675963771e2,8.21907696320367762e1,1.44106313406485520e0,3.33388861723326313e0,-9.87603612258183938e-1,1.00003512537563655e0,-7.54168409288450103e0,1.01258669239659405e1,4.06698980048858516e-13,5.86163771450554307e1,-4.79474238090915605e-11
1077,1.65059771791755509e2,1.74449108289945798e2,8.18071565042378666e1,1.45652380398305681e0,3.31900944623353977e0,-9.87614652213487765e-1,9.99262647409448701e-1,-7.55901036605052568e0,1.06201202899602372e1,3.68691188690206673e-13,5.86197849970262865e1,-4.77058392789331265e-11
1078,1.64638189318599416e2,1.73846464581890075e2,8.14767222994670561e1,1.47064961409842465e0,3.30429448915724366e0,-9.87626133950105456e-1,9.98438386679846523e-1,-7.57493167782953059e0,1.11144163877925060e1,3.23217147490950651e-13,5.86233408902483930e1,-3.44613226843648590e-11
1079,1.64261802432026229e2,1.73295322211427418e2,8.11929572136043447e1,1.48356784381197526e0,3.28977848395206118e0,-9.87638053688279061e-1,9.97564155596083024e-1,-7.58940686502014383e0,1.16087568977597329e1,2.90604346142586678e-13,5.86270429264307751e1,-8.66720029080170207e-11
1080,1.63924854394237343e2,1.72789645774341096e2,8.09502893688743370e1,1.49539402006447619e0,3.27548607837132799e0,-9.87650407523611773e-1,9.96641601143766875e-1,-7.60242508389713123e0,1.21031434610125093e1,2.58668086949853659e-13,5.86308891403288612e1,-5.35465005668811500e-11
1081,1.63622409352658394e2,1.72324225050160749e2,8.07439425024564059e1,1.50623258698235429e0,3.26143400479464818e0,-9.87663191430499521e-1,9.95672223108779231e-1,-7.61399787772419057e0,1.25975776783953091e1,2.27928786955544638e-13,5.86348775021077202e1,-7.76196884544333443e-11
1082,1.63350227727710575e2,1.71894553425372095e2,8.05698147502926361e1,1.51617769888519049e0,3.24763281510552426e0,-9.87676401265641268e-1,9.94657391700638049e-1,-7.62415294834828927e0,1.30920611093534980e1,1.99368299647062486e-13,5.86390059197479303e1,-4.68389771413058043e-11
1083,1.63104660571684576e2,1.71496724259968147e2,8.04243759636493820e1,1.52531406410425707e0,3.23408826312270969e0,-9.87690032771619597e-1,9.93598363990343625e-1,-7.63292931347933123e0,1.35865952709082389e1,1.76018921660414662e-13,5.86432722415148504e1,-2.40305553234065883e-11
1084,1.62882560320107586e2,1.71127342888763252e2,8.03045810194306995e1,1.53371779174316658e0,3.22080240479815139e0,-9.87704081580549897e-1,9.92496298876050842e-1,-7.64037357796281746e0,1.40811816367000375e1,1.49651124825567194e-13,5.86476742584589559e1,-8.01492205937393010e-12
1085,1.62681205541940301e2,1.70783452067298356e2,8.02077967745432971e1,1.54145721096914246e0,3.20777447250389569e0,-9.87718543217787848e-1,9.91352270479596065e-1,-7.64653709210813481e0,1.45758216361019564e1,1.31887556431564690e-13,5.86522097069746877e1,-7.18785031494917348e-11
1086,1.62498237547733254e2,1.70462468874296604e2,8.01317405673255223e1,1.54859364461154780e0,3.19500156856185491e0,-9.87733413105692737e-1,9.90167279992111737e-1,-7.65147381053678366e0,1.50705166534027644e1,1.14727671807202114e-13,5.86568762713872189e1,-4.06714661949081346e-11
1087,1.62331606991457022e2,1.70162131320915421e2,8.00744284429622581e1,1.55518212721321247e0,3.18247921421156565e0,-9.87748686567439971e-1,9.88942266053880470e-1,-7.65523870012656182e0,1.55652680270606467e1,9.75886038645512599e-14,5.86616715865686515e1,-5.06332753502647392e-11
1088,1.62907468258776930e2,1.71181348860128821e2,8.02257219175193370e1,1.53517980689628031e0,-3.20806799537035392e0,-9.87673717446415078e-1,9.89573403588884126e-1,-7.14334830433316181e0,-1.55649606864135670e1,1.04652397858728818e-13,5.13345655903805920e1,-9.53690459937206469e-11
1089,1.63138323926766077e2,1.71565364574944823e2,8.03348347295399776e1,1.52701919176535439e0,-3.22212282221110424e0,-9.87660353719924222e-1,9.90803430554220377e-1,-7.13408918573089501e0,-1.50702173678057800e1,1.22395149571019601e-13,5.13303575422021865e1,-4.31299440606380813e-11
1090,1.63395021649701903e2,1.71980902413603275e2,8.04714066769588356e1,1.51810994689150314e0,-3.23654239122930854e0,-9.87647414933942147e-1,9.91991864935606649e-1,-7.12295049972468775e0,-1.45755305577212937e1,1.40394640357754952e-13,5.13262624520376320e1,-6.03108674113173038e-11
1091,1.63681323583513603e2,1.72432067606597258e2,8.06390659011397730e1,1.50836803938410480e0,-3.25133986861473723e0,-9.87634905285538101e-1,9.93137405639437865e-1,-7.10977597786443472e0,-1.40808989146536216e1,1.65360780624013159e-13,5.13222823974294187e1,-6.39914787825546227e-11
1092,1.64001664062930615e2,1.72923662949533565e2,8.08420952926062455e1,1.49769867572034920e0,-3.26652715359484525e0,-9.87622828855487023e-1,9.94238609752525537e-1,-7.09439671412004547e0,-1.35863210510966486e1,1.89931403937748655e-13,5.13184194125121280e1,-5.32907051820075139e-11
1093,1.64361290536792183e2,1.73461330850747117e2,8.10855712109357682e1,1.48599492128247146e0,-3.28211419005615745e0,-9.87611189604714390e-1,9.95293864441933018e-1,-7.07663135652083319e0,-1.30917955342927552e1,2.11938105953990430e-13,5.13146754857075891e1,-6.95052904120530002e-11
1094,1.64766437800487893e2,1.74051728236063838e2,8.13755352520904722e1,1.47313620097324471e0,-3.29810806582664728e0,-9.87599991370821551e-1,9.96301353544010615e-1,-7.05628693572784549e0,-1.25973208870518434e1,2.44949893701829069e-13,5.13110525574515819e1,-2.58637555816676468e-12
1095,1.65224543972590880e2,1.74702742482163302e2,8.17192075131471682e1,1.45898670645438333e0,-3.31451183986658160e0,-9.87589237864688108e-1,9.97259018093817673e-1,-7.03316062485605986e0,-1.21028955886405658e1,2.72386280197878250e-13,5.13075525179444298e1,-8.83062512002652511e-11
1096,1.65744518771997036e2,1.75423758534680843e2,8.21252519353812147e1,1.44339375970273442e0,-3.33132302083045984e0,-9.87578932667161902e-1,9.98164510135300831e-1,-7.00704283537221784e0,-1.16085180757416424e1,3.11330822233557569e-13,5.13041772049532909e1,-4.92690332976053469e-11
1097,1.66337077164870948e2,1.76225989702906361e2,8.26041068552248845e1,1.42618621917409238e0,-3.34853159861252703e0,-9.87569079225840363e-1,9.99015139417187004e-1,-6.97772220310218483e0,-1.11141867434820139e1,3.49092282858620706e-13,5.13009284016379894e1,-6.04103433943237178e-11
1098,1.67015154273023910e2,1.77122887193490641e2,8.31683967726644511e1,1.40717306925123453e0,-3.36611750160872925e0,-9.87559680851950561e-1,9.99807813146617264e-1,-6.94499321978831663e0,-1.06198999465293564e1,3.92023219442094728e-13,5.12978078344357158e1,-2.68585154117317870e-12
1099,1.67794420338697961e2,1.78130645993737033e2,8.38334443407226786e1,1.38614241297281926e0,-3.38404731362938760e0,-9.87550740717330400e-1,1.00053897004660408e0,-6.90866753759964514e0,-1.01256560002555283e1,4.30683266827713851e-13,5.12948171709865122e1,-7.54312168282922357e-11
1100,1.68693916867712858e2,1.79268826544463394e2,8.46179040491386729e1,1.36286120165278102e0,-3.40227003097289726e0,-9.87542261851519276e-1,1.00120451185757631e0,-6.86859034226799992e0,-9.63145318196589351e0,4.75704545199739925e-13,5.12919580181256052e1,-2.82227574643911794e-11
1101,1.69736835489313648e2,1.80561111370904428e2,8.55445397127258929e1,1.33707619438574832e0,-3.42071156464201520e0,-9.87534247138960097e-1,1.00179973860795735e0,-6.82466369117859006e0,-9.13728973219293827e0,5.28783614117678269e-13,5.12892319199154230e1,-9.22142362469458021e-11
1102,1.70951456795821230e2,1.82036210631871910e2,8.66411639423479443e1,1.30851685858909828e0,-3.43926758268929600e0,-9.87526699316322087e-1,1.00231929912662454e0,-6.77687939698306341e0,-8.64316385605257764e0,5.72243641361325217e-13,5.12866403557550257e1,-9.41753341976436786e-11
1103,1.72372252139928150e2,1.83728915036337725e2,8.79417440206266008e1,1.27690121177572458e0,-3.45779412317649815e0,-9.87519620969943390e-1,1.00275717627857786e0,-6.72536497592923688e0,-8.14907372466144864e0,6.25596796588467896e-13,5.12841847385531082e1,-4.88853402202948928e-11
1104,1.74041116987831629e2,1.85681258669318140e2,8.94876450439200681e1,1.24194597079690139e0,-3.47609515709557693e0,-9.87513014533405120e-1,1.00310673833648534e0,-6.67044746501662011e0,-7.65501747661306542e0,6.84223511182580069e-13,5.12818664129664867e1,-5.60476109967567027e-11
1105,1.76008631642160907e2,1.87943679759485974e2,9.13289096740330137e1,1.20338280754650895e0,-3.49390589399263884e0,-9.87506882285231979e-1,1.00336090469923866e0,-6.61274163967149153e0,-7.16099321951087564e0,7.35877504765003465e-13,5.12796866537180520e1,-1.91278104466618970e-11
1106,1.78335101754815071e2,1.90575922470500473e2,9.35253324029038566e1,1.16098296512407528e0,-3.51087003339770742e0,-9.87501226346734318e-1,1.00351249591368052e0,-6.55327136248791131e0,-6.66699903155575946e0,8.06079161752570883e-13,5.12776466639929183e1,-3.30686589222750627e-11
1107,1.81090863552651513e2,1.93647154819243212e2,9.61468217247789880e1,1.11459286035457872e0,-3.52650829855416115e0,-9.87496048679987082e-1,1.00355486224926582e0,-6.49363519535711742e0,-6.17303296318565753e0,8.67541281868167147e-13,5.12757475739136837e1,-8.30056023914949037e-11
1108,1.84354866313033341e2,1.97234307934239808e2,9.92720756891765461e1,1.06418338966939441e0,-3.54017442226343748e0,-9.87491351085953983e-1,1.00348290409860130e0,-6.43622882345224934e0,-5.67909303876466609e0,8.98218131817341003e-13,5.12739904390976022e1,-8.15134626463986933e-11
1109,1.88209767773793658e2,2.01416873986778313e2,1.02983825754475589e2,1.00991515789318598e0,-3.55099349275813658e0,-9.87487135202757660e-1,1.00329459364446527e0,-6.38453363403829943e0,-5.18517725831883958e0,9.41422721029150367e-13,5.12723762393178077e1,-3.68061137123731896e-11
1110,1.92730639501981614e2,2.06265282378934444e2,1.07357772909490123e2,9.52220384008644838e-1,-3.55777710297340688e0,-9.87483402504101604e-1,1.00299304900005692e0,-6.34346352124265511e0,-4.69128359931590211e0,9.83308053037479368e-13,5.12709058772324440e1,-4.46078729510190897e-11
1111,1.97963064396275854e2,2.11818698083381832e2,1.12441031033679820e2,8.91899503315260356e-1,-3.55891270039817220e0,-9.87480154297845747e-1,1.00258905539188437e0,-6.31970907496252909e0,-4.19741001848575568e0,1.06011120021287653e-12,5.12695801772294999e1,-6.06945604886277579e-11
1112,2.03885828603142784e2,2.18047565165060462e2,1.18215305673818705e2,8.30226483322954012e-1,-3.55223724522765893e0,-9.87477391724736808e-1,1.00210363534123159e0,-6.32188767022045184e0,-3.70355445367876612e0,1.12636267500521026e-12,5.12683998843522772e1,-8.51940740176360123e-11
1113,2.10356010936923269e2,2.24798881184947845e2,1.24542591174754889e2,7.69051759752226505e-1,-3.53494050092637391e0,-9.87475115757298627e-1,1.00156986025397021e0,-6.36003884085650206e0,-3.20971482575848466e0,1.22758812663714689e-12,5.12673656633389356e1,-6.31104057902120985e-11
1114,2.17044458781084188e2,2.31732382325052754e2,1.31101224922478082e2,7.10884001712764335e-1,-3.50361983539632371e0,-9.87473327198882145e-1,1.00103272148733469e0,-6.44358023555077697e0,-2.71588904052553559e0,1.34824009595524430e-12,5.12664780977513459e1,-5.07895947521319613e-11
1115,2.23391027563089665e2,2.38277065712168536e2,1.37341281613514894e2,6.58913901987360884e-1,-3.45473243078178527e0,-9.87472026682879478e-1,1.00054586427593017e0,-6.57654320572596873e0,-2.22207499066920100e0,1.54598892281726519e-12,5.12657376892175662e1,-9.49000877881189808e-11
1116,2.28634136256834040e2,2.43662310929420300e2,1.42513211907021059e2,6.16899142053963345e-1,-3.38578137875748908e0,-9.87471214672100084e-1,1.00016470073408703e0,-6.74986739076628517e0,-1.72827055774319249e0,1.93180302483775268e-12,5.12651448567749952e1,-4.93969309900421649e-11
1117,2.31966583153111287e2,2.47074908307632370e2,1.45821141391127640e2,5.88763475264378444e-1,-3.29732432912009443e0,-9.87470891458313016e-1,9.99936904360737677e-1,-6.93469029554072502e0,-1.23447361416198320e0,3.43903489128001560e-12,5.12646999363489826e1,-8.11297695690882392e-11
1118,2.32799297166616640e2,2.47923138030287106e2,1.46682922933829616e2,5.77779360445084933e-1,-3.19489124126008761e0,-9.87471057161956711e-1,9.99892915777936486e-1,-7.08662064453909402e0,-7.40682025214113082e-1,2.44466969725413291e-12,5.12644031800966360e1,-4.22772927777259611e-11
1119,2.31000978767054789e2,2.46076028616734703e2,1.44966722122477194e2,5.85502793387430387e-1,-3.08871357898717669e0,-9.87471711732012425e-1,1.00003973774906840e0,-7.16724783517176345e0,-2.46893651088679500e-1,3.27533830339252728e-12,5.12642547565809323e1,-5.01501062899478711e-11
1120,2.26949409387661888e2,2.41914291855736622e2,1.41042023951793993e2,6.11096385074550108e-1,3.29300069998061185e0,-9.87472854946047529e-1,1.00036025210627089e0,-7.16767206607079910e0,2.46893651088679444e-1,3.09854348938803231e-12,5.12642547499593420e1,-6.39062136542634107e-11
1121,2.21358856924823840e2,2.36157676364177263e2,1.35609824071624445e2,6.51609132657355317e-1,3.37570939393072056e0,-9.87474486410423791e-1,1.00081803341712816e0,-7.10938447029329978e0,7.40682025214113082e-1,2.57207518900969684e-12,5.12644031602428996e1,-8.65441052155802026e-11
1122,2.15013125798083479e2,2.29597854114699288e2,1.29439717293835344e2,7.02995702719568349e-1,3.43943455645074492e0,-9.87476605560673626e-1,1.00136554554688262e0,-7.02473668589841171e0,1.23447361416198342e0,2.65459304386352068e-12,5.12646999032295696e1,-2.69295696853077970e-11
1123,2.08561620344425592e2,2.22893765687044123e2,1.23169079634519292e2,7.61158654363227938e-1,3.48492127792053941e0,-9.87479211662040557e-1,1.00195281975104811e0,-6.93959771956920601e0,1.72827055774319249e0,1.66837924768861723e-12,5.12651448104673335e1,-7.51327888792729937e-11
1124,2.02439512327996738e2,2.16490647891991983e2,1.17224564113020975e2,8.22577229581964664e-1,3.51483295943288176e0,-9.87482303810185424e-1,1.00253432239159013e0,-6.86829660133586195e0,2.22207499066920144e0,1.36509152506153475e-12,5.12657376297315821e1,-3.79571929443045519e-11
1125,1.96882120211603308e2,2.10633314327182859e2,1.11836393586068127e2,8.84527611713430750e-1,3.53228517020251820e0,-9.87485880932057025e-1,1.00307300554766421e0,-6.81607405075164863e0,2.71588904052553515e0,1.23643521636462861e-12,5.12664780251206125e1,-4.95248286824789830e-11
1126,1.91978834277775093e2,2.05419353771470639e2,1.07091535608904977e2,9.45062977990438258e-1,3.54012741709192680e0,-9.87489941786922065e-1,1.00354168758290840e0,-6.78295276435934902e0,3.20971482575848421e0,1.14185895981611107e-12,5.12673655776028738e1,-1.85877979674842209e-11
1127,1.87728916766384231e2,2.00854631830930714e2,1.02988641594666149e2,1.00289306867111061e0,3.54071168928695945e0,-9.87494484967556652e-1,1.00392253137121634e0,-6.76657697207084396e0,3.70355445367876568e0,1.08685152891419001e-12,5.12683997855609519e1,-5.51807488591293804e-11
1128,1.84083994469707335e2,1.96895802770863270e2,9.94798228724955180e1,1.05724003560446467e0,3.53588831390162639e0,-9.87499508901596212e-1,1.00420549775445034e0,-6.76382123333616558e0,4.19741001848575568e0,1.02170702453996398e-12,5.12695800654375233e1,-4.45226078227278776e-11
1129,1.80975547164676442e2,1.93477990739543230e2,9.64976273758079941e1,1.10770466157458247e0,3.52708078939882475e0,-9.87505011853038184e-1,1.00438646912777862e0,-6.77157333515263726e0,4.69128359931590211e0,9.71251291198571565e-13,5.12709057525043832e1,-2.79527512248023413e-11
1130,1.78330728111268030e2,1.90530865698873953e2,9.39705282298159830e1,1.15415499033316427e0,3.51537379288430474e0,-9.87510991923899462e-1,1.00446547288453769e0,-6.78706272807042854e0,5.18517725831883958e0,9.29716373332389878e-13,5.12723761017238076e1,-1.53193013829877600e-11
1131,1.76080492589481537e2,1.87987024756593712e2,9.18308529052506941e1,1.19663922976463977e0,3.50159097099748040e0,-9.87517447056021069e-1,1.00444520724759534e0,-6.80796334856021268e0,5.67909303876466609e0,8.92821407083577157e-13,5.12739902887157868e1,-8.60325144458329305e-11
1132,1.74163145983282220e2,1.85785760270859214e2,9.00182208103675094e1,1.23532052805837322e0,3.48635716289802033e0,-9.87524375033020263e-1,1.00432992141965416e0,-6.83239265748420443e0,6.17303296318565664e0,8.56827629680534386e-13,5.12757474108285152e1,-7.35269622964551672e-11
1133,1.72525374874312433e2,1.83874269224598720e2,8.84805198884288160e1,1.27042979683741564e0,3.47014616288384792e0,-9.87531773482384190e-1,1.00412462134123293e0,-6.85886745114697138e0,6.66699903155575857e0,7.92870977206483474e-13,5.12776464882970657e1,-4.62421212432673201e-11
1134,1.71122008294346102e2,1.82207552676834837e2,8.71736468567760454e1,1.30223264743276967e0,3.45331681498928500e0,-9.87539639877701880e-1,1.00383453999278061e0,-6.88624542627841141e0,7.16099321951087386e0,7.36651191435289121e-13,5.12796864655106006e1,-6.81552592141088098e-11
1135,1.69915215675098494e2,1.80747717737546964e2,8.60607030854940547e1,1.33100695725398932e0,3.43614020225775318e0,-9.87547971541031022e-1,1.00346480633910007e0,-6.91366591127572594e0,7.65501747661306453e0,6.88844814522582283e-13,5.12818662123518720e1,-1.13686837721616030e-11
1136,1.68873519442077225e2,1.79463066854185683e2,8.51110150547051489e1,1.35702821240860794e0,3.41882018401331100e0,-9.87556765645394630e-1,1.00302025499810910e0,-6.94049560630536799e0,8.14907372466144864e0,6.25525672925952847e-13,5.12841845256439157e1,-2.75264255833462812e-11
1137,1.67970811209735814e2,1.78327169660884863e2,8.42991629692918565e1,1.38056039885813076e0,3.40150898980353489e0,-9.87566019217404167e-1,1.00250533085689231e0,-6.96628149697832466e0,8.64316385605257764e0,5.73388558855469910e-13,5.12866401306695820e1,-6.76578792990767397e-11
1138,1.67185456458405440e2,1.77318007506749268e2,8.36040993264531949e1,1.40185076105784789e0,3.38431912864686257e0,-9.87575729140000358e-1,1.00192405481222035e0,-6.99071132538259388e0,9.13728973219293827e0,5.16559017782469709e-13,5.12892316827772703e1,-5.87476733926450834e-11
1139,1.66499517684094599e2,1.76417224779706203e2,8.30083857500315929e1,1.42112719177639923e0,3.36733253310957803e0,-9.87585892155315670e-1,1.00128002683577955e0,-7.01358116402884857e0,9.63145318196589351e0,4.76145164962638034e-13,5.12919577690662791e1,-1.45945477925124578e-11
1140,1.65898098649754218e2,1.75609492801539119e2,8.24975498841155286e1,1.43859736284646766e0,3.35060761169538690e0,-9.87596504867641944e-1,1.00057645026490549e0,-7.03476928048110928e0,1.01256560002555265e1,4.30331117962090559e-13,5.12948169101428704e1,-9.98880977931548841e-11
1141,1.65368799931870512e2,1.74881978840373932e2,8.20595521911813677e1,1.45444896764282228e0,3.33418470673095779e0,-9.87607563746508155e-1,9.99816166814439300e-1,-7.05421537166815860e0,1.06198999465293547e1,3.85410453551671139e-13,5.12978075619483889e1,-1.83746351467561908e-11
1142,1.64901271346966382e2,1.74223907560724371e2,8.16843481620628324e1,1.46885063847953701e0,3.31809032848567531e0,-9.87619065129855978e-1,9.99001695707979587e-1,-7.07190426602061439e0,1.11141867434820139e1,3.50369039336939636e-13,5.13009281176567242e1,-5.22533127877977677e-11
1143,1.64486846126517634e2,1.73626201048756343e2,8.13635308712820517e1,1.48195324133022965e0,3.30234044480009725e0,-9.87631005227311287e-1,9.98135272963820430e-1,-7.08785327273004384e0,1.16085180757416424e1,3.05925423882413838e-13,5.13041769096298523e1,-8.69562200023210607e-11
1144,1.64118242800483813e2,1.73081184295634415e2,8.10900399693920519e1,1.49389134941066115e0,3.28694303857938186e0,-9.87643380123545911e-1,9.97218888601837494e-1,-7.10210246373764775e0,1.21028955886405676e1,2.76320633041393648e-13,5.13075522114388249e1,-6.26556584393256344e-11
1145,1.63789322517964308e2,1.72582344535192533e2,8.08579249962406408e1,1.50478476677496920e0,3.27190009588735720e0,-9.87656185781722429e-1,9.96254320642482094e-1,-7.11470728513863282e0,1.25973208870518434e1,2.39679803781811529e-13,5.13110522399246420e1,-3.79714037990197539e-11
1146,1.63494891447702457e2,1.72124134560224832e2,8.06621528139215087e1,1.51474002126090346e0,3.25720915015641088e0,-9.87669418047016356e-1,9.95243165452296297e-1,-7.12573299961095508e0,1.30917955342927534e1,2.09131323369859956e-13,5.13146751573286792e1,-5.11590769747272134e-12
1147,1.63230539695217885e2,1.71701811800388242e2,8.04984507412638379e1,1.52385177898370894e0,3.24286447980160641e0,-9.87683072650212490e-1,9.94186864395487979e-1,-7.13525055504529870e0,1.35863210510966486e1,1.91825721973515329e-13,5.13184190734547130e1,-2.23110419028671458e-11
1148,1.62992509745507391e2,1.71311306418634416e2,8.03631785280100246e1,1.53220415461735837e0,3.22885803493048673e0,-9.87697145211365868e-1,9.93086726977668199e-1,-7.14333355493424005e0,1.40808989146536234e1,1.66453656413878548e-13,5.13222820478698338e1,-4.67821337224449962e-11
1149,1.62777588770973750e2,1.70949112942742602e2,8.02532236202915499e1,1.53987190617161440e0,3.21518015220632103e0,-9.87711631243525456e-1,9.91943950781918438e-1,-7.15005607330731330e0,1.45755305577212937e1,1.43017542253431884e-13,5.13262620921566821e1,-5.01927388540934771e-11
1150,1.62583020241332633e2,1.70612200994222121e2,8.01659152495303005e1,1.54692151221734431e0,3.20182010403541284e0,-9.87726526156509466e-1,9.90759638542327403e-1,-7.15549111213503775e0,1.50702173678057800e1,1.18578757923870626e-13,5.13303571721860408e1,-7.92965693108271807e-11
1151,1.62406431166635002e2,1.70297941534112312e2,8.00989537562130067e1,1.55341213518555432e0,3.18876651822850166e0,-9.87741825260733619e-1,9.89534812705097244e-1,-7.15970954366669332e0,1.55649606864135670e1,1.00600083818846997e-13,5.13345652104170114e1,-9.95612481347052380e-11
1152,1.63012343958997633e2,1.71357203564386367e2,8.02727083885959445e1,1.53416896046924744e0,-3.21585598150006424e0,-9.87667197549305431e-1,9.90129451002557781e-1,-6.64617368566422861e0,-1.55646730694233124e1,1.13131726209303451e-13,4.44964506538624960e1,-4.62847538074129261e-11
1153,1.63259026906189490e2,1.71762271831713491e2,8.03962493031054066e1,1.52612035387910350e0,-3.23064524697304689e0,-9.87653812592267366e-1,9.91358817893168820e-1,-6.63623430148638782e0,-1.50699372872488784e1,1.30499777650783244e-13,4.44927936621472355e1,-8.04334376880433410e-11
1154,1.63534551600046854e2,1.72202418934254553e2,8.05500612165534307e1,1.51730360064518299e0,-3.24588713299947562e0,-9.87640853205738467e-1,9.92545922927934865e-1,-6.62428799202295071e0,-1.45752581561367389e1,1.50213175231783680e-13,4.44892348162600939e1,-9.13473741093184799e-11
1155,1.63843369290634541e2,1.72682517353237245e2,8.07384281614300789e1,1.50762729142734342e0,-3.26160746714888372e0,-9.87628323597695479e-1,9.93689318860426107e-1,-6.61013817056302777e0,-1.40806343317269000e1,1.74815023568086758e-13,4.44857759233611745e1,-8.40998382045654580e-11
1156,1.64190790353524790e2,1.73208337519665662e2,8.09664688927969820e1,1.49698723942664480e0,-3.27783292608306764e0,-9.87616227859556051e-1,9.94787378358162777e-1,-6.59356558559073580e0,-1.35860644235012913e1,1.99288502367167553e-13,4.44824187528805766e1,-6.29825080977752805e-11
1157,1.64583183937281319e2,1.73786751244967604e2,8.12403326178079794e1,1.48526456502680082e0,-3.29459074904680316e0,-9.87604569962613033e-1,9.95838254758359742e-1,-6.57432600894846519e0,-1.30915469955335073e1,2.31481500634345139e-13,4.44791650345023655e1,-4.86011231259908527e-11
1158,1.65028231910137606e2,1.74425989585866347e2,8.15674483013755207e1,1.47232352013808465e0,-3.31190832600552820e0,-9.87593353754545378e-1,9.96839834015518345e-1,-6.55214791558231280e0,-1.25970805673099608e1,2.59112176159703722e-13,4.44760164561879350e1,-5.72129010834032670e-11
1159,1.65535253988221143e2,1.75135971869338164e2,8.19568442858324744e1,1.45800904226713235e0,-3.32981262291275115e0,-9.87582582956011090e-1,9.97789675949526833e-1,-6.52673027765523273e0,-1.21026636146213651e1,2.94181345950050854e-13,4.44729746622241962e1,-4.91979790240293369e-11
1160,1.66115626793895728e2,1.75928728359633908e2,8.24195607995105064e1,1.44214404547188368e0,-3.34832939687967279e0,-9.87572261157321662e-1,9.98684942628130234e-1,-6.49774065961660341e0,-1.16082945705246594e1,3.27966820368175149e-13,4.44700412512969407e1,-5.01927388540934771e-11
1161,1.66783327675468257e2,1.76818946960650862e2,8.29691859777088894e1,1.42452648516435709e0,-3.36748214200288798e0,-9.87562391815214990e-1,9.99522311524280282e-1,-6.46481389057885103e0,-1.11139718263741809e1,3.66123797945760998e-13,4.44672177746131183e1,-1.21360699267825112e-11
1162,1.67555645295976319e2,1.77824685257930838e2,8.36225571566528458e1,1.40492628308418732e0,-3.38729069156270812e0,-9.87552978249721769e-1,1.00029787110563984e0,-6.42755171645438494e0,-1.06196937329213288e1,4.08399009055315787e-13,4.44645057340461278e1,-3.46886963598080911e-11
1163,1.68454114466851735e2,1.78968304262326939e2,8.44006846253578686e1,1.38308227782689186e0,-3.40776938289933851e0,-9.87544023641136359e-1,1.00100699697712248e0,-6.38552401244093648e0,-1.01254586014816130e1,4.56204518606284637e-13,4.44619065803395443e1,-9.32800503505859524e-11
1164,1.69505754078276169e2,1.80277700960858681e2,8.53299763500937019e1,1.35869948968727750e0,-3.42892466485550829e0,-9.87535531027096236e-1,1.00164420802466192e0,-6.33827239164508160e0,-9.63126470516774091e0,5.00498947841876429e-13,4.44594217113474670e1,-1.66124891620711423e-11
1165,1.70744716301752703e2,1.81787945131291764e2,8.64438714667617063e1,1.33144717677055580e0,-3.45075198863707922e0,-9.87527503299775677e-1,1.00220300491421188e0,-6.28531742076831090e0,-9.13711028018743221e0,5.49064266275323121e-13,4.44570524703332026e1,-6.27551344223320484e-11
1166,1.72214494829482703e2,1.83543463976586906e2,8.77850298979510626e1,1.30095843986212722e0,-3.47323175941871565e0,-9.87519943203195028e-1,1.00267569897218434e0,-6.22617122656885247e0,-8.64299352720409608e0,6.06976274797332849e-13,4.44548001443153851e1,-4.01882971345912665e-11
1167,1.73970891664818510e2,1.85600967621203040e2,8.94082772167261766e1,1.26683254086521169e0,-3.49632401297902984e0,-9.87512853330657414e-1,1.00305324981355404e0,-6.16035819481433489e0,-8.14891261275879764e0,6.55623125234150450e-13,4.44526659624776102e1,-2.03925765163148753e-11
1168,1.76086005208597072e2,1.88033368345068197e2,9.13845672320675675e1,1.22864167128028190e0,-3.51996126693822076e0,-9.87506236122310477e-1,1.00332514798577876e0,-6.08744801454244922e0,-7.65486567075142332e0,7.14164838377939759e-13,4.44506510946359370e1,-2.32489583140704781e-11
1169,1.78653568357843028e2,1.90935007422708537e2,9.38062911172291365e1,1.18594467135947124e0,-3.54403857323291804e0,-9.87500093862841211e-1,1.00347940841424554e0,-6.00710807113712519e0,-7.16085080397890295e0,7.87435221194510149e-13,4.44487566497789075e1,-6.86668499838560820e-11
1170,1.81796003381489044e2,1.94428534479445631e2,9.67943009231723579e1,1.13831114553319868e0,-3.56839895384919270e0,-9.87494428679307923e-1,1.00350278643714974e0,-5.91918724935720864e0,-6.66686608572821982e0,8.24773409291434945e-13,4.44469836746564297e1,-7.34132754587335512e-11
1171,1.85673485140303740e2,1.98673699991723709e2,1.00506942522226424e2,1.08536043030746310e0,-3.59281071972636878e0,-9.87489242539112522e-1,1.00338139452659081e0,-5.82385268404272871e0,-6.17290956142175151e0,8.84539837209263879e-13,4.44453331524699067e1,-6.52846665616380051e-11
1172,1.90494900532559967e2,2.03877908062541735e2,1.05150995175851975e2,1.02682061438432570e0,-3.61692987415586087e0,-9.87484537248117245e-1,1.00310198183492605e0,-5.72181872743808917e0,-5.67897925031228468e0,9.23444480604995732e-13,4.44438060016044858e1,-6.52704557069228031e-11
1173,1.96529350920017635e2,2.10307130301025609e2,1.10993187860108364e2,9.62612574774965091e-1,-3.64023451792256658e0,-9.87480314448907714e-1,1.00265421951405487e0,-5.61473971182758103e0,-5.18507314722501977e0,9.72794761411321929e-13,4.44424030744642451e1,-7.46638306736713275e-11
1174,2.04113638537042675e2,2.18292590400951639e2,1.18367790089133436e2,8.92961571222400718e-1,-3.66190677040227186e0,-9.87476575619210539e-1,1.00203435160490129e0,-5.50589326600307860e0,-4.69118922434363128e0,1.04101623155106182e-12,4.44411251563692389e1,-9.79412106971722096e-11
1175,2.13643749443158185e2,2.28221270230465933e2,1.27668422559123954e2,8.18532943983239947e-1,-3.68061872861255468e0,-9.87473322070461457e-1,1.00125039777155900e0,-5.40136233877531158e0,-4.19732543303735195e0,1.09700573278082025e-12,4.44399729645444523e1,-1.39266376208979636e-11
1176,2.25523042203259735e2,2.40483178900368983e2,1.39297088406666205e2,7.40578971780499695e-1,-3.69415244863060765e0,-9.87470554946531465e-1,1.00032853728175430e0,-5.31200078874150083e0,-3.70347970572599072e0,1.17270711370853764e-12,4.44389471471904969e1,-8.11866129879490472e-11
1177,2.40014110930414830e2,2.55322997436591237e2,1.53517958243021155e2,6.61076866624088266e-1,-3.69876275327969095e0,-9.87468275222614045e-1,9.99319203705400505e-1,-5.25638016565562083e0,-3.20964995777957629e0,1.29562549924799875e-12,4.44380482826423560e1,-9.23847665035282262e-11
1178,2.56917233877544277e2,2.72520266068508818e2,1.70139635984517895e2,5.82850888939886902e-1,-3.68823203252317144e0,-9.87466483704270925e-1,9.98299944863414668e-1,-5.26412858757123825e0,-2.71583408944928095e0,1.42420960008021735e-12,4.44372768786105254e1,-5.78097569814417511e-11
1186,2.49455014021772115e2,2.64895674482052073e2,1.63224985637318383e2,5.64597912498755461e-1,3.55445156173785914e0,-9.87469767174383284e-1,9.98838322519306931e-1,-6.39434412618941650e0,1.23444857918480833e0,2.77864504408947832e-12,4.44357314053883314e1,-4.84305928694084287e-11
1187,2.34170867969753573e2,2.49302088744680503e2,1.48263557355545117e2,6.45692253517310966e-1,3.60018944425276555e0,-9.87472377507480514e-1,9.99873122733474284e-1,-6.27681496764496938e0,1.72823552882444242e0,1.68985805166707581e-12,4.44361180857063047e1,-8.77946604305179790e-11
1188,2.21279263484461580e2,2.36061905997784294e2,1.35661954707979277e2,7.27980832499805386e-1,3.62314889374816929e0,-9.87475474680399423e-1,1.00088085187551434e0,-6.19813991304063716e0,2.22202998782620931e0,1.41357617885334852e-12,4.44366333198218655e1,-2.07904804483405314e-11
1189,2.10719856387418474e2,2.25131448863093084e2,1.25357920152041956e2,8.08100080495007589e-1,3.63082796498584992e0,-9.87479057617186795e-1,1.00180484060351183e0,-6.15382410268105851e0,2.71583408944928051e0,1.27731484243776006e-12,4.44372768154831874e1,-6.43609610051498748e-11
1190,2.02184591397007921e2,2.16216009509876869e2,1.17046009465554562e2,8.84000135023883193e-1,3.62830896462369035e0,-9.87483125073753243e-1,1.00260882676580554e0,-6.13618945384026482e0,3.20964995777957585e0,1.17778963665271519e-12,4.44380482081244992e1,-5.54791768081486225e-11
1191,1.95312681752161097e2,2.08964436779944720e2,1.10369718593523075e2,9.54560796204108053e-1,3.61897292712055618e0,-9.87487675639070805e-1,1.00327346386198957e0,-6.13810326562104258e0,3.70347970572599161e0,1.11880253325646883e-12,4.44389470613261039e1,-2.46132003667298704e-11
1192,1.89772409327361856e2,2.03051467730149653e2,1.05001887395366126e2,1.01929703877936628e0,3.60508456531587518e0,-9.87492707736524866e-1,1.00379185010964966e0,-6.15380141451447926e0,4.19732543303735284e0,1.06783288808531829e-12,4.44399728673811296e1,-5.00506303069414571e-11
1193,1.85286286041176282e2,1.98203652082934553e2,1.00669259326653176e2,1.07814114913228698e0,3.58818501369696952e0,-9.87498219625424722e-1,1.00416535440740451e0,-6.17884184668064229e0,4.69118922434363039e0,1.01940678121081874e-12,4.44411250479619042e1,-7.52180540075642057e-11
1194,1.81632093310813303e2,1.94201089753507802e2,9.71533099317313429e1,1.13128603357105684e0,3.56934105600438611e0,-9.87504209402667588e-1,1.00440028586398467e0,-6.20986773678622672e0,5.18507314722501889e0,9.61472221283621309e-13,4.44424029548748578e1,-7.58575424697482958e-11
1195,1.78635470619078490e2,1.90870566947021814e2,9.42828033835589991e1,1.17907572249683512e0,3.54930197275474679e0,-9.87510675004548588e-1,1.00450549702295588e0,-6.24437225971292253e0,5.67897925031228468e0,9.15443935933790698e-13,4.44438058709008601e1,-5.81081849304609932e-11
1196,1.76160757416478759e2,1.88076796835509953e2,9.19246773731481568e1,1.22193114486567578e0,3.52859950102667064e0,-9.87517614208720973e-1,1.00449079371748629e0,-6.28050527604031483e0,6.17290956142175240e0,8.81431212740313441e-13,4.44453330107259035e1,-6.96900315233506262e-11
1197,1.74102595691886052e2,1.85714300877970231e2,8.99757146020941150e1,1.26030147426939498e0,3.50761297853889698e0,-9.87525024636297766e-1,1.00436595834546383e0,-6.31692161649062900e0,6.66686608572821893e0,8.31849346349944341e-13,4.44469835219524683e1,-8.28066504254820757e-11
1198,1.72379002301954188e2,1.83700671153546324e2,8.83556877005517833e1,1.29463350970466884e0,3.48661292823452973e0,-9.87532903754091751e-1,1.00414020236711732e0,-6.35266289302385445e0,7.16085080397890295e0,7.79772080239382603e-13,4.44487564862001392e1,-8.19539991425699554e-11
1199,1.70925920749639403e2,1.81971249401155887e2,8.70019778923677336e1,1.32535345486479006e0,3.46579100314439570e0,-9.87541248876991129e-1,1.00382190049757503e0,-6.38706526180810652e0,7.65486567075142332e0,7.27463228544777962e-13,4.44506509202759830e1,-2.87911916529992595e-11
1200,1.69693034054963107e2,1.80475023883776743e2,8.58654457961447264e1,1.35285700980465817e0,3.44528106911417531e0,-9.87550057170465956e-1,1.00341849931876048e0,-6.41968735310655347e0,8.14891261275879764e0,6.60830765109032825e-13,4.44526657774309299e1,-2.71285216513206251e-11
1201,1.68640580532907450e2,1.79171499756045392e2,8.49072957316734005e1,1.37750488626406353e0,3.42517436202007630e0,-9.87559325653199704e-1,1.00293652718740534e0,-6.45025406614895225e0,8.64299352720409608e0,6.07881800451792742e-13,4.44547999486867980e1,-8.43272118800086901e-11
1202,1.67736941060994127e2,1.78028321124704576e2,8.40967028672311301e1,1.39962174781963955e0,3.40553056986784775e0,-9.87569051199842840e-1,1.00238165802413670e0,-6.47861294998592374e0,9.13711028018743221e0,5.51730536257899473e-13,4.44570522642313080e1,-5.38875610800459981e-11
1203,1.66956810266292422e2,1.77019463791760842e2,8.34090168118688382e1,1.41949721877598733e0,3.38638603950294881e0,-9.87579230543882303e-1,1.00175879958608571e0,-6.50470058973916299e0,9.63126470516774091e0,5.05697914099378920e-13,4.44594214948850563e1,-3.27986526826862246e-11
1204,1.66279806517229872e2,1.76123858009576708e2,8.28243977706466552e1,1.43738805985740736e0,3.36775990948207937e0,-9.87589860280623566e-1,1.00107218884232818e0,-6.52851692243822690e0,1.01254586014816113e1,4.53474063855097143e-13,4.44619063536348236e1,-4.60573801319696940e-11
1205,1.65689411028500075e2,1.75324334553354305e2,8.23267767045542200e1,1.45352092392787124e0,3.34965872048991509e0,-9.87600936870276502e-1,1.00032548478104899e0,-6.55010579783682179e0,1.06196937329213288e1,4.12201522914656948e-13,4.44645054972240672e1,-3.19317905450589024e-11
1206,1.65172154090439165e2,1.74606814138590408e2,8.19030584847109964e1,1.46809532023006262e0,3.33207989276648364e0,-9.87612456641144942e-1,9.99521853753457812e-1,-6.56954041837043867e0,1.11139718263741809e1,3.65655422607247260e-13,4.44672175278012247e1,-7.24043047739542089e-11
1207,1.64716987422185582e2,1.73959680536323532e2,8.15425078552086973e1,1.48128656041922024e0,3.31501435191254368e0,-9.87624415792909272e-1,9.98664045312740334e-1,-6.58691255818970411e0,1.16082945705246594e1,3.27939064792559520e-13,4.44700409946290520e1,-7.67101937526604161e-11
1208,1.64314797295642961e2,1.73373292939587515e2,8.12362735163791001e1,1.49324855548354685e0,3.29844851007934459e0,-9.87636810399999954e-1,9.97754458135813427e-1,-6.60232468343912871e0,1.21026636146213651e1,2.91218438253082468e-13,4.44729743958371202e1,-4.67395011582993902e-11
1209,1.63958024648379677e2,1.72839604403895635e2,8.09770170819743385e1,1.50411639488823234e0,3.28236575698234212e0,-9.87649636415054322e-1,9.96795196488792667e-1,-6.61588428032476372e0,1.25970805673099591e1,2.59965660109884311e-13,4.44760161802251019e1,-7.61701812734827399e-11
1210,1.63640366942429409e2,1.72351861519735309e2,8.07586220948139442e1,1.51400867878435896e0,3.26674757716161812e0,-9.87662889672453748e-1,9.95788118114526721e-1,-6.62769984855829986e0,1.30915469955335091e1,2.24167906459626920e-13,4.44791647491087687e1,-6.83826328895520419e-11
1211,1.63356542827474584e2,1.71904366639064534e2,8.05759644993558339e1,1.52302959841908669e0,3.25157438190516634e0,-9.87676565891928759e-1,9.94734874573979244e-1,-6.63787813984271846e0,1.35860644235012895e1,2.02532435267244182e-13,4.44824184582084001e1,-7.07274239175603725e-11
1212,1.63102105324552440e2,1.71492288542586152e2,8.04247305570469138e1,1.53127077414845392e0,3.23682612331801556e0,-9.87690660682237542e-1,9.93636945079475198e-1,-6.64652231845993136e0,1.40806343317269036e1,1.73940722936194447e-13,4.44857756195633556e1,-1.24913412946625613e-11
1213,1.62873292707318626e2,1.71111510832916395e2,8.03012715952208396e1,1.53881286819926566e0,3.22248274222273423e0,-9.87705169544899175e-1,9.92495664789285859e-1,-6.65373079780870036e0,1.45752581561367371e1,1.52815260445748891e-13,4.44892345034937762e1,-5.50812728761229664e-11
1214,1.62666908832436945e2,1.70758509871236413e2,8.02024875106477140e1,1.54572699293302929e0,3.20852448954992342e0,-9.87720087877984265e-1,9.91312248429999987e-1,-6.65959656666245969e0,1.50699372872488766e1,1.33830446724658714e-13,4.44927933405750977e1,-9.66906554822344333e-11
1215,1.62480226603748434e2,1.70430255980015488e2,8.01257328469136212e1,1.55207593640074371e0,3.19493215169173395e0,-9.87735410979954875e-1,9.90087810001535229e-1,-6.66420686525523021e0,1.55646730694233124e1,1.12888864922666698e-13,4.44964503236473305e1,-7.44790895623737015e-11
1216,1.63116042021445878e2,1.71528945912280875e2,8.03220133341398537e1,1.53373362822935566e0,-3.22349809132533771e0,-9.87661134105166649e-1,9.90645609928142767e-1,-6.14936036161486044e0,-1.55644053321331963e1,1.21201659819547558e-13,3.81472218144002468e1,-6.14193140791030601e-11
1217,1.63378881108043345e2,1.71955333334417332e2,8.04602998406576262e1,1.52586052094784241e0,-3.23903572674952756e0,-9.87647729383704709e-1,9.91874092778891048e-1,-6.13886089485961151e0,-1.50696765640232488e1,1.41206490944512097e-13,3.81440790646688583e1,-5.03064256918150932e-12
1218,1.63673749488271483e2,1.72420561704898205e2,8.06318460566437096e1,1.51720739053151488e0,-3.25512034961381902e0,-9.87634750819138763e-1,9.93059612111099610e-1,-6.12623906649572980e0,-1.45750045797823322e1,1.63549729315093373e-13,3.81410206436216868e1,-3.60671492671826854e-11
1219,1.64005867991767758e2,1.72930358494761009e2,8.08416683991139138e1,1.50767628879041693e0,-3.27179240422155138e0,-9.87622202629609203e-1,9.94200559118710525e-1,-6.11125663916759265e0,-1.40803880323935111e1,1.85372550642881606e-13,3.81380481056448701e1,-4.83169060316868126e-12
1220,1.64381538473095077e2,1.73491586885074327e2,8.10958315008520003e1,1.49715448760773207e0,-3.28909588669661623e0,-9.87610088916450302e-1,9.95295100099187868e-1,-6.09364120285538569e0,-1.35858255285339276e1,2.12996287274336282e-13,3.81351629726834176e1,-9.10063135961536318e-11
1221,1.64808418525548461e2,1.74112527766468645e2,8.14017167517301488e1,1.48551198076962310e0,-3.30707865033878035e0,-9.87598413660616292e-1,9.96341123187274635e-1,-6.07308059071540551e0,-1.30913156293262887e1,2.37802832980804624e-13,3.81323667325188040e1,-5.11448661200120114e-11
1222,1.65295879897050582e2,1.74803246455567802e2,8.17683731116993755e1,1.47259855432410958e0,-3.32579274138423786e0,-9.87587180719178281e-1,9.97336171446517428e-1,-6.04921627902542447e0,-1.25968568511616894e1,2.72365463516166528e-13,3.81296608370587435e1,-8.46114289743127301e-11
1223,1.65855480683919836e2,1.75576074285355219e2,8.22069798692461973e1,1.45824036565160164e0,-3.34529477840229195e0,-9.87576393821904097e-1,9.98277358628329226e-1,-6.02163554862787187e0,-1.21024476665934326e1,3.08478936839051698e-13,3.81270467006589797e1,-7.10400627212948166e-11
1224,1.66501593985329066e2,1.76446247785546120e2,8.27314634881878135e1,1.44223597542881254e0,-3.36564639971149493e0,-9.87566056567926731e-1,9.99161262934799899e-1,-5.98986211291085890e0,-1.16080865053013209e1,3.45865697193303845e-13,3.81245256984681689e1,-5.90176796322339214e-11
1225,1.67252254395911450e2,1.77432766764153286e2,8.33593291843891251e1,1.42435179137118384e0,-3.38691482256864473e0,-9.87556172422500267e-1,9.99983792958044071e-1,-5.95334480741483230e0,-1.11137717551255566e1,3.87509468957603076e-13,3.81220991648040197e1,-2.67021960098645650e-11
1226,1.68130311905144254e2,1.78559560602354082e2,8.41127957803086161e1,1.40431691613668397e0,-3.40917359100614537e0,-9.87546744713860059e-1,1.00074001865912066e0,-5.91144376351659862e0,-1.06195017631694739e1,4.28948543351737044e-13,3.81197683915663177e1,-4.06856770496233366e-11
1227,1.69165025983164298e2,1.79857094935758283e2,8.50203651728125038e1,1.38181745732708383e0,-3.43250364496818161e0,-9.87537776630181496e-1,1.00142395893247649e0,-5.86341321071506005e0,-1.01252748369698047e1,4.76433129059650184e-13,3.81175346266805448e1,-8.25934876047540456e-11
1228,1.70394300105463003e2,1.81364617736923236e2,8.61190245757732953e1,1.35649047652823462e0,-3.45699493622859588e0,-9.87529271216649018e-1,1.00202831632310585e0,-5.80837959643947244e0,-9.63108924573344183e0,5.19364065643124206e-13,3.81153990725909750e1,-5.81081849304609932e-11
1229,1.71867864434493328e2,1.83133350151508978e2,8.74573861479765640e1,1.32791796097802717e0,-3.48274896937831002e0,-9.87521231372640917e-1,1.00254414956945981e0,-5.74531295703453004e0,-9.13694322163899386e0,5.76280342889923247e-13,3.81133628847898720e1,-7.88702436693711206e-11
1230,1.73651889296393449e2,1.85231100346818096e2,8.91002418872025572e1,1.29562154955190967e0,-3.50988289487046012e0,-9.87513659849029612e-1,1.00296047734338067e0,-5.67298821528420305e0,-8.64283496120163264e0,6.37032093742107008e-13,3.81114271703978602e1,-9.74722524915705435e-11
1231,1.75835803631723991e2,1.87749066562086739e2,9.11353004408703669e1,1.25905931728810283e0,-3.53853618051489827e0,-9.87506559245608262e-1,1.00326381475812876e0,-5.58993098553341738e0,-8.14876262669943685e0,6.88577667107281854e-13,3.81095929867907870e1,-6.69899691274622455e-11
1232,1.78542591232335724e2,1.90812087656918578e2,9.36833662896216310e1,1.21762684342042760e0,-3.56888151762940264e0,-9.87499932008645165e-1,1.00343766330999085e0,-5.49433900854835855e0,-7.65472434765913068e0,7.46632790316059669e-13,3.81078613402855808e1,-9.60795887294807471e-11
1233,1.81944714886094232e2,1.94594464823107813e2,9.69140903340732223e1,1.17066623085915578e0,-3.60114258350331129e0,-9.87493780428569390e-1,1.00346201448385064e0,-5.38396472208406784e0,-7.16071822239923250e0,8.10929448591402036e-13,3.81062331848754212e1,-7.08553216099971905e-11
1234,1.86289410556091923e2,1.99345047940705911e2,1.01070996478180533e2,1.11748892684659751e0,-3.63562269004839900e0,-9.87488106637796959e-1,1.00331300332144036e0,-5.25593565083880954e0,-6.66674231962813835e0,8.45950913486159806e-13,3.81047094210242250e1,-2.05488959181820974e-11
1235,1.91940081579039770e2,2.05428225886508017e2,1.06512444459763287e2,1.05742130641241738e0,-3.67275020468335400e0,-9.87482912608694030e-1,1.00296298521980654e0,-5.10647633310650484e0,-6.17279468009479082e0,8.99001359466744532e-13,3.81032908945293585e1,-6.71889210934750736e-11
1236,1.99446338702749188e2,2.13393194450793573e2,1.13780939403737179e2,9.89885948591115894e-1,-3.71314849266369329e0,-9.87478200151687857e-1,1.00238153765497895e0,-4.93047921175246806e0,-5.67887331828925923e0,9.48064977218665561e-13,3.81019783954382092e1,-4.68105554318754002e-11
1237,2.09667001170746119e2,2.24095482400356758e2,1.23724829067404087e2,9.14535347249114450e-1,-3.75773809290706806e0,-9.87473970913524401e-1,1.00153822819120664e0,-4.72086064015460583e0,-5.18497622419047843e0,1.00515949730262122e-12,3.81007726570374174e1,-5.76250158701441251e-11
1238,2.23995164891333047e2,2.38919171789632458e2,1.37720916020505712e2,8.31454853958593643e-1,-3.80787072470506649e0,-9.87470226375678606e-1,1.00040839453948482e0,-4.46766579852477719e0,-4.69110136505825359e0,1.07075806554668418e-12,3.80996743549106753e1,-4.25615098720300011e-11
1239,2.44788662260764596e2,2.60201748036552715e2,1.58100043432281211e2,7.41438333095991053e-1,-3.86546107056661725e0,-9.87466967852919542e-1,9.98983408059725742e-1,-4.15706402891958593e0,-4.19724668726648886e0,1.14438666876104378e-12,3.80986841060635868e1,-6.97895075063570403e-11
1252,2.60265614743781896e2,2.75858847958525132e2,1.73961802045002514e2,6.17581405371023795e-1,3.79477041329169174e0,-9.87469123345655730e-1,9.98227080692426161e-1,-5.34249666378462962e0,2.22198809171482736e0,1.43423722334320991e-12,3.80958138462382436e1,-8.63451532495673746e-11
1253,2.35748576699027865e2,2.50904877508467195e2,1.49909928392288180e2,7.22278930775091976e-1,3.77296361781675138e0,-9.87472711696112837e-1,9.99790907662429840e-1,-5.36598578831035944e0,2.71578293192166509e0,1.31168958073663022e-12,3.80963669000620158e1,-8.20108425614307635e-11
1254,2.18796010839724090e2,2.33491211627763334e2,1.33313605448746841e2,8.17949847504292227e-1,3.74691688871227679e0,-9.87476785298846860e-1,1.00112499127282839e0,-5.40538286556940406e0,3.20958956803294759e0,1.21833619581845909e-12,3.80970298745720726e1,-1.20365939437760971e-11
1255,2.06666550555467722e2,2.20902167587240854e2,1.21466842648011010e2,9.04201458235295075e-1,3.71878791623566407e0,-9.87481342739283008e-1,1.00221815259142244e0,-5.45372457236999431e0,3.70341011817446741e0,1.15226404806545446e-12,3.80978023943254129e1,-4.07425204684841447e-11
1256,1.97736607270761453e2,2.11526733455075174e2,1.12768056389292155e2,9.81256822878399659e-1,3.68975988307059577e0,-9.87486382436847276e-1,1.00307729408391677e0,-5.50683090713280077e0,4.19724668726648886e0,1.08961494341142107e-12,3.80986840225537904e1,-7.36406491341767833e-11
1257,1.91002231031584301e2,2.04366738407664684e2,1.06227737537340516e2,1.04968787661157426e0,3.66053521327134801e0,-9.87491902646479902e-1,1.00371893512477883e0,-5.56194351332217618e0,4.69110136505825359e0,1.03205421639329664e-12,3.80996742617374338e1,-6.45457021164475009e-11
1258,1.85818640688763196e2,1.98779600676562893e2,1.01211001201072619e2,1.11023763679048892e0,3.63155369033514175e0,-9.87497901460306027e-1,1.00416358108956105e0,-5.61714937811302573e0,5.18497622419047755e0,9.86879848674515614e-13,3.81007725542535383e1,-7.26743110135430470e-11
1259,1.81757854569374956e2,1.94337650703904131e2,9.72968823924819191e1,1.16370773793423421e0,3.60309823099966753e0,-9.87504376809452133e-1,1.00443234230566691e0,-5.67110670434089759e0,5.67887331828925923e0,9.32834538780458189e-13,3.81019782831015803e1,-2.25384155783103779e-11
1260,1.78527554165615186e2,1.90747906588350503e2,9.41981719201291838e1,1.21089114641473561e0,3.57535098234421822e0,-9.87511326466014139e-1,1.00454511227592524e0,-5.72289128755779064e0,6.17279468009479082e0,9.02440448757868552e-13,3.81032907727052077e1,-5.78239678361569531e-11
1261,1.75923052742560316e2,1.87804541779970435e2,9.17139828933577235e1,1.25253474764382600e0,3.54842578606584302e0,-9.87518748045164041e-1,1.00451973193640676e0,-5.77189463614104703e0,6.66674231962813835e0,8.57781727592321630e-13,3.81047092897804589e1,-4.74500438940594904e-11
1262,1.73797874511659984e2,1.85359739361241736e2,8.97007143204606194e1,1.28932096434946697e0,3.52238855025596020e0,-9.87526639007399898e-1,1.00437173150028825e0,-5.81774795551241741e0,7.16071822239923250e0,8.16863937602718693e-13,3.81062330442855313e1,-5.21538368047913536e-11
1263,1.72045176095153835e2,1.83305264486048230e2,8.80537290158386412e1,1.32186106433226702e0,3.49727093473437378e0,-9.87534996660928810e-1,1.00411438403754238e0,-5.86026220463215086e0,7.65472434765913068e0,7.54165827010488954e-13,3.81078611904290554e1,-8.26076984594692476e-11
1264,1.70585691910650439e2,1.81560490881521645e2,8.66954752521208718e1,1.35069533903617223e0,3.47308002545885364e0,-9.87543818164181131e-1,1.00375890871702511e0,-5.89938020309104605e0,8.14876262669943685e0,6.93115703720437182e-13,3.81095928277508520e1,-8.22524270915891975e-11
1265,1.69359721050913663e2,1.80064429164234781e2,8.55675977737250122e1,1.37629706903245053e0,3.44980540682015313e0,-9.87553100528453354e-1,1.00331473045135100e0,-5.93513867099000247e0,8.64283496120163086e0,6.29827787146375329e-13,3.81114270022627792e1,-7.47917283661081456e-11
1266,1.68321684326338186e2,1.78770302728711641e2,8.46255840087511046e1,1.39907835080168086e0,3.42742443010590936e0,-9.87562840620669014e-1,1.00278974560928713e0,-5.96763864516746079e0,9.13694322163899386e0,5.78157313690930152e-13,3.81133627076539341e1,-6.61799504086957313e-11
1267,1.67436354824829380e2,1.77641784383302223e2,8.38350597453200095e1,1.41939661673033446e0,3.40590616906634081e0,-9.87573035166259383e-1,1.00219056898876646e0,-5.99702288591571708e0,9.63108924573344360e0,5.31569580020097021e-13,3.81153988865520432e1,-6.99458269082242623e-11
1268,1.66676201586664092e2,1.76650339031928951e2,8.31691810262712465e1,1.43756116718476545e0,3.38521438966422261e0,-9.87583680752154636e-1,1.00152275176216499e0,-6.02345899375426352e0,1.01252748369698029e1,4.83153447805584335e-13,3.81175344318402267e1,-4.82174300486803986e-11
1269,1.66019488017594711e2,1.75773317352609723e2,8.26067687040489318e1,1.45383934115791558e0,3.36530976691595418e0,-9.87594773829880812e-1,1.00079096794615108e0,-6.04712708276875333e0,1.06195017631694739e1,4.32456154220162148e-13,3.81197681880304486e1,-6.34798880128073506e-11
1270,1.65448891030393952e2,1.74992568404478874e2,8.21309549622875181e1,1.46846214243049800e0,3.34615152263239768e0,-9.87606310718760705e-1,9.99999170882087229e-1,-6.06821101027690979e0,1.11137717551255584e1,3.85306370143112531e-13,3.81220989526836860e1,-4.63273863715585321e-11
1271,1.64950485189591234e2,1.74293416561452801e2,8.17281884033511972e1,1.48162925298301151e0,3.32769861747832429e0,-9.87618287609206447e-1,9.99150722940398528e-1,-6.08689232599362384e0,1.16080865053013245e1,3.48054918219986575e-13,3.81245254778781586e1,-8.90025830813101493e-11
1272,1.64512986419458372e2,1.73663897969662656e2,8.13874939167230451e1,1.49351343197933328e0,3.30991060121167857e0,-9.87630700566104691e-1,9.98248502196747767e-1,-6.10334626152426019e0,1.21024476665934326e1,3.11126124863392306e-13,3.81270464717177902e1,-2.88480350718600675e-11
1273,1.64127182750232464e2,1.73094184350807893e2,8.10999159970221939e1,1.50426433495148282e0,3.29274820235366494e0,-9.87643545532286504e-1,9.97294989755396433e-1,-6.11773922265372594e0,1.25968568511616876e1,2.76105527330372524e-13,3.81296605998881830e1,-3.52855522578465752e-11
1274,1.63785501484341154e2,1.72576143707789043e2,8.08580957648140242e1,1.51401180548764480e0,3.27617372080033231e0,-9.87656818332072417e-1,9.96292341045545871e-1,-6.13022736783876177e0,1.30913156293262887e1,2.43572523261903484e-13,3.81323664872449655e1,-3.50866002918337472e-11
1275,1.63481676987090566e2,1.72103002210014324e2,8.06559465372154278e1,1.52286869820806792e0,3.26015127284733852e0,-9.87670514674895306e-1,9.95242443968823109e-1,-6.14095595575489206e0,1.35858255285339276e1,2.12854039949306184e-13,3.81351627194359111e1,-2.50537368629011326e-11
1276,1.63210493470010732e2,1.71669081640572870e2,8.04884027948539114e1,1.53093329185172311e0,3.24464692694729040e0,-9.87684630158985000e-1,9.94146966321823089e-1,-6.15005922424604989e0,1.40803880323935093e1,1.82902304413090633e-13,3.81380478445553308e1,-5.49675860384013504e-11
1277,1.62967584206362091e2,1.71269593825957486e2,8.03512243438142377e1,1.53829134783751265e0,3.22962875970217445e0,-9.87699160275117172e-1,9.93007394500299401e-1,-6.15766062516751411e0,1.45750045797823358e1,1.63404012543111321e-13,3.81410203748262617e1,-3.83693077310454100e-12
1278,1.62749273596327384e2,1.70900478429877154e2,8.02408423618149271e1,1.54501786452469592e0,3.21506685465256981e0,-9.87714100410416629e-1,9.91825065127918015e-1,-6.16387328733943374e0,1.50696765640232471e1,1.39742384330787672e-13,3.81440787883060963e1,-5.94866378378355876e-11
1279,1.62552452040751831e2,1.70558274026287393e2,8.01542374947299407e1,1.55117857166445527e0,3.20093326098442077e0,-9.87729445852207566e-1,9.90601190944797150e-1,-6.16880061595000129e0,1.55644053321331999e1,1.23012711128467345e-13,3.81472215306115245e1,-1.97530880541307852e-11
1280,1.63217664355306795e2,1.71695313809476090e2,8.03728380234307309e1,1.53388261568311712e0,-3.23093163742282208e0,-9.87655529151031719e-1,9.91121829042265867e-1,-5.65304105232987375e0,-1.55641576202827121e1,1.29202204490752592e-13,3.22867805962510346e1,-3.71329633708228357e-11
1281,1.63496825580455322e2,1.72143079992746948e2,8.05260383540062463e1,1.52625319192645903e0,-3.24722346133108042e0,-9.87642106142308629e-1,9.92349233322784352e-1,-5.64213180922109370e0,-1.50694353403658141e1,1.50490730987939969e-13,3.22841147189545410e1,-5.83071368964738213e-11
1282,1.63811361998662505e2,1.72633619134857753e2,8.07156364653346117e1,1.51784088307690146e0,-3.26416206859042690e0,-9.87629109832950380e-1,9.93532946268813166e-1,-5.62900459945136600e0,-1.45747699672942534e1,1.70627401097078746e-13,3.22815203619926692e1,-4.85727014165604487e-11
1283,1.64167341152730955e2,1.73173597357680450e2,8.09474545060157311e1,1.50854241414473367e0,-3.28180438164136712e0,-9.87616544450508949e-1,9.94671183012544424e-1,-5.61338019349084849e0,-1.40801601515922776e1,1.96960503462406677e-13,3.22789988449452139e1,-8.35171931612421758e-11
1284,1.64572170068789262e2,1.73771093254509964e2,8.12286113983835634e1,1.49823784294022921e0,-3.30021418729808591e0,-9.87604414105503592e-1,9.95761882258470954e-1,-5.59493264888963981e0,-1.35856044973412349e1,2.23564222689986991e-13,3.22765514598686707e1,-7.70228325563948601e-11
1285,1.65034963595534066e2,1.74435977938694947e2,8.15678821219253791e1,1.48678745723127537e0,-3.31946324881539256e0,-9.87592722787834942e-1,9.96802635794616809e-1,-5.57327974604616649e0,-1.30911015629325522e1,2.56576010437825630e-13,3.22741794698270468e1,-4.88569185108644888e-11
1286,1.65567036225416473e2,1.75180420841806153e2,8.19761780480108655e1,1.47402804511336605e0,-3.33963268920630219e0,-9.87581474363271705e-1,9.97790597908063570e-1,-5.54797101181497521e0,-1.25966498618923257e1,2.90552304438307374e-13,3.22718841074457288e1,-5.13580289407400414e-11
1287,1.66182567143035499e2,1.76019571489220027e2,8.24671972580290884e1,1.45976841499985732e0,-3.36081474876301867e0,-9.87570672570020403e-1,9.98722368341718236e-1,-5.51847254921887931e0,-1.21022478637770607e1,3.21138948766730437e-13,3.22696665734778918e1,-1.23066001833649352e-11
1288,1.66899512092196630e2,1.76972491417737984e2,8.30583172855462522e1,1.44378402578519882e0,-3.38311507268586142e0,-9.87560321015381937e-1,9.99593840250201482e-1,-5.48414755672483611e0,-1.16078939951403122e1,3.62057606118071362e-13,3.22675280354064924e1,-7.73923147789901122e-11
1289,1.67740873006331128e2,1.78063447838884429e2,8.37718395652642869e1,1.42581057795822619e0,-3.40665576974569229e0,-9.87550423172498859e-1,1.00040000166863163e0,-5.44423090119593667e0,-1.11135866405690820e1,4.06449179868317856e-13,3.22654696260569480e1,-3.21733750752173364e-11
1290,1.68736496218854427e2,1.79323740575061237e2,8.46367539496217205e1,1.40553642170508009e0,-3.43157962149825124e0,-9.87540982377204779e-1,1.00113467505678089e0,-5.39779528181672319e0,-1.06193241437893136e1,4.55021437195668454e-13,3.22634924422518949e1,-3.70476982425316237e-11
1291,1.69925668482674894e2,1.80794332158766622e2,8.56912887977969717e1,1.38259367536467104e0,-3.45805605085748757e0,-9.87532001824973804e-1,1.00179017424802264e0,-5.34370517131408818e0,-1.01251048088392697e1,4.99374847029443458e-13,3.22615975434914333e1,-9.64632818067912012e-11
1292,1.71360946506727601e2,1.82529717165528979e2,8.69866765248154792e1,1.35654804883171654e0,-3.48628984409509757e0,-9.87523484567981225e-1,1.00235685137430397e0,-5.28055245544618579e0,-9.63092690130955020e0,5.46469119955261817e-13,3.22597859506682241e1,-2.16147100218222477e-11
1293,1.73113946536624894e2,1.84603756799463582e2,8.85928517266812889e1,1.32688759116374255e0,-3.51653427808902030e0,-9.87515433512276330e-1,1.00282249801094991e0,-5.20656379404649439e0,-9.13678864964825088e0,6.03125188680664337e-13,3.22580586448208280e1,-4.77342609883635305e-11
1294,1.75284347575778156e2,1.87118729656189799e2,9.06073196509499468e1,1.29301104131332978e0,-3.54911144703757397e0,-9.87507851415078131e-1,1.00317155546446157e0,-5.11946284515090433e0,-8.64268824652960177e0,6.50281911651617861e-13,3.22564165659246740e1,-5.91597881793859415e-11
1295,1.78014358359438518e2,1.90219841008375283e2,9.31694172786159243e1,1.25421736683508955e0,-3.58444460369759188e0,-9.87500740882190753e-1,1.00338408096444787e0,-5.01625802139795862e0,-8.14862385028434488e0,7.10095177103298170e-13,3.22548606117298604e1,-5.06901187691255473e-11
1296,1.81512877273021843e2,1.94119400132900864e2,9.64841445884406852e1,1.20969983344251375e0,-3.62311097532478898e0,-9.87494104365551517e-1,1.00343441536644273e0,-4.89290323390216120e0,-7.65459358638979737e0,7.78066847062497402e-13,3.22533916366390585e1,-5.06901187691255473e-11
1297,1.86097739710895780e2,1.99139012144684557e2,1.00863858812221807e2,1.15855135228327288e0,-3.66593022210331210e0,-9.87487944160908460e-1,1.00328951787904108e0,-4.74373469957215121e0,-7.16059554901747042e0,8.26607879367280418e-13,3.22520104506350975e1,-6.74162947689183056e-11
1298,1.92273845500898659e2,2.05787458489985767e2,1.06805409127104099e2,1.09979448714645400e0,-3.71411627769594466e0,-9.87482262405638855e-1,1.00290700579460390e0,-4.56049985930188218e0,-6.66662780263590271e0,8.64833378522167351e-13,3.22507178182571792e1,-3.55981910615810193e-11
1299,2.00888048991739652e2,2.14914843482110371e2,1.15143098257668370e2,1.03246260038290383e0,-3.76954414401232007e0,-9.87477061076707296e-1,1.00223312893771621e0,-4.33062040296451567e0,-6.17268838366628358e0,9.12039107431317220e-13,3.22495144576352359e1,-3.34665628543007188e-11
1300,2.13464838303358817e2,2.28046184697798878e2,1.27380226126688910e2,9.55784832466539558e-1,-3.83522794380424248e0,-9.87472341988769098e-1,1.00120135174839087e0,-4.03398284447308964e0,-5.67877530218813487e0,9.74721171831394173e-13,3.22484010395652803e1,-6.45314912617322989e-11
1301,2.33025419284502419e2,2.48194409846243673e2,1.46498100205121006e2,8.69580422771976669e-1,-3.91618432769915836e0,-9.87468106792423805e-1,9.99733145798707645e-1,-3.63689018741117609e0,-5.18488654369241875e0,1.03770811388237405e-12,3.22473781866555740e1,-7.49196260585449636e-11
1302,2.66449878888458102e2,2.82202540971312317e2,1.79289015392198650e2,7.75071207333838608e-1,-4.02094888724523525e0,-9.87464356972618584e-1,9.97744342561580400e-1,-3.08087780072567163e0,-4.69102007087903683e0,1.05098763893141101e-12,3.22464464725211784e1,-6.14903683526790701e-11
1318,2.49662219142940046e2,2.65082191812234612e2,1.63639828579509384e2,7.49063979033540051e-1,3.91156859094891507e0,-9.87470924656169702e-1,9.98876590268320319e-1,-4.52972857054242262e0,3.20953369054708126e0,1.28194351835253517e-12,3.22442030945741749e1,-8.73967564984923229e-12
1319,2.25080052723423847e2,2.39959148596517821e2,1.39525756943595894e2,8.53657950000707100e-1,3.84792886387268185e0,-9.87475488458234296e-1,1.00062892563771877e0,-4.68695819145590775e0,3.70334573021516977e0,1.20342256125505198e-12,3.22448584430881553e1,-4.35136371379485354e-11
1320,2.09442540137547212e2,2.23790662746649048e2,1.24224761942369838e2,9.44729864957726595e-1,3.79385478539342857e0,-9.87480535188264619e-1,1.00198705437684810e0,-4.81195072852414718e0,4.19717382549572626e0,1.12898015589002476e-12,3.22456063502005961e1,-2.89617219095816836e-11
1321,1.98804923892216067e2,2.12650661087790922e2,1.13845630028399597e2,1.02373265337688890e0,3.74611151504699524e0,-9.87486063097155142e-1,1.00300434247090120e0,-4.91711409537525412e0,4.69102007087903594e0,1.06779515784971579e-12,3.22464463934788910e1,-7.49054152038297616e-11
1322,1.91215897239321293e2,2.04592448688364954e2,1.06464961603350986e2,1.09218164108880300e0,3.70295546955445243e0,-9.87492070272611100e-1,1.00373142503045543e0,-5.00846696609154396e0,5.18488654369241786e0,1.00883147322039513e-12,3.22473780994594392e1,-3.78435061065829359e-11
1323,1.85604977762202026e2,1.98545177555599764e2,1.01028516141865765e2,1.15150660858786069e0,3.66336491028126021e0,-9.87498554640972359e-1,1.00421288255444408e0,-5.08919156923768767e0,5.67877530218813398e0,9.62119706821029652e-13,3.22484009442656685e1,-6.96331881044898182e-12
1324,1.81339065604665905e2,1.93873617566643787e2,9.69134080810294165e1,1.20299364670668796e0,3.62669436314144678e0,-9.87505513969186843e-1,1.00448638968857940e0,-5.16113523825608134e0,6.17268838366628358e0,9.13170580818523092e-13,3.22495143542862479e1,-3.86677356800646521e-11
1325,1.78021734995436987e2,1.90178690531498660e2,9.37300063271478905e1,1.24776961037380785e0,3.59250622697508604e0,-9.87512945866924507e-1,1.00458304905569906e0,-5.22549127625537047e0,6.66662780263590182e0,8.64632150598954041e-13,3.22507177069172002e1,-1.87867499334970489e-11
1326,1.75393369092313549e2,1.87198103885453719e2,9.12234074386264240e1,1.28680669514727342e0,3.56048365582019066e0,-9.87520847788834755e-1,1.00452820228421369e0,-5.28312041900542972e0,7.16059554901747042e0,8.35901660389826162e-13,3.22520103313672735e1,-8.70272742758970708e-11
1327,1.73277682261544527e2,1.84753068324347197e2,8.92207025031810730e1,1.32093588751349023e0,3.53038342384959636e0,-9.87529217036936302e-1,1.00434235857139553e0,-5.33470547873149314e0,7.65459358638979825e0,7.81302106345194147e-13,3.22533915095101094e1,-9.77991021500201896e-11
1328,1.71551349578167617e2,1.82717993071293108e2,8.76010481812810582e1,1.35086356305109634e0,3.50200951479140521e0,-9.87538050763140940e-1,1.00404207481192742e0,-5.38082598173702298e0,8.14862385028434311e0,7.23199278240826970e-13,3.22548604768116220e1,-3.25002247336669825e-11
1329,1.70125909723735390e2,1.81002398488508589e2,8.62778450775814605e1,1.37718835348413204e0,3.47519787522538737e0,-9.87547345971902857e-1,1.00364072277942107e0,-5.42199397619116130e0,8.64268824652959999e0,6.64409499639972978e-13,3.22564164232915900e1,-8.60325144458329305e-11
1330,1.68936540809825487e2,1.79539678117781648e2,8.51876925912740717e1,1.40041690814396791e0,3.44980735383262127e0,-9.87557099522989090e-1,1.00314912873126483e0,-5.45867112262975951e0,9.13678864964825088e0,6.05630129379974846e-13,3.22580584945509372e1,-3.31112914864206687e-11
1331,1.67934859333381326e2,1.78279875139355369e2,8.42833081461233320e1,1.42097797616395827e0,3.42571414131269503e0,-9.87567308134370436e-1,1.00257609319977892e0,-5.49127699928145763e0,9.63092690130955198e0,5.51208384491630454e-13,3.22597857928460954e1,-6.11066752753686160e-13
1332,1.67084164497465508e2,1.77184902212601173e2,8.35288545564376932e1,1.43923465692795638e0,3.40280822488146217e0,-9.87577968385219718e-1,1.00192880712799082e0,-5.52019349558762951e0,1.01251048088392679e1,5.04119315736240026e-13,3.22615973782032697e1,-4.32862634625053033e-11
1333,1.66356217813132048e2,1.76225297583581465e2,8.28967782964004556e1,1.45549487937056909e0,3.38099102004096963e0,-9.87589076719022074e-1,1.00121318217013267e0,-5.54576762369621434e0,1.06193241437893118e1,4.51479131857723814e-13,3.22634922695877719e1,-8.91731133378925733e-11
1334,1.65729014088522774e2,1.75377974752089500e2,8.23656227489245936e1,1.47002026929562124e0,3.36017370204082688e0,-9.87600629446781841e-1,1.00043411168725083e0,-5.56831380280395472e0,1.11135866405690837e1,4.07712058558828971e-13,3.22654694461110694e1,-7.11253278495860286e-11
1335,1.65185208555676155e2,1.74624630791846727e2,8.19184862883052745e1,1.48303360010099361e0,3.34027596236703950e0,-9.87612622750327906e-1,9.99595676616227835e-1,-5.58811604457386668e0,1.16078939951403122e1,3.64000496411165386e-13,3.22675278482766004e1,-4.52899939773487858e-11
1336,1.64710987799912914e2,1.73950600944439458e2,8.15419162204648984e1,1.49472502558580289e0,3.32122503134822766e0,-9.87625052685708882e-1,9.98701307870490274e-1,-5.60543017252252085e0,1.21022478637770625e1,3.24209409319209385e-13,3.22696663792645566e1,-8.18261014501331374e-11
1337,1.64295246732325893e2,1.73344021518966969e2,8.12251030843934956e1,1.50525728047728857e0,3.30295487443180047e0,-9.87637915186672988e-1,9.97753914625279958e-1,-5.62048608008188655e0,1.25966498618923257e1,2.87110613061969389e-13,3.22718839062519649e1,-3.10791392621467821e-11
1338,1.63928980293516673e2,1.72795209521620990e2,8.09592855589856555e1,1.51477001423731972e0,3.28540550794983366e0,-9.87651206068225762e-1,9.96755985881324080e-1,-5.63348998569788151e0,1.30911015629325522e1,2.54660875720347235e-13,3.22741792617604162e1,-5.36459765498875640e-11
1339,1.63604828186393433e2,1.72296197045321492e2,8.07373053622475396e1,1.52338340166484643e0,3.26852240221519574e0,-9.87664921030261489e-1,9.95709671100958982e-1,-5.64462663486905747e0,1.35856044973412349e1,2.25531399111744690e-13,3.22765512450380214e1,-8.58477733345353045e-11
1340,1.63316730220519105e2,1.71840377753547045e2,8.05532704996581828e1,1.53120115243013122e0,3.25225595244356969e0,-9.87679055661261462e-1,9.94616844435484482e-1,-5.65406140622095421e0,1.40801601515922741e1,1.96023752785379202e-13,3.22789986234637780e1,-1.69393388205207884e-11
1341,1.63059662642297212e2,1.71422235612180344e2,8.04022977942343573e1,1.53831302221984201e0,3.23656100522951506e0,-9.87693605442052647e-1,9.93479156060041224e-1,-5.66194229078444700e0,1.45747699672942552e1,1.72153957755938336e-13,3.22815201339754552e1,-2.66737743004341610e-11
1342,1.62829434462235440e2,1.71037134689659950e2,8.02803141171575305e1,1.54479691110595740e0,3.22139643243058593e0,-9.87708565749622847e-1,9.92298073350946663e-1,-5.66840172568950695e0,1.50694353403658123e1,1.48950296541272564e-13,3.22841144845198471e1,-6.81268375046784058e-11
1343,1.62622528716607405e2,1.70681154799766858e2,8.01839015571867577e1,1.55072062012819667e0,3.20672474667317298e0,-9.87723931860982951e-1,9.91074914035093735e-1,-5.67355827358566600e0,1.55641576202827103e1,1.34045552435679838e-13,3.22867803555183883e1,-1.06581410364015028e-11
1344,1.63316235491727241e2,1.71854960888637180e2,8.04243115197631511e1,1.53461778217046252e0,-3.23809007372072033e0,-9.87650384574650930e-1,9.91558086495104130e-1,-5.15734027106971382e0,-1.55639300691246962e1,1.38125622051177288e-13,2.69150355754953310e1,-3.42765815730672330e-11
1345,1.63611692355168998e2,1.72323924983144792e2,8.05924169939966362e1,1.52730402483338779e0,-3.25513256386900363e0,-9.87636944766076219e-1,9.92784252940570267e-1,-5.14620130846088664e0,-1.50692137482804700e1,1.58900670399475530e-13,2.69128086845821315e1,-6.86952716932864860e-11
1346,1.63945987899525846e2,1.72839715917163062e2,8.08001695867486944e1,1.51921482948130815e0,-3.27292564332514502e0,-9.87623932155134887e-1,9.93965982520982227e-1,-5.13277720233972179e0,-1.45745544473362312e1,1.79509185294079998e-13,2.69106415272283499e1,-5.35038680027355440e-11
1347,1.64326105747008057e2,1.73410013230681642e2,8.10542631817527166e1,1.51024319688612296e0,-3.29154437293879631e0,-9.87611350978031544e-1,9.95101301572839048e-1,-5.11675084621620879e0,-1.40799508145569732e1,2.05176153844632836e-13,2.69085352065288959e1,-4.67679228677297942e-11
1348,1.64760663882226424e2,1.74044224451180696e2,8.13629719330506731e1,1.50026380580896479e0,-3.31107459040771079e0,-9.87599205353730469e-1,9.96187901916067653e-1,-5.09774553299719102e0,-1.35854014516388570e1,2.36678732168371653e-13,2.69064908025801550e1,-2.22826201934367418e-11
1349,1.65260396743820536e2,1.74753984290307528e2,8.17366197346882046e1,1.48912931892371692e0,-3.33161505841921590e0,-9.87587499280358272e-1,9.97223049742805845e-1,-5.07531087594194386e0,-1.30909049144634366e1,2.67761507410924082e-13,2.69045093712552266e1,-2.38173925026785582e-11
1350,1.65838812830052632e2,1.75553833308170596e2,8.21882214250539676e1,1.47666585271518791e0,-3.35328022335484377e0,-9.87576236631680704e-1,9.98203466087863145e-1,-5.04890455731324383e0,-1.25964597139238936e1,3.00367369865384148e-13,2.69025919429883551e1,-1.43813849717844278e-11
1351,1.66513105582052702e2,1.76462154904009708e2,8.27343720639767781e1,1.46266741262041955e0,-3.37620382622038173e0,-9.87565421153662193e-1,9.99125168736826441e-1,-5.01786833322251002e0,-1.21020643168226218e1,3.38111483255687517e-13,2.69007395215832688e1,-7.05853153704083525e-11
1352,1.67305436830095630e2,1.77502491354812264e2,8.33965014714374888e1,1.44688905264106116e0,-3.40054373099728480e0,-9.87555056461114189e-1,9.99983261334850604e-1,-4.98139597132569634e0,-1.16077171468398905e1,3.79318104704040593e-13,2.68989530830344599e1,-1.28181909531122074e-11
1353,1.68244780156747680e2,1.78705428138330973e2,8.42026782233536153e1,1.42903847550731644e0,-3.42648853506125306e0,-9.87545146034433330e-1,1.00077164953344244e0,-4.93848959953978994e0,-1.11134165855726312e1,4.21235962777544160e-13,2.68972335743752033e1,-5.03348474012454972e-11
1354,1.69369626352001319e2,1.80111351166106175e2,8.51902603896241146e1,1.40876575512741531e0,-3.45426685542987544e0,-9.87535693216438526e-1,1.00148265536344283e0,-4.88789898034718018e0,-1.06191609736424795e1,4.70751909675826141e-13,2.68955819125480424e1,-8.27071744424756616e-12
1355,1.70732053247784307e2,1.81774582341293183e2,8.64098874889662341e1,1.38565086057371256e0,-3.48416074035150469e0,-9.87526701209315405e-1,1.00210648830820648e0,-4.82803491329053358e0,-1.01249486118719538e1,5.17041270908791262e-13,2.68939989832986086e1,-9.93196636045468040e-11
1356,1.72404024099976937e2,1.83769761414284403e2,8.79316648851700791e1,1.35918874161057324e0,-3.51652561723444457e0,-9.87518173071666450e-1,1.00263051275828818e0,-4.75684220831835169e0,-9.63077776252750972e0,5.69117669657615011e-13,2.68924856401054377e1,-7.64401875130715780e-11
1357,1.74487461680462076e2,1.86202025390354123e2,8.98550654192389544e1,1.32877201249031196e0,-3.55182089533466572e0,-9.87510111715676153e-1,1.00303822367869699e0,-4.67160732571016624e0,-9.13664665062798953e0,6.20834980646911561e-13,2.68910427031326549e1,-2.75832690022070892e-11
1358,1.77130999855119171e2,1.89223890044092997e2,9.23254094382968589e1,1.29367199238733988e0,-3.59065845990833266e0,-9.87502519904398857e-1,1.00330780115152107e0,-4.56865654464839910e0,-8.64255346531675528e0,6.76323580472981689e-13,2.68896709582221192e1,-5.06190644955495372e-11
1359,1.80559163255848006e2,1.93064580405077379e2,9.55625956272516248e1,1.25302058765991475e0,-3.63388216447600376e0,-9.87495400249165822e-1,1.00341005431344943e0,-4.44286345497721502e0,-8.14849636129581789e0,7.40331407289573917e-13,2.68883711559173761e1,-8.37445668366854079e-11
1360,1.85126152942851434e2,1.98083961633051274e2,9.99140989757369340e1,1.20579953248034477e0,-3.68270283756318184e0,-9.87488755207126645e-1,1.00330547994743124e0,-4.28681039264196784e0,-7.65447346031978082e0,7.89831741676572108e-13,2.68871440105283668e1,-6.20872242507175542e-11
1361,1.91422219160941324e2,2.04878950482747115e2,1.05959853169393853e2,1.15085297340632753e0,-3.73893622612748588e0,-9.87482587078920671e-1,1.00294004839972484e0,-4.08929434553314497e0,-7.16048285274768226e0,8.29784158051793952e-13,2.68859901992313297e1,-2.55511167779332027e-11
1362,2.00503897764203600e2,2.14513331569871923e2,1.14739381348792534e2,1.08696220061196902e0,-3.80543857786092321e0,-9.87476898006486969e-1,1.00223920663019839e0,-3.83253719155909600e0,-6.66652259915011758e0,8.72857341960298072e-13,2.68849103612157023e1,-4.67110794488689862e-11
1363,2.14455980655394796e2,2.29077562151995210e2,1.28306411987033442e2,1.01307846206899921e0,-3.88693307452226611e0,-9.87471689971018973e-1,1.00109953900551218e0,-3.48674161820708228e0,-6.17259073196945884e0,9.27204060058306467e-13,2.68839050968704285e1,-9.89075488178059459e-12
1364,2.38016414795831736e2,2.53304379905911958e2,1.51332968274956158e2,9.28959079536072596e-1,-3.99161454917507807e0,-9.87466964791060109e-1,9.99377842405257399e-1,-2.99916107990170300e0,-5.67868525723022533e0,9.84330238845698702e-13,2.68829749670164020e1,-5.82645043323282152e-11
1365,2.84678788967388527e2,3.00625905897467476e2,1.97134719848548656e2,8.36851877958119661e-1,-4.13418588537766851e0,-9.87462724120752644e-1,9.96878953253920730e-1,-2.27286257220886201e0,-5.18480415629713143e0,9.75817733908646012e-13,2.68821204921872621e1,-9.39195388127700426e-11
1383,2.59015024501236780e2,2.74571052492151466e2,1.72898793104530114e2,8.06722346946278646e-1,4.01680746604688377e0,-9.87470114825709677e-1,9.98331538664632867e-1,-3.80201669386877006e0,3.70328657822594209e0,1.22636178555984854e-12,2.68800155328550616e1,-7.83018094807630405e-12
1384,2.27869314879104792e2,2.42818632931923389e2,1.42312418547415319e2,9.12347484066413639e-1,3.92186786311895652e0,-9.87475168016533789e-1,1.00042668597412576e0,-4.05822864129908378e0,4.19710688886600369e0,1.18247165531437659e-12,2.68806403251507327e1,-5.01785279993782751e-11
1385,2.09857706214941231e2,2.24218275924117307e2,1.24671286286488140e2,1.00225112757927159e0,3.84681002169173736e0,-9.87480702998799198e-1,1.00197176416821976e0,-4.24267826199839693e0,4.69094538767761904e0,1.11305496069968868e-12,2.68813420859291412e1,-3.40918404617696069e-11
1386,1.98306814545094596e2,2.12121835090139768e2,1.13392078709463775e2,1.07864357727071369e0,3.78423728675663584e0,-9.87486717856146723e-1,1.00307856179207877e0,-4.38552655256157653e0,5.18480415629713232e0,1.03933875394979225e-12,2.68821204193441510e1,-3.85540488423430361e-11
1387,1.90383171381583452e2,2.03698122155057291e2,1.05681588748975827e2,1.14365822217880408e0,3.73022107342578257e0,-9.87493210510514863e-1,1.00383515606898155e0,-4.50138241731356814e0,5.67868525723022533e0,9.87483966125024537e-13,2.68829748874030621e1,-9.78275238594505936e-11
1388,1.84682882107788487e2,1.97539781968475211e2,1.00157055736848847e2,1.19915944748135583e0,3.68247981628831722e0,-9.87500178724117883e-1,1.00430971310902351e0,-4.59810373211247470e0,6.17259073196945884e0,9.37020426527990224e-13,2.68839050105326223e1,-2.69722022494534031e-11
1389,1.80433569022792199e2,1.92869791465157959e2,9.60584431761364073e1,1.24671841747826262e0,3.63958599135069161e0,-9.87507620101567007e-1,1.00455461572550364e0,-4.68032854634665441e0,6.66652259915011758e0,8.94311534549441234e-13,2.68849102682028942e1,-3.65218966180691496e-11
1390,1.77176791007655822e2,1.89225202630130269e2,9.29350757525442361e1,1.28763945444284200e0,3.60058767638482058e0,-9.87515532092133830e-1,1.00461007661503587e0,-4.75103371767048444e0,7.16048285274768226e0,8.52510770310566102e-13,2.68859900995954249e1,-1.94688709598267451e-11
1391,1.74624321451974765e2,1.86313780722627087e2,9.05038879295606051e1,1.32299883398185170e0,3.56481428263425437e0,-9.87523911992146841e-1,1.00450704605587449e0,-4.81227592815114757e0,7.65447346031978082e0,8.09653559474821094e-13,2.68871439043252245e1,-2.65032440438517369e-11
1392,1.72586578704397226e2,1.83942486865812640e2,8.85788729476613668e1,1.35368313783530336e0,3.53177074495939047e0,-9.87532756947523516e-1,1.00426946097639802e0,-4.86556606197815533e0,8.14849636129581611e0,7.53019174792868284e-13,2.68883710432066252e1,-7.82591769166174345e-11
1393,1.70934244011554711e2,1.81979051259325786e2,8.70332696051395089e1,1.38042312072484696e0,3.50107694567923611e0,-9.87542063956426741e-1,1.00391595081148988e0,-4.91206881506389159e0,8.64255346531675528e0,6.85142914624847776e-13,2.68896708390667243e1,-4.75068873129202984e-11
1394,1.69576422030487151e2,1.80330064443840911e2,8.57780603828843482e1,1.40382225040687736e0,3.47243148082990949e0,-9.87551829872043707e-1,1.00346111956232087e0,-4.95271480226621730e0,9.13664665062798775e0,6.23662579912753756e-13,2.68910425775983484e1,-7.56017470848746598e-11
1395,1.68447598092091340e2,1.78927865636608800e2,8.47491390671595468e1,1.42438022736629266e0,3.44558909832050331e0,-9.87562051405485364e-1,1.00291650627736795e0,-4.98826697239376049e0,9.63077776252750972e0,5.75145833736634415e-13,2.68924855082627090e1,-5.16422460350440815e-11
1396,1.67499528961485368e2,1.77722372629977343e2,8.38993378613670870e1,1.44251214995299515e0,3.42034610501813408e0,-9.87572725128792683e-1,1.00229130490311280e0,-5.01936220939626221e0,1.01249486118719521e1,5.25789481398142300e-13,2.68939988452193255e1,-7.03295199855347164e-11
1397,1.66696026534869418e2,1.76675814205861826e2,8.31933023910755480e1,1.45856404453990174e0,3.39653057701462968e0,-9.87583847478056387e-1,1.00159290521037048e0,-5.04653891010695954e0,1.06191609736424830e1,4.72771127801863145e-13,2.68955817683073057e1,-3.73887587556964718e-11
1398,1.66009503340419883e2,1.75759233276137024e2,8.26041000411362774e1,1.47282542083235124e0,3.37399555765327896e0,-9.87595414756632817e-1,1.00082730091173655e0,-5.07025628822077845e0,1.11134165855726312e1,4.21437190700757469e-13,2.68972334240522919e1,-1.56319401867222041e-12
1399,1.65418626445091519e2,1.74950106068480011e2,8.21109181189305133e1,1.48553941844471793e0,3.35261417172462783e0,-9.87607423138458951e-1,9.99999399093275843e-1,-5.09090856053584151e0,1.16077171468398905e1,3.79786480042554331e-13,2.68989529267103933e1,-1.93409732673899271e-11
1400,1.64906688665688591e2,1.74230684925990033e2,8.16974668640907282e1,1.49691101417827599e0,3.33227600622095510e0,-9.87619868671458012e-1,9.99113256102972302e-1,-5.10883580310805030e0,1.21020643168226218e1,3.41695421957055601e-13,2.69007393593420829e1,-1.91278104466618970e-11
1401,1.64460455610441272e2,1.73586822064699533e2,8.13508497385450937e1,1.50711367216540082e0,3.31288435367876755e0,-9.87632747281027346e-1,9.98172258408997370e-1,-5.12433252629572156e0,1.25964597139238919e1,3.03562730508133427e-13,2.69025917749169174e1,-5.26512167198234238e-11
1402,1.64069335339543869e2,1.73007120089758814e2,8.10607503470287725e1,1.51629474475757409e0,3.29435406050134461e0,-9.87646054773606896e-1,9.97179262081015261e-1,-5.13765460964673171e0,1.30909049144634366e1,2.69482353099093075e-13,2.69045091974425290e1,-7.24469373380998150e-11
1403,1.63724771061408319e2,1.72482308885009132e2,8.08188381235666782e1,1.52457987072133339e0,3.27660981179582311e0,-9.87659786840322407e-1,9.96136700994710966e-1,-5.14902500645188521e0,1.35854014516388553e1,2.35384628455292955e-13,2.69064906231185432e1,-5.00222085975110531e-12
1404,1.63419790728622502e2,1.72004782097192873e2,8.06183278249254442e1,1.53207656759400357e0,3.25958473970545226e0,-9.87673939060692119e-1,9.95046671261771043e-1,-5.15863849298315280e0,1.40799508145569732e1,2.06164946225939616e-13,2.69085350215119057e1,-6.72741862217662856e-11
1405,1.63148668753811933e2,1.71568247922683440e2,8.04536488719465552e1,1.53887717516593114e0,3.24321927743928073e0,-9.87688506906396313e-1,9.93910997483821390e-1,-5.16666565603041228e0,1.45745544473362312e1,1.81375747754231043e-13,2.69106413367528923e1,-5.26512167198234238e-11
1406,1.62906668997432291e2,1.71167462940912429e2,8.03201942722339624e1,1.54506127524980763e0,3.22746020407005219e0,-9.87703485745102916e-1,9.92731285030174160e-1,-5.17325626114863368e0,1.50692137482804736e1,1.57623913921156600e-13,2.69128084887462649e1,-9.55964196691638790e-11
1407,1.62689847431146404e2,1.70798027072885986e2,8.02141279459989960e1,1.55069768763295213e0,3.21225984032249023e0,-9.87718870844341623e-1,9.91508961506104125e-1,-5.17854211034969047e0,1.55639300691246962e1,1.37841127401117092e-13,2.69150353743994195e1,-4.90416596221621148e-11
1408,1.63410715953398835e2,1.72006474609671983e2,8.04755026405406255e1,1.53593312412291350e0,-3.24490399271461172e0,-9.87645702112742496e-1,9.91954387808883453e-1,-4.66236788874355668e0,-1.55637228032548922e1,1.43912659567035917e-13,2.20319025030820512e1,-2.28936869461904280e-11
1409,1.63722221377846950e2,1.72496184056225047e2,8.06583013956281292e1,1.52900965023882818e0,-3.26268318377829036e0,-9.87632247001166919e-1,9.93179197933395486e-1,-4.65120685041115234e0,-1.50690119093714383e1,1.65915892136325738e-13,2.20300762355285329e1,-2.33342234423616901e-11
1410,1.64076094008025365e2,1.73036835061437785e2,8.08840586570118631e1,1.52132963121654896e0,-3.28131900321915948e0,-9.87619219541031823e-1,9.94358818660345922e-1,-4.63773071959612526e0,-1.45743581384367129e1,1.91381632763665266e-13,2.20282989481327505e1,-5.09174924445687793e-11
1411,1.64480290011574368e2,1.73637180892741696e2,8.11603938184288580e1,1.51278433027272063e0,-3.30090599193674894e0,-9.87606623976430842e-1,9.95491077547176695e-1,-4.62159043725324459e0,-1.40797601366574980e1,2.18651485806020673e-13,2.20265715461420584e1,-2.55369059232180007e-11
1412,1.64944728741992861e2,1.74308054335250461e2,8.14968226109822780e1,1.50324539389435397e0,-3.32155392951050432e0,-9.87594464434026431e-1,9.96573403587396767e-1,-4.60236501862072078e0,-1.35852165035568273e1,2.45095610473811121e-13,2.20248949159411929e1,-9.63780166784999892e-11
1413,1.65481909208396530e2,1.75063007627925032e2,8.19053566855737358e1,1.49256062323287786e0,-3.34339124734248339e0,-9.87582744919442979e-1,9.97602712072606645e-1,-4.57954272254772921e0,-1.30907257927293728e1,2.76573902668886262e-13,2.20232699240411200e1,-9.89075488178059459e-11
1414,1.66107767775079054e2,1.75919199743282661e2,8.24013389063811417e1,1.48054870118022830e0,-3.36656949772274272e0,-9.87571469313736627e-1,9.98575250672503190e-1,-4.55249601767057843e0,-1.25962865126692574e1,3.14838433101982673e-13,2.20216974160857788e1,-8.66293703438714147e-11
1415,1.66842893051940166e2,1.76898648934004740e2,8.30046280307866624e1,1.46699259494206236e0,-3.39126931600181081e0,-9.87560641369945480e-1,9.99486391486973602e-1,-4.52044777466307668e0,-1.21018971276691936e1,3.52308460183081706e-13,2.20201782158697732e1,-8.86188900039996952e-11
1416,1.67714281751170063e2,1.78030037026600837e2,8.37413130797964271e1,1.45163128107975115e0,-3.41770854315535111e0,-9.87550264709726400e-1,1.00033034688563238e0,-4.48242478386260057e0,-1.16075560587911486e1,3.94285298854768484e-13,2.20187131243728444e1,-5.38307176611851901e-11
1417,1.68757935009096769e2,1.79351368720157524e2,8.46462514780727275e1,1.43414935711520997e0,-3.44615355291528047e0,-9.87540342820088068e-1,1.00109977638929259e0,-4.43719252402174202e0,-1.11132616849071546e1,4.37122560370539759e-13,2.20173029188119216e1,-4.61426452602609061e-11
1418,1.70022799044344197e2,1.80913995013145268e2,8.57669260994042730e1,1.41416402281703513e0,-3.47693546138972209e0,-9.87530879050219412e-1,1.00178523551677312e0,-4.38316144904875049e0,-1.06190123438097554e1,4.86909124131074122e-13,2.20159483517160197e1,-9.73017222349881195e-11
1419,1.71576929380248544e2,1.82788887314289695e2,8.71694858382901430e1,1.39120886979426572e0,-3.51047399316120812e0,-9.87521876608424165e-1,1.00237439183197474e0,-4.31824869999840288e0,-1.01248063333907385e1,5.31992852548235362e-13,2.20146501500153278e1,-5.07185404785559513e-11
1420,1.73517479198919432e2,1.85076772870981131e2,8.89485447734430181e1,1.36471399958623074e0,-3.54731373194860700e0,-9.87513338559163123e-1,1.00285089228259805e0,-4.23966770636693280e0,-9.63064191288694715e0,5.88777290810860165e-13,2.20134090141635852e1,-4.91127138957381248e-11
1421,1.75987574082284993e2,1.87925206909099046e2,9.12437553304789617e1,1.33398242209271234e0,-3.58818108446314543e0,-9.87505267820215749e-1,1.00319269875863837e0,-4.14359676575092362e0,-9.13651730419170960e0,6.41211042595735137e-13,2.20122256172774300e1,-6.59241550238220952e-11
1422,1.79206289638751457e2,1.91558812556266361e2,9.42692804588403561e1,1.29816402855918356e0,-3.63407716222586075e0,-9.87497667159954351e-1,1.00336959697330186e0,-4.02463612614989952e0,-8.64243069323018887e0,7.00082353199960039e-13,2.20111006043086661e1,-3.73603370462660678e-11
1423,1.83525292807867629e2,1.96336255542261085e2,9.83695331641579713e1,1.25623212041171883e0,-3.68643543477142899e0,-9.87490539194750272e-1,1.00333939384232851e0,-3.87487874552331535e0,-8.14838023139688694e0,7.58964072145040802e-13,2.20100345912450202e1,-8.68141114551690407e-11
1424,1.89544493029644912e2,2.02866255775341386e2,1.04133085428985510e2,1.20697731598555924e0,-3.74740121769883272e0,-9.87483886386504528e-1,1.00304198987442073e0,-3.68224107396858091e0,-7.65436403705321844e0,8.01522910542917799e-13,2.20090281643367902e1,-2.81943357549607754e-11
1425,1.98373210921536781e2,2.12268874451739606e2,1.12650100037551454e2,1.14906029309671687e0,-3.82035067297136299e0,-9.87477711040315453e-1,1.00238993602404958e0,-3.42730547884926873e0,-7.16038019708309470e0,8.42166614223316401e-13,2.20080818793630613e1,-9.07220965018495917e-11
1426,2.12306459689231701e2,2.26850383911995237e2,1.26179368212592820e2,1.08123982803475749e0,-3.91090071985654131e0,-9.87472015302282347e-1,1.00125306816882964e0,-3.07703438777109017e0,-6.66642676850405280e0,8.78841704271549062e-13,2.20071962609266798e1,-6.77005118632223457e-11
1427,2.36961248044110619e2,2.52229970379214905e2,1.50256491254496410e2,1.00311564695859756e0,-4.02894974971178232e0,-9.87466801157452445e-1,9.99433073416118867e-1,-2.57178744144142302e0,-6.17250178013157758e0,9.29690352480250226e-13,2.20063718017905430e1,-7.68380914450972341e-11
1428,2.90605408520704714e2,3.06605334834347389e2,2.02903223978081797e2,9.17424497926885851e-1,-4.19277662045340005e0,-9.87462070427914784e-1,9.96621250025280903e-1,-1.79923807377905898e0,-5.67860323429384817e0,9.14608449739673368e-13,2.20056089622412046e1,-7.53175299905706197e-12
1448,2.60091048931991395e2,2.75654814641210919e2,1.74014915018132456e2,8.88135765758556461e-1,4.07821589980010746e0,-9.87470282785536280e-1,9.98281828251198600e-1,-3.24010213213201892e0,4.19704591528309656e0,1.16682195589606907e-12,2.20036942162556706e1,-1.68114411280839704e-11
1449,2.26303622159371798e2,2.41205852656998331e2,1.40820560112202656e2,9.87899036996539581e-1,3.96400345804124443e0,-9.87475824211230369e-1,1.00056689637227492e0,-3.54194363264893131e0,4.69087735771830339e0,1.14716981573781407e-12,2.20042697630390442e1,-5.60618218514719047e-11
1450,2.07829802215418852e2,2.22102992530024807e2,1.22721619591591818e2,1.07150797236934481e0,3.87556710714592656e0,-9.87481846066321611e-1,1.00218100343083738e0,-3.75364208591324466e0,5.18472910859419134e0,1.06185546466797121e-12,2.20049081097631003e1,-1.64419589054887183e-11
1451,1.96361828004893113e2,2.10063114268573543e2,1.11522355407292181e2,1.14154042264541600e0,3.80335954525411779e0,-9.87488346268735939e-1,1.00329011451757744e0,-3.91286354673615255e0,5.67860323429384906e0,1.00965850263756707e-12,2.20056088969463914e1,-2.77822209682199173e-11
1452,1.88656216864799319e2,2.01840887915846764e2,1.04025354905111286e2,1.20040707577494565e0,3.74223117602169397e0,-9.87495322576371626e-1,1.00401313458954156e0,-4.03825171532392968e0,6.17250178013157758e0,9.48301333292267401e-13,2.20063717309795699e1,-6.85957957102800719e-11
1453,1.83189233790647108e2,1.95905909199660641e2,9.87297992016630559e1,1.25013631701769290e0,3.68915236672062585e0,-9.87502772589228361e-1,1.00443563814885084e0,-4.14004568962132780e0,6.66642676850405280e0,9.08289936318862345e-13,2.20071961846411703e1,-6.68762822897406295e-11
1454,1.79152848476823920e2,1.91443329130178256e2,9.48405376995623328e1,1.29237875412964631e0,3.64220827583873996e0,-9.87510693751674218e-1,1.00461976472351955e0,-4.22438990752108712e0,7.16038019708309470e0,8.65022463381048823e-13,2.20080817976456871e1,-7.20206116966437548e-11
1455,1.76080150587929722e2,1.87980288167907020e2,9.18985348516839480e1,1.32846338020515597e0,3.60011425416881492e0,-9.87519083354850835e-1,1.00461112818122422e0,-4.29525861413809551e0,7.65436403705321844e0,8.17145830167564924e-13,2.20090280772334879e1,-2.06483719011885114e-11
1456,1.73683478270377805e2,1.85224153777741378e2,8.96212465533869675e1,1.35945836070115966e0,3.56196439769738848e0,-9.87527938539210948e-1,1.00444360193531423e0,-4.35538709668687574e0,8.14838023139688694e0,7.73194008818478551e-13,2.20100344988045329e1,-4.79190020996611565e-11
1457,1.71776568683219637e2,1.82984555719404113e2,8.78258925941868114e1,1.38622402711546733e0,3.52709280262457536e0,-9.87537256297181698e-1,1.00414263940537563e0,-4.40675465723845416e0,8.64243069323019242e0,7.05251829158370924e-13,2.20111005065828316e1,-1.32303057398530655e-11
1458,1.70233929581377708e2,1.81132605876377653e2,8.63894371756855151e1,1.40945600832021856e0,3.49499287125656322e0,-9.87547033475952740e-1,1.00372759326216410e0,-4.45085112936838900e0,9.13651730419170782e0,6.59009305459257178e-13,2.20122255143206083e1,-6.23856521997367963e-11
1459,1.68968221792227354e2,1.79578143088445813e2,8.52263242112949655e1,1.42971941846506323e0,3.46526816229568313e0,-9.87557266780379805e-1,1.00321334960332620e0,-4.48883259234020837e0,9.63064191288694715e0,5.94387386532169160e-13,2.20134089060325238e1,-9.15605369300465100e-11
1460,1.67916991741253611e2,1.78256352524114703e2,8.42754252102698871e1,1.44747568438975316e0,3.43760118999096997e0,-9.87567952776004176e-1,1.00261149068921229e0,-4.52161731814280365e0,1.01248063333907385e1,5.39929212450829255e-13,2.20146500367698472e1,-3.00701685773674399e-11
1461,1.67034544512135994e2,1.77119548837354870e2,8.34920494711686700e1,1.46310354035469103e0,3.41173285966873063e0,-9.87579087892173968e-1,1.00193113062952177e0,-4.54994787259272826e0,1.06190123438097572e1,4.89962237448793303e-13,2.20159482334179764e1,-6.28546104053384624e-11
1462,1.66286781269469941e2,1.76131942929972894e2,8.28428719342810211e1,1.47691547314286242e0,3.38744844166283032e0,-9.87590668425274654e-1,1.00117952209918171e0,-4.57443314146272773e0,1.11132616849071564e1,4.39218106329519742e-13,2.20173027955260636e1,-2.73558953267638572e-11
1463,1.65647816480573397e2,1.75266203683626372e2,8.23026118112132679e1,1.48917063935950877e0,3.36456770220178480e0,-9.87602690542049189e-1,1.00036250119611192e0,-4.59557790971185742e0,1.16075560587911450e1,3.96634114441241081e-13,2.20187129961651884e1,-4.41104930359870195e-11
1464,1.65097701260819917e2,1.74501137561784020e2,8.18517986848147956e1,1.50008505021397065e0,3.34293776117920149e0,-9.87615150283012166e-1,9.99484816761469497e-1,-4.61380439161583666e0,1.21018971276691936e1,3.54119511492001493e-13,2.20201780828099025e1,-3.23581161865149625e-11
1465,1.64620855018034661e2,1.73820085562154020e2,8.14752345688732476e1,1.50983963664082266e0,3.32242779170105740e0,-9.87628043565948910e-1,9.98550376426373787e-1,-4.62946834797207352e0,1.25962865126692574e1,3.14141074264639997e-13,2.20216972782447833e1,-7.08979541741427965e-11
1466,1.64204962650562777e2,1.73209792707804922e2,8.11609131535322348e1,1.51858666539816300e0,3.30292499788413751e0,-9.87641366189492720e-1,9.97562432069829308e-1,-4.64287143189958051e0,1.30907257927293710e1,2.78731898673001410e-13,2.20232697814925835e1,-2.33484342970768921e-11
1467,1.63840184874612419e2,1.72659596083036092e2,8.08992463808684334e1,1.52645486753421000e0,3.28433150242911909e0,-9.87655113836774734e-1,9.96523720787194534e-1,-4.65427082371012890e0,1.35852165035568273e1,2.44703562968240362e-13,2.20248947687596015e1,-1.95115035239723511e-11
1468,1.63518583508621390e2,1.72160832050986812e2,8.06825018813344457e1,1.53355355723795594e0,3.26656189684776788e0,-9.87669282079142619e-1,9.95436572900435857e-1,-4.66388686428852051e0,1.40797601366575034e1,2.18356582815104616e-13,2.20265713944055719e1,-5.07753838974167593e-11
1469,1.63233697046566988e2,1.71706397078960066e2,8.05043877564153689e1,1.53997595557450873e0,3.24954128460322789e0,-9.87683866379939879e-1,9.94302995344012785e-1,-4.67190917712375597e0,1.45743581384367129e1,1.89091797775375881e-13,2.20282987919193936e1,-6.77005118632223457e-11
1470,1.62980223048849865e2,1.71290418007192386e2,8.03597420325692866e1,1.54580188519884798e0,3.23320369790254070e0,-9.87698862098339347e-1,9.93124736502144390e-1,-4.67850162760200838e0,1.50690119093714383e1,1.66068547802211697e-13,2.20300760749200393e1,-5.34328137291595340e-11
1471,1.62753777592714073e2,1.70908001469812177e2,8.02442975877866758e1,1.55109996517012627e0,3.21749080256152586e0,-9.87714264493226413e-1,9.91903336964231275e-1,-4.68380637389299981e0,1.55637228032548940e1,1.44155520853672670e-13,2.20319023381602186e1,-1.30455646285554394e-11
1472,1.63500020405497992e2,1.72148399859799611e2,8.05254363394256529e1,1.53781398707721717e0,-3.25130236281682894e0,-9.87641483349374849e-1,9.92310762861826179e-1,-4.16821253854940288e0,-1.55635359364544872e1,1.51233192635658042e-13,1.76373044186627581e1,-6.61088961351197213e-11
1473,1.63827082047525352e2,1.72658103409263020e2,8.07224901519877847e1,1.53135662208006984e0,-3.26979294381832553e0,-9.87628014440270485e-1,9.93534143801009795e-1,-4.15726047854877478e0,-1.50688299346890755e1,1.74596448410113680e-13,1.76358399749009109e1,-9.10915787244448438e-12
1474,1.64200040299919209e2,1.73222850343015182e2,8.09658157225815529e1,1.52417394582515353e0,-3.28924631543056289e0,-9.87614973591717127e-1,9.94711588728799945e-1,-4.14400898253774486e0,-1.45741811488383295e1,1.97099281340484822e-13,1.76344148020591192e1,-9.38484845391940325e-11
1475,1.64627861843721348e2,1.73852507472020278e2,8.12639941670908854e1,1.51615782118471087e0,-3.30977740132734466e0,-9.87602365054924380e-1,9.95840720239097754e-1,-4.12808593652971290e0,-1.40795882232530474e1,2.28945334912467047e-13,1.76330296264717141e1,-5.60902435609023087e-11
1476,1.65121833972319621e2,1.74559402885835198e2,8.16278464582639458e1,1.50717968881330000e0,-3.33152127861124692e0,-9.87590192963500479e-1,9.96918693473317075e-1,-4.10903662367050249e0,-1.35850497554965202e1,2.59108706712751768e-13,1.76316851593433732e1,-3.54702933691442013e-11
1477,1.65696335015379645e2,1.75359127088176763e2,8.20711820342772000e1,1.49708590920324514e0,-3.35463806547016352e0,-9.87578461329835289e-1,9.97942053812700181e-1,-4.08630032240601526e0,-1.30905642971010874e1,2.88800233727570799e-13,1.76303820959390229e1,-3.92361698686727323e-11
1478,1.66369925969447053e2,1.76271664094980849e2,8.26118609478798618e1,1.48569187186152418e0,-3.37931941511583256e0,-9.87567174041562579e-1,9.98906543349534881e-1,-4.05917856934278820e0,-1.25961303543971219e1,3.27460281113189922e-13,1.76291211147862441e1,-1.02033936855150387e-11
1479,1.67166929093796682e2,1.77323021368403772e2,8.32733318852540805e1,1.47277451111333590e0,-3.40579730907063327e0,-9.87556334858101681e-1,9.99806834321202098e-1,-4.02679137834126522e0,-1.21017463894138633e1,3.68149954965701909e-13,1.76279028768847290e1,-6.05240302320453338e-11
1480,1.68119764064233493e2,1.78547633624477641e2,8.40869112897114945e1,1.45806276286019965e0,-3.43435622042343081e0,-9.87545947407287739e-1,1.00063615676861994e0,-3.98801566669710761e0,-1.16074108208516371e1,4.08256761730285689e-13,1.76267280249341667e1,-7.65396634960779920e-11
1481,1.69272497848403361e2,1.79992003104982302e2,8.50952511180738469e1,1.44122537226244130e0,-3.46535034594737956e0,-9.87536015182094218e-1,1.00138577037533594e0,-3.94139672948216768e0,-1.11131220251246905e1,4.52467924239030594e-13,1.76255971825713651e1,-8.42277358970022760e-11
1482,1.70686406208963717e2,1.81720383618084071e2,8.63577787032261028e1,1.42185533536068176e0,-3.49922868292741684e0,-9.87526541537457780e-1,1.00204420242429793e0,-3.88501772256996913e0,-1.06188783374736762e1,5.03479202773604584e-13,1.76245109536266007e1,-2.08046913030557334e-11
1483,1.72449003611056014e2,1.83823978957923231e2,8.79595403322753100e1,1.39945018386268627e0,-3.53657263333679461e0,-9.87517529687201412e-1,1.00259612734548886e0,-3.81630161454364236e0,-1.01246780531467166e1,5.55267637425416183e-13,1.76234699213948716e1,-1.47792889038100839e-12
1484,1.74689338570787697e2,1.86436473002121375e2,9.00261994297012933e1,1.37338746146909663e0,-3.57815431568180076e0,-9.87508982701073901e-1,1.00302068421115798e0,-3.73170059015368150e0,-9.63051942864773558e0,6.03626523765221634e-13,1.76224746479280725e1,-2.67021960098645650e-11
1485,1.77605257288103815e2,1.89761622997023125e2,9.27508022938258421e1,1.34289552927485212e0,-3.62503043495490784e0,-9.87500903501900451e-1,1.00328888980044550e0,-3.62619022268782665e0,-9.13640068305057262e0,6.58450724499992646e-13,1.76215256733472927e1,-1.91988647202379070e-11
1486,1.81515143680759024e2,1.94125459786008662e2,9.64446309190138749e1,1.30702247356008017e0,-3.67869983431111924e0,-9.87493294862853865e-1,1.00335955348191508e0,-3.49240954104493051e0,-8.64231999937719841e0,7.17740103461927959e-13,1.76206235151769448e1,-6.56683596389484592e-11
1487,1.86964179558139278e2,2.00083160325711788e2,1.01641752542815581e2,1.26461373979049907e0,-3.74138050982809833e0,-9.87486159404852182e-1,1.00317262780072580e0,-3.31912648778791652e0,-8.14827552603832039e0,7.66826706299905680e-13,1.76197686677000469e1,-6.78284095556591637e-11
1488,1.94966219382351454e2,2.08661577049514023e2,1.09337233976869612e2,1.21433212476048613e0,-3.81652232342469144e0,-9.87479499594085097e-1,1.00263800456251295e0,-3.08834893028229907e0,-7.65426537833417431e0,8.06160693755941793e-13,1.76189616013422636e1,-3.64650531992083415e-11
1489,2.07637268226312102e2,2.21992551121408951e2,1.21611575960544883e2,1.15482321616884431e0,-3.90980965384176882e0,-9.87473317739673173e-1,1.00161587809588015e0,-2.76957301717024063e0,-7.16028764001352158e0,8.46681232069546041e-13,1.76182027620802195e1,-3.34665628543007188e-11
1490,2.30232056238182736e2,2.45343130361288218e2,1.43639681498268004e2,1.08535157219269562e0,-4.03122912936667532e0,-9.87467615991469039e-1,9.99880767913108426e-1,-2.30776743310766008e0,-6.66634036488837989e0,8.87767290236318729e-13,1.76174925708748802e1,-3.32960325977182947e-11
1491,2.80322368950180362e2,2.96239923077490062e2,1.92749823412106281e2,1.00799795102545109e0,-4.19945978767441730e0,-9.87462396337998816e-1,9.97052414321501601e-1,-1.59821641839545392e0,-6.17242157850209505e0,8.74477140005991416e-13,1.76168314231377856e1,-4.75921524412115104e-11
1507,2.70946353248506682e2,3.04274696590813619e2,1.78654100549887602e2,2.40194913791378051e0,1.02689466724644163e1,-9.87445420496485093e-1,9.98291924305394596e-1,-3.77063484472580601e0,1.72809700469264205e0,2.60010906577047562e-12,1.76131400334533268e1,-8.12576672615250573e-11
1513,2.52530926358364582e2,2.67977636312943957e2,1.66626553337382632e2,9.83971509476397665e-1,4.09786332687475774e0,-9.87471428430956921e-1,9.98737351960613640e-1,-2.82721378051506678e0,4.69081601960283567e0,1.11731132158843227e-12,1.76151457577797288e1,-1.41255895869107917e-11
1514,2.20954466612691135e2,2.35697799169238777e2,1.35608828586040772e2,1.07294122120050295e0,3.97624919994690229e0,-9.87477456595616809e-1,1.00102070312585112e0,-3.12325970593163449e0,5.18466144313566524e0,1.09463024582090451e-12,1.76156576610565025e1,-4.52331505584879778e-11
1515,2.03887834162096397e2,2.17982216877151956e2,1.18893722339955644e2,1.14665024825240991e0,3.88187241236374581e0,-9.87483963603775106e-1,1.00257465839123361e0,-3.33177495841909987e0,5.67852927984794142e0,1.02208779634294089e-12,1.76162196358640948e1,-6.88515910951537080e-11
1516,1.93358611058697647e2,2.06872484948599606e2,1.08616921870467081e2,1.20779182755384573e0,3.80505602946357024e0,-9.87490947209436087e-1,1.00359952015356435e0,-3.48774274829688880e0,6.17242157850209416e0,9.72110846680918073e-13,1.76168313663529332e1,-2.27942109631840140e-11
1517,1.86308165672313919e2,1.99302998522895365e2,1.01763521188944424e2,1.25877226925463037e0,3.74040239718979484e0,-9.87498405008437885e-1,1.00423090372294599e0,-3.60926424365558551e0,6.66634036488838078e0,9.19096396212459865e-13,1.76174925096987423e1,-8.93436435944749974e-11
1518,1.81315277107603208e2,1.93843193200733566e2,9.69337979930579934e1,1.30155633068360865e0,3.68464889417096542e0,-9.87506334440724887e-1,1.00456223722038884e0,-3.70664475053051978e0,7.16028764001352158e0,8.74422062535629152e-13,1.76182026965481775e1,-3.88808985007926822e-11
1519,1.77631964019174774e2,1.89736781864826895e2,9.33917428454865188e1,1.33770564781501355e0,3.63568909611713309e0,-9.87514732792758254e-1,1.00465908191958153e0,-3.78623759349110722e0,7.65426537833417431e0,8.31164997938671490e-13,1.76189615314919052e1,-1.61151092470390722e-11
1520,1.74828391716536714e2,1.86547113977391660e2,9.07147848706295434e1,1.36845334135957364e0,3.59208742695114891e0,-9.87523597200059555e-1,1.00456828024328093e0,-3.85222346825089135e0,8.14827552603831862e0,7.89054585559334498e-13,1.76197685935696349e1,-6.10782535659382120e-11
1521,1.72640832244409523e2,1.84004968666917790e2,8.86438866526570024e1,1.39477438810905863e0,3.55282095942131626e0,-9.87532924649881960e-1,1.00432387852841010e0,-3.90750182538107005e0,8.64231999937719664e0,7.36324196060067493e-13,1.76206234368082235e1,-1.88435933523578569e-11
1522,1.70899053403679204e2,1.81935684454298979e2,8.70119910375290431e1,1.41744319315781597e0,3.51713358454017699e0,-9.87542711984002120e-1,1.00395102559214777e0,-3.95416945462199720e0,9.13640068305057085e0,6.70925121015741865e-13,1.76215255907836728e1,-1.86446413863450289e-11
1523,1.69488633817562658e2,1.80221243099238251e2,8.57069064897220159e1,1.43707852089207222e0,3.48444928684142674e0,-9.87552955901633167e-1,1.00346858324999344e0,-3.99379370105169151e0,9.63051942864773558e0,6.14442524637937026e-13,1.76224745612153306e1,-4.81037432109587826e-11
1524,1.68330078727782450e2,1.78779201910209565e2,8.46507512510381446e1,1.45417798480468496e0,3.45431819151259045e0,-9.87563652962449745e-1,1.00289090381105317e0,-4.02757719850345275e0,1.01246780531467166e1,5.55484477859913284e-13,1.76234698305807989e1,-4.24336121795931831e-11
1525,1.67366615288781702e2,1.77550348459729946e2,8.37879478902139425e1,1.46914441203262092e0,3.42638163657479478e0,-9.87574799589718944e-1,1.00222905976729360e0,-4.05646212772591497e0,1.06188783374736779e1,5.09117054070529207e-13,1.76245108587611128e1,-5.67581537325168028e-11
1526,1.66556740228774743e2,1.76491141437960351e2,8.30778971595991891e1,1.48230602516202081e0,3.40034874811977472e0,-9.87586392073534713e-1,1.00149170731743054e0,-4.08119907160092321e0,1.11131220251246887e1,4.57911486506645815e-13,1.76255970837060083e1,-7.76765318732941523e-11
1527,1.65869498434741899e2,1.75568907900085122e2,8.24903393907300568e1,1.49393195419748870e0,3.37598022879672754e0,-9.87598426574149979e-1,1.00068570129601575e0,-4.10239420074735950e0,1.16074108208516353e1,4.08832689924309989e-13,1.76267279221225834e1,-9.99023086478700861e-11
1528,1.65281396207424052e2,1.74758694150431978e2,8.20023237385287587e1,1.50424422320965734e0,3.35307682100347870e0,-9.87610899125395347e-1,9.99816538824544687e-1,-4.12054264878938170e0,1.21017463894138633e1,3.69263647437279019e-13,1.76279027701823772e1,-6.45741238258779049e-11
1529,1.64774327766048998e2,1.74041143996126607e2,8.15961735193094881e1,1.51342706801053817e0,3.33147089155521492e0,-9.87623805638188523e-1,9.98888683308893688e-1,-4.13605276117661269e0,1.25961303543971219e1,3.28466420729256470e-13,1.76291210042501341e1,-9.66622337728040293e-11
1530,1.64334149087246487e2,1.73401034902252263e2,8.12580875846022650e1,1.52163422390008041e0,3.31102015805134942e0,-9.87637141904118110e-1,9.97905803753438181e-1,-4.14926411586209554e0,1.30905642971010892e1,2.92158658377061897e-13,1.76303819816283038e1,-7.09547975930036046e-11
1531,1.63949676379172615e2,1.72826246753362824e2,8.09771586990347458e1,1.52899466109203952e0,3.29160292133656451e0,-9.87650903599103236e-1,9.96870953405765703e-1,-4.16046117235424529e0,1.35850497554965202e1,2.56683563293336192e-13,1.76316850413179687e1,-2.72848410531878471e-12
1532,1.63611969667807472e2,1.72307021794112018e2,8.07446717610972087e1,1.53561712610279399e0,3.27311438092962970e0,-9.87665086287120242e-1,9.95786704435523640e-1,-4.16988377642819952e0,1.40795882232530509e1,2.28754515330109598e-13,1.76330295047937575e1,-9.28537247091298923e-11
1533,1.63313811818151180e2,1.71835424665615704e2,8.05535937487926930e1,1.54159375918053776e0,3.25546374495277036e0,-9.87679685423990317e-1,9.94655250407109448e-1,-4.17773535519228378e0,1.45741811488383295e1,1.99874838902047713e-13,1.76344146767919163e1,-7.95807864051312208e-13
1534,1.63049324025153112e2,1.71404942525480607e2,8.03981974771165682e1,1.54700299247088591e0,3.23857193354236150e0,-9.87694696361221758e-1,9.93478484920887750e-1,-4.18418938475052116e0,1.50688299346890719e1,1.72119263286418800e-13,1.76358398461092740e1,-3.43902684107888490e-12
1535,1.62813678195010652e2,1.71010184885617520e2,8.02737803121226392e1,1.55191188495603338e0,3.22236973278897132e0,-9.87710114349903634e-1,9.92258062450379619e-1,-4.18939454578705650e0,1.55635359364544890e1,1.51809120829682342e-13,1.76373042864132898e1,-6.84963197272736579e-12
1536,1.63583040532926759e2,1.72279267908924908e2,8.05731144754871593e1,1.54023646467427477e0,-3.25721398591216760e0,-9.87637729714486268e-1,9.92627261966225305e-1,-3.67493531917330296e0,-1.55633695715455538e1,1.55014889813287482e-13,1.37311717549514984e1,-7.16227077646180987e-12
1537,1.63924901495296893e2,1.72807895163087892e2,8.07837405603708874e1,1.53432058250309766e0,-3.27637867231261826e0,-9.87624248521119741e-1,9.93849190264779914e-1,-3.66444042981259388e0,-1.50686679245886204e1,1.80480630440627010e-13,1.37300299401200654e1,-5.44133627045084722e-11
1538,1.64316114658942809e2,1.73395569580424393e2,8.10438833542073951e1,1.52772353395726657e0,-3.29661004289495452e0,-9.87611195752501225e-1,9.95024456748446640e-1,-3.65171459440713209e0,-1.45740235763598722e1,2.05932493280158724e-13,1.37289187409023334e1,-2.20836682274239138e-11
1539,1.64766671024303918e2,1.74053284763764765e2,8.13630989409964656e1,1.52034040552367733e0,-3.31804375444289468e0,-9.87598575666181366e-1,9.96150477699760617e-1,-3.63637442150039991e0,-1.40794351695574917e1,2.32539681954690991e-13,1.37278387239176887e1,-7.45359329812345095e-11
1540,1.65289259662766653e2,1.74794898385847489e2,8.17535460130759049e1,1.51204566467195067e0,-3.34084084097293044e0,-9.87586392401955226e-1,9.97224129903336420e-1,-3.61794605756881804e0,-1.35849012999996450e1,2.67643546214557659e-13,1.37267904439868840e1,-1.53335122377029620e-11
1541,1.65900208634298224e2,1.75638111775701958e2,8.22308994862171687e1,1.50268822724208606e0,-3.36519424444487480e0,-9.87574649978240293e-1,9.98241578613806579e-1,-3.59583790147270044e0,-1.30904205173820998e1,3.00159203048266932e-13,1.37257744435001268e1,-8.47251158120343462e-11
1542,1.66620840620937855e2,1.76605876062722103e2,8.28156686299212907e1,1.49208514423149174e0,-3.39133759514931032e0,-9.87563352288530316e-1,9.99198039952039596e-1,-3.56930298951260339e0,-1.25959913261083667e1,3.34652444644589764e-13,1.37247912517929525e1,-8.35029823065269738e-11
1543,1.67479470949606878e2,1.77728457110901417e2,8.35351425161422441e1,1.48001347758382340e0,-3.41955724834754804e0,-9.87552503097929413e-1,1.00008744784971682e0,-3.53738619101553420e0,-1.21016121861918311e1,3.80497716667704822e-13,1.37238413845328679e1,-6.64357457935693674e-11
1544,1.68514429822234007e2,1.79046547747783819e2,8.44263368015618738e1,1.46619979967191405e0,-3.45020915052430466e0,-9.87542106039776213e-1,1.00090197948593507e0,-3.49884854164753945e0,-1.16072815142295056e1,4.18259177292767959e-13,1.37229253431114291e1,-5.17985654369113036e-11
1545,1.69778772681832379e2,1.80616101188311944e2,8.55405928274419836e1,1.45030658968283022e0,-3.48374306616221485e0,-9.87532164612359598e-1,1.00163136664400532e0,-3.45205625034664365e0,-1.11129976844466061e1,4.70169042587897934e-13,1.37220436140538062e1,-8.21387402538675815e-12
1546,1.71347882578210289e2,1.82516104618608750e2,8.69510105355358434e1,1.43191463726705459e0,-3.52073836736875734e0,-9.87522682175735578e-1,1.00226187578804282e0,-3.39481347552183310e0,-1.06187590298109011e1,5.14144282703909994e-13,1.37211966684348532e1,-8.87894202605821192e-11
1547,1.73332257369109897e2,1.84861608906293014e2,8.87649674896109815e1,1.41050048997859312e0,-3.56195861348469656e0,-9.87513661948645316e-1,1.00277476229146734e0,-3.32410253437581904e0,-1.01245638432158227e1,5.65693325516036793e-13,1.37203849613122255e1,-9.94901938611292280e-11
1548,1.75900111589152175e2,1.87826679705801212e2,9.11462759542265530e1,1.38540827046416770e0,-3.60843784530901202e0,-9.87505107005548610e-1,1.00314386557435253e0,-3.23566580836408768e0,-9.63041037873101224e0,6.10905423470420317e-13,1.37196089311733687e1,-8.37729885461158119e-11
1549,1.79319828325035871e2,1.91687357929182866e2,9.43568528175599113e1,1.35581663945349162e0,-3.66162273810040961e0,-9.87497020273765846e-1,1.00333175375369077e0,-3.12330499617303081e0,-9.13629685291888549e0,6.74739777939414864e-13,1.37188689993980866e1,-8.92583784661837853e-11
1550,1.84046010605777326e2,1.96908447171930959e2,9.88412902726341258e1,1.32070662701205488e0,-3.72361796653639443e0,-9.87489404530746406e-1,1.00328332458124159e0,-2.97765063312909772e0,-8.64222144621540345e0,7.32556376670245868e-13,1.37181655697387725e1,-2.95869995170505717e-11
1551,1.90912014026820742e2,2.04337042984914461e2,1.05416296291237771e2,1.27885159996665032e0,-3.79763280116787394e0,-9.87482262401459865e-1,1.00291474415442128e0,-2.78388425220538105e0,-8.14818230437334456e0,7.68081778734774900e-13,1.37174990278185760e1,-3.82271991838933900e-11
1552,2.01622298930691727e2,2.15695801283579812e2,1.15755659405198159e2,1.22889972736687292e0,-3.88884395914859438e0,-9.87475596355915086e-1,1.00209338641713130e0,-2.51726995495220773e0,-7.65417753996609029e0,8.01240150616333580e-13,1.37168697406495390e1,-6.51283471597707830e-11
1553,2.20279338571558412e2,2.35107741529681448e2,1.33895668394082207e2,1.16978236019874782e0,-4.00617380791674904e0,-9.87469408706818208e-1,1.00059931050145967e0,-2.13386841713903452e0,-7.16020523394959696e0,8.30731750750546283e-13,1.37162780561695321e1,-6.26840801487560384e-11
1554,2.59843894592455911e2,2.75527209943992432e2,1.72609384487285155e2,1.10226948645793210e0,-4.16618152720432722e0,-9.87463701607365407e-1,9.98046082935171941e-1,-1.55054078932312844e0,-6.66626343728035042e0,8.50867119817078077e-13,1.37157243028039151e1,-7.59854401621851139e-11
1578,2.39612689642772182e2,2.54821816076411125e2,1.53961930261913380e2,1.08518960304621825e0,4.08438838800417336e0,-9.87473550971960434e-1,9.99592962356664838e-1,-2.51075538181769842e0,5.18460119838030931e0,1.07569855800626613e-12,1.37142935749442820e1,-2.19273488255566917e-11
1579,2.13394010423788558e2,2.27880544986251294e2,1.28223607434021346e2,1.16046705572979048e0,3.96410511292231371e0,-9.87480064039636729e-1,1.00169576318889209e0,-2.76918857012105724e0,5.67846343589122338e0,1.04207094342445572e-12,1.37147317622244493e1,-5.52660139874205925e-11
1580,1.98875949261914002e2,2.12714932985473666e2,1.14016969537205085e2,1.22230966089123760e0,3.86958357785795437e0,-9.87487054143111331e-1,1.00307877006104840e0,-2.95420349993855602e0,6.17235017258675356e0,9.84232226969306012e-13,1.37152087447658921e1,-5.29922772329882719e-11
1581,1.89787828389546547e2,2.03054073127231817e2,1.05157398100489402e2,1.27330006714839405e0,3.79221903179064368e0,-9.87494518874514782e-1,1.00394993756278028e0,-3.09331413306681080e0,6.66626343728035042e0,9.28588803073004954e-13,1.37157242551027778e1,-5.70281599721056409e-11
1582,1.83641250845888806e2,1.96398301081748656e2,9.91925234947869967e1,1.31562608262473280e0,3.72700263098124340e0,-9.87502455669850066e-1,1.00444560481287137e0,-3.20156476194792194e0,7.16020523394959785e0,8.80411195336439079e-13,1.37162780050724642e1,-2.65742983174277470e-11
1583,1.79255613962191774e2,1.91556080883450221e2,9.49598107973461367e1,1.35102788136229801e0,3.67080154469761277e0,-9.87510861811408680e-1,1.00465745359820158e0,-3.28789728893013100e0,7.65417753996608941e0,8.38796913871231453e-13,1.37168696861845998e1,-2.70148348135990091e-11
1584,1.76000697654004739e2,1.87888235098107714e2,9.18392248020433613e1,1.38086529335763419e0,3.62153844498833655e0,-9.87519734430319485e-1,1.00464864220628392e0,-3.35800087981299988e0,8.14818230437334634e0,7.92163210028284936e-13,1.37174989700163934e1,-9.08215724848560058e-11
1585,1.73510589343750837e2,1.85021761871191927e2,8.94710817244957752e1,1.40619862173154475e0,3.57776879363670286e0,-9.87529070509224227e-1,1.00446365992295683e0,-3.41569872845093281e0,8.64222144621540345e0,7.49192374804863448e-13,1.37181655086318752e1,-2.05631067728972994e-11
1586,1.71559008079926514e2,1.82724781425910123e2,8.76331448238335184e1,1.42785786507588863e0,3.53844826744328200e0,-9.87538866885078637e-1,1.00413449188676185e0,-3.46367481075757544e0,9.13629685291888549e0,6.92125176615654425e-13,1.37188689350205468e1,-9.65343360803672113e-11
1587,1.69998976308060634e2,1.80845859441049100e2,8.61811850575879674e1,1.44649691945404757e0,3.50279739511590238e0,-9.87549120252068535e-1,1.00368456874567769e0,-3.50388021908050007e0,9.63041037873101224e0,6.33947755401820245e-13,1.37196088635608699e1,-4.90274487674469128e-12
1588,1.68731192405815705e2,1.79282107409498934e2,8.50178371256182146e1,1.46263475038449808e0,3.47021886128175394e0,-9.87559827164642079e-1,1.00313135467688586e0,-3.53777352148354929e0,1.01245638432158245e1,5.76049624667618332e-13,1.37203848905018990e1,-8.02629074314609170e-11
1589,1.67686363015227471e2,1.77961311529645940e2,8.40752119719005009e1,1.47668638528009488e0,3.44024481428628093e0,-9.87570984040648803e-1,1.00248807886986513e0,-3.56647006857819804e0,1.06187590298109011e1,5.20982562646210567e-13,1.37211965944656704e1,-4.66116034658625722e-11
1590,1.66814811118280318e2,1.76831390103960700e2,8.33046756581973966e1,1.48898624245950217e0,3.41250203496039850e0,-9.87582587164577919e-1,1.00176491631573228e0,-3.59083873939969989e0,1.11129976844466078e1,4.74807693162659916e-13,1.37220435369660034e1,-7.37543359718983993e-12
1591,1.66080096561638811e2,1.75853902047950896e2,8.26705784342633905e1,1.49980576383965225e0,3.38668815870607709e0,-9.87594632690899754e-1,1.00096980728252616e0,-3.61156694258439792e0,1.16072815142295056e1,4.27952812076526357e-13,1.37229252629469247e1,-7.01589897289522924e-11
1592,1.65454956056129674e2,1.74999902872128132e2,8.21462661549175692e1,1.50936682286465507e0,3.36255497813149828e0,-9.87607116647491012e-1,1.00010903524405026e0,-3.62920566224134333e0,1.21016121861918311e1,3.81372017299597132e-13,1.37238413013345397e1,-4.47499814981711097e-11
1593,1.64918638517595184e2,1.74247216318493031e2,8.17114640103886671e1,1.51785199047542729e0,3.33989642324934799e0,-9.87620034939150404e-1,9.99187640513867548e-1,-3.64420150948456945e0,1.25959913261083649e1,3.40453359948256207e-13,1.37247911656059536e1,-2.93596258416073397e-11
1594,1.64455109004581601e2,1.73578589443469639e2,8.13505140869683885e1,1.52541245228996991e0,3.31853971812370219e0,-9.87633383351191330e-1,9.98209720332597472e-1,-3.65692004693943806e0,1.30904205173821033e1,3.02428221354844595e-13,1.37257743543702002e1,-2.43574049818562344e-11
1595,1.64051809631852336e2,1.72980415641710636e2,8.10511601593782132e1,1.53217415874697438e0,3.29833874849823516e0,-9.87647157553108279e-1,9.97178649315831001e-1,-3.66766309199945928e0,1.35849012999996450e1,2.70037464611405653e-13,1.37267903519606929e1,-3.31112914864206687e-12
1596,1.63698787032637654e2,1.72441832404191928e2,8.08036924398251557e1,1.53824263670673411e0,3.27916900279522405e0,-9.87661353102310624e-1,9.96097243276821809e-1,-3.67668176706405792e0,1.40794351695574882e1,2.34274405430667798e-13,1.37278386290438412e1,-4.49063009000383317e-12
1597,1.63388066645440176e2,1.71954072079395360e2,8.06003345934732351e1,1.54370677992911487e0,3.26092365515246696e0,-9.87675965447918247e-1,9.94967882274094495e-1,-3.68418648377161251e0,1.45740235763598687e1,2.05238603889768001e-13,1.37289186432304682e1,-1.64135371960583143e-11
1598,1.63113196633841085e2,1.71509986981719351e2,8.04347971735693932e1,1.54864185508963526e0,3.24351049226058308e0,-9.87690989934612351e-1,9.93792603949252062e-1,-3.69035467729698219e0,1.50686679245886221e1,1.81452075587174022e-13,1.37300298397005935e1,-1.45234935189364478e-11
1599,1.62868910539428725e2,1.71103696867409127e2,8.03019474849977115e1,1.55311190098293972e0,3.22684947364978170e0,-9.87706421806534784e-1,9.92573174978282458e-1,-3.69533686371307768e0,1.55633695715455520e1,1.59150470580016190e-13,1.37311716518359681e1,-9.06652530829887837e-12
1600,1.63658672230850783e2,1.72397630167370124e2,8.06175406024406129e1,1.54316704147130679e0,-3.26256913805121718e0,-9.87634442482547947e-1,9.92903951117884542e-1,-3.18256431823513619e0,-1.55632238002601984e1,1.62266033942870536e-13,1.03134424323631837e1,-8.12434564068098553e-11
1601,1.64014299225015833e2,1.72943779906938744e2,8.08408003124269356e1,1.53786571755774748e0,-3.28235838837575855e0,-9.87620950525137320e-1,9.94124455074651525e-1,-3.17278366195608097e0,-1.50685259686021382e1,1.86677062696816165e-13,1.03125836983068382e1,-2.94022584057529457e-11
1602,1.64422577054179385e2,1.73552788354268614e2,8.11166751920039530e1,1.53194045167271931e0,-3.30331335210726618e0,-9.87607887311569232e-1,9.95297608658539334e-1,-3.16089869438272419e0,-1.45738855082712035e1,2.14606110660042759e-13,1.03117479872138667e1,-9.77991021500201896e-11
1603,1.64894505477030293e2,1.74236757034532644e2,8.14556816007128930e1,1.52529237031200871e0,-3.32559012131189213e0,-9.87595257104952440e-1,9.96420626258560982e-1,-3.14652900423872106e0,-1.40793010605173023e1,2.41355546659605125e-13,1.03109357254256153e1,-7.44933004170889035e-11
1604,1.65444167935073835e2,1.75011062676708889e2,8.18713090890417448e1,1.51780249002668799e0,-3.34937551005871637e0,-9.87583064050506221e-1,9.97490109813118919e-1,-3.12919980393295516e0,-1.35847712196292321e1,2.75297146190567332e-13,1.03101473304084443e1,-8.30340241009253077e-11
1605,1.66089854180690793e2,1.75895526910140944e2,8.23811098567715447e1,1.50932670989357098e0,-3.37489533382305185e0,-9.87571312171932503e-1,9.98501845448863445e-1,-3.10831198934479191e0,-1.30902945336931840e1,3.08763431489111895e-13,1.03093832102779910e1,-4.85158579976996407e-11
1606,1.66855702218026892e2,1.76916120551179944e2,8.30082944712115847e1,1.49968933752092148e0,-3.40242565094261051e0,-9.87560005367863036e-1,9.99450518698366208e-1,-3.08310029962196364e0,-1.25958695054238490e1,3.50379447677795497e-13,1.03086437633302097e1,-1.31876731757074594e-11
1607,1.67774160349086287e2,1.78107509537639402e2,8.37841280517772447e1,1.48867466862265463e0,-3.43230833344757169e0,-9.87549147408385286e-1,1.00032930901403816e0,-3.05257371979537639e0,-1.21014945930677413e1,3.86704557264749837e-13,1.03079293775773113e1,-5.41433564649196342e-12
1608,1.68889786186443246e2,1.79516968772835526e2,8.47516329898062537e1,1.47601598268818557e0,-3.46497312772813570e0,-9.87538741931663688e-1,1.00112930160204883e0,-3.01542873570935477e0,-1.16071682113783705e1,4.30863678069215439e-13,1.03072404302942662e1,-9.52127265918534249e-12
1609,1.70265306996333152e2,1.81210602623762583e2,8.59715041930641775e1,1.46138112933789444e0,-3.50096972396118655e0,-9.87528792440647174e-1,1.00183861629490822e0,-2.96991993165402501e0,-1.11128887326621797e1,4.80813305836491622e-13,1.03065772875695956e1,-6.65068000671453774e-12
1610,1.71991673549157554e2,1.83283626663336861e2,8.75319363101624504e1,1.44435369973192862e0,-3.54101576386926009e0,-9.87519302299879942e-1,1.00244108652342634e0,-2.91366144334268107e0,-1.06186544878946396e1,5.31944280290908011e-13,1.03059403038687734e1,-3.11217718262923881e-11
1611,1.74205537986062780e2,1.85878176612354167e2,8.95657319513821335e1,1.42440874363833880e0,-3.58607116700322504e0,-9.87510274732415927e-1,1.00291420136966858e0,-2.84331229352695436e0,-1.01244637679051284e1,5.76209219227408198e-13,1.03053298216071951e1,-3.34239302901551127e-11
1612,1.77121417652113621e2,1.89215962643946625e2,9.22818294836382762e1,1.40088254095696452e0,-3.63745774616345097e0,-9.87501712816843957e-1,1.00322579866235873e0,-2.75405869397185299e0,-9.63031482462944410e0,6.28821647530308780e-13,1.03047461707324608e1,-8.99973429113742895e-11
1613,1.81095230396550249e2,1.93662540755503159e2,9.60276673978536905e1,1.37293839055497147e0,-3.69706051511643174e0,-9.87493619484426932e-1,1.00332855578743496e0,-2.63872462951675146e0,-9.13620587242846227e0,6.87576731661643237e-13,1.03041896683212819e1,-2.51247911364771426e-11
1614,1.86761725386406624e2,1.99865836506944731e2,1.01424260932113853e2,1.33953883568143239e0,-3.76768452128721387e0,-9.87485997516363900e-1,1.00315041246470460e0,-2.48616555154123908e0,-8.64213508947116082e0,7.30466902243431804e-13,1.03036606181871448e1,-2.87201373794232495e-11
1615,1.95369979149659514e2,2.09093102990386029e2,1.09696363841277588e2,1.29946252219849323e0,-3.85372662611723849e0,-9.87478849541175485e-1,1.00257705226133420e0,-2.27819761603618742e0,-8.14810061918031359e0,7.68061829414801167e-13,1.03031593105039150e1,-6.89936996423057280e-11
1616,2.09754774616699081e2,2.24203088092882950e2,1.23629497835984253e2,1.25149770731164378e0,-3.96253111334222163e0,-9.87472178032220538e-1,1.00141781567833976e0,-1.98335237402745967e0,-7.65410057173876712e0,7.94985605123699202e-13,1.03026860214405342e1,-4.33999503002269194e-11
1617,2.37997558276678603e2,2.53297194848662230e2,1.51180401803216910e2,1.19528585366798756e0,-4.10734465609011234e0,-9.87465985305347682e-1,9.99334136186479371e-1,-1.54342302696161648e0,-7.16013302565414733e0,8.25248723523852590e-13,1.03022410128154824e1,-4.90274487674469128e-11
1642,2.67159224681544629e2,2.82796822031662657e2,1.81094520623536766e2,1.11023810240843579e0,4.19669506059600028e0,-9.87470130557258852e-1,9.97916686064883374e-1,-1.93738135697248204e0,5.18454840864301580e0,1.02849499750146123e-12,1.03007484705665213e1,-6.03819216848933138e-11
1643,2.25384994433490363e2,2.40251275156140935e2,1.40011017205779950e2,1.18425347196214514e0,4.04759867758567360e0,-9.87476648934725088e-1,1.00067539697817165e0,-2.23812989032858534e0,5.67840573989699582e0,1.03606533075062401e-12,1.03010780349249700e1,-7.56585905037354678e-11
1644,2.05250410022701260e2,2.19403186420582159e2,1.20267630760773798e2,1.24477049599273371e0,3.93395826559460016e0,-9.87483644732050525e-1,1.00247011590778667e0,-2.44596568756694177e0,6.17228760298787105e0,9.85131247410730992e-13,1.03014367771206938e1,-7.05568936609779485e-11
1645,1.93588756384740975e2,2.07114224695606680e2,1.08872783265094299e2,1.29423368709535014e0,3.84318303084320601e0,-9.87491115538113529e-1,1.00360802517948100e0,-2.59767604343190683e0,6.66619602937954348e0,9.30153523648336034e-13,1.03018244958872298e1,-4.62421212432673201e-11
1646,1.86085017823001692e2,1.99058615850029099e2,1.01571750853336951e2,1.33490604883047914e0,3.76816946314404078e0,-9.87499058785461514e-1,1.00428153308427337e0,-2.71282380992358663e0,7.16013302565414644e0,8.88564395673530072e-13,1.03022409743843060e1,-4.98232566314982250e-11
1647,1.80913509536780879e2,1.93397173758366534e2,9.65657612777841621e1,1.36861812666985405e0,3.70458878816563963e0,-9.87507471752730459e-1,1.00461499214961147e0,-2.80273199669018780e0,7.65410057173876712e0,8.46190305325844605e-13,1.03026859804764293e1,-6.60520527162589133e-11
1648,1.77171947432886043e2,1.89216316425759004e2,9.29665685330087399e1,1.39679629237219260e0,3.64963359475367222e0,-9.87516351567197193e-1,1.00469120731383521e0,-2.87442719472316544e0,8.14810061918031359e0,7.99124655337379863e-13,1.03031592670300309e1,-8.53788151289336383e-11
1649,1.74364807107126978e2,1.86011672696925586e2,9.02867711809469000e1,1.42054237279905005e0,3.60138927842716861e0,-9.87525695207461585e-1,1.00456683755390364e0,-2.93252102696581440e0,8.64213508947116082e0,7.59002236061512292e-13,1.03036605722279617e1,-6.32809360467945226e-11
1650,1.72198293933500452e2,1.83482577740880572e2,8.82376348669783539e1,1.44070910199919555e0,3.55849574250656087e0,-9.87535499506251635e-1,1.00428161295740392e0,-2.98017890197387780e0,9.13620587242846227e0,7.06910224801404752e-13,1.03041896199020666e1,-4.74642547487746924e-12
1651,1.70487772295411389e2,1.81439020022583691e2,8.66378547116160718e1,1.45796048819673096e0,3.51995402875271335e0,-9.87545761153345802e-1,1.00386401540186321e0,-3.01965317342356832e0,9.63031482462944410e0,6.43684758272478064e-13,1.03047461198803685e1,-5.14717157784616575e-11
1652,1.69111764811511023e2,1.79755263705545786e2,8.53682409995767841e1,1.47281762909151759e0,3.48500996514037809e0,-9.87556476698610242e-1,1.00333487727760873e0,-3.05259390107049100e0,1.01244637679051284e1,5.92708174207423610e-13,1.03053297683501075e1,-3.90087961932295002e-11
1653,1.67987330385896229e2,1.78344949663453917e2,8.43474779877036838e1,1.48569289277938421e0,3.45308100123380335e0,-9.87567642555143510e-1,1.00270971928967523e0,-3.08023911256988692e0,1.06186544878946396e1,5.34381566774655425e-13,1.03059402482361300e1,-5.83355586059042253e-11
1654,1.67056079107916673e2,1.77146909212370275e2,8.35183627933574400e1,1.49691534116033398e0,3.42370841732071796e0,-9.87579255002522527e-1,1.00200030414469854e0,-3.10353628719520191e0,1.11128887326621761e1,4.86874429661554586e-13,1.03065772295914755e1,-9.98596760837244801e-11
1655,1.66275833343571378e2,1.76116678539562685e2,8.28396046808381072e1,1.50674970003106012e0,3.39652506116785347e0,-9.87591310190146676e-1,1.00121569065392046e0,-3.12322275372041869e0,1.16071682113783687e1,4.39991792999805398e-13,1.03072403700022370e1,-5.70565816815360449e-11
1656,1.65615449885310795e2,1.75221212834240333e2,8.22807358953058952e1,1.51541060019808005e0,3.37123293335481389e0,-9.87603804140673169e-1,1.00036296240564782e0,-3.13988054972616970e0,1.21014945930677396e1,3.92106486168941615e-13,1.03079293150037916e1,-7.67386154620908201e-12
1657,1.65051492628430736e2,1.74435478415809939e2,8.18188431620982755e1,1.52307334769238212e0,3.34758721974927020e0,-9.87616732753536675e-1,9.99447740122196171e-1,-3.15397484670463868e0,1.25958695054238454e1,3.52093354472060582e-13,1.03086436985086678e1,-6.83968437442672439e-11
1658,1.64566030492204277e2,1.73740189813210577e2,8.14364057376859876e1,1.52988213359422653e0,3.32538466427098234e0,-9.87630091808547661e-1,9.98474547550205260e-1,-3.16588147562374811e0,1.30902945336931857e1,3.09426095856935035e-13,1.03093831432432967e1,-9.53548351390054449e-12
1659,1.64145142309601169e2,1.73120268114374454e2,8.11198283489545560e1,1.53595634239663426e0,3.30445493715746696e0,-9.87643876969569456e-1,9.97447076487103068e-1,-3.17590703100365701e0,1.35847712196292321e1,2.76428185896904210e-13,1.03101472611957892e1,-5.07895947521319613e-11
1660,1.63777878711791686e2,1.72563766819344892e2,8.08584231027907094e1,1.54139543765860587e0,3.28465411688674624e0,-9.87658083788253260e-1,9.96368381260279157e-1,-3.18430380433285176e0,1.40793010605173006e1,2.42746794887338524e-13,1.03109356540714447e1,-6.96331881044898182e-12
1661,1.63455526905834688e2,1.72061108405203697e2,8.06436888287555860e1,1.54628277487148402e0,3.26585969329135306e0,-9.87672707707844322e-1,9.95241023152402704e-1,-3.19128104183225370e0,1.45738855082712018e1,2.13294659712204293e-13,1.03117479137554451e1,-6.23288087808759883e-11
1662,1.63171080699564754e2,1.71604532025631215e2,8.04687918743677244e1,1.55068859909835388e0,3.24796668498409380e0,-9.87687744067038631e-1,9.94067178840290055e-1,-3.19701354271492377e0,1.50685259686021347e1,1.89070981093664159e-13,1.03125836227823218e1,-2.93027824227465317e-11
1663,1.62918852386967245e2,1.71187687555348532e2,8.03281860735707625e1,1.55467241837142467e0,3.23088458610404050e0,-9.87703188103888685e-1,9.92848722642787895e-1,-3.20164830286192981e0,1.55632238002601984e1,1.63813407283441848e-13,1.03134423548111460e1,-6.23288087808759883e-11
1664,1.63725846285615148e2,1.72502095732364609e2,8.06577480292399116e1,1.54656253013173139e0,-3.26730133895996566e0,-9.87631622771363404e-1,9.93140906569231041e-1,-2.69109049521404486e0,-1.55630987031233428e1,1.67005298479239173e-13,7.38406194370884617e0,-4.90416596221621148e-11
1665,1.64093927141703887e2,1.73064035106637533e2,8.08924442427058779e1,1.54194457408830443e0,-3.28765347417123444e0,-9.87618121576232633e-1,9.94360066786425079e-1,-2.68228004865992187e0,-1.50684041453238731e1,1.94039229128861734e-13,7.38344643164943459e0,-3.34949845637311228e-11
1666,1.64517712049537039e2,1.73692352796264402e2,8.11826243293476608e1,1.53677268604999639e0,-3.30926279104446985e0,-9.87605049398767032e-1,9.95531242675201100e-1,-2.67155274127016984e0,-1.45737670211812684e1,2.17055540208122011e-13,7.38284742022655038e0,-3.26707549902494065e-11
1667,1.65009160478747788e2,1.74400202904630760e2,8.15397183514310200e1,1.53095691943431444e0,-3.33230480394546369e0,-9.87592410506847096e-1,9.96651457624893489e-1,-2.65854715867663050e0,-1.40791859707024205e1,2.50653664490840811e-13,7.38226521515012823e0,-5.05764319314039312e-11
1668,1.65583694457965976e2,1.75204418366634883e2,8.19784936782524341e1,1.52438849498946150e0,-3.35699099111052757e0,-9.87580209050350599e-1,9.97717051459127369e-1,-2.64280847404008501e0,-1.35846595868634434e1,2.81816237013288173e-13,7.38170011576791385e0,-6.19024831394199282e-11
1669,1.66261506495128287e2,1.76126874417871392e2,8.25183237438066186e1,1.51693495282035862e0,-3.38357884598651415e0,-9.87568449057516839e-1,9.98723445447643132e-1,-2.62375758262178183e0,-1.30901864163689474e1,3.17895015866653807e-13,7.38115241472417960e0,-6.15330009168246761e-11
1670,1.67069498062793372e2,1.77196501535262371e2,8.31850712717834000e1,1.50843383195596026e0,-3.41238563620813773e0,-9.87557134431387151e-1,9.99664809232226004e-1,-2.60064747974081945e0,-1.25957649604839972e1,3.52461115848967665e-13,7.38062239762312444e0,-1.02886588138062507e-11
1671,1.68044231011259086e2,1.78452338373379661e2,8.40139598210799363e1,1.49868437730777959e0,-3.44380762721769429e0,-9.87546268946330241e-1,1.00053358002591208e0,-2.57250037068909343e0,-1.21013936759384659e1,3.99010685603329307e-13,7.38011034269674582e0,-7.00453028912306763e-11
1672,1.69236563190418224e2,1.79948308457464748e2,8.50540907091697704e1,1.48743660499695340e0,-3.47834757308547848e0,-9.87535856244652677e-1,1.00131975417606411e0,-2.53801493807240064e0,-1.16070709759033104e1,4.41372632886682936e-13,7.37961652047863659e0,-6.01971805735956877e-11
1673,1.70719199221231690e2,1.81760971078241994e2,8.63758114755995337e1,1.47437685827547327e0,-3.51665508965053331e0,-9.87525899833304743e-1,1.00200981879563011e0,-2.49542605692375652e0,-1.11127952310378646e1,4.91072460473418460e-13,7.37914119348223529e0,-7.80460140958894044e-11
1674,1.72599532192357401e2,1.84002653297480066e2,8.80832663228046187e1,1.45910881134619541e0,-3.55958778879285553e0,-9.87516403080684890e-1,1.00258509734874846e0,-2.44228624919844695e0,-1.06185647706072874e1,5.37301106384724392e-13,7.37868461588773705e0,-3.14201997753116302e-11
1675,1.75042650988534348e2,1.86844888323356315e2,9.03369152193475884e1,1.44112892199379306e0,-3.60830718692359431e0,-9.87507369213549535e-1,1.00301910837490649e0,-2.37511348971793890e0,-1.01243778836690055e1,5.83852410862562010e-13,7.37824703323484510e0,-1.77919901034329087e-11
1676,1.78315289261625935e2,1.90563018641726785e2,9.33966138573104985e1,1.41979622115934467e0,-3.66443550740641211e0,-9.87498801314033336e-1,1.00327319624657751e0,-2.28880089391863084e0,-9.63023282032692229e0,6.44288442042117993e-13,7.37782868212498322e0,-7.75486341808573343e-11
1677,1.82876859790623854e2,1.95628236543406672e2,9.77109773058006255e1,1.39430002732715264e0,-3.73032476495552245e0,-9.87490702316783930e-1,1.00328899434348440e0,-2.17558101644881408e0,-9.13612779305189271e0,6.94933693923260876e-13,7.37742978992966769e0,-1.56745727508678101e-11
1678,1.89589083886651281e2,2.02918731448075619e2,1.04123450297927619e2,1.36364206960161627e0,-3.80954576660631883e0,-9.87483075006220234e-1,1.00297475566996663e0,-2.02310960318769251e0,-8.64206097806661866e0,7.29863218473791875e-13,7.37705057451144697e0,-6.73878730594879016e-11
1679,2.00274173619868350e2,2.14279801161177630e2,1.14421737259505576e2,1.32669362778119426e0,-3.90783950690592352e0,-9.87475922013912100e-1,1.00217899928876597e0,-1.81069792709106259e0,-8.14803051679350610e0,7.63332105857550403e-13,7.37669124395156484e0,-5.54081225345726125e-11
1680,2.19556201842643105e2,2.34364681909027553e2,1.33152469898464204e2,1.28254714070475395e0,-4.03512515815805006e0,-9.87469245816094965e-1,1.00063569815620479e0,-1.50139995567033346e0,-7.65403451736301577e0,7.90343485101985266e-13,7.37635199629073490e0,-5.40154587724828161e-11
1681,2.63561712164529808e2,2.79300234312932503e2,1.76204291778877661e2,1.23201476032849433e0,-4.21016377058015934e0,-9.87463048731315629e-1,9.97838799260479581e-1,-1.02441579929620752e0,-7.16007105618072437e0,7.90580058016021603e-13,7.37603301927788380e0,-1.48361323226708919e-11
1707,2.40362930496077041e2,2.55580782911704802e2,1.54752665566904454e2,1.21882296261793188e0,4.12917212844289772e0,-9.87473719480537637e-1,9.99555290035350263e-1,-1.75149596648343375e0,5.67835622476376845e0,1.00337793629279304e-12,7.37519940833912280e0,-1.99094074559980072e-11
1708,2.12430689089210205e2,2.26877091356807114e2,1.27318789762042996e2,1.27565756288635646e0,3.99591061760643385e0,-9.87480720164456316e-1,1.00180392001533325e0,-1.97079204699704147e0,6.17223390535086303e0,9.87466185209395775e-13,7.37545655145518531e0,-3.31397131958510727e-11
1709,1.97616275945555799e2,2.11382449427826515e2,1.12816530113085292e2,1.32183727713304000e0,3.89162984817753799e0,-9.87488196183925582e-1,1.00322677718150621e0,-2.12717006123135555e0,6.66613817955039689e0,9.35119603279188638e-13,7.37573446441809910e0,-2.87059265247080475e-12
1710,1.88571937688486457e2,2.01744698308662237e2,1.03997988201136081e2,1.35951916582060850e0,3.80690081420326809e0,-9.87496144968525780e-1,1.00408531712248883e0,-2.24347179522767037e0,7.16007105618072526e0,8.86241600939197127e-13,7.37603299173076188e0,-6.35367314316681586e-11
1711,1.82553007886029263e2,1.95203703349156370e2,9.81577451461835437e1,1.39051066573478366e0,3.73609715459060476e0,-9.87504563793753509e-1,1.00454254932982567e0,-2.33269090074824659e0,7.65403451736301754e0,8.48312739498702229e-13,7.37635196692789830e0,-3.88382659366470762e-11
1712,1.78305721422500881e2,1.90492025662383583e2,9.40609375801654437e1,1.41622664172914225e0,3.67563355454085761e0,-9.87513449783578467e-1,1.00470372369112093e0,-2.40275174772136202e0,8.14803051679350432e0,8.09860858930200322e-13,7.37669121278985962e0,-4.73079353469074704e-11
1713,1.75178158675621177e2,1.86947064497090622e2,9.10659993836340078e1,1.43775450610812383e0,3.62310206750867403e0,-9.87522799913130078e-1,1.00463898795335171e0,-2.45876662752569830e0,8.64206097806661866e0,7.67278601765397639e-13,7.37705054156800077e0,-7.89697196523775347e-11
1714,1.72799070426416563e2,1.84189381928765869e2,8.88078784838938731e1,1.45592880371208544e0,3.57681553457064982e0,-9.87532611011505690e-1,1.00439643631783948e0,-2.50418601514368566e0,9.13612779305189093e0,7.16192730121356647e-13,7.37742975522312427e0,-1.86020088221994229e-11
1715,1.70942264299286023e2,1.81986469433683624e2,8.70643396872387143e1,1.47139333301338771e0,3.53555035515677485e0,-9.87542879764700232e-1,1.00400988487700671e0,-2.54142527793193684e0,9.63023282032692052e0,6.56473139737379086e-13,7.37782864567441354e0,-8.87325768417213112e-11
1716,1.69462533624883065e2,1.80188184930874257e2,8.56928305205756971e1,1.48464864173053201e0,3.49839356363811405e0,-9.87553602718645007e-1,1.00350365465268498e0,-2.57222630258131080e0,1.01243778836690037e1,6.00587288235310268e-13,7.37824699506066395e0,-2.81517031908151694e-11
1717,1.68262693983719799e2,1.78693431301486754e2,8.45980168418187617e1,1.49608732970209712e0,3.46464766735960650e0,-9.87564776282359835e-1,1.00289560011442958e0,-2.59787660928515551e0,1.06185647706072892e1,5.47915879334226474e-13,7.37868457601040628e0,-8.25082224764628336e-11
1718,1.67275448308354726e2,1.77431765454496286e2,8.37139321077061709e1,1.50602009689455585e0,3.43376907096315787e0,-9.87576396731203010e-1,1.00219907729934854e0,-2.61934774163244555e0,1.11127952310378664e1,4.96512553294081727e-13,7.37914115192393538e0,-3.82271991838933900e-12
1719,1.66452854407135192e2,1.76352682122271347e2,8.29936155827252406e1,1.51469499288516030e0,3.40532687251941057e0,-9.87588460210221175e-1,1.00142425307192573e0,-2.63738581417900209e0,1.16070709759033139e1,4.47437226158697854e-13,7.37961647726189174e0,-6.29398755336296745e-11
1720,1.65759927887329411e2,1.75419083488755291e2,8.24028223693924247e1,1.52231172278000648e0,3.37897447906292703e0,-9.87600962737589239e-1,1.00057899461588451e0,-2.65257257178947548e0,1.21013936759384642e1,3.98864968831347255e-13,7.38011029784492045e0,-6.62652155369869433e-11
1721,1.65170607884506865e2,1.74603146893971768e2,8.19160588443191955e1,1.52903235938516247e0,3.35442955292319933e0,-9.87613900208135775e-1,9.99669485338093189e-1,-2.66536764489387412e0,1.25957649604839972e1,3.60891871942214948e-13,7.38062235115988319e0,-1.30313537738402374e-11
1722,1.64665129981580264e2,1.73883624642231524e2,8.15140023649265402e1,1.53498943128707643e0,3.33145952735200845e0,-9.87627268396948699e-1,9.98700658742031400e-1,-2.67613845402527506e0,1.30901864163689456e1,3.19275855753531346e-13,7.38115236667474939e0,-4.65263383375713602e-11
1723,1.64228267476485740e2,1.73244029984675507e2,8.11817747835595469e1,1.54029208195162437e0,3.30987093962113343e0,-9.87641062963052985e-1,9.97676508892129221e-1,-2.68518179038467109e0,1.35846595868634417e1,2.82922990590961376e-13,7.38170006615751895e0,-6.82973677612608299e-11
1724,1.63848125215087975e2,1.72671388596179611e2,8.09077590210511488e1,1.54503079973250812e0,3.28950143949716445e0,-9.87655279453159007e-1,9.96600315764635480e-1,-2.69273965813071925e0,1.40791859707024187e1,2.48960574378287447e-13,7.38226516400474431e0,-1.03455022326670587e-11
1725,1.63515294620835789e2,1.72155360754549804e2,8.06827704594346926e1,1.54928108040306567e0,3.27021371009029593e0,-9.87669913305467162e-1,9.95474810967547419e-1,-2.69901108138446366e0,1.45737670211812702e1,2.20198859146591985e-13,7.38284736757308391e0,-2.71427325060358271e-11
1726,1.63222250493462298e2,1.71687612369066045e2,8.04994657261388227e1,1.55310628568874587e0,3.25189078003441656e0,-9.87684959853533773e-1,9.94302301074917572e-1,-2.70416102307469997e0,1.50684041453238695e1,1.91943683169881751e-13,7.38344637751500343e0,-4.59721150036784820e-11
1727,1.62962913085976624e2,1.71261356626820231e2,8.03519136903944258e1,1.55655989128044459e0,3.23443236409684598e0,-9.87700414330183851e-1,9.93084760429823299e-1,-2.70832720393917858e0,1.55630987031233428e1,1.68136338185576051e-13,7.38406188812143771e0,-5.45554712516604923e-11
1728,1.63783561315598206e2,1.72591371256190598e2,8.06928300226430508e1,1.55037034209430002e0,-3.27134918040245770e0,-9.87629271541019427e-1,9.93338208956349278e-1,-2.20046542256712119e0,-1.55629943493496352e1,1.70967406898370200e-13,4.94298342875073438e0,-9.58948476181831211e-11
1729,1.64162513357338071e2,1.73167047468310386e2,8.09375146538666570e1,1.54649829437980890e0,-3.29219094598212614e0,-9.87615762639739603e-1,9.94556156813187986e-1,-2.19286895409712335e0,-1.50683025223093949e1,1.95309046713276757e-13,4.94257101254876474e0,-3.58397755917394534e-11
1730,1.64599887577332424e2,1.73812229007137489e2,8.12402376299433655e1,1.54215431587483098e0,-3.31437112589296712e0,-9.87602682984530911e-1,9.95725558473052552e-1,-2.18360333666474249e0,-1.45736681809395900e1,2.25583440816023995e-13,4.94216965157774535e0,-5.83497694606194273e-11
1731,1.65108518217842288e2,1.74541028239039548e2,8.16132619526402152e1,1.53726020133981378e0,-3.33808290028747701e0,-9.87590036847257879e-1,9.96843264074558366e-1,-2.17234291555874126e0,-1.40790899642100875e1,2.53283505280421650e-13,4.94177955074359332e0,-1.30455646285554394e-11
1732,1.65705057094249611e2,1.75371614298028703e2,8.20725291267399371e1,1.53172097495486814e0,-3.36356030612464529e0,-9.87577828381684619e-1,9.97905374010202295e-1,-2.15867505243643132e0,-1.35845664640018668e1,2.89577389844808408e-13,4.94140091068790177e0,-2.04352090804604813e-11
1733,1.66411460738377883e2,1.76327763902286847e2,8.26391013403444532e1,1.52542045511012736e0,-3.39108998708047427e0,-9.87566061619836622e-1,9.98906973614009930e-1,-2.14207043789535634e0,-1.30900962258668319e1,3.21829368710169206e-13,4.94103392756120119e0,-7.94813104221248068e-11
1734,1.67257219668353457e2,1.77441176815212231e2,8.33413266149325125e1,1.51821543260730851e0,-3.42102738474476409e0,-9.87554740468436720e-1,9.99841753224061658e-1,-2.12184074782069132e0,-1.25956777498605632e1,3.64160090970955252e-13,4.94067879279542588e0,-3.80282472178805619e-11
1735,1.68282797333649768e2,1.78755033629045869e2,8.42181839495572291e1,1.50992797792053768e0,-3.45381952142399928e0,-9.87543868705425099e-1,1.00070145328341842e0,-2.09707699350750953e0,-1.21013094914474948e1,4.03094224665778711e-13,4.94033569288214025e0,-9.78417347141657956e-11
1736,1.69545114837749026e2,1.80329647708331009e2,8.53246266703402654e1,1.50033522691565602e0,-3.49003783191569639e0,-9.87533449976566335e-1,1.00147503569477370e0,-2.06655765206908626e0,-1.16069898624781533e1,4.51499948539435536e-13,4.94000480915311790e0,-7.00595137459458783e-11
1737,1.71126648089497536e2,1.82251802973386390e2,8.67404588452943273e1,1.48915580284144244e0,-3.53042679086263389e0,-9.87523487792149157e-1,1.00214741468333979e0,-2.02860809106140039e0,-1.11127172322375021e1,4.96408469885523118e-13,4.93968631756622401e0,-9.03241925698239356e-11
1738,1.73151239750070118e2,1.84650920639185273e2,8.85857875763980189e1,1.47603188325736601e0,-3.57597825621920906e0,-9.87513985523788995e-1,1.00269745572926383e0,-1.98087883058228198e0,-1.06184899285635890e1,5.43046510537159577e-13,4.93938038849325967e0,-7.49906803321209736e-11
1739,1.75813192521055129e2,1.87728689055412644e2,9.10494987368622191e1,1.46050605800826028e0,-3.62804941789323498e0,-9.87504946401332129e-1,1.00309471231148528e0,-1.91998328031185306e0,-1.01243062390352776e1,5.94328405933985948e-13,4.93908718651599887e0,-7.64401875130715780e-11
1740,1.79434729421796305e2,1.91817354801729522e2,9.44455843083552793e1,1.44199334585816130e0,-3.68855828313060874e0,-9.87496373509872516e-1,1.00329388940798059e0,-1.84088118988536942e0,-9.63016441222788977e0,6.46574807583455424e-13,4.93880687022454268e0,-6.60520527162589133e-11
1741,1.84590262206095758e2,1.97505294083335315e2,9.93351450886205498e1,1.41975362975288233e0,-3.76032499111583718e0,-9.87488269786882755e-1,1.00322499619120897e0,-1.73577786716129201e0,-9.13606265903507619e0,7.05081826257725197e-13,4.93853959202387660e0,-1.63282720677671023e-11
1742,1.92409700418947352e2,2.05942300043021987e2,1.06824605189128633e2,1.39288706618305969e0,-3.84770642483115077e0,-9.87480638019468171e-1,1.00277479953971782e0,-1.59204553248959924e0,-8.64199915405548680e0,7.36947829149681155e-13,4.93828549794491956e0,-8.29061264084884897e-11
1743,2.05456494258847442e2,2.19719887082042277e2,1.19430193042012888e2,1.36043651382555764e0,-3.95787067335925880e0,-9.87473480841744800e-1,1.00174932821354168e0,-1.38803535169153980e0,-8.14797203704223527e0,7.61323296072369260e-13,4.93804472746326883e0,-7.16795511834789068e-11
1744,2.31036586666373353e2,2.46175772739932057e2,1.44339793501629543e2,1.32191616093502251e0,-4.10361434972128514e0,-9.87466800732347161e-1,9.99790945658627028e-1,-1.08402073526379095e0,-7.65397941441309637e0,7.77105810256806251e-13,4.93781741332389856e0,-5.81792392040370032e-11
1771,2.58619894533502645e2,2.74141712352869206e2,1.72737969442053469e2,1.26432958906900339e0,4.20515633742995565e0,-9.87471276700509271e-1,9.98399815462869600e-1,-1.31924984590554439e0,5.67831491877176919e0,9.67022469045009103e-13,4.93704511564220194e0,-2.37037056649569422e-11
1772,2.20201200920114275e2,2.34911074881173647e2,1.34958142029679038e2,1.31500016857767243e0,4.05290808469301655e0,-9.87478281460932861e-1,1.00112213371995695e0,-1.53430867904826829e0,6.17218911031718331e0,9.89471959228493958e-13,4.93721741600750619e0,-3.38644667863263749e-11
1773,2.01702688680880726e2,2.15684113630187113e2,1.16823379548593095e2,1.35604500716528120e0,3.93575128513646000e0,-9.87485761829537623e-1,1.00283383511456226e0,-1.68502550075929203e0,6.66608992077157847e0,9.30965807915962174e-13,4.93740363317576847e0,-3.72466502085444517e-11
1774,1.90995076093241437e2,2.04344501261826508e2,1.06365840778124976e2,1.38934198706860124e0,3.84187040870223884e0,-9.87493715233426994e-1,1.00387542912266015e0,-1.79535994051479175e0,7.16001936081950152e0,8.90333813619026415e-13,4.93760366291671637e0,-2.66879851551493630e-11
1775,1.84106675164301919e2,1.96904379247529391e2,9.96692928706234369e1,1.41655302488972890e0,3.76433282964425375e0,-9.87502138945478114e-1,1.00445266191485794e0,-1.87881298619409698e0,7.65397941441309815e0,8.55160560420120675e-13,4.93781739364908745e0,-4.54747350886464119e-12
1776,1.79358620080716577e2,1.91669006182468479e2,9.50795481322315652e1,1.43899363713449358e0,3.69878060639519690e0,-9.87511030086900998e-1,1.00469483244010815e0,-1.94352886968946281e0,8.14797203704223527e0,8.16809293813225423e-13,4.93804470658298378e0,-2.29078978009056300e-11
1777,1.75921974408944095e2,1.87796967049548471e2,9.17804994314419815e1,1.45767348410808828e0,3.64232103552831665e0,-9.87520385629927611e-1,1.00468615545246909e0,-1.99470036826413222e0,8.64199915405548680e0,7.77447550781573682e-13,4.93828547587103284e0,-9.74296199274249375e-11
1778,1.73341907835229165e2,1.84823950368812774e2,8.93247156764200554e1,1.47336301883050913e0,3.59294860312309261e0,-9.87530202400626833e-1,1.00448324768550012e0,-2.03578997366800696e0,9.13606265903507975e0,7.27817112133877231e-13,4.93853956876856781e0,-5.84208237341954373e-11
1779,1.71348971776578338e2,1.82473279272365488e2,8.74473440861010403e1,1.48665234233529175e0,3.54922294512066250e0,-9.87540477081834678e-1,1.00412525320915802e0,-2.06919205658565319e0,9.63016441222788977e0,6.69063762726018751e-13,4.93880684580061313e0,-5.74402747588464990e-11
1780,1.69773946210099041e2,1.80570149654560254e2,8.59821820170144520e1,1.49799683253030658e0,3.51007913056798770e0,-9.87551206216199295e-1,1.00363991821879894e0,-2.09661275686044268e0,1.01243062390352794e1,6.13377404423687267e-13,4.93908716093707412e0,-4.38120650869677775e-11
1781,1.68505555292840825e2,1.78998904609300837e2,8.48200217701574246e1,1.50775106932659120e0,3.47471052805954095e0,-9.87562386209336562e-1,1.00304735461822148e0,-2.11929862000619140e0,1.06184899285635925e1,5.52603102166315807e-13,4.93938036177348216e0,-7.14237557986052707e-11
1782,1.67467851681397434e2,1.77680106830282256e2,8.38863829686590634e1,1.51619374349159930e0,3.44249355206036789e0,-9.87574013333084255e-1,1.00236243978449346e0,-2.13817990682610715e0,1.11127172322375056e1,5.04908614917809473e-13,4.93968628971979129e0,-9.03384034245391376e-11
1783,1.66607380734498378e2,1.76557481806204777e2,8.31288809663466850e1,1.52354593593057897e0,3.41293764441481962e0,-9.87586083728855924e-1,1.00159638660608352e0,-2.15396358239553676e0,1.16069898624781551e1,4.58626192578748260e-13,4.94000478019565126e0,-5.82787151870434172e-11
1784,1.65885532538941675e2,1.75590111462914820e2,8.25097045416038952e1,1.52998459782928520e0,3.38565104175915543e0,-9.87598593411085912e-1,1.00075779462325021e0,-2.16719546943809505e0,1.21013094914474966e1,4.12059275589626850e-13,4.94033566282876535e0,-6.48299192107515410e-11
1785,1.65273796359839594e2,1.74747573458132365e2,8.20009508023401565e1,1.53565256560912533e0,3.36031674460113861e0,-9.87611538270759870e-1,9.99853368491682604e-1,-2.17830286834198539e0,1.25956777498605597e1,3.66890545722142747e-13,4.94067876166266906e0,-2.25952589971711859e-11
1786,1.64750713030813301e2,1.74006808573679223e2,8.15816308275677784e1,1.54066606503007675e0,3.33667526973557660e0,-9.87624914079022864e-1,9.98888418316078552e-1,-2.18762444073351592e0,1.30900962258668354e1,3.25222487829179840e-13,4.94103389536572735e0,-4.46220838057342917e-12
1787,1.64299859106282668e2,1.73350041199229935e2,8.12356900812721392e1,1.54512038411153774e0,3.31451202755591590e0,-9.87638716490864321e-1,9.97867214019559468e-1,-2.19543157583434168e0,1.35845664640018651e1,2.89584328738712315e-13,4.94140087744662004e0,-9.52127265918534249e-12
1788,1.63908478832371202e2,1.72763362941968495e2,8.09506656891446283e1,1.54909419997212972e0,3.29364792336752732e0,-9.87652941048868915e-1,9.96793240215137710e-1,-2.20194393295208890e0,1.40790899642100857e1,2.56159676803591196e-13,4.94177951647369884e0,-9.13757958187488839e-12
1789,1.63566534630630372e2,1.72235745894508284e2,8.07167549649989553e1,1.55265290773803688e0,3.27393225093637685e0,-9.87667583187028408e-1,9.95669382098303690e-1,-2.20734092248490121e0,1.45736681809395883e1,2.27921848061640731e-13,4.94216961629749196e0,-1.83035808731801808e-11
1790,1.63266034817800346e2,1.71758341367446917e2,8.05261562400054629e1,1.55585120319360470e0,3.25523724480962606e0,-9.87682638234610888e-1,9.94498062773226721e-1,-2.21177030430650579e0,1.50683025223093932e1,1.93789428948321074e-13,4.94257097627618069e0,-9.84954340310650878e-11
1791,1.63000549100605866e2,1.71323972552290684e2,8.03725940438291673e1,1.55873510257399039e0,3.23745385218545145e0,-9.87698101420077079e-1,9.93281345895040357e-1,-2.21535470774653653e0,1.55629943493496370e1,1.69614322587108290e-13,4.94298339150470412e0,-6.05808736509061418e-11
1792,1.63830917362015782e2,1.72664301253094806e2,8.07219706660900869e1,1.55452911441594965e0,-3.27465813114431370e0,-9.87627389592980354e-1,9.93495937277295793e-1,-1.71060127937254736e0,-1.55629107967546290e1,1.75720549222546651e-13,2.99016773843736905e0,-1.75646164279896766e-11
1793,1.64218907570325257e2,1.73251366701310957e2,8.09749631787433515e1,1.55145730416339411e0,-3.29590571785387709e0,-9.87613874521505064e-1,9.94712851164396672e-1,-1.70443876919895909e0,-1.50682211559887111e1,1.99548710888564074e-13,2.98991806836551355e0,-2.61763943854020908e-11
1794,1.64667616937452408e2,1.73910575606838279e2,8.12881531567151967e1,1.54800625248651591e0,-3.31856019865483276e0,-9.87600788878971958e-1,9.95880745762381836e-1,-1.69691095086666066e0,-1.45735890425513634e1,2.28719820860590062e-13,2.98967509055590819e0,-8.43130010252934881e-11
1795,1.65190633529065337e2,1.74656865278257584e2,8.16745214564211466e1,1.54411208315991244e0,-3.34282993692955976e0,-9.87588136940434014e-1,9.96996322518222677e-1,-1.68774421109729844e0,-1.40790130945820895e1,2.60232807525184739e-13,2.98943892908809072e0,-5.10880227011512034e-11
1796,1.65805675981792604e2,1.75509562795977899e2,8.21510282655016510e1,1.53969695980294641e0,-3.36896844643718385e0,-9.87575922862769850e-1,9.98055475118995505e-1,-1.67658996066718413e0,-1.35844919030849027e1,2.91593138523893458e-13,2.98920970546068743e0,-4.90132379127317108e-11
1797,1.66536242860069194e2,1.76494105332368804e2,8.27402122467670722e1,1.53466531503547499e0,-3.39728766352095457e0,-9.87564150681037090e-1,9.99052996935569038e-1,-1.66299839633820512e0,-1.30900240126886658e1,3.30162980288761787e-13,2.98898753845227594e0,-5.47117906535277143e-11
1798,1.67414108164708693e2,1.77644632484068978e2,8.34726138221641065e1,1.52889887426779203e0,-3.42817633178377523e0,-9.87552824304907206e-1,9.99982158553854306e-1,-1.64638080625023786e0,-1.25956079224804025e1,3.68489960766993363e-13,2.98877254398501302e0,-6.92637058818945661e-11
1799,1.68483212683520037e2,1.79008012320832478e2,8.43905598175171434e1,1.52225004432517297e0,-3.46212601663794306e0,-9.87541947515180873e-1,1.00083408484596070e0,-1.62595426293655043e0,-1.21012420869111903e1,4.13346440408801641e-13,2.98856483498977665e0,-3.89093202102230862e-11
1800,1.69805949177741297e2,1.80650318043357856e2,8.55542859672818850e1,1.51453308836591716e0,-3.49976882334411643e0,-9.87531523960392010e-1,1.00159681448299054e0,-1.60065851780538604e0,-1.16069249167740924e1,4.57300863843101979e-13,2.98836452127320173e0,-7.44222461435128935e-11
1801,1.71473745038149218e2,1.82667689373943517e2,8.70522620913495757e1,1.50551234136923928e0,-3.54193364059240290e0,-9.87521557153504093e-1,1.00225384109465998e0,-1.56902768825061312e0,-1.11126547802534503e1,5.02195507401381747e-13,2.98817170938764587e0,-2.97859514830633998e-11
1802,1.73625793423669734e2,1.85205480120645177e2,8.90194967938416539e1,1.49488660949003260e0,-3.58973279481904273e0,-9.87512050468708935e-1,1.00278177866217622e0,-1.52898587024292154e0,-1.06184300040444075e1,5.53303930450610437e-13,2.98798650250401110e0,-8.29203372632036917e-11
1803,1.76484299112296924e2,1.88494143232711792e2,9.16720361557878221e1,1.48226910948178059e0,-3.64470079398740276e0,-9.87503007138327615e-1,1.00314648679813923e0,-1.47750959470624554e0,-1.01242488745416974e1,6.01530977806241651e-13,2.98780900028619323e0,-2.91464630208793096e-11
1804,1.80426096021543259e2,1.92921854172703746e2,9.53771748431716730e1,1.46716372755788105e0,-3.70902689614360526e0,-9.87494430249823973e-1,1.00329635663834815e0,-1.41004633380846256e0,-9.63010963909640338e0,6.53735746092287684e-13,2.98763929877121281e0,-3.63371555067715235e-11
1805,1.86143415098792246e2,1.99196879436496715e2,1.00811313788281169e2,1.44894395615627292e0,-3.78596719313960373e0,-9.87486322742934131e-1,1.00315005761006226e0,-1.31946167343673992e0,-9.13601050733909048e0,7.04250893712732307e-13,2.98747749024955445e0,-9.29389898374211043e-11
1806,1.95056961621087339e2,2.08763078756421464e2,1.09366172971461154e2,1.42686088918844067e0,-3.88062645241692961e0,-9.87478687406914912e-1,1.00257270781936070e0,-1.19401769667918956e0,-8.64194965256768022e0,7.32722910123939641e-13,2.98732366315299203e0,-3.00843794320826419e-11
1807,2.10606506588380171e2,2.25092808040683764e2,1.24419729318145301e2,1.40018034585496554e0,-4.00157517947283381e0,-9.87471526877920946e-1,1.00132568372343478e0,-1.01321418718924527e0,-8.14792521319834862e0,7.57653488558940325e-13,2.98717790194353316e0,-8.92299567567533813e-11
1808,2.43785040376593713e2,2.59208415701233548e2,1.56792899530734303e2,1.36884692995715063e0,-4.16459227457955716e0,-9.87464843636509659e-1,9.98949464394897624e-1,-7.38550453539080110e-1,-7.65393529427719077e0,7.69620044777097334e-13,2.98704028700729252e0,-5.01358954352326691e-11
1836,2.28103714470853504e2,2.43036794605621310e2,1.42733772103051734e2,1.36229018453721262e0,4.10236500911292534e0,-9.87476329473500836e-1,1.00047648539958356e0,-1.13855750139870393e0,6.17215324348376804e0,9.63984100876835726e-13,2.98667705079574652e0,-6.53415099804988131e-11
1837,2.05597984276768642e2,2.19762138210969511e2,1.20646767416449222e2,1.39640735507382430e0,3.97373049075703122e0,-9.87483813324448234e-1,1.00246135001781855e0,-1.27204816872949356e0,6.66605128059241991e0,9.33284699522474170e-13,2.98678978608963863e0,-6.15898443356854841e-11
1838,1.93217367703438470e2,2.06715829613212918e2,1.08540135989701298e2,1.42397116931466661e0,3.87176460558572666e0,-9.87491770426989324e-1,1.00367239948542464e0,-1.36864433385326278e0,7.15997796905067485e0,8.95088690666678843e-13,2.98691088338007837e0,-5.05906427861191332e-11
1839,1.85495457123888116e2,1.98416354960934797e2,1.01022440376623408e2,1.44638561068696303e0,3.78832429393809145e0,-9.87500198051901479e-1,1.00435876860675544e0,-1.44092395641570281e0,7.65393529427719077e0,8.56013177008563275e-13,2.98704027509643932e0,-3.38928884957567789e-11
1840,1.80282730012064860e2,1.92696491360773877e2,9.59751442230626850e1,1.46477956002635468e0,3.71834290490763708e0,-9.87509093318184927e-1,1.00467352947534017e0,-1.49642997821392143e0,8.14792521319834684e0,8.14804820836734223e-13,2.98717788930264572e0,-7.32143234927207232e-11
1841,1.76565948145544894e2,1.88528890820604602e2,9.24003775628370363e1,1.48002058643726975e0,3.65848630038042621e0,-9.87518453195751267e-1,1.00471448380364903e0,-1.53993640158119582e0,8.64194965256767844e0,7.76262734647481523e-13,2.98732364978941911e0,-4.93969309900421649e-11
1842,1.73806933059466644e2,1.85364712663321740e2,8.97685408132391842e1,1.49276838671584255e0,3.60646088203100534e0,-9.87528274508243320e-1,1.00454631802402083e0,-1.57460015535943998e0,9.13601050733908870e0,7.34207833419375788e-13,2.98747747617082116e0,-4.75068873129202984e-11
1843,1.71694458519895591e2,1.82884674784446133e2,8.77736101866259872e1,1.50352558440887329e0,3.56063130915476700e0,-9.87538553935966457e-1,1.00421313591903649e0,-1.60258526883830266e0,9.63010963909640516e0,6.72436065163317664e-13,2.98763928398496192e0,-5.06474862049799412e-11
1844,1.70036677506735657e2,1.80890763346910745e2,8.62270925177787575e1,1.51267782710791088e0,3.51979676640526007e0,-9.87549288018940485e-1,1.00374582578069749e0,-1.62542013584110601e0,1.01242488745416974e1,6.18022993892353156e-13,2.98780898480085444e0,-4.91979790240293369e-11
1845,1.68709294314066653e2,1.79253884977072602e2,8.50069581333088280e1,1.52052368682895378e0,3.48305360023109856e0,-9.87560473160053465e-1,1.00316654434972130e0,-1.64421172762298129e0,1.06184300040444057e1,5.65113927875060540e-13,2.98798648632779518e0,-6.68194388708798215e-11
1846,1.67628495678861441e2,1.77886433303196611e2,8.40309826973333287e1,1.52729655702606526e0,3.44970751919270135e0,-9.87572105628323871e-1,1.00249153200449270e0,-1.65977920336528340e0,1.11126547802534521e1,5.13020181891477023e-13,2.98817169252947323e0,-4.07709421779145487e-11
1847,1.66735880195321499e2,1.76726962563262276e2,8.32419129021157573e1,1.53318064393921616e0,3.41921552226505865e0,-9.87584181562255803e-1,1.00173292983067408e0,-1.67274010525568850e0,1.16069249167740942e1,4.64791399812369832e-13,2.98836450374231966e0,-2.07194261747645214e-11
1848,1.65989620460174109e2,1.75731168194337329e2,8.25987716809529076e1,1.53832269206272665e0,3.39114634584548336e0,-9.87596696973287558e-1,1.00089998176944039e0,-1.68356760356110580e0,1.21012420869111921e1,4.20587176197528834e-13,2.98856481679556296e0,-9.07220965018495917e-11
1849,1.65359052080432889e2,1.74866345025158637e2,8.20715375760221093e1,1.54284064353642192e0,3.36515283067212323e0,-9.87609647749326025e-1,9.99999847717832790e-1,-1.69262948603313235e0,1.25956079224804025e1,3.72684522131905283e-13,2.98877252513735536e0,-6.50999254503403790e-11
1850,1.64821238147097233e2,1.74107855988931476e2,8.16377683349404464e1,1.54683008828853463e0,3.34095218326895838e0,-9.87623029658358909e-1,9.99038164522792926e-1,-1.70021530633333362e0,1.30900240126886640e1,3.32619348730744946e-13,2.98898751896119830e0,-4.84732254335540347e-11
1851,1.64358719072188194e2,1.73436810767308174e2,8.12803906117134574e1,1.55036911252984067e0,3.31831159852910762e0,-9.87636838352143331e-1,9.98019440036844063e-1,-1.70655565953117572e0,1.35844919030849045e1,2.95652391457679187e-13,2.98920968533656994e0,-2.11315409615053795e-11
1852,1.63957998598035459e2,1.72838498090996438e2,8.09862135587197258e1,1.55352197690845140e0,3.29703760453332029e0,-9.87651069369959611e-1,9.96947334442846000e-1,-1.71183610697134392e0,1.40790130945820859e1,2.60583221667332054e-13,2.98943890834142190e0,-5.03774799653911032e-11
1853,1.63608500870695707e2,1.72301301738017315e2,8.07449054197964387e1,1.55634193205408056e0,3.27696804310780720e0,-9.87665718142429094e-1,9.95824864082925698e-1,-1.71620739303269643e0,1.45735890425513617e1,2.30135355216987136e-13,2.98967506919741011e0,-5.33049160367227159e-11
1854,1.63301836939184739e2,1.71815935220015433e2,8.05482741192144971e1,1.55887339264006797e0,3.25796594994345501e0,-9.87680779995383507e-1,9.94654551138454357e-1,-1.71979304672252420e0,1.50682211559887076e1,2.01824668089045645e-13,2.98991804640651537e0,-8.72972805154859088e-11
1855,1.63031279265274804e2,1.71374891363485233e2,8.03897521218158317e1,1.56115363016051445e0,3.23991482558238975e0,-9.87696250153790589e-1,9.93438534904870996e-1,-1.72269510958925287e0,1.55629107967546307e1,1.76518522021495983e-13,2.99016771588916708e0,-6.73026079311966896e-11
1856,1.63867148250084256e2,1.72719906671605457e2,8.07444746350990101e1,1.55896969500972959e0,-3.27718222907708112e0,-9.87625977569328573e-1,9.93614163070725920e-1,-1.22137332679763588e0,-1.55628480916804079e1,1.78017323104739944e-13,1.52558348866909199e0,-9.20152842809329741e-11
1857,1.64262125343340131e2,1.73315757616989941e2,8.10038916936103135e1,1.55674246254122739e0,-3.29874274024454905e0,-9.87612457867126370e-1,9.94830262370424379e-1,-1.21682977131085135e0,-1.50681600915935299e1,2.03344285854001328e-13,1.52545603561228882e0,-1.17381659947568551e-11
1858,1.64719620189620287e2,1.73985815067919930e2,8.13251971392586199e1,1.55423757999009182e0,-3.32176365005836516e0,-9.87599367731103239e-1,9.95996972979687478e-1,-1.21127312057253689e0,-1.45735296501064404e1,2.32910912778550028e-13,1.52533199870991765e0,-7.15516534910420887e-11
1859,1.65253820251724591e2,1.74745671762104308e2,8.17219426787973475e1,1.55140770797003280e0,-3.34646536319346488e0,-9.87586711438707909e-1,9.97110878493235431e-1,-1.20449628427779043e0,-1.40789554047354208e1,2.66370259183190683e-13,1.52521144131538033e0,-4.77342609883635305e-11
1860,1.65883296945249924e2,1.75615579655235734e2,8.22119028907206655e1,1.54819501374997182e0,-3.37311689432269635e0,-9.87574493149155019e-1,9.98167707995363251e-1,-1.19623434906208947e0,-1.35844359458262858e1,2.96963842405517653e-13,1.52509442546462215e0,-4.21351842305739410e-11
1861,1.66632789043382729e2,1.76622310270162387e2,8.28188040802063199e1,1.54452829225188082e0,-3.40205038675111959e0,-9.87562716899779702e-1,9.99162021122199207e-1,-1.18614396903449482e0,-1.30899698173150778e1,3.31800559250083893e-13,1.52498101180500201e0,-2.82085466096759774e-11
1862,1.67535920227445473e2,1.77801977861151443e2,8.35749628526057649e1,1.54031915177738399e0,-3.43368130166132079e0,-9.87551386602466330e-1,1.00008675037114947e0,-1.17377359880650634e0,-1.25955555175618752e1,3.72975955675869386e-13,1.52487125952545588e0,-6.91358081894577481e-11
1863,1.68639471811289098e2,1.79204460061538299e2,8.45254412736830290e1,1.53545692613800444e0,-3.46853710526340997e0,-9.87540506040163302e-1,1.00093252131345345e0,-1.15851956740259188e0,-1.21011915002570820e1,4.17253037676701410e-13,1.52476522628789279e0,-6.05240302320453338e-11
1864,1.70010351314122374e2,1.80900578350246917e2,8.57348346223922420e1,1.52980185741868824e0,-3.50729905102491246e0,-9.87530078863483096e-1,1.00168661763306588e0,-1.13955966620514793e0,-1.16068761754000978e1,4.62234417408780018e-13,1.52466296815888658e0,-3.66355834557907656e-11
1865,1.71747462753048808e2,1.82994279529180517e2,8.72988524897109528e1,1.52317596482774964e0,-3.55086479984091730e0,-9.87520108587397361e-1,1.00233136004700829e0,-1.11574992549258578e0,-1.11126079103490785e1,5.11972408911987031e-13,1.52456453954388538e0,-9.42179667617892846e-11
1866,1.74003015409808370e2,1.85644414079660123e2,8.93651424730104935e1,1.51535094416537364e0,-3.60044546216280459e0,-9.87510598588031807e-1,1.00284148225966740e0,-1.08545899396463907e0,-1.06183850309412851e1,5.56473270241220064e-13,1.52446999312139142e0,-7.05853153704083525e-11
1867,1.77023329134379139e2,1.89106270469568528e2,9.21732320873606739e1,1.50603267680833719e0,-3.65772206121477339e0,-9.87501552099565028e-1,1.00317971632516101e0,-1.04629241587734434e0,-1.01242058226826224e1,6.10924505428656062e-13,1.52437937977997939e0,-8.66435811985866167e-11
1868,1.81233628149331906e2,1.93817530072728005e2,9.61376640533276969e1,1.49484329495492907e0,-3.72511011647713497e0,-9.87492972211241327e-1,1.00328901661564651e0,-9.94613316384538093e-1,-9.63006853200521817e0,6.57812346260833181e-13,1.52429274855572228e0,-8.81925643625436351e-11
1869,1.87434142668828827e2,2.00596235239730277e2,1.02040571038517768e2,1.48130705579976318e0,-3.80623397668843300e0,-9.87484861864494468e-1,1.00307808002568799e0,-9.24665354680458518e-1,-9.13597136759149286e0,7.08778521985031773e-13,1.52421014657261522e0,-5.52375922779901884e-11
1870,1.97325490153869936e2,2.11168975289441676e2,1.11548406109419716e2,1.46486558219401908e0,-3.90684186951309886e0,-9.87477223850197317e-1,1.00239246472143484e0,-8.26866704100414629e-1,-8.64191250176299519e0,7.30926603964565658e-13,1.52413161898384897e0,-4.45936620963038877e-11
1871,2.15258646015406470e2,2.29922881967596595e2,1.28935577018108802e2,1.44502115333442527e0,-4.03674701235241695e0,-9.87470060806034833e-1,1.00095173704432372e0,-6.84240757967638613e-1,-8.14789007193230930e0,7.51125724118839599e-13,1.52405720891577667e0,-6.12345729678054340e-11
1872,2.56654549978260889e2,2.72299601802522318e2,1.69387757914594829e2,1.42201622676909500e0,-4.21451126055881264e0,-9.87463375214008066e-1,9.98196186382124151e-1,-4.64298729759581419e-1,-7.65390218211585616e0,7.58523886063011687e-13,1.52398695741426615e0,-1.43529632623540238e-11
1895,2.09534604378454731e2,2.40542761254011765e2,1.20708225124118400e2,1.85265700082725782e0,8.61543426738323959e0,-9.87444618406982055e-1,1.00353632935623405e0,6.33208173792088269e-1,3.70300526006020636e0,1.17965316334678327e-13,1.52357885090158196e0,-4.25188773078843951e-11
1900,2.35393614651092832e2,2.50500806128278327e2,1.49910917914692249e2,1.41646397397382029e0,4.14187465332802329e0,-9.87474864884770653e-1,9.99923775212801624e-1,-7.81103919655472323e-1,6.17212632536912409e0,9.48942313616640831e-13,1.52380152753879550e0,-8.74251782079227269e-11
1901,2.08980944968285087e2,2.23288712519803198e2,1.23969769682587170e2,1.44207682544025473e0,4.00389068710059437e0,-9.87482351349247556e-1,1.00214307228955213e0,-8.86109003779009474e-1,6.66602228109640293e0,9.29028121793296080e-13,1.52385907825539535e0,-3.13065129375900142e-11
1902,1.95082327903840110e2,2.08697423132768762e2,1.10366492705878017e2,1.46271573480136108e0,3.89538106931228256e0,-9.87490311227657291e-1,1.00349701637862188e0,-9.61491152577945929e-1,7.15994690450547555e0,8.90512490137052026e-13,1.52392089768773853e0,-6.37925268165417947e-11
1903,1.86635433992560564e2,1.99652229994933521e2,1.02134396578640178e2,1.47943895302224937e0,3.80718975579779118e0,-9.87498741789202494e-1,1.00427408580852351e0,-1.01746656546520797e0,7.65390218211585704e0,8.56945590876900809e-13,1.52398695133379025e0,-4.56452653452288359e-11
1904,1.81029652886235738e2,1.93523503511953351e2,9.66999758695972673e1,1.49311200474650474e0,3.73366167669691151e0,-9.87507640151223054e-1,1.00464845377274115e0,-1.06014696198782210e0,8.14789007193230752e0,8.18597793716957511e-13,1.52405720246275167e0,-3.14770431941724382e-11
1905,1.77080552670465295e2,1.89111361706684022e2,9.28964990376371702e1,1.50440190984482713e0,3.67109790464905972e0,-9.87517003281889738e-1,1.00472975838361278e0,-1.09338444304546667e0,8.64191250176299697e0,7.78890840713586385e-13,1.52413161216174342e0,-4.81890083392499946e-11
1906,1.74175307836994477e2,1.85791334947040951e2,9.01207633242386947e1,1.51381490465235458e0,3.61696770153155889e0,-9.87526828003023271e-1,1.00458960421702659e0,-1.11971286894897171e0,9.13597136759149286e0,7.43618708276549967e-13,1.52421013938544792e0,-3.83124643121846020e-11
1907,1.71966259347165931e2,1.83207023216555854e2,8.80308345538330030e1,1.52173530603405815e0,3.56947584815232233e0,-9.87537110993030431e-1,1.00427628909172939e0,-1.14085890662542222e0,9.63006853200521817e0,6.79482511922735455e-13,1.52429274100747736e0,-9.70317159953992814e-11
1908,1.70242225011164294e2,1.81140598703826896e2,8.64191682222280235e1,1.52845676731088886e0,3.52731055054337928e0,-9.87547848789956384e-1,1.00382332724756518e0,-1.15803452086729575e0,1.01242058226826224e1,6.25931598219331420e-13,1.52437937187480266e0,-7.45217221265193075e-11
1909,1.68867960249073121e2,1.79451679505273376e2,8.51529500226387341e1,1.53420568165419358e0,3.48948924059638355e0,-9.87559037794643158e-1,1.00325456711590322e0,-1.17211205968335030e0,1.06183850309412868e1,5.69549615803133236e-13,1.52446998486360319e0,-2.21547225009999238e-11
1910,1.67753122147224644e2,1.78045884225927068e2,8.41435258791664751e1,1.53915830313998314e0,3.45526035397442399e0,-9.87570674273991589e-1,1.00258736681370242e0,-1.18373314589068390e0,1.11126079103490802e1,5.17738629746133938e-13,1.52456453093793942e0,-6.33662011750857346e-11
1911,1.66835246478256124e2,1.76857523757337617e2,8.33296429636623799e1,1.54345321084234399e0,3.42403858259224192e0,-9.87582754364321747e-1,1.00183462278802726e0,-1.19337866136978565e0,1.16068761754000960e1,4.67851452023992920e-13,1.52466295920951200e0,-8.09734501672210172e-11
1912,1.66069886794617446e2,1.75839539373613661e2,8.26677466509967331e1,1.54720041135551822e0,3.39536092251025678e0,-9.87595274074823171e-1,1.00100609987623690e0,-1.20141502330199157e0,1.21011915002570838e1,4.21485762958084820e-13,1.52476521699991330e0,-4.98374674862134270e-11
1913,1.65424638865962322e2,1.74957383320042680e2,8.21261036239600202e1,1.55048803222379550e0,3.36885607121363639e0,-9.87608229291091266e-1,1.00010932379153927e0,-1.20812555352195528e0,1.25955555175618752e1,3.81531611859386999e-13,1.52487124990396050e0,-7.73496822148445062e-11
1914,1.64875379729872719e2,1.74185153211689880e2,8.16811049144572650e1,1.55338728622061617e0,3.34422264209744480e0,-9.87621615778743966e-1,9.99150192564391970e-1,-1.21373221333137016e0,1.30899698173150760e1,3.33288951992471993e-13,1.52498100185498098e0,-1.66409108715015464e-11
1915,1.64403822855639390e2,1.73503069830584991e2,8.13148638881732211e1,1.55595618735081631e0,3.32121334999456819e0,-9.87635429187111336e-1,9.98133403350460968e-1,-1.21841095813627986e0,1.35844359458262858e1,2.98632646389407341e-13,1.52509441519140454e0,-8.59188276081113145e-11
1916,1.63995883895399999e2,1.72895784808014611e2,8.10136114315001521e1,1.55824235866328431e0,3.29962333054612955e0,-9.87649665052994341e-1,9.97062755437629678e-1,-1.22230277466732962e0,1.40789554047354244e1,2.64729210774916623e-13,1.52521143072439536e0,-4.90274487674469128e-11
1917,1.63640561359990215e2,1.72351217096070400e2,8.07665973401729218e1,1.56028517351010865e0,3.27928137825519572e0,-9.87664318804482466e-1,9.95941368686465878e-1,-1.22552173954489430e0,1.45735296501064404e1,2.31661911875846727e-13,1.52533198780663626e0,-8.88320528247277252e-11
1918,1.63329153366984997e2,1.71859735623318471e2,8.05653219438269304e1,1.56211740314509062e0,3.26004328180737390e0,-9.87679385764830053e-1,9.94771843218452245e-1,-1.22816098670042106e0,1.50681600915935299e1,2.02227123935472264e-13,1.52545602440239136e0,-7.45359329812345095e-11
1919,1.63054699035223706e2,1.71413574077203492e2,8.04029883806907009e1,1.56376649538082235e0,3.24178669047755941e0,-9.87694861156380610e-1,9.93556377649646882e-1,-1.23029718337777449e0,1.55628480916804079e1,1.78385084481647027e-13,1.52558347715833009e0,-4.72653027827618644e-11
1920,1.63891650703237048e2,1.72757419419702472e2,8.07597940172949222e1,1.56361646550481748e0,-3.27888557022329685e0,-9.87625035952159336e-1,9.93692945165632335e-1,-7.32624882507927566e-1,-1.55628062689359545e1,1.77358128183868757e-13,5.49207103464263713e-1,-6.47020215183147229e-11
1921,1.64291388349479007e2,1.73359247236818618e2,8.10235895535581676e1,1.56226665131715636e0,-3.30065889352947428e0,-9.87611513161337662e-1,9.94908482135225869e-1,-7.29840374779162859e-1,-1.50681193630989014e1,2.05550854115443826e-13,5.49161203464952008e-1,-7.41380290492088534e-11
1922,1.64754880611855071e2,1.74036698966925655e2,8.13504364341933695e1,1.56074747177509643e0,-3.32392934653705163e0,-9.87598420028226842e-1,9.96074376893042568e-1,-7.26432277662353298e-1,-1.45734900367222853e1,2.34229302620292401e-13,5.49116533697739495e-1,-3.21165316563565284e-11
1923,1.65296731731556861e2,1.74805822827633222e2,8.17542833229297372e1,1.55902981403246810e0,-3.34892568835207660e0,-9.87585760831873549e-1,9.97187131277884276e-1,-7.22271444355263803e-1,-1.40789169269066718e1,2.65683308686703867e-13,5.49073116981439679e-1,-4.05009359383257106e-11
1924,1.65936108373631953e2,1.75687515973101057e2,8.22534733005206249e1,1.55707805118540210e0,-3.37592771548228487e0,-9.87573539733051176e-1,9.98242359797521073e-1,-7.17192220270790659e-1,-1.35843986235588705e1,2.98157332156989696e-13,5.49030975660251164e-1,-1.42819089887780137e-11
1925,1.66698618858385714e2,1.76709484922469613e2,8.28725654471860906e1,1.55484823655393800e0,-3.40528166489640194e0,-9.87561760770613306e-1,9.99234458759762134e-1,-7.10979273636060838e-1,-1.30899336701527975e1,3.34371419441481521e-13,5.48990131578105056e-1,-2.32063257499248721e-11
1926,1.67619190505786804e2,1.77909234802242025e2,8.36451283550237292e1,1.55228570514679309e0,-3.43742168803975012e0,-9.87550427857921465e-1,1.00015612336424420e0,-7.03348507141265733e-1,-1.25955205645636070e1,3.77347458835330940e-13,5.48950606054083856e-1,-2.27373675443232059e-12
1927,1.68746618975987673e2,1.79338776124468836e2,8.46181640411081730e1,1.54932186590288001e0,-3.47290044772428086e0,-9.87539544779356016e-1,1.00099762693306338e0,-6.93918783066341471e-1,-1.21011577599743436e1,4.24011520339107051e-13,5.48912419856756428e-1,-3.52287088389857672e-11
1928,1.70151037127946097e2,1.81072320336750721e2,8.58593827389224913e1,1.54586989314537049e0,-3.51243381628418883e0,-9.87529115186917328e-1,1.00174571732692197e0,-6.82169000021680905e-1,-1.16068436658549459e1,4.59677435005190205e-13,5.48875593180645271e-1,-8.51656523082056083e-11
1929,1.71936738522109778e2,1.83219438215591168e2,8.74697138077123668e1,1.54181894491252014e0,-3.55696809208172926e0,-9.87519142596915311e-1,1.00238187695035119e0,-6.67371083727691938e-1,-1.11125766490124853e1,5.11320152885019752e-13,5.48840145621619202e-1,-3.36513039655983448e-11
1930,1.74265420596969136e2,1.85948811831547886e2,8.96060200311115551e1,1.53702649880680142e0,-3.60778457133142361e0,-9.87509630386766535e-1,1.00287948428079732e0,-6.48481954833564744e-1,-1.06183550347119606e1,5.63158894517634678e-13,5.48806096153741763e-1,-9.09636810320080258e-11
1931,1.77401234174673334e2,1.89534079943680069e2,9.25251955073292720e1,1.53130857903926310e0,-3.66666894774326613e0,-9.87500581791889265e-1,1.00319899409662860e0,-6.23962721117633845e-1,-1.01241771078663643e1,6.12100647945368337e-13,5.48773463106314474e-1,-6.39488462184090167e-12
1932,1.81805861303623715e2,1.94450193735273388e2,9.66773896367453602e1,1.52442864599821881e0,-3.73619950070542250e0,-9.87491999902714301e-1,1.00327935212646002e0,-5.91462464272072941e-1,-9.63004111429483167e0,6.61729351869588811e-13,5.48742264141471980e-1,-6.99884594723698683e-11
1933,1.88363028049141917e2,2.01599996559791578e2,1.02926501549350462e2,1.51608977169320847e0,-3.82026799692163221e0,-9.87483887661808946e-1,1.00302178528191499e0,-5.47235509150129196e-1,-9.13594526204727941e0,7.07897282459235555e-13,5.48712516232607084e-1,-3.18891579809132963e-11
1934,1.98998111782023273e2,2.12936906962277988e2,1.13159653112707232e2,1.50594888596169096e0,-3.92509667586649336e0,-9.87476247861123757e-1,1.00225689806858953e0,-4.84997767719641149e-1,-8.64188772279394257e0,7.28144974870836847e-13,5.48684235643371210e-1,-4.55315785075072199e-11
1935,2.18840261874293049e2,2.33628580280832495e2,1.32417042817425937e2,1.49372664828782176e0,-4.06143658021643095e0,-9.87469083139364323e-1,1.00067140822317024e0,-3.93504868692095611e-1,-8.14786663327794081e0,7.56692451753249173e-13,5.48657437907275058e-1,-8.27640178613364697e-11
1964,2.41102686022265800e2,2.56328606458781678e2,1.55533925464699877e2,1.47595435125967800e0,4.16942563778303477e0,-9.87473888207281769e-1,9.99518453658841177e-1,-4.54955259598812500e-1,6.17210837138604251e0,9.39420633297438634e-13,5.48565357770102180e-1,-4.34852154285181314e-11
1965,2.11501275767901291e2,2.25908049505051565e2,1.26446689739653337e2,1.49183856873818832e0,4.02483623244889266e0,-9.87481376414955925e-1,1.00191027945295663e0,-5.22100124121870235e-1,6.66600293887187068e0,9.31781995311409261e-13,5.48586083883548348e-1,-4.26609858550364152e-11
1966,1.96434453141963246e2,2.10129753875164056e2,1.11691461771386869e2,1.50461922724749297e0,3.91172321785329391e0,-9.87489338144840856e-1,1.00336801886478511e0,-5.70068424026273224e-1,7.15992618493481547e0,8.87938160498702445e-13,5.48608347308834010e-1,-4.01456645704456605e-11
1967,1.87447900233553526e2,2.00530390768170406e2,1.02927496741627891e2,1.51495126479534581e0,3.82020186810678597e0,-9.87497770665088148e-1,1.00421026082539311e0,-6.05514402309991095e-1,7.65388009682879211e0,8.55487555795342303e-13,5.48632135618811967e-1,-2.26663132707471959e-11
1968,1.81555757225024024e2,1.94104280651755062e2,9.72109863695302465e1,1.52337821229774040e0,3.74419642246733897e0,-9.87506671091930688e-1,1.00462707856127254e0,-6.32416659992204311e-1,8.14786663327794081e0,8.17007052289486779e-13,5.48657435583321695e-1,-6.98889834893634543e-11
1969,1.77439922675128969e2,1.89516923496945026e2,9.32433366225225768e1,1.53032013984155424e0,3.67974790271271956e0,-9.87516036392377394e-1,1.00473690759208356e0,-6.53277745279130295e-1,8.64188772279394080e0,7.79886571988797073e-13,5.48684233186489512e-1,-6.65210109218605794e-11
1970,1.74430885890370774e2,1.86086460255511611e2,9.03654456545529001e1,1.53609558660536338e0,3.62415688936198466e0,-9.87525863387033409e-1,1.00461643420387015e0,-6.69738825990277675e-1,9.13594526204728119e0,7.43637790234785712e-13,5.48712513644275424e-1,-3.49160700352513231e-11
1971,1.72153871224406373e2,1.83428883992348204e2,8.82086481038010675e1,1.54094584205118190e0,3.57551469655917220e0,-9.87536148753038967e-1,1.00431700609737407e0,-6.82914221929215137e-1,9.63004111429482990e0,6.88053780617536859e-13,5.48742261423070365e-1,-3.68203245670883916e-11
1972,1.70383522210491378e2,1.81311851726678952e2,8.65514313752722302e1,1.54505478038214106e0,3.53243096419875435e0,-9.87546889027122177e-1,1.00387403070780268e0,-6.93583040820782926e-1,1.01241771078663643e1,6.26599466757582491e-13,5.48773460259362689e-1,-8.03908051238977350e-11
1973,1.68976662629468365e2,1.79586809433993494e2,8.52531674031310729e1,1.54856376828518827e0,3.49386740662392992e0,-9.87558080608759603e-1,1.00331256709477890e0,-7.02303838899662747e-1,1.06183550347119606e1,5.73551622862211730e-13,5.48806093179770138e-1,-4.44799752585822716e-11
1974,1.67838264286579715e2,1.78154517616474863e2,8.42205878500321603e1,1.55158256838081821e0,3.45903213381998054e0,-9.87569719763439879e-1,1.00265076814957932e0,-7.09485826728877833e-1,1.11125766490124853e1,5.19514986585534189e-13,5.48840142522338925e-1,-9.96891458271420561e-11
1975,1.66902970484724506e2,1.76946268146415406e2,8.33895920610668071e1,1.55419726220128429e0,3.42731013219846403e0,-9.87581802626026573e-1,1.00190206443192253e0,-7.15434532014933344e-1,1.16068436658549441e1,4.76702011198426590e-13,5.48875589957660059e-1,-7.23616722098086029e-11
1976,1.66124482345960359e2,1.75913055545046632e2,8.27148020475155192e1,1.55647602169623611e0,3.39821617251826513e0,-9.87594325204207757e-1,1.00107658730584359e0,-7.20381912301394478e-1,1.21011577599743418e1,4.25950941185249121e-13,5.48912416511834422e-1,-7.08837433194275945e-11
1977,1.65469171862409269e2,1.75019036822561276e2,8.21632802094868850e1,1.55847334144885274e0,3.37136209128663999e0,-9.87607283382038181e-1,1.00018211878404917e0,-7.24506706359720254e-1,1.25955205645636070e1,3.76580711058949191e-13,5.48950602588965442e-1,-2.49400500251795165e-11
1978,1.64912085766246037e2,1.74237424343589481e2,8.17106006847592994e1,1.56023316872069073e0,3.34643354979345853e0,-9.87620672923553933e-1,9.99224739192532296e-1,-7.27948490412639981e-1,1.30899336701527957e1,3.37042893594485804e-13,5.48990127994791188e-1,-8.70556959853274748e-11
1979,1.64434360988096728e2,1.73547819529902625e2,8.13383097320047312e1,1.56179124000303959e0,3.32317320014273365e0,-9.87634489476466593e-1,9.98209277365911585e-1,-7.30817576123632073e-1,1.35843986235588705e1,2.96207502969991765e-13,5.49030971960497993e-1,-5.31343857801402919e-11
1980,1.64021504633142911e2,1.72934431681656179e2,8.10322364529356491e1,1.56317684187767125e0,3.30136827885595530e0,-9.87648728575922452e-1,9.97139629060790789e-1,-7.33202102504813991e-1,1.40789169269066736e1,2.64913091463370165e-13,5.49073113167254601e-1,-6.82831569065456279e-11
1981,1.63662220450201175e2,1.72384858036334890e2,8.07813408133198578e1,1.56441415053011479e0,3.28084132066507017e0,-9.87663385648322456e-1,9.96018985732394668e-1,-7.35173197464439321e-1,1.45734900367222817e1,2.33077446232243801e-13,5.49116529771097595e-1,-6.30961949354968965e-11
1982,1.63347590447299922e2,1.71889229691011707e2,8.05769106857322868e1,1.56552326004235209e0,3.26144311009331256e0,-9.87678456015201767e-1,9.94850001274664941e-1,-7.36788788156781060e-1,1.50681193630988997e1,2.04773697998206217e-13,5.49161199427879998e-1,-9.45448164202389307e-11
1983,1.63070492995089211e2,1.71439601915108170e2,8.04119912024823122e1,1.56652097868772011e0,3.24304726355170247e0,-9.87693934897152959e-1,9.93634915139385511e-1,-7.38096450498609169e-1,1.55628062689359510e1,1.78378145587743120e-13,5.49207099318923420e-1,-5.77529135625809431e-11
1984,1.63904008255551275e2,1.72776310613772154e2,8.07675503604777987e1,1.56838895747144402e0,-3.27974351064746150e0,-9.87624565063124016e-1,9.93732325363235636e-1,-2.44174574700413816e-1,-1.55627853517522201e1,1.77489967168042995e-13,6.10228474254027667e-2,-2.18136619878350757e-11
1985,1.64306157683769356e2,1.73381163633766334e2,8.10335644412968747e1,1.56793674898675284e0,-3.30162452352590385e0,-9.87611040727551903e-1,9.94947575252048799e-1,-2.43236504891211125e-1,-1.50680989931793050e1,2.00908734093729890e-13,6.10177464863049940e-2,-8.11581912785186432e-11
1986,1.64772691850820081e2,1.74062362265340369e2,8.13632223807223340e1,1.56742761566422972e0,-3.32502135833472190e0,-9.87597946095468915e-1,9.96113053927598080e-1,-2.42087889725326549e-1,-1.45734702245010705e1,2.29746777158368332e-13,6.10127822627926086e-2,-3.78719278160133399e-11
1987,1.65318428747227813e2,1.74836188243771261e2,8.17706764350943160e1,1.56685173256466848e0,-3.35016705270576409e0,-9.87585285446719974e-1,9.97225221358128966e-1,-2.40684840698981800e-1,-1.40788976826102203e1,2.60992616407662581e-13,6.10079572909528189e-2,-4.32578417530748993e-11
1988,1.65962841033377060e2,1.75723870279132399e2,8.22745619461057345e1,1.56619706608647613e0,-3.37734693313573686e0,-9.87573062942859292e-1,9.98279633250939824e-1,-2.38970986549146613e-1,-1.35843799571939421e1,2.97935287552064665e-13,6.10032740540907351e-2,-2.99138491755002178e-11
1989,1.66731985243879080e2,1.76753596668036778e2,8.28998672805353038e1,1.56544875857859545e0,-3.40691447706154715e0,-9.87561282623499626e-1,9.99270601896881439e-1,-2.36872943516509060e-1,-1.30899155914950462e1,3.35682870389319987e-13,6.09987349799425635e-2,-3.42481598636368290e-12
1990,1.67661462804288306e2,1.77963591485531509e2,8.36808084744114922e1,1.56458830986915554e0,-3.43931345500548336e0,-9.87549948402741573e-1,1.00019070009892452e0,-2.34293738175265637e-1,-1.25955030831461201e1,3.75945802266741680e-13,6.09943424378603036e-2,-3.41771055900608189e-11
1991,1.68801114904998030e2,1.79406971877190273e2,8.46653945467405293e1,1.56359248124735273e0,-3.47510952275792517e0,-9.87539064065681926e-1,1.00103001892377930e0,-2.31103046542298851e-1,-1.21011408850764788e1,4.18338974572662892e-13,6.09900987361006730e-2,-8.37729885461158119e-11
1992,1.70222756065504825e2,1.81159716094624912e2,8.59229599980883165e1,1.56243182158211091e0,-3.51503644289102679e0,-9.87528633265013722e-1,1.00177502798262874e0,-2.27122346322015362e-1,-1.16068274064912078e1,4.66748167893271670e-13,6.09860061190206151e-2,-7.17079728929093108e-11
1993,1.72033505438901784e2,1.83334342215858157e2,8.75571710824481073e1,1.56106868778782304e0,-3.56006570919314624e0,-9.87518659517718667e-1,1.00240677247203491e0,-2.22101686718432945e-1,-1.11125610139217503e1,5.10820552523938431e-13,6.09820667645276024e-2,-4.83026951769716106e-11
1994,1.74400069173419240e2,1.86104720123177344e2,8.97297558243114821e1,1.55945462069447793e0,-3.61151507647013403e0,-9.87509146201857257e-1,1.00289792042463621e0,-2.15682147308893929e-1,-1.06183400323468877e1,5.62430310657724419e-13,6.09782827813965950e-2,-4.50484094471903518e-11
1995,1.77596094128675475e2,1.89754256865022512e2,9.27068583964056501e1,1.55752700659131627e0,-3.67122479008637903e0,-9.87500096553468154e-1,1.00320772532255043e0,-2.07332841168957033e-1,-1.01241627463830213e1,6.12634942775969193e-13,6.09746562067186859e-2,-1.50208734339685179e-11
1996,1.82102906024437914e2,1.94777975486647762e2,9.69578163882744235e1,1.55520532109972365e0,-3.74185831341591291e0,-9.87491513663575904e-1,1.00327300185431523e0,-1.96240408336164712e-1,-9.63002740154269432e0,6.62265381423665644e-13,6.09711890034753609e-2,-2.27373675443232059e-12
1997,1.88849953030148470e2,2.02125133455347651e2,1.03391311957636475e2,1.55238866435771383e0,-3.82744819853045737e0,-9.87483400475315243e-1,1.00299096675231025e0,-1.81104639981722715e-1,-9.13593220555946139e0,7.03645475219616401e-13,6.09678830580772588e-2,-7.58575424697482958e-11
1998,1.99888687300092840e2,2.13876319205432111e2,1.14018269991927866e2,1.54896151787923952e0,-3.93446854086906983e0,-9.87475759781174967e-1,1.00218409394674590e0,-1.59735542785021889e-1,-8.64187532977777018e0,7.30221438871581086e-13,6.09647401780719009e-2,-3.55697693521506153e-11
1999,2.20802576733415947e2,2.35654630335014161e2,1.34326060003516517e2,1.54483506894046818e0,-4.07417670694491818e0,-9.87468594220371809e-1,1.00052093149074395e0,-1.28194602582775014e-1,-8.14785491060587219e0,7.47100731973704413e-13,6.09617620898821946e-2,-1.88435933523578569e-11
2028,2.44266062199508724e2,2.59551950863699744e2,1.58650321674943172e2,1.53880016032634370e0,4.18357666244926651e0,-9.87473399783003303e-1,9.99303777638830160e-1,-1.49279633946653251e-1,6.17209939182113665e0,9.33836558428269292e-13,6.09515290271221283e-2,-9.63780166784999892e-11
2029,2.12852097552363375e2,2.27309376224924421e2,1.27774634901598361e2,1.54418284292397656e0,4.03556888270893577e0,-9.87480888862529493e-1,1.00178723703434702e0,-1.72380104558206432e-1,6.66599326498996181e0,9.32421240912306715e-13,6.09538323652062466e-2,-6.03534999754629098e-11
2030,1.97146535201713448e2,2.10882702339235976e2,1.12389497670900880e2,1.54851102786066930e0,3.92007945181541251e0,-9.87488851518421140e-1,1.00329966169139007e0,-1.88845225370475100e-1,7.15991582218575306e0,8.88131582166273859e-13,6.09563065476308175e-2,-4.93116658617509529e-12
2031,1.87871153352633598e2,2.00987039868954298e2,1.03340845520087512e2,1.55200606156066878e0,3.82684257612858181e0,-9.87497285018303472e-1,1.00417601149717961e0,-2.00983409962231463e-1,7.65386905102972914e0,8.53270579193043943e-13,6.09589501932275984e-2,-9.75006742010009475e-11
2032,1.81827814091060134e2,1.94404071000663293e2,9.74753797251586889e1,1.55485319482572626e0,3.74956338161401170e0,-9.87506186477856485e-1,1.00461492330853219e0,-2.10174960074894446e-1,8.14785491060587219e0,8.16628882571723835e-13,6.09617618316107349e-2,-6.60094201521133073e-11
2033,1.77624768485986607e2,1.89725158086793073e2,9.34218499521973484e1,1.55719585230709856e0,3.68414765975892600e0,-9.87515552863507118e-1,1.00473953133865956e0,-2.17287417664053961e-1,8.64187532977776840e0,7.83243261914812194e-13,6.09647399050448902e-2,-5.15711917614680715e-11
2034,1.74561815319076857e2,1.86237383775814465e2,9.04908873578622206e1,1.55914276081949721e0,3.62780836825234232e0,-9.87525380995252999e-1,1.00462921654805926e0,-2.22888947256829256e-1,9.13593220555946317e0,7.38093614005563836e-13,6.09678827704265638e-2,-4.90558704768773168e-11
2035,1.72249679632871647e2,1.83541985972466819e2,8.82995322850397599e1,1.56077619355461428e0,3.57857794762582238e0,-9.87535667549600427e-1,1.00433693398760693e0,-2.27364666229310508e-1,9.63002740154269787e0,6.92312526751059920e-13,6.09711887013720394e-2,-5.53086465515661985e-11
2036,1.70455496720924032e2,1.81398936112914754e2,8.66188725289608357e1,1.56215876457409597e0,3.53502532712528339e0,-9.87546409062619479e-1,1.00389908361409375e0,-2.30983335037775434e-1,1.01241627463830230e1,6.28289087423183901e-13,6.09746558903277863e-2,-8.77804495758027770e-11
2037,1.69031919513064793e2,1.79655384632407646e2,8.53041708180765426e1,1.56333854707222963e0,3.49608339292511872e0,-9.87557601933103046e-1,1.00334135630699928e0,-2.33937259039083800e-1,1.06183400323468877e1,5.72026800926828116e-13,6.09782824508868226e-2,-2.89901436190120876e-12
2038,1.67881470448932362e2,1.78209553342606796e2,8.42597463693605704e1,1.56435281698948936e0,3.46093942357254836e0,-9.87569242425833771e-1,1.00268231812904296e0,-2.36367053295247376e-1,1.11125610139217521e1,5.19063958481780219e-13,6.09820664200949047e-2,-9.64632818067912012e-11
2039,1.66937287941613590e2,1.76991164004087750e2,8.34200167340781746e1,1.56523077099653762e0,3.42896308499097602e0,-9.87581326674945359e-1,1.00193567636250846e0,-2.38377507761936946e-1,1.16068274064912043e1,4.70685990183739023e-13,6.09860057608442307e-2,-5.31201749254250899e-11
2040,1.66152113174218783e2,1.75950202710157612e2,8.27386589621419404e1,1.56599550399598275e0,3.39965770371495513e0,-9.87593850687377373e-1,1.00111175170491484e0,-2.40048036334386039e-1,1.21011408850764770e1,4.23733964582950762e-13,6.09900983643682365e-2,-3.53850282408529893e-12
2041,1.65491686107098928e2,1.75050157787352816e2,8.21821134334787473e1,1.56666545723838979e0,3.37262644777824594e0,-9.87606810346411512e-1,1.00021845821792543e0,-2.41439728510532192e-1,1.25955030831461219e1,3.80692005697014224e-13,6.09943420527869276e-2,-1.59019464263110422e-11
2042,1.64930625887614838e2,1.74263785889486712e2,8.17255335687720219e1,1.56725548782367485e0,3.34754832959626158e0,-9.87620201415293830e-1,9.99261969931957261e-1,-2.42600212288606704e-1,1.30899155914950445e1,3.41265210535013352e-13,6.09987345817228008e-2,-4.73221462016226724e-12
2043,1.64449773284102776e2,1.73570370394879006e2,8.13501742823577558e1,1.56777766598616641e0,3.32416084301858294e0,-9.87634019540926555e-1,9.98247183229078128e-1,-2.43567073051710603e-1,1.35843799571939421e1,2.99930219549437993e-13,6.10032736429285682e-2,-2.35900188272353262e-12
2044,1.64034425989572014e2,1.72953893955651978e2,8.10416587108231283e1,1.56824187515593283e0,3.30224718086503444e0,-9.87648260257627642e-1,9.97178043260870672e-1,-2.44370299306721966e-1,1.40788976826102239e1,2.63341431994135178e-13,6.10079568670625419e-2,-9.47295575315365568e-11
2045,1.63673136952149832e2,1.72401789277527712e2,8.07887985286882326e1,1.56865626787018431e0,3.28162667744924930e0,-9.87662918990954375e-1,9.96057778081019918e-1,-2.45034059924904041e-1,1.45734702245010723e1,2.32182328918639769e-13,6.10127818264118854e-2,-6.39346353636938147e-11
2046,1.63356877804014061e2,1.71904066029495937e2,8.05827730880525621e1,1.56902761535258550e0,3.26214756187711963e0,-9.87677991061580163e-1,9.94889069030685302e-1,-2.45578014131980993e-1,1.50680989931793032e1,2.02782235447784842e-13,6.10177460376403955e-2,-9.56674739427398890e-11
2047,1.63078444938064109e2,1.71452688523030673e2,8.04165469344874282e1,1.56936157792872355e0,3.24368139344112461e0,-9.87693471689223612e-1,9.93674176377614016e-1,-2.46018289721965600e-1,1.55627853517522201e1,1.76463010870264725e-13,6.10228469647176586e-2,-4.95958829560549930e-12
2048,1.63904008255555624e2,1.72776310613776417e2,8.07675503604819482e1,1.57320369611834932e0,-3.27974351064746816e0,-9.87624565063124016e-1,9.93732325363235636e-1,2.44174574700421365e-1,-1.55627853517522201e1,1.76449133082456910e-13,6.10228474254065692e-2,-2.58495447269524448e-11
2049,1.64306157683784704e2,1.73381163633781910e2,8.10335644413119951e1,1.57365590460303917e0,-3.30162452352593716e0,-9.87611040727551903e-1,9.94947575252052130e-1,2.43236504891194832e-1,-1.50680989931793050e1,2.03462247050367750e-13,6.10177464862954738e-2,-9.56532630880246870e-11
2050,1.64772691850849583e2,1.74062362265370126e2,8.13632223807510826e1,1.57416503792556650e0,-3.32502135833478896e0,-9.87597946095468915e-1,9.96113053927601300e-1,2.42087889725321082e-1,-1.45734702245010705e1,2.30641894471972364e-13,6.10127822627942254e-2,-6.51283471597707830e-11
2051,1.65318428747272947e2,1.74836188243816935e2,8.17706764351382418e1,1.57474092102512864e0,-3.35016705270585780e0,-9.87585285446719974e-1,9.97225221358131408e-1,2.40684840698981051e-1,-1.40788976826102203e1,2.60163418586145667e-13,6.10079572909585088e-2,-8.46540615384583361e-11
2052,1.65962841033372342e2,1.75723870279127510e2,8.22745619461013860e1,1.57539558750331921e0,-3.37734693313572798e0,-9.87573062942859292e-1,9.98279633250940934e-1,2.38970986549150388e-1,-1.35843799571939421e1,3.00030833511044648e-13,6.10032740540960988e-2,-2.58637555816676468e-11
2053,1.66731985243904376e2,1.76753596668062244e2,8.28998672805598602e1,1.57614389501119945e0,-3.40691447706160044e0,-9.87561282623499626e-1,9.99270601896880883e-1,2.36872943516481554e-1,-1.30899155914950462e1,3.34485911190895990e-13,6.09987349799325645e-2,-2.59490207099588588e-11
2054,1.67661462804296178e2,1.77963591485539467e2,8.36808084744190950e1,1.57700434372064047e0,-3.43931345500549623e0,-9.87549948402741573e-1,1.00019070009892430e0,2.34293738175285482e-1,-1.25955030831461201e1,3.76053355122252242e-13,6.09943424378750348e-2,-4.11262135457945988e-11
2055,1.68801114905009854e2,1.79406971877202210e2,8.46653945467520685e1,1.57800017234243906e0,-3.47510952275794027e0,-9.87539064065681926e-1,1.00103001892377796e0,2.31103046542294993e-1,-1.21011408850764788e1,4.16774253997331812e-13,6.09900987360958297e-2,-9.42605993259348907e-11
2056,1.70222756065425386e2,1.81159716094544848e2,8.59229599980105547e1,1.57916083200768154e0,-3.51503644289089623e0,-9.87528633265013722e-1,1.00177502798263207e0,2.27122346322015889e-1,-1.16068274064912078e1,4.63420968266348154e-13,6.09860061190190816e-2,-3.39639427693327889e-12
2057,1.72033505438888142e2,1.83334342215843975e2,8.75571710824346781e1,1.58052396580197052e0,-3.56006570919312892e0,-9.87518659517718667e-1,1.00240677247203669e0,2.22101686718459923e-1,-1.11125610139217503e1,5.12312414713278486e-13,6.09820667645403561e-2,-3.66640051652211696e-11
2058,1.74400069173433252e2,1.86104720123191100e2,8.97297558243249824e1,1.58213803289531452e0,-3.61151507647015180e0,-9.87509146201857257e-1,1.00289792042463399e0,2.15682147308892458e-1,-1.06183400323468877e1,5.60556809303669468e-13,6.09782827813939443e-2,-5.63744606552063487e-11
2059,1.77596094128731266e2,1.89754256865079014e2,9.27068583964605040e1,1.58406564699848040e0,-3.67122479008644298e0,-9.87500096553468154e-1,1.00320772532254332e0,2.07332841168928861e-1,-1.01241627463830213e1,6.10754502528010335e-13,6.09746562067162989e-2,-5.93445292906835675e-11
2060,1.82102906024507121e2,1.94777975486717509e2,9.69578163883424935e1,1.58638733249007102e0,-3.74185831341598529e0,-9.87491513663575904e-1,1.00327300185430768e0,1.96240408336157468e-1,-9.63002740154269432e0,6.62754573443891104e-13,6.09711890034766377e-2,-5.44702061233692802e-11
2061,1.88849953030050926e2,2.02125133455249625e2,1.03391311957540864e2,1.58920398923207751e0,-3.82744819853037566e0,-9.87483400475315243e-1,1.00299096675232424e0,1.81104639981758853e-1,-9.13593220555946139e0,7.09188784087100288e-13,6.09678830580845377e-2,-7.23332505003781989e-12
2062,1.99888687300145619e2,2.13876319205485089e2,1.14018269991979636e2,1.59263113571055781e0,-3.93446854086910580e0,-9.87475759781174967e-1,1.00218409394674079e0,1.59735542785014895e-1,-8.64187532977777018e0,7.31006401244460591e-13,6.09647401780829754e-2,-6.89652779328753240e-11
2063,2.20802576733430953e2,2.35654630335029452e2,1.34326060003531694e2,1.59675758464932360e0,-4.07417670694491729e0,-9.87468594220371809e-1,1.00052093149074417e0,1.28194602582754918e-1,-8.14785491060587219e0,7.50598368182142650e-13,6.09617620898720430e-2,-2.79811729342327453e-11
2092,2.44266062199509065e2,2.59551950863700029e2,1.58650321674943513e2,1.60279249326344853e0,4.18357666244927717e0,-9.87473399783003303e-1,9.99303777638829716e-1,1.49279633946640178e-1,6.17209939182113665e0,9.33163485719590291e-13,6.09515290271157723e-2,-9.50990397541318089e-11
2093,2.12852097552361414e2,2.27309376224922545e2,1.27774634901596514e2,1.59740981066581322e0,4.03556888270894376e0,-9.87480888862529493e-1,1.00178723703434724e0,1.72380104558193720e-1,6.66599326498996181e0,9.32832804056982212e-13,6.09538323651937497e-2,-5.84066128794802353e-11
2094,1.97146535201793426e2,2.10882702339316154e2,1.12389497670979594e2,1.59308162572912160e0,3.92007945181545869e0,-9.87488851518421140e-1,1.00329966169138141e0,1.88845225370469855e-1,7.15991582218575306e0,8.89864570918774689e-13,6.09563065476235177e-2,-5.73265879211248830e-11
2095,1.87871153352519855e2,2.00987039868839702e2,1.03340845519975176e2,1.58958659202912367e0,3.82684257612850631e0,-9.87497285018303472e-1,1.00417601149719449e0,2.00983409962222165e-1,7.65386905102972914e0,8.52356379921204166e-13,6.09589501932221375e-2,-1.54756207848549820e-11
2096,1.81827814090976943e2,1.94404071000579620e2,9.74753797250767917e1,1.58673945876406419e0,3.74956338161393843e0,-9.87506186477856485e-1,1.00461492330854396e0,2.10174960074886730e-1,8.14785491060587219e0,8.16860468155766739e-13,6.09617618316016241e-2,-2.88480350718600675e-12
2097,1.77624768485932918e2,1.89725158086738446e2,9.34218499521441856e1,1.58439680128269589e0,3.68414765975887493e0,-9.87515552863507118e-1,1.00473953133866600e0,2.17287417664074584e-1,8.64187532977776840e0,7.81243125747010936e-13,6.09647399050562977e-2,-8.51230197440600023e-12
2098,1.74561815319132450e2,1.86237383775871109e2,9.04908873579168471e1,1.58244989277029635e0,3.62780836825240138e0,-9.87525380995252999e-1,1.00462921654805104e0,2.22888947256847519e-1,9.13593220555946317e0,7.36631242115315388e-13,6.09678827704353207e-2,-9.48432443692581728e-11
2099,1.72249679632906066e2,1.83541985972501493e2,8.82995322850734112e1,1.58081646003518039e0,3.57857794762586323e0,-9.87535667549600427e-1,1.00433693398759938e0,2.27364666229308260e-1,9.63002740154269787e0,6.85885376272565850e-13,6.09711887013736770e-2,-8.42561576064326800e-11
2100,1.70455496720864943e2,1.81398936112854926e2,8.66188725289027275e1,1.57943388901569559e0,3.53502532712520345e0,-9.87546409062619479e-1,1.00389908361409974e0,2.30983335037772880e-1,1.01241627463830230e1,6.26901308642402455e-13,6.09746558903236438e-2,-3.67776920029427856e-11
2101,1.69031919513126184e2,1.79655384632469605e2,8.53041708181367397e1,1.57825410651756548e0,3.49608339292520620e0,-9.87557601933103046e-1,1.00334135630699306e0,2.33937259039082246e-1,1.06183400323468877e1,5.71194133658359249e-13,6.09782824508892374e-2,-5.67581537325168028e-11
2102,1.67881470448879128e2,1.78209553342552510e2,8.42597463693081892e1,1.57723983660030620e0,3.46093942357246487e0,-9.87569242425833771e-1,1.00268231812904696e0,2.36367053295277796e-1,1.11125610139217521e1,5.19088244610443894e-13,6.09820664201129667e-2,-4.89421836391557008e-11
2103,1.66937287941591791e2,1.76991164004065780e2,8.34200167340570573e1,1.57636188259325394e0,3.42896308499094005e0,-9.87581326674945359e-1,1.00193567636251069e0,2.38377507761939750e-1,1.16068274064912043e1,4.72399896978004108e-13,6.09860057608430581e-2,-3.37223582391743548e-11
2104,1.66152113174314451e2,1.75950202710254530e2,8.27386589622354620e1,1.57559714959381547e0,3.39965770371512477e0,-9.87593850687377373e-1,1.00111175170491085e0,2.40048036334376325e-1,1.21011408850764770e1,4.23015789063896364e-13,6.09900983643705680e-2,-9.03668251339695416e-11
2105,1.65491686107098531e2,1.75050157787352305e2,8.21821134334781362e1,1.57492719635140399e0,3.37262644777824372e0,-9.87606810346411512e-1,1.00021845821792543e0,2.41439728510568885e-1,1.25955030831461219e1,3.80598330629311477e-13,6.09943420528053573e-2,-1.53477230924181640e-11
2106,1.64930625887662359e2,1.74263785889534631e2,8.17255335688182782e1,1.57433716576611915e0,3.34754832959636195e0,-9.87620201415293830e-1,9.99261969931956817e-1,2.42600212288602290e-1,1.30899155914950445e1,3.38819250433886054e-13,6.09987345817215865e-2,-4.83311168864020146e-11
2107,1.64449773284155242e2,1.73570370394932041e2,8.13501742824087017e1,1.57381498760363048e0,3.32416084301868509e0,-9.87634019540926555e-1,9.98247183229078794e-1,2.43567073051725064e-1,1.35843799571939421e1,2.97577934516013443e-13,6.10032736429396774e-2,-5.09317032992839813e-11
2108,1.64034425989481093e2,1.72953893955559863e2,8.10416587107346231e1,1.57335077843385718e0,3.30224718086484170e0,-9.87648260257627642e-1,9.97178043260864899e-1,2.44370299306742589e-1,1.40788976826102239e1,2.63542659917348487e-13,6.10079568670693489e-2,-9.86233317235019058e-12
2109,1.63673136952123286e2,1.72401789277501138e2,8.07887985286624257e1,1.57293638571960837e0,3.28162667744918890e0,-9.87662918990954375e-1,9.96057778081018808e-1,2.45034059924920389e-1,1.45734702245010723e1,2.35242381130262856e-13,6.10127818264193864e-2,-3.90656396120903082e-11
2110,1.63356877803914131e2,1.71904066029394642e2,8.05827730879556157e1,1.57256503823720384e0,3.26214756187688515e0,-9.87677991061580163e-1,9.94889069030672868e-1,2.45578014132014549e-1,1.50680989931793032e1,2.03004280052709873e-13,6.10177460376537528e-2,-1.70530256582424045e-12
2111,1.63078444938098016e2,1.71452688523064893e2,8.04165469345202411e1,1.57223107566107134e0,3.24368139344121431e0,-9.87693471689223612e-1,9.93674176377618124e-1,2.46018289721967293e-1,1.55627853517522201e1,1.74055214685608917e-13,6.10228469647196362e-2,-3.68629571312339976e-11
2112,1.63891650703213372e2,1.72757419419678541e2,8.07597940172721138e1,1.57797618808497253e0,-3.27888557022323734e0,-9.87625035952159336e-1,9.93692945165628672e-1,7.32624882507950215e-1,-1.55628062689359545e1,1.77594050576601603e-13,5.49207103464285695e-1,-4.27746726927580312e-11
2113,1.64291388349454962e2,1.73359247236794346e2,8.10235895535347908e1,1.57932600227263631e0,-3.30065889352941877e0,-9.87611513161337662e-1,9.94908482135222760e-1,7.29840374779142986e-1,-1.50681193630989014e1,2.05092887117785949e-13,5.49161203464920700e-1,-5.17701437274808995e-11
2114,1.64754880611841031e2,1.74036698966911445e2,8.13504364341796133e1,1.58084518181469669e0,-3.32392934653701744e0,-9.87598420028226842e-1,9.96074376893041236e-1,7.26432277662378056e-1,-1.45734900367222853e1,2.33993380227559555e-13,5.49116533697775022e-1,-1.90851778825162910e-11
2115,1.65296731731526222e2,1.74805822827602356e2,8.17542833229000934e1,1.58256283955731925e0,-3.34892568835200777e0,-9.87585760831873549e-1,9.97187131277881278e-1,7.22271444355297776e-1,-1.40789169269066718e1,2.63900012953399710e-13,5.49073116981461329e-1,-1.26618715512449853e-11
2116,1.65936108373624506e2,1.75687515973093781e2,8.22534733005134626e1,1.58451460240438924e0,-3.37592771548226622e0,-9.87573539733051176e-1,9.98242359797520518e-1,7.17192220270772562e-1,-1.35843986235588705e1,2.97470381660502881e-13,5.49030975660215526e-1,-7.67386154620908201e-12
2117,1.66698618858375369e2,1.76709484922459183e2,8.28725654471758588e1,1.58674441703585622e0,-3.40528166489638151e0,-9.87561760770613306e-1,9.99234458759762578e-1,7.10979273636091591e-1,-1.30899336701527975e1,3.34995919892833172e-13,5.48990131578154239e-1,-1.37703182190307416e-11
2118,1.67619190505832307e2,1.77909234802288125e2,8.36451283550680529e1,1.58930694844300269e0,-3.43742168803982784e0,-9.87550427857921465e-1,1.00015612336424198e0,7.03348507141224322e-1,-1.25955205645636070e1,3.74485165099969208e-13,5.48950606054040446e-1,-4.27604618380428292e-11
2119,1.68746618975986337e2,1.79338776124467756e2,8.46181640411067377e1,1.59227078768691421e0,-3.47290044772427642e0,-9.87539544779356016e-1,1.00099762693306160e0,6.93918783066362455e-1,-1.21011577599743436e1,4.20267987077949101e-13,5.48912419856791844e-1,-3.39923644787631929e-11
2120,1.70151037127867085e2,1.81072320336670685e2,8.58593827388453263e1,1.59572276044441597e0,-3.51243381628405871e0,-9.87529115186917328e-1,1.00174571732692819e0,6.82169000021712102e-1,-1.16068436658549459e1,4.62404420309425745e-13,5.48875593180642385e-1,-1.73230318978312425e-11
2121,1.71936738522125040e2,1.83219438215606544e2,8.74697138077273593e1,1.59977370867727586e0,-3.55696809208175102e0,-9.87519142596915311e-1,1.00238187695034897e0,6.67371083727659298e-1,-1.11125766490124853e1,5.08992153980258877e-13,5.48840145621595332e-1,-4.65831817564321682e-11
2122,1.74265420596906040e2,1.85948811831484250e2,8.96060200310498658e1,1.60456615478298859e0,-3.60778457133134767e0,-9.87509630386766535e-1,1.00287948428080442e0,6.48481954833597829e-1,-1.06183550347119606e1,5.65122601492440424e-13,5.48806096153760081e-1,-3.89661636290838942e-11
2123,1.77401234174743479e2,1.89534079943751067e2,9.25251955073982515e1,1.61028407455053379e0,-3.66666894774334695e0,-9.87500581791889265e-1,1.00319899409662239e0,6.23962721117621522e-1,-1.01241771078663643e1,6.14284664801623137e-13,5.48773463106328574e-1,-6.22861762167303823e-11
2124,1.81805861303557435e2,1.94450193735206369e2,9.66773896366799761e1,1.61716400759157164e0,-3.73619950070535634e0,-9.87491999902714301e-1,1.00327935212646668e0,5.91462464272113797e-1,-9.63004111429483167e0,6.59330229302312887e-13,5.48742264141496294e-1,-1.94688709598267451e-11
2125,1.88363028049195464e2,2.01599996559845209e2,1.02926501549402815e2,1.62550288189658887e0,-3.82026799692167529e0,-9.87483887661808946e-1,1.00302178528190611e0,5.47235509150091115e-1,-9.13594526204727941e0,7.02066876856477506e-13,5.48712516232602865e-1,-6.97895075063570403e-11
2126,1.98998111782049136e2,2.12936906962303851e2,1.13159653112732641e2,1.63564376762810282e0,-3.92509667586650446e0,-9.87476247861123757e-1,1.00225689806858753e0,4.84997767719623940e-1,-8.64188772279394257e0,7.29617755101941157e-13,5.48684235643359774e-1,-6.25988150204648264e-11
2127,2.18840261874248938e2,2.33628580280788071e2,1.32417042817382509e2,1.64786600530197247e0,-4.06143658021641496e0,-9.87469083139364323e-1,1.00067140822317358e0,3.93504868692118648e-1,-8.14786663327794081e0,7.55973842553325781e-13,5.48657437907303258e-1,-5.82076609134674072e-11
2156,2.41102686022184997e2,2.56328606458700563e2,1.55533925464619642e2,1.66563830233011401e0,4.16942563778301167e0,-9.87473888207281769e-1,9.99518453658846284e-1,4.54955259598833206e-1,6.17210837138604251e0,9.37963682418052613e-13,5.48565357770112172e-1,-5.30064880877034739e-12
2157,2.11501275767917434e2,2.25908049505067851e2,1.26446689739669068e2,1.64975408485160280e0,4.02483623244890687e0,-9.87481376414955925e-1,1.00191027945295308e0,5.22100124121887332e-1,6.66600293887187068e0,9.28082263818019726e-13,5.48586083883551345e-1,-5.12443421030184254e-11
2158,1.96434453141996158e2,2.10129753875196940e2,1.11691461771419640e2,1.63697342634230392e0,3.91172321785331567e0,-9.87489338144840856e-1,1.00336801886478311e0,5.70068424026283993e-1,7.15992618493481547e0,8.91937565472566973e-13,5.48608347308871092e-1,-6.19166939941351302e-11
2159,1.87447900233585187e2,2.00530390768202381e2,1.02927496741658942e2,1.62664138879444709e0,3.82020186810681261e0,-9.87497770665088148e-1,1.00421026082538756e0,6.05514402309980548e-1,7.65388009682879211e0,8.53220272212240616e-13,5.48632135618796979e-1,-4.50768311566207558e-11
2160,1.81555757225029254e2,1.94104280651760291e2,9.72109863695355330e1,1.61821444129205472e0,3.74419642246734208e0,-9.87506671091930688e-1,1.00462707856127342e0,6.32416659992206087e-1,8.14786663327794081e0,8.20010725988140621e-13,5.48657435583335684e-1,-7.40669747756328434e-11
2161,1.77439922675123370e2,1.89516923496939114e2,9.32433366225171056e1,1.61127251374823843e0,3.67974790271271335e0,-9.87516036392377394e-1,1.00473690759208578e0,6.53277745279128297e-1,8.64188772279394080e0,7.82235387575269669e-13,5.48684233186483516e-1,-6.21156459601479582e-11
2162,1.74430885890411105e2,1.86086460255552424e2,9.03654456545925910e1,1.60549706698442751e0,3.62415688936202729e0,-9.87525863387033409e-1,1.00461643420386437e0,6.69738825990239039e-1,9.13594526204728119e0,7.42565731126632045e-13,5.48712513644210143e-1,-6.82831569065456279e-11
2163,1.72153871224423938e2,1.83428883992365911e2,8.82086481038182058e1,1.60064681153861521e0,3.57551469655919130e0,-9.87536148753038967e-1,1.00431700609737184e0,6.82914221929198262e-1,9.63004111429482990e0,6.88045107000156975e-13,5.48742261423068700e-1,-5.16280351803288795e-11
2164,1.70383522210407193e2,1.81311851726594000e2,8.65514313751895656e1,1.59653787320764362e0,3.53243096419863534e0,-9.87546889027122177e-1,1.00387403070781112e0,6.93583040820837660e-1,1.01241771078663643e1,6.25399038112206540e-13,5.48773460259393553e-1,-7.91544607636751607e-12
2165,1.68976662629494001e2,1.79586809434019727e2,8.52531674031561266e1,1.59302888530460773e0,3.49386740662397166e0,-9.87558080608759603e-1,1.00331256709477401e0,7.02303838899690169e-1,1.06183550347119606e1,5.69039607101196054e-13,5.48806093179822541e-1,-6.67625954520190135e-11
2166,1.67838264286557205e2,1.78154517616452154e2,8.42205878500101903e1,1.59001008520897180e0,3.45903213381994723e0,-9.87569719763439879e-1,1.00265076814958420e0,7.09485826728869728e-1,1.11125766490124853e1,5.26096527453390195e-13,5.48840142522312169e-1,-7.97086840975680389e-11
2167,1.66902970484659875e2,1.76946268146349837e2,8.33895920610034551e1,1.58739539138850216e0,3.42731013219835834e0,-9.87581802626026573e-1,1.00190206443192298e0,7.15434532014946667e-1,1.16068436658549441e1,4.70113531436666676e-13,5.48875589957648846e-1,-1.40829570227651857e-11
2168,1.66124482345939157e2,1.75913055545025202e2,8.27148020474947003e1,1.58511663189355501e0,3.39821617251823138e0,-9.87594325204207757e-1,1.00107658730584448e0,7.20381912301402583e-1,1.21011577599743418e1,4.26346458137771833e-13,5.48912416511837198e-1,-5.14432940690312535e-11
2169,1.65469171862418733e2,1.75019036822571110e2,8.21632802094963495e1,1.58311931214094304e0,3.37136209128666176e0,-9.87607283382038181e-1,1.00018211878405272e0,7.24506706359714703e-1,1.25955205645636070e1,3.83790221825108802e-13,5.48950602588967329e-1,-3.37507799486047588e-11
2170,1.64912085766169525e2,1.74237424343512146e2,8.17106006846849056e1,1.58135948486909439e0,3.34643354979330843e0,-9.87620672923553933e-1,9.99224739192531852e-1,7.27948490412683502e-1,1.30899336701527957e1,3.38146177725207053e-13,5.48990127994825161e-1,-1.67403868545079604e-11
2171,1.64434360988093061e2,1.73547819529899073e2,8.13383097320013064e1,1.57980141358675308e0,3.32317320014273054e0,-9.87634489476466593e-1,9.98209277365913250e-1,7.30817576123614421e-1,1.35843986235588705e1,2.99999608488477065e-13,5.49030971960470349e-1,-4.98232566314982250e-11
2172,1.64021504633165478e2,1.72934431681679342e2,8.10322364529578891e1,1.57841581171212675e0,3.30136827885600992e0,-9.87648728575922452e-1,9.97139629060793786e-1,7.33202102504827979e-1,1.40789169269066736e1,2.67723343494452592e-13,5.49073113167289573e-1,-8.95425955604878254e-11
2173,1.63662220450235566e2,1.72384858036369337e2,8.07813408133531539e1,1.57717850305968144e0,3.28084132066514877e0,-9.87663385648322456e-1,9.96018985732398554e-1,7.35173197464450978e-1,1.45734900367222817e1,2.33778274516538431e-13,5.49116529771122797e-1,-9.51843048824230209e-11
2174,1.63347590447235689e2,1.71889229690946820e2,8.05769106856700574e1,1.57606939354743325e0,3.26144311009315579e0,-9.87678456015201767e-1,9.94850001274657614e-1,7.36788788156809371e-1,1.50681193630988997e1,2.06147598991179848e-13,5.49161199427902869e-1,-3.42765815730672330e-11
2175,1.63070492995119309e2,1.71439601915138866e2,8.04119912025117003e1,1.57507167490207722e0,3.24304726355177264e0,-9.87693934897152959e-1,9.93634915139390840e-1,7.38096450498608059e-1,1.55628062689359510e1,1.79543879763599534e-13,5.49207099318930303e-1,-8.64019966684281826e-11
2176,1.63867148250079310e2,1.72719906671600484e2,8.07444746350942637e1,1.58262295858006330e0,-3.27718222907706602e0,-9.87625977569328573e-1,9.93614163070725365e-1,1.22137332679763388e0,-1.55628480916804079e1,1.78392023375550934e-13,1.52558348866908511e0,-8.74820216267835349e-11
2177,1.64262125343403170e2,1.73315757617053634e2,8.10038916936715054e1,1.58485019104857860e0,-3.29874274024469294e0,-9.87612457867126370e-1,9.94830262370432150e-1,1.21682977131082648e0,-1.50681600915935299e1,2.03767558382139669e-13,1.52545603561230969e0,-7.03153091308195144e-11
2178,1.64719620189644445e2,1.73985815067944287e2,8.13251971392821673e1,1.58735507359970729e0,-3.32176365005841978e0,-9.87599367731103239e-1,9.95996972979689477e-1,1.21127312057250536e0,-1.45735296501064404e1,2.32959485035877378e-13,1.52533199870988256e0,-9.39195388127700426e-11
2179,1.65253820251739512e2,1.74745671762119173e2,8.17219426788115726e1,1.59018494561976276e0,-3.34646536319349597e0,-9.87586711438707909e-1,9.97110878493234210e-1,1.20449628427779332e0,-1.40789554047354208e1,2.62085492197527969e-13,1.52521144131540498e0,-6.11493078395142220e-11
2180,1.65883296945218945e2,1.75615579655204755e2,8.22119028906907374e1,1.59339763983981708e0,-3.37311689432263684e0,-9.87574493149155019e-1,9.98167707995362696e-1,1.19623434906211057e0,-1.35844359458262858e1,2.97772223545322845e-13,1.52509442546463658e0,-1.41255895869107917e-11
2181,1.66632789043399868e2,1.76622310270179668e2,8.28188040802229750e1,1.59706436133791452e0,-3.40205038675114801e0,-9.87562716899779702e-1,9.99162021122199095e-1,1.18614396903448505e0,-1.30899698173150778e1,3.31672189712861609e-13,1.52498101180499779e0,-4.36983782492461614e-11
2182,1.67535920227390449e2,1.77801977861095992e2,8.35749628525522752e1,1.60127350181240091e0,-3.43368130166122798e0,-9.87551386602466330e-1,1.00008675037115125e0,1.17377359880657406e0,-1.25955555175618752e1,3.74863334817732152e-13,1.52487125952553426e0,-2.01936245503020473e-11
2183,1.68639471811272756e2,1.79204460061521843e2,8.45254412736670560e1,1.60613572745178468e0,-3.46853710526338155e0,-9.87540506040163302e-1,1.00093252131345389e0,1.15851956740258921e0,-1.21011915002570820e1,4.16736090080860322e-13,1.52476522628784394e0,-4.61710669696913101e-11
2184,1.70010351314158356e2,1.80900578350283382e2,8.57348346224275843e1,1.61179079617111309e0,-3.50729905102497685e0,-9.87530078863483096e-1,1.00168661763306188e0,1.13955966620512172e0,-1.16068761754000978e1,4.58424964655534950e-13,1.52466296815891633e0,-6.76010358802159317e-11
2185,1.71747462753021438e2,1.82994279529152806e2,8.72988524896841227e1,1.61841668876203792e0,-3.55086479984088443e0,-9.87520108587397361e-1,1.00233136004700918e0,1.11574992549259489e0,-1.11126079103490785e1,5.09484815447436290e-13,1.52456453954383875e0,-7.07984781911363825e-11
2186,1.74003015409823547e2,1.85644414079675215e2,8.93651424730254149e1,1.62624170942442370e0,-3.60044546216282280e0,-9.87510598588031807e-1,1.00284148225966474e0,1.08545899396463574e0,-1.06183850309412851e1,5.54374254835288127e-13,1.52446999312143561e0,-8.32045543575077318e-11
2187,1.77023329134318402e2,1.89106270469507507e2,9.21732320873010735e1,1.63555997678144993e0,-3.65772206121470456e0,-9.87501552099565028e-1,1.00317971632516745e0,1.04629241587739674e0,-1.01242058226826224e1,6.11406758554977614e-13,1.52437937978000759e0,-3.80993014914565720e-11
2188,1.81233628149313006e2,1.93817530072709303e2,9.61376640533093223e1,1.64674935863486360e0,-3.72511011647711809e0,-9.87492972211241327e-1,1.00328901661565006e0,9.94613316384535429e-1,-9.63006853200521817e0,6.61035462479198088e-13,1.52429274855570873e0,-7.37969685360440053e-11
2189,1.87434142668785682e2,2.00596235239686962e2,1.02040571038475306e2,1.66028559779002527e0,-3.80623397668839747e0,-9.87484861864494468e-1,1.00307808002569288e0,9.24665354680486606e-1,-9.13597136759149286e0,7.08894748457922219e-13,1.52421014657259501e0,-2.42010855799890123e-11
2190,1.97325490153811842e2,2.11168975289382956e2,1.11548406109362389e2,1.67672707139576715e0,-3.90684186951306023e0,-9.87477223850197317e-1,1.00239246472144128e0,8.26866704100437167e-1,-8.64191250176299519e0,7.31428806410860943e-13,1.52413161898377414e0,-6.50857145956251770e-12
2191,2.15258646015386574e2,2.29922881967576672e2,1.28935577018089106e2,1.69657150025536985e0,-4.03674701235240008e0,-9.87470060806034833e-1,1.00095173704432594e0,6.84240757967656599e-1,-8.14789007193230930e0,7.51931503173430826e-13,1.52405720891583307e0,-5.06759079144103453e-11
2192,2.56654549978300565e2,2.72299601802561540e2,1.69387757914633767e2,1.71957642682069722e0,-4.21451126055883663e0,-9.87463375214008066e-1,9.98196186382119377e-1,4.64298729759568984e-1,-7.65390218211585616e0,7.53896944871712549e-13,1.52398695741423640e0,-2.92175172944553196e-11
2215,2.09534604378421363e2,2.40542761253978227e2,1.20708225124084976e2,1.28893565276253441e0,8.61543426738327689e0,-9.87444618406982055e-1,1.00353632935623716e0,-6.33208173792063955e-1,3.70300526006020636e0,1.15215345944386094e-13,1.52357885090155976e0,-2.34763319895137101e-11
2220,2.35393614651109800e2,2.50500806128295466e2,1.49910917914709245e2,1.72512867961597105e0,4.14187465332801530e0,-9.87474864884770653e-1,9.99923775212800958e-1,7.81103919655466550e-1,6.17212632536912409e0,9.50317081971352451e-13,1.52380152753876352e0,-9.75148850557161495e-11
2221,2.08980944968333972e2,2.23288712519852169e2,1.23969769682635373e2,1.69951582814953883e0,4.00389068710061302e0,-9.87482351349247556e-1,1.00214307228954769e0,8.86109003778986826e-1,6.66602228109640293e0,9.30691287925888844e-13,1.52385907825535893e0,-6.06661387791973539e-11
2222,1.95082327903861454e2,2.08697423132790334e2,1.10366492705899134e2,1.67887691878843204e0,3.89538106931229455e0,-9.87490311227657291e-1,1.00349701637861899e0,9.61491152577919062e-1,7.15994690450547555e0,8.90400600472851522e-13,1.52392089768768546e0,-7.82165443524718285e-11
2223,1.86635433992558973e2,1.99652229994931702e2,1.02134396578638558e2,1.66215370056754330e0,3.80718975579779650e0,-9.87498741789202494e-1,1.00427408580852395e0,1.01746656546522463e0,7.65390218211585704e0,8.57354985617231335e-13,1.52398695133381801e0,-4.40394387624110095e-11
2224,1.81029652886272117e2,1.93523503511989873e2,9.66999758696330076e1,1.64848064884329060e0,3.73366167669694127e0,-9.87507640151223054e-1,1.00464845377273582e0,1.06014696198781988e0,8.14789007193230752e0,8.18215287190504625e-13,1.52405720246276877e0,-5.94297944189747795e-11
2225,1.77080552670446934e2,1.89111361706665150e2,9.28964990376189235e1,1.63719074374496354e0,3.67109790464903751e0,-9.87517003281889738e-1,1.00472975838361678e0,1.09338444304548754e0,8.64191250176299697e0,7.81704562191620766e-13,1.52413161216176385e0,-3.35234062731615268e-11
2226,1.74175307837026878e2,1.85791334947073778e2,9.01207633242702428e1,1.62777774893744120e0,3.61696770153159042e0,-9.87526828003023271e-1,1.00458960421701948e0,1.11971286894895417e0,9.13597136759149286e0,7.38053715365616370e-13,1.52421013938543282e0,-6.50004494673339650e-11
2227,1.71966259347089618e2,1.83207023216479058e2,8.80308345537581829e1,1.61985734755572186e0,3.56947584815223218e0,-9.87537110993030431e-1,1.00427628909174005e0,1.14085890662547107e0,9.63006853200521817e0,6.81997860962901825e-13,1.52429274100746870e0,-3.23723270412301645e-11
2228,1.70242225011147866e2,1.81140598703810497e2,8.64191682222118658e1,1.61313588627890070e0,3.52731055054336196e0,-9.87547848789956384e-1,1.00382332724756718e0,1.15803452086728487e0,1.01242058226826224e1,6.26368748535277575e-13,1.52437937187474581e0,-6.01545480094500817e-11
2229,1.68867960249142129e2,1.79451679505343151e2,8.51529500227063636e1,1.60738697193561353e0,3.48948924059648702e0,-9.87559037794643158e-1,1.00325456711589833e0,1.17211205968328924e0,1.06183850309412868e1,5.72441399837586573e-13,1.52446998486357455e0,-8.26503310236148536e-11
2230,1.67753122147202049e2,1.78045884225904075e2,8.41435258791441640e1,1.60243435044980775e0,3.45526035397438802e0,-9.87570674273991589e-1,1.00258736681370375e0,1.18373314589068612e0,1.11126079103490802e1,5.16798409622154509e-13,1.52456453093792654e0,-4.30873114964924753e-11
2231,1.66835246478264821e2,1.76857523757346229e2,8.33296429636708211e1,1.59813944274745290e0,3.42403858259225746e0,-9.87582754364321747e-1,1.00183462278802793e0,1.19337866136977477e0,1.16068761754000960e1,4.70200267610465517e-13,1.52466295920951289e0,-8.87041551322909072e-11
2232,1.66069886794611733e2,1.75839539373607948e2,8.26677466509912193e1,1.59439224223427445e0,3.39536092251025012e0,-9.87595274074823171e-1,1.00100609987623757e0,1.20141502330201577e0,1.21011915002570838e1,4.22280266310082197e-13,1.52476521699996748e0,-4.46362946604494937e-11
2233,1.65424638865951835e2,1.74957383320032562e2,8.21261036239498452e1,1.59110462136599540e0,3.36885607121361996e0,-9.87608229291091266e-1,1.00010932379153750e0,1.20812555352196238e0,1.25955555175618752e1,3.77656239614054812e-13,1.52487124990396250e0,-6.77289335726527497e-11
2234,1.64875379729854671e2,1.74185153211671462e2,8.16811049144396719e1,1.58820536736917362e0,3.34422264209740838e0,-9.87621615778743966e-1,9.99150192564392747e-1,1.21373221333141457e0,1.30899698173150760e1,3.35498989700866446e-13,1.52498100185506802e0,-2.84217094304040074e-14
2235,1.64403822855600765e2,1.73503069830545883e2,8.13148638881354913e1,1.58563646623896859e0,3.32121334999448781e0,-9.87635429187111336e-1,9.98133403350458415e-1,1.21841095813630340e0,1.35844359458262858e1,2.96814656186583647e-13,1.52509441519141609e0,-4.99653651786502451e-11
2236,1.63995883895381041e2,1.72895784807995142e2,8.10136114314816496e1,1.58335029492650459e0,3.29962333054608559e0,-9.87649665052994341e-1,9.97062755437628456e-1,1.22230277466733273e0,1.40789554047354244e1,2.64982480402409237e-13,1.52521143072438137e0,-3.13207237923052162e-11
2237,1.63640561359997264e2,1.72351217096077988e2,8.07665973401798567e1,1.58130748007968580e0,3.27928137825521526e0,-9.87664318804482466e-1,9.95941368686466877e-1,1.22552173954489674e0,1.45735296501064404e1,2.32355801266237449e-13,1.52533198780664736e0,-9.54827328314422630e-11
2238,1.63329153366988862e2,1.71859735623322592e2,8.05653219438307957e1,1.57947525044470294e0,3.26004328180738501e0,-9.87679385764830053e-1,9.94771843218453578e-1,1.22816098670043150e0,1.50681600915935299e1,2.03843886215082648e-13,1.52545602440241823e0,-7.82591769166174345e-11
2239,1.63054699035230954e2,1.71413574077211024e2,8.04029883806977210e1,1.57782615820897543e0,3.24178669047757717e0,-9.87694861156380610e-1,9.93556377649647438e-1,1.23029718337781646e0,1.55628480916804079e1,1.77018122382577303e-13,1.52558347715844866e0,-5.41149347554892302e-11
2240,1.63830917362071006e2,1.72664301253150626e2,8.07219706661435765e1,1.58706353917385634e0,-3.27465813114444426e0,-9.87627389592980354e-1,9.93495937277305119e-1,1.71060127937252138e0,-1.55629107967546290e1,1.76879344504499159e-13,2.99016773843738015e0,-6.91642298988881521e-11
2241,1.64218907570317526e2,1.73251366701303340e2,8.09749631787357913e1,1.59013534942639678e0,-3.29590571785386466e0,-9.87613874521505064e-1,9.94712851164396228e-1,1.70443876919895088e0,-1.50682211559887111e1,2.00742200640036117e-13,2.98991806836546470e0,-1.88720150617882609e-11
2242,1.64667616937458831e2,1.73910575606844674e2,8.12881531567213358e1,1.59358640110328054e0,-3.31856019865484564e0,-9.87600788878971958e-1,9.95880745762382391e-1,1.69691095086663735e0,-1.45735890425513634e1,2.28456142892241587e-13,2.98967509055585978e0,-9.01536623132415116e-11
2243,1.65190633529060960e2,1.74656865278253008e2,8.16745214564167696e1,1.59748057042988201e0,-3.34282993692954733e0,-9.87588136940434014e-1,9.96996322518221678e-1,1.68774421109728157e0,-1.40790130945820913e1,2.58907478789538459e-13,2.98943892908804676e0,-4.70095073978882283e-11
2244,1.65805675981797975e2,1.75509562795983499e2,8.21510282655068949e1,1.60189569378684760e0,-3.36896844643720295e0,-9.87575922862769850e-1,9.98055475118994728e-1,1.67658996066715771e0,-1.35844919030849027e1,2.89941681774763538e-13,2.98920970546060705e0,-5.37738742423243821e-11
2245,1.66536242860101197e2,1.76494105332401148e2,8.27402122467982792e1,1.60692733855432524e0,-3.39728766352101275e0,-9.87564150681037090e-1,9.99052996935568594e-1,1.66299839633818114e0,-1.30900240126886658e1,3.28299887275562696e-13,2.98898753845228260e0,-8.36450908536789939e-11
2246,1.67414108164701588e2,1.77644632484061844e2,8.34726138221570579e1,1.61269377932199909e0,-3.42817633178376369e0,-9.87552824304907206e-1,9.99982158553853973e-1,1.64638080625023631e0,-1.25956079224804061e1,3.67521985067398305e-13,2.98877254398497971e0,-6.28119778411928564e-11
2247,1.68483212683500938e2,1.79008012320813464e2,8.43905598174985130e1,1.61934260926461704e0,-3.46212601663791331e0,-9.87541947515180873e-1,1.00083408484596248e0,1.62595426293654377e0,-1.21012420869111903e1,4.15147083376865567e-13,2.98856483498970871e0,-2.20552465179935098e-11
2248,1.69805949177733964e2,1.80650318043350637e2,8.55542859672748079e1,1.62705956522387463e0,-3.49976882334410577e0,-9.87531523960392010e-1,1.00159681448298987e0,1.60065851780535207e0,-1.16069249167740924e1,4.55392668019527491e-13,2.98836452127307073e0,-6.81552592141088098e-11
2249,1.71473745038217828e2,1.82667689374012980e2,8.70522620914169920e1,1.63608031222056938e0,-3.54193364059250770e0,-9.87521557153504093e-1,1.00225384109465643e0,1.56902768825054029e0,-1.11126547802534503e1,5.05481073664881819e-13,2.98817170938766719e0,-8.81072992342524230e-11
2250,1.73625793423671553e2,1.85205480120647081e2,8.90194967938437429e1,1.64670604409976140e0,-3.58973279481904983e0,-9.87512050468708935e-1,1.00278177866217710e0,1.52898587024291333e0,-1.06184300040444075e1,5.55725604423074060e-13,2.98798650250399911e0,-8.45119529913063161e-11
2251,1.76484299112341830e2,1.88494143232757153e2,9.16720361558321741e1,1.65932354410802296e0,-3.64470079398745650e0,-9.87503007138327615e-1,1.00314648679813523e0,1.47750959470622756e0,-1.01242488745416974e1,6.03303865198689948e-13,2.98780900028632868e0,-6.54125642540748231e-11
2252,1.80426096021562444e2,1.92921854172723243e2,9.53771748431906872e1,1.67442892603191495e0,-3.70902689614362213e0,-9.87494430249823973e-1,1.00329635663834771e0,1.41004633380843947e0,-9.63010963909640338e0,6.57205193044241298e-13,2.98763929877120127e0,-5.14006615048856474e-11
2253,1.86143415098777666e2,1.99196879436482163e2,1.00811313788266915e2,1.69264869743351976e0,-3.78596719313959262e0,-9.87486322742934131e-1,1.00315005761006470e0,1.31946167343676146e0,-9.13601050733909048e0,7.05987351912185090e-13,2.98747749024959930e0,-8.23092705104500055e-11
2254,1.95056961621089187e2,2.08763078756423283e2,1.09366172971462845e2,1.71473176440135777e0,-3.88062645241693849e0,-9.87478687406914912e-1,1.00257270781935937e0,1.19401769667918334e0,-8.64194965256768022e0,7.30975176221893008e-13,2.98732366315309150e0,-3.06243919112603180e-11
2255,2.10606506588302949e2,2.25092808040606116e2,1.24419729318069287e2,1.74141230773482092e0,-4.00157517947278762e0,-9.87471526877920946e-1,1.00132568372344166e0,1.01321418718930190e0,-8.14792521319834862e0,7.56677706603703371e-13,2.98717790194348876e0,-4.47499814981711097e-11
2256,2.43785040376537154e2,2.59208415701176477e2,1.56792899530678085e2,1.77274572363264538e0,-4.16459227457954473e0,-9.87464843636509659e-1,9.98949464394900954e-1,7.38550453539088214e-1,-7.65393529427719077e0,7.68863271660702452e-13,2.98704028700737290e0,-2.30357954933424480e-11
2284,2.28103714470857994e2,2.43036794605625857e2,1.42733772103056225e2,1.77930246905257849e0,4.10236500911293867e0,-9.87476329473500836e-1,1.00047648539958400e0,1.13855750139870215e0,6.17215324348376804e0,9.65410043574088661e-13,2.98667705079570656e0,-6.63789023747085594e-11
2285,2.05597984276749770e2,2.19762138210950525e2,1.20646767416430649e2,1.74518529851596704e0,3.97373049075702589e0,-9.87483813324448234e-1,1.00246135001782255e0,1.27204816872951110e0,6.66605128059241991e0,9.36954507035903106e-13,2.98678978608965284e0,-4.97664132126374170e-11
2286,1.93217367703461150e2,2.06715829613236110e2,1.08540135989723822e2,1.71762148427513162e0,3.87176460558574265e0,-9.87491770426989324e-1,1.00367239948542020e0,1.36864433385324014e0,7.15997796905067485e0,8.91730266017187745e-13,2.98691088338009303e0,-6.59952092973981053e-11
2287,1.85495457123886638e2,1.98416354960933319e2,1.01022440376621731e2,1.69520704290282986e0,3.78832429393808878e0,-9.87500198051901479e-1,1.00435876860675299e0,1.44092395641568838e0,7.65393529427719077e0,8.50769107940685387e-13,2.98704027509639314e0,-3.27275984091102146e-11
2288,1.80282730012095783e2,1.92696491360805453e2,9.59751442230931815e1,1.67681309356344466e0,3.71834290490766284e0,-9.87509093318184927e-1,1.00467352947533373e0,1.49642997821390367e0,8.14792521319834684e0,8.10453266997246402e-13,2.98717788930267902e0,-9.72448788161273114e-11
2289,1.76565948145492627e2,1.88528890820552164e2,9.24003775627857920e1,1.66157206715251560e0,3.65848630038037292e0,-9.87518453195751267e-1,1.00471448380365591e0,1.53993640158122713e0,8.64194965256767844e0,7.75712827305596875e-13,2.98732364978940801e0,-7.53175299905706197e-12
2290,1.73806933059523573e2,1.85364712663378981e2,8.97685408132953029e1,1.64882426687396300e0,3.60646088203107196e0,-9.87528274508243320e-1,1.00454631802401506e0,1.57460015535938580e0,9.13601050733908870e0,7.37862895783258921e-13,2.98747747617081139e0,-9.47721900956821628e-11
2291,1.71694458519889821e2,1.82884674784440534e2,8.77736101866204876e1,1.63806706918091960e0,3.56063130915476034e0,-9.87538553935966457e-1,1.00421313591903849e0,1.60258526883830443e0,9.63010963909640516e0,6.74994782290383455e-13,2.98763928398496281e0,-4.58868498753872700e-11
2292,1.70036677506767546e2,1.80890763346943004e2,8.62270925178098793e1,1.62891482648189023e0,3.51979676640530048e0,-9.87549288018940485e-1,1.00374582578069327e0,1.62542013584107359e0,1.01242488745416974e1,6.16198064795625555e-13,2.98780898480084289e0,-7.67386154620908201e-11
2293,1.68709294314080779e2,1.79253884977087068e2,8.50069581333228825e1,1.62106896676084267e0,3.48305360023111454e0,-9.87560473160053465e-1,1.00316654434972130e0,1.64421172762298506e0,1.06184300040444057e1,5.67580704657899560e-13,2.98798648632784403e0,-7.95807864051312208e-11
2294,1.67628495678843279e2,1.77886433303178450e2,8.40309826973156220e1,1.61429609656372675e0,3.44970751919266583e0,-9.87572105628323871e-1,1.00249153200449559e0,1.65977920336534379e0,1.11126547802534521e1,5.16389014881823982e-13,2.98817169252966019e0,-2.48263631874579005e-11
2295,1.66735880195380275e2,1.76726962563321450e2,8.32419129021728850e1,1.60841200965058961e0,3.41921552226515857e0,-9.87584181562255803e-1,1.00173292983067008e0,1.67274010525562855e0,1.16069249167740942e1,4.63327293198645407e-13,2.98836450374224594e0,-7.33137994757271372e-11
2296,1.65989620460149695e2,1.75731168194312630e2,8.25987716809289196e1,1.60326996152706136e0,3.39114634584543984e0,-9.87596696973287558e-1,1.00089998176944039e0,1.68356760356114354e0,1.21012420869111921e1,4.19126539030756362e-13,2.98856481679564023e0,-6.83968437442672439e-11
2297,1.65359052080391393e2,1.74866345025116772e2,8.20715375759817363e1,1.59875201005336032e0,3.36515283067204507e0,-9.87609647749326025e-1,9.99999847717832901e-1,1.69262948603317165e0,1.25956079224804061e1,3.72153696748256380e-13,2.98877252513739089e0,-2.71995759248966351e-11
2298,1.64821238147060740e2,1.74107855988894727e2,8.16377683349048624e1,1.59476256530124916e0,3.34095218326888821e0,-9.87623029658358909e-1,9.99038164522791594e-1,1.70021530633334672e0,1.30900240126886640e1,3.31474431236600253e-13,2.98898751896116543e0,-1.47650780490948819e-11
2299,1.64358719072166991e2,1.73436810767287085e2,8.12803906116928943e1,1.59122354105994956e0,3.31831159852906232e0,-9.87636838352143331e-1,9.98019440036842287e-1,1.70655565953117261e0,1.35844919030849045e1,2.94039098625020756e-13,2.98920968533653664e0,-1.52056145452661440e-12
2300,1.63957998598054417e2,1.72838498091015651e2,8.09862135587380010e1,1.58807067668134794e0,3.29703760453336603e0,-9.87651069369959611e-1,9.96947334442847111e-1,1.71183610697129129e0,1.40790130945820895e1,2.59695043247631929e-13,2.98943890834128334e0,-6.78568312650895678e-11
2301,1.63608500870722366e2,1.72301301738044572e2,8.07449054198224729e1,1.58525072153571944e0,3.27696804310786627e0,-9.87665718142429094e-1,9.95824864082928363e-1,1.71620739303267889e0,1.45735890425513617e1,2.29788410521791775e-13,2.98967506919739190e0,-7.84439180279150605e-11
2302,1.63301836939110387e2,1.71815935219940570e2,8.05482741191423770e1,1.58271926094970650e0,3.25796594994328093e0,-9.87680779995383507e-1,9.94654551138443921e-1,1.71979304672252753e0,1.50682211559887076e1,2.00651995019285323e-13,2.98991804640642522e0,-1.73230318978312425e-11
2303,1.63031279265289299e2,1.71374891363499813e2,8.03897521218298721e1,1.58043902342928066e0,3.23991482558242572e0,-9.87696250153790589e-1,9.93438534904872661e-1,1.72269510958920580e0,1.55629107967546307e1,1.74769920757711361e-13,2.99016771588901387e0,-8.09876610219362192e-11
2304,1.63783561315589736e2,1.72591371256181901e2,8.06928300226347801e1,1.59122231149549154e0,-3.27134918040243150e0,-9.87629271541019427e-1,9.93338208956348501e-1,2.20046542256711053e0,-1.55629943493496352e1,1.72514780238941512e-13,4.94298342875067132e0,-8.79509798323852010e-11
2305,1.64162513357340231e2,1.73167047468312489e2,8.09375146538687744e1,1.59509435920998466e0,-3.29219094598213191e0,-9.87615762639739603e-1,9.94556156813188319e-1,2.19286895409711891e0,-1.50683025223093967e1,1.95572724681625232e-13,4.94257101254874875e0,-3.78577169612981379e-11
2306,1.64599887577361187e2,1.73812229007166508e2,8.12402376299712898e1,1.59943833771497257e0,-3.31437112589303240e0,-9.87602682984530911e-1,9.95725558473055550e-1,2.18360333666475004e0,-1.45736681809395900e1,2.25548746346504458e-13,4.94216965157790433e0,-8.49098569233319722e-11
2307,1.65108518217853685e2,1.74541028239051229e2,8.16132619526511576e1,1.60433245224998355e0,-3.33808290028749655e0,-9.87590036847257879e-1,9.96843264074559476e-1,2.17234291555870973e0,-1.40790899642100875e1,2.54428422774566343e-13,4.94177955074351072e0,-2.34621211347985081e-11
2308,1.65705057094301935e2,1.75371614298081425e2,8.20725291267907409e1,1.60987167863494296e0,-3.36356030612475188e0,-9.87577828381684619e-1,9.97905374010202184e-1,2.15867505243639934e0,-1.35845664640018668e1,2.85368950692088674e-13,4.94140091068802256e0,-6.79705181028111838e-11
2309,1.66411460738345738e2,1.76327763902254020e2,8.26391013403131893e1,1.61617219847965643e0,-3.39108998708041254e0,-9.87566061619836622e-1,9.98906973614011373e-1,2.14207043789542917e0,-1.30900962258668319e1,3.25923316113474471e-13,4.94103392756136550e0,-5.05053776578279212e-11
2310,1.67257219668315258e2,1.77441176815173947e2,8.33413266148953085e1,1.62337722098247417e0,-3.42102738474469481e0,-9.87554740468436720e-1,9.99841753224061325e-1,2.12184074782072329e0,-1.25956777498605632e1,3.62827823341405065e-13,4.94067879279538591e0,-3.96482846554135904e-12
2311,1.68282797333623250e2,1.78755033629019124e2,8.42181839495315216e1,1.63166467566924833e0,-3.45381952142394999e0,-9.87543868705425099e-1,1.00070145328342064e0,2.09707699350749799e0,-1.21013094914474948e1,4.05966926741996303e-13,4.94033569288196173e0,-7.47348849472473375e-11
2312,1.69545114837709491e2,1.80329647708291333e2,8.53246266703015692e1,1.64125742667412400e0,-3.49003783191562578e0,-9.87533449976566335e-1,1.00147503569477347e0,2.06655765206913689e0,-1.16069898624781533e1,4.46882114646385276e-13,4.94000480915307527e0,-3.58966190106002614e-11
2313,1.71126648089424862e2,1.82251802973313005e2,8.67404588452232588e1,1.65243685074833047e0,-3.53042679086252775e0,-9.87523487792149157e-1,1.00214741468334445e0,2.02860809106149897e0,-1.11127172322375021e1,4.95235796815762797e-13,4.93968631756621157e0,-2.83932877209736034e-11
2314,1.73151239750079185e2,1.84650920639194169e2,8.85857875764069007e1,1.66556077033243066e0,-3.57597825621921972e0,-9.87513985523788995e-1,1.00269745572926294e0,1.98087883058227598e0,-1.06184899285635890e1,5.43272024589036562e-13,4.93938038849331029e0,-8.25934876047540456e-11
2315,1.75813192520971597e2,1.87728689055328516e2,9.10494987367803361e1,1.68108659558151530e0,-3.62804941789313018e0,-9.87504946401332129e-1,1.00309471231149439e0,1.91998328031196275e0,-1.01243062390352812e1,5.95400465042139615e-13,4.93908718651601664e0,-9.08073616301408038e-12
2316,1.79434729421767742e2,1.91817354801700645e2,9.44455843083274260e1,1.69959930773162782e0,-3.68855828313057943e0,-9.87496373509872516e-1,1.00329388940798658e0,1.84088118988541805e0,-9.63016441222788977e0,6.52254292243803491e-13,4.93880687022462173e0,-4.39257519246893935e-11
2317,1.84590262206172696e2,1.97505294083413020e2,9.93351450886961089e1,1.72183902383692500e0,-3.76032499111590468e0,-9.87488269786882755e-1,1.00322499619119898e0,1.73577786716119675e0,-9.13606265903507619e0,7.02694846754781111e-13,4.93853959202391035e0,-7.31574800738599151e-11
2318,1.92409700418951587e2,2.05942300043026279e2,1.06824605189132527e2,1.74870558740673188e0,-3.84770642483115211e0,-9.87480638019468171e-1,1.00277479953971516e0,1.59204553248959946e0,-8.64199915405549390e0,7.32559846117197822e-13,4.93828549794487870e0,-8.57767190609592944e-11
2319,2.05456494258883993e2,2.19719887082078969e2,1.19430193042048572e2,1.78115613976423703e0,-3.95787067335928189e0,-9.87473480841744800e-1,1.00174932821353568e0,1.38803535169148895e0,-8.14797203704223527e0,7.56777453203572037e-13,4.93804472746317025e0,-9.35926891543203965e-11
2320,2.31036586666357124e2,2.46175772739915629e2,1.44339793501613570e2,1.81967649265476772e0,-4.10361434972128247e0,-9.87466800732347161e-1,9.99790945658629804e-1,1.08402073526381626e0,-7.65397941441309637e0,7.80330661198647135e-13,4.93781741332385948e0,-4.96811480843462050e-11
2347,2.58619894533638103e2,2.74141712353004493e2,1.72737969442186596e2,1.87726306452079728e0,4.20515633742998141e0,-9.87471276700509271e-1,9.98399815462860163e-1,1.31924984590548378e0,5.67831491877177097e0,9.64098592626250195e-13,4.93704511564220905e0,-8.14708300822530873e-11
2348,2.20201200920175069e2,2.34911074881234583e2,1.34958142029738582e2,1.82659248501212823e0,4.05290808469303077e0,-9.87478281460932861e-1,1.00112213371994829e0,1.53430867904824653e0,6.17218911031718331e0,9.83612930688382292e-13,4.93721741600759767e0,-6.75441924613551237e-11
2349,2.01702688680911081e2,2.15684113630217297e2,1.16823379548623123e2,1.78554764642451413e0,3.93575128513647599e0,-9.87485761829537623e-1,1.00283383511455981e0,1.68502550075924185e0,6.66608992077157847e0,9.33088675769688791e-13,4.93740363317564146e0,-5.64739366382127628e-11
2350,1.90995076093297172e2,2.04344501261882300e2,1.06365840778179901e2,1.75225066652120121e0,3.84187040870227658e0,-9.87493715233426994e-1,1.00387542912265504e0,1.79535994051474357e0,7.16001936081950152e0,8.94850166188732032e-13,4.93760366291672081e0,-6.53415099804988131e-11
2351,1.84106675164356091e2,1.96904379247584160e2,9.96692928706767560e1,1.72503962870007643e0,3.76433282964429017e0,-9.87502138945478114e-1,1.00445266191484972e0,1.87881298619404347e0,7.65397941441309815e0,8.53634871122999073e-13,4.93781739364911054e0,-4.50910420113359578e-11
2352,1.79358620080761511e2,1.91669006182513840e2,9.50795481322754625e1,1.70259901645531264e0,3.69878060639523554e0,-9.87511030086900998e-1,1.00469483244009972e0,1.94352886968940552e0,8.14797203704223527e0,8.12285134987877910e-13,4.93804470658299177e0,-5.77671244172961451e-11
2353,1.75921974408849564e2,1.87796967049453343e2,9.17804994313491846e1,1.68391916948168063e0,3.64232103552822650e0,-9.87520385629927611e-1,1.00468615545248330e0,1.99470036826420705e0,8.64199915405549390e0,7.79503198100606198e-13,4.93828547587091737e0,-2.07336370294797234e-11
2354,1.73341907835228994e2,1.84823950368812348e2,8.93247156764201549e1,1.66822963475928399e0,3.59294860312309794e0,-9.87530202400626833e-1,1.00448324768550412e0,2.03578997366798387e0,9.13606265903507975e0,7.35776023441658822e-13,4.93853956876847278e0,-5.83071368964738213e-11
2355,1.71348971776592833e2,1.82473279272380097e2,8.74473440861155638e1,1.65494031125450713e0,3.54922294512068159e0,-9.87540477081834678e-1,1.00412525320915669e0,2.06919205658566918e0,9.63016441222788977e0,6.69825306331972570e-13,4.93880684580076768e0,-7.00168811818002723e-11
2356,1.69773946210121267e2,1.80570149654583361e2,8.59821820170362230e1,1.64359582105949542e0,3.51007913056801835e0,-9.87551206216199295e-1,1.00363991821879339e0,2.09661275686041826e0,1.01243062390352812e1,6.06785455214975400e-13,4.93908716093710254e0,-6.30677732260664925e-11
2357,1.68505555292816155e2,1.78998904609275854e2,8.48200217701331525e1,1.63384158426319592e0,3.47471052805950453e0,-9.87562386209336562e-1,1.00304735461822325e0,2.11929862000619806e0,1.06184899285635925e1,5.51426959649603532e-13,4.93938036177342354e0,-4.95674612466245890e-11
2358,1.67467851681396780e2,1.77680106830281176e2,8.38863829686584666e1,1.62539891009819537e0,3.44249355206036967e0,-9.87574013333084255e-1,1.00236243978449346e0,2.13817990682612225e0,1.11127172322375056e1,5.04846164872674308e-13,4.93968628971987567e0,-8.97131258170702495e-11
2359,1.66607380734495166e2,1.76557481806201537e2,8.31288809663437291e1,1.61804671765921260e0,3.41293764441481384e0,-9.87586083728855924e-1,1.00159638660608330e0,2.15396358239553809e0,1.16069898624781551e1,4.57842097567606743e-13,4.94000478019563438e0,-5.55786527911550365e-11
2360,1.65885532538889038e2,1.75590111462861557e2,8.25097045415525230e1,1.61160805576048949e0,3.38565104175906217e0,-9.87598593411085912e-1,1.00075779462325065e0,2.16719546943815189e0,1.21013094914474966e1,4.10043526910541800e-13,4.94033566282878933e0,-1.69535496752359904e-11
2361,1.65273796359884244e2,1.74747573458177129e2,8.20009508023834996e1,1.60594008798068422e0,3.36031674460122742e0,-9.87611538270759870e-1,9.99853368491682493e-1,2.17830286834193876e0,1.25956777498605597e1,3.66554009367803246e-13,4.94067876166264774e0,-6.32525143373641185e-11
2362,1.64750713030808754e2,1.74006808573674732e2,8.15816308275632593e1,1.60092658855971748e0,3.33667526973556772e0,-9.87624914079022864e-1,9.98888418316077775e-1,2.18762444073348172e0,1.30900962258668354e1,3.23917975775245282e-13,4.94103389536558790e0,-1.70530256582424045e-13
2363,1.64299859106317939e2,1.73350041199265974e2,8.12356900813067284e1,1.59647226947826426e0,3.31451202755598606e0,-9.87638716490864321e-1,9.97867214019562465e-1,2.19543157583433235e0,1.35845664640018651e1,2.92193352846581433e-13,4.94140087744666268e0,-4.25757207267452031e-11
2364,1.63908478832371230e2,1.72763362941968381e2,8.09506656891445715e1,1.59249845361766362e0,3.29364792336752688e0,-9.87652941048868915e-1,9.96793240215137488e-1,2.20194393295209911e0,1.40790899642100857e1,2.55757220957164577e-13,4.94177951647374503e0,-9.09494701772928238e-12
2365,1.63566534630706059e2,1.72235745894584966e2,8.07167549650723970e1,1.58893974585178288e0,3.27393225093654872e0,-9.87667583187028408e-1,9.95669382098312239e-1,2.20734092248484703e0,1.45736681809395883e1,2.28851659844764299e-13,4.94216961629745644e0,-8.92157459020381793e-11
2366,1.63266034817777552e2,1.71758341367423839e2,8.05261562399834645e1,1.58574145039618264e0,3.25523724480957011e0,-9.87682638234610888e-1,9.94498062773226166e-1,2.21177030430654309e0,1.50683025223093967e1,1.98743799195710835e-13,4.94257097627630593e0,-7.71791519582620822e-11
2367,1.63000549100637613e2,1.71323972552322601e2,8.03725940438597206e1,1.58285755101581160e0,3.23745385218552162e0,-9.87698101420077079e-1,9.93281345895046353e-1,2.21535470774649790e0,1.55629943493496370e1,1.70877201277619406e-13,4.94298339150458332e0,-9.04378794075455517e-11
2368,1.63725846285631548e2,1.72502095732381179e2,8.06577480292557567e1,1.59503012345806883e0,-3.26730133895999986e0,-9.87631622771363404e-1,9.93140906569234150e-1,2.69109049521400046e0,-1.55630987031233428e1,1.67921232474554927e-13,7.38406194370868896e0,-6.43893827145802788e-11
2369,1.64093927141728898e2,1.73064035106663027e2,8.08924442427299368e1,1.59964807950149734e0,-3.28765347417129217e0,-9.87618121576232633e-1,9.94360066786427299e-1,2.68228004865988856e0,-1.50684041453238731e1,1.92179605562614597e-13,7.38344643164936709e0,-5.65876234759343788e-11
2370,1.64517712049506258e2,1.73692352796233394e2,8.11826243293180596e1,1.60481996753978562e0,-3.30926279104440590e0,-9.87605049398767032e-1,9.95531242675198436e-1,2.67155274127017117e0,-1.45737670211812684e1,2.17895146370494786e-13,7.38284742022639495e0,-4.39115410699741915e-12
2371,1.65009160478748925e2,1.74400202904632209e2,8.15397183514321853e1,1.61063573415548000e0,-3.33230480394546413e0,-9.87592410506847096e-1,9.96651457624893156e-1,2.65854715867662916e0,-1.40791859707024205e1,2.49664872109534031e-13,7.38226521515014067e0,-5.17133003086200915e-11
2372,1.65583694457996529e2,1.75204418366665720e2,8.19784936782821774e1,1.61720415860034228e0,-3.35699099111059329e0,-9.87580209050350599e-1,9.97717051459129034e-1,2.64280847404006725e0,-1.35846595868634434e1,2.82572576448814061e-13,7.38170011576800000e0,-8.97415475265006535e-11
2373,1.66261506495100633e2,1.76126874417843112e2,8.25183237437796322e1,1.62465770076942850e0,-3.38357884598646086e0,-9.87568449057516839e-1,9.98723445447642022e-1,2.62375758262179382e0,-1.30901864163689474e1,3.16923570720106795e-13,7.38115241472412986e0,-3.64508423444931395e-11
2374,1.67069498062784817e2,1.77196501535253731e2,8.31850712717749303e1,1.63315882163382686e0,-3.41238563620812618e0,-9.87557134431387151e-1,9.99664809232227669e-1,2.60064747974083721e0,-1.25957649604839972e1,3.55441370780695820e-13,7.38062239762309513e0,-2.43005615629954264e-12
2375,1.68044231011253601e2,1.78452338373373891e2,8.40139598210745362e1,1.64290827628201419e0,-3.44380762721768408e0,-9.87546268946330241e-1,1.00053358002591275e0,2.57250037068910231e0,-1.21013936759384659e1,4.00259686506032608e-13,7.38011034269680266e0,-6.51567688692011870e-11
2376,1.69236563190391280e2,1.79948308457437690e2,8.50540907091433667e1,1.65415604859283016e0,-3.47834757308543718e0,-9.87535856244652677e-1,1.00131975417606411e0,2.53801493807245926e0,-1.16070709759033104e1,4.38787894907477494e-13,7.37961652047871475e0,-3.65787400369299576e-11
2377,1.70719199221219952e2,1.81760971078230568e2,8.63758114755880655e1,1.66721579531431829e0,-3.51665508965051066e0,-9.87525899833304743e-1,1.00200981879562812e0,2.49542605692377339e0,-1.11127952310378646e1,4.85514406456388770e-13,7.37914119348227793e0,-6.81410483593936078e-11
2378,1.72599532192381815e2,1.84002653297504679e2,8.80832663228285639e1,1.68248384224360459e0,-3.55958778879289195e0,-9.87516403080684890e-1,1.00258509734874712e0,2.44228624919841097e0,-1.06185647706072874e1,5.39004604838133616e-13,7.37868461588773528e0,-5.18127762916265056e-11
2379,1.75042650988553476e2,1.86844888323375670e2,9.03369152193665883e1,1.70046373159600694e0,-3.60830718692361962e0,-9.87507369213549535e-1,1.00301910837490738e0,2.37511348971791802e0,-1.01243778836690055e1,5.89417403773495607e-13,7.37824703323492948e0,-3.35234062731615268e-11
2380,1.78315289261574549e2,1.90563018641674745e2,9.33966138572601210e1,1.72179643243043579e0,-3.66443550740635304e0,-9.87498801314033336e-1,1.00327319624658262e0,2.28880089391870767e0,-9.63023282032692229e0,6.43322201065998911e-13,7.37782868212496723e0,-3.72750719179748558e-11
2381,1.82876859790714263e2,1.95628236543497820e2,9.77109773058897133e1,1.74729262626266180e0,-3.73032476495561482e0,-9.87490702316783930e-1,1.00328899434347574e0,2.17558101644864932e0,-9.13612779305189271e0,6.98255689379756461e-13,7.37742978992960019e0,-8.33750846140901558e-11
2382,1.89589083886652048e2,2.02918731448076642e2,1.04123450297928287e2,1.77795058398817396e0,-3.80954576660631927e0,-9.87483075006220234e-1,1.00297475566996663e0,2.02310960318769073e0,-8.64206097806661866e0,7.29977710223206344e-13,7.37705057451134039e0,-6.79278855386655778e-11
2383,2.00274173619921100e2,2.14279801161230779e2,1.14421737259557730e2,1.81489902580860774e0,-3.90783950690594661e0,-9.87475922013912100e-1,1.00217899928876086e0,1.81069792709101907e0,-8.14803051679350610e0,7.64208141212918690e-13,7.37669124395171316e0,-8.99262886377982795e-11
2384,2.19556201842581629e2,2.34364681908966276e2,1.33152469898403581e2,1.85904551288503317e0,-4.03512515815801986e0,-9.87469245816094965e-1,1.00063569815621034e0,1.50139995567038920e0,-7.65403451736301577e0,7.91281970502488718e-13,7.37635199629067273e0,-2.07336370294797234e-11
2385,2.63561712164637811e2,2.79300234313040391e2,1.76204291778984242e2,1.90957789326130456e0,-4.21016377058018598e0,-9.87463048731315629e-1,9.97838799260475806e-1,1.02441579929614157e0,-7.16007105618072437e0,7.94738190187938010e-13,7.37603301927797705e0,-5.91882098888163455e-11
2411,2.40362930496140621e2,2.55580782911768011e2,1.54752665566967721e2,1.92276969097187056e0,4.12917212844291992e0,-9.87473719480537637e-1,9.99555290035349597e-1,1.75149596648343375e0,5.67835622476376845e0,1.01124685882025833e-12,7.37519940833936793e0,-4.96527263749158010e-11
2412,2.12430689089240786e2,2.26877091356837440e2,1.27318789762073024e2,1.86593509070344288e0,3.99591061760644628e0,-9.87480720164456316e-1,1.00180392001532881e0,1.97079204699703681e0,6.17223390535086303e0,9.84926983721434723e-13,7.37545655145531942e0,-5.07185404785559513e-11
2413,1.97616275945609374e2,2.11382449427880488e2,1.12816530113138228e2,1.81975537645676066e0,3.89162984817756863e0,-9.87488196183925582e-1,1.00322677718149955e0,2.12717006123131647e0,6.66613817955039689e0,9.34954804548970841e-13,7.37573446441810887e0,-3.79714037990197539e-11
2414,1.88571937688507887e2,2.01744698308683468e2,1.03997988201157455e2,1.78207348776918661e0,3.80690081420328319e0,-9.87496144968525780e-1,1.00408531712249083e0,2.24347179522766460e0,7.16007105618072526e0,8.95444308979254089e-13,7.37603299173077875e0,-7.89981413618079387e-11
2415,1.82553007886061948e2,1.95203703349189340e2,9.81577451462156034e1,1.75108198785501790e0,3.73609715459063318e0,-9.87504563793753509e-1,1.00454254932981879e0,2.33269090074819285e0,7.65403451736301754e0,8.43601230537949220e-13,7.37635196692782991e0,-6.33093577562249266e-11
2416,1.78305721422551642e2,1.90492025662434884e2,9.40609375802153664e1,1.72536601186066330e0,3.67563355454090290e0,-9.87513449783578467e-1,1.00470372369111383e0,2.40275174772130296e0,8.14803051679350432e0,8.09425443337730144e-13,7.37669121278983653e0,-8.74535999173531309e-11
2417,1.75178158675559615e2,1.86947064497028549e2,9.10659993835736543e1,1.70383814748165330e0,3.62310206750860786e0,-9.87522799913130078e-1,1.00463898795336104e0,2.45876662752578312e0,8.64206097806661866e0,7.68888425151104116e-13,7.37705054156809226e0,-2.88906676360056736e-11
2418,1.72799070426418780e2,1.84189381928767915e2,8.88078784838960047e1,1.68566384987771012e0,3.57681553457064538e0,-9.87532611011505690e-1,1.00439643631783904e0,2.50418601514366657e0,9.13612779305189093e0,7.15965481346003685e-13,7.37742975522307276e0,-2.06625827559037134e-11
2419,1.70942264299184330e2,1.81986469433580595e2,8.70643396871389257e1,1.67019932057637099e0,3.53555035515664784e0,-9.87542879764700232e-1,1.00400988487701937e0,2.54142527793205764e0,9.63023282032692052e0,6.58605114889354581e-13,7.37782864567438512e0,-1.54898316395701841e-12
2420,1.69462533624903756e2,1.80188184930895375e2,8.56928305205959617e1,1.65694401185926976e0,3.49839356363814247e0,-9.87553602718645007e-1,1.00350365465268254e0,2.57222630258127483e0,1.01243778836690037e1,5.99822275182404496e-13,7.37824699506063020e0,-4.61568561149761081e-11
2421,1.68262693983721590e2,1.78693431301488545e2,8.45980168418206233e1,1.64550532388769688e0,3.46464766735960827e0,-9.87564776282359835e-1,1.00289560011443091e0,2.59787660928519193e0,1.06185647706072892e1,5.50868378690339000e-13,7.37868457601060790e0,-8.42277358970022760e-11
2422,1.67275448308393720e2,1.77431765454535878e2,8.37139321077445260e1,1.63557255669525214e0,3.43376907096321871e0,-9.87576396731203010e-1,1.00219907729934676e0,2.61934774163242468e0,1.11127952310378664e1,4.98153601702355786e-13,7.37914115192406328e0,-3.89377419196534902e-11
2423,1.66452854407090882e2,1.76352682122226241e2,8.29936155826820965e1,1.62689766070461639e0,3.40532687251933375e0,-9.87588460210221175e-1,1.00142425307192640e0,2.63738581417905538e0,1.16070709759033139e1,4.44942693800243205e-13,7.37961647726192282e0,-2.30926389122032560e-11
2424,1.65759927887281634e2,1.75419083488706917e2,8.24028223693460546e1,1.61928093080976843e0,3.37897447906283821e0,-9.87600962737589239e-1,1.00057899461588784e0,2.65257257178953099e0,1.21013936759384642e1,4.03316269270703742e-13,7.38011029784495420e0,-2.30357954933424480e-11
2425,1.65170607884519882e2,1.74603146893985013e2,8.19160588443317010e1,1.61256029420463776e0,3.35442955292322242e0,-9.87613900208135775e-1,9.99669485338089525e-1,2.66536764489385192e0,1.25957649604839972e1,3.53880119652316694e-13,7.38062235115985743e0,-2.48263631874579005e-11
2426,1.64665129981622329e2,1.73883624642273901e2,8.15140023649672827e1,1.60660322230273511e0,3.33145952735209638e0,-9.87627268396948699e-1,9.98700658742031955e-1,2.67613845402523598e0,1.30901864163689456e1,3.18103182683771024e-13,7.38115236667476449e0,-8.51088088893448003e-11
2427,1.64228267476498587e2,1.73244029984688297e2,8.11817747835718819e1,1.60130057163817452e0,3.30987093962115964e0,-9.87641062963052985e-1,9.97676508892129554e-1,2.68518179038466309e0,1.35846595868634417e1,2.82392165207312473e-13,7.38170006615753937e0,-8.00781663201632909e-11
2428,1.63848125215121172e2,1.72671388596213092e2,8.09077590210832795e1,1.59656185385729743e0,3.28950143949722795e0,-9.87655279453159007e-1,9.96600315764640143e-1,2.69273965813069838e0,1.40791859707024187e1,2.53505549885346682e-13,7.38226516400475763e0,-4.13535872212378308e-11
2429,1.63515294620859095e2,1.72155360754573508e2,8.06827704594572879e1,1.59231157318673566e0,3.27021371009034434e0,-9.87669913305467162e-1,9.95474810967549417e-1,2.69901108138443568e0,1.45737670211812702e1,2.19234352893948881e-13,7.38284736757300664e0,-4.90274487674469128e-11
2430,1.63222250493492140e2,1.71687612369096257e2,8.04994657261680686e1,1.58848636790105990e0,3.25189078003448762e0,-9.87684959853533773e-1,9.94302301074924122e-1,2.70416102307465511e0,1.50684041453238695e1,1.95690685877991655e-13,7.38344637751486133e0,-7.43796135793672875e-11
2431,1.62962913085938226e2,1.71261356626780866e2,8.03519136903570370e1,1.58503276230933499e0,3.23443236409675450e0,-9.87700414330183851e-1,9.93084760429814972e-1,2.70832720393915460e0,1.55630987031233428e1,1.64715463490949787e-13,7.38406188812121389e0,-1.80335746335913427e-11
2432,1.63658672230778109e2,1.72397630167296683e2,8.06175406023703260e1,1.59842561211845102e0,-3.26256913805104487e0,-9.87634442482547947e-1,9.92903951117872663e-1,3.18256431823522012e0,-1.55632238002601984e1,1.63320745816264434e-13,1.03134424323632441e1,-1.32445165945682675e-11
2433,1.64014299225004891e2,1.72943779906927460e2,8.08408003124164196e1,1.60372693603204208e0,-3.28235838837573413e0,-9.87620950525137320e-1,9.94124455074650193e-1,3.17278366195608585e0,-1.50685259686021382e1,1.87003190710299805e-13,1.03125836983068133e1,-1.92841298485291190e-11
2434,1.64422577054144938e2,1.73552788354233655e2,8.11166751919705860e1,1.60965220191705849e0,-3.30331335210718846e0,-9.87607887311569232e-1,9.95297608658536004e-1,3.16089869438276683e0,-1.45738855082712035e1,2.15327755626049111e-13,1.03117479872138826e1,-6.59383658785372972e-11
2435,1.64894505476974842e2,1.74236757034476682e2,8.14556816006590765e1,1.61630028327775843e0,-3.32559012131177445e0,-9.87595257104952440e-1,9.96420626258558317e-1,3.14652900423879656e0,-1.40793010605173023e1,2.44745196331663806e-13,1.03109357254256171e1,-2.34763319895137101e-11
2436,1.65444167935035807e2,1.75011062676670520e2,8.18713090890049244e1,1.62379016356308736e0,-3.34937551005863154e0,-9.87583064050506221e-1,9.97490109813116477e-1,3.12919980393300801e0,-1.35847712196292321e1,2.74519990073329723e-13,1.03101473304084248e1,-4.85584905618452467e-11
2437,1.66089854180648558e2,1.75895526910098141e2,8.23811098567304185e1,1.63226594369620415e0,-3.37489533382297680e0,-9.87571312171932503e-1,9.98501845448863445e-1,3.10831198934487096e0,-1.30902945336931840e1,3.11257963847566543e-13,1.03093832102780993e1,-1.01039177025086246e-11
2438,1.66855702218029990e2,1.76916120551183184e2,8.30082944712145689e1,1.64190331606887230e0,-3.40242565094261584e0,-9.87560005367863036e-1,9.99450518698364432e-1,3.08310029962192633e0,-1.25958695054238490e1,3.47152862012478636e-13,1.03086437633299930e1,-1.59303681357414462e-11
2439,1.67774160349137560e2,1.78107509537690987e2,8.37841280518271105e1,1.65291798496716247e0,-3.43230833344766140e0,-9.87549147408385286e-1,1.00032930901403794e0,3.05257371979528136e0,-1.21014945930677413e1,3.88595405853564557e-13,1.03079293775773095e1,-5.07043296238407493e-11
2440,1.68889786186516631e2,1.79516968772909564e2,8.47516329898778622e1,1.66557667090163974e0,-3.46497312772825516e0,-9.87538741931663688e-1,1.00112930160204594e0,3.01542873570921710e0,-1.16071682113783705e1,4.31446545157143646e-13,1.03072404302942626e1,-7.36690708436071873e-11
2441,1.70265306996369532e2,1.81210602623799417e2,8.59715041930995199e1,1.68021152425191134e0,-3.50096972396124118e0,-9.87528792440647174e-1,1.00183861629490378e0,2.96991993165396284e0,-1.11128887326621797e1,4.76174655261729640e-13,1.03065772875695689e1,-3.77866626877221279e-11
2442,1.71991673549142774e2,1.83283626663321684e2,8.75319363101479126e1,1.69723895385786050e0,-3.54101576386924233e0,-9.87519302299879942e-1,1.00244108652342656e0,2.91366144334275967e0,-1.06186544878946396e1,5.29760263434653211e-13,1.03059403038691126e1,-1.84883219844778068e-11
2443,1.74205537986118088e2,1.85878176612410186e2,8.95657319514363053e1,1.71718390995147563e0,-3.58607116700329875e0,-9.87510274732415927e-1,1.00291420136966458e0,2.84331229352686643e0,-1.01244637679051284e1,5.78790487759661687e-13,1.03053298216073479e1,-7.87707676863647066e-11
2444,1.77121417652039270e2,1.89215962643871677e2,9.22818294835653887e1,1.74071011263280306e0,-3.63745774616336748e0,-9.87501712816843957e-1,1.00322579866236805e0,2.75405869397200087e0,-9.63031482462944410e0,6.31243321502772403e-13,1.03047461707324377e1,-3.07665004584123380e-11
2445,1.81095230396608827e2,1.93662540755562361e2,9.60276673979111592e1,1.76865426303483875e0,-3.69706051511649259e0,-9.87493619484426932e-1,1.00332855578742874e0,2.63872462951664977e0,-9.13620587242846227e0,6.87979187508069856e-13,1.03041896683213334e1,-6.97184532327810302e-11
2446,1.86761725386471937e2,1.99865836507010840e2,1.01424260932178143e2,1.80205381790837738e0,-3.76768452128727294e0,-9.87485997516363900e-1,1.00315041246469816e0,2.48616555154115471e0,-8.64213508947115727e0,7.32348209853128651e-13,1.03036606181873367e1,-7.57012230678810738e-11
2447,1.95369979149666364e2,2.09093102990393390e2,1.09696363841284580e2,1.84213013139129878e0,-3.85372662611724381e0,-9.87478849541175485e-1,1.00257705226133309e0,2.27819761603615056e0,-8.14810061918031359e0,7.67452941474733308e-13,1.03031593105036983e1,-7.37685468266136013e-11
2448,2.09754774616687996e2,2.24203088092871496e2,1.23629497835973098e2,1.89009494627814689e0,-3.96253111334221542e0,-9.87472178032220538e-1,1.00141781567834043e0,1.98335237402744724e0,-7.65410057173876712e0,7.94344624799325771e-13,1.03026860214403762e1,-3.67776920029427856e-11
2449,2.37997558276664222e2,2.53297194848647649e2,1.51180401803202585e2,1.94630679992180289e0,-4.10734465609010435e0,-9.87465985305347682e-1,9.99334136186480482e-1,1.54342302696164602e0,-7.16013302565414733e0,8.25201885990001216e-13,1.03022410128154451e1,-4.24762447437387891e-11
2474,2.67159224681472722e2,2.82796822031590239e2,1.81094520623464916e2,2.03135455118134578e0,4.19669506059598163e0,-9.87470130557258852e-1,9.97916686064885483e-1,1.93738135697249803e0,5.18454840864301580e0,1.02483603200975715e-12,1.03007484705661998e1,-3.17328385790460743e-11
2475,2.25384994433468250e2,2.40251275156118737e2,1.40011017205758151e2,1.95733918162764908e0,4.04759867758566472e0,-9.87476648934725088e-1,1.00067539697817454e0,2.23812989032860843e0,5.67840573989699582e0,1.03797157501028803e-12,1.03010780349251050e1,-6.40625330561306328e-11
2476,2.05250410022695178e2,2.19403186420575736e2,1.20267630760767545e2,1.89682215759705786e0,3.93395826559459616e0,-9.87483644732050525e-1,1.00247011590778667e0,2.44596568756692312e0,6.17228760298787105e0,9.83804617632477729e-13,1.03014367771205535e1,-6.67625954520190135e-11
2477,1.93588756384745693e2,2.07114224695611171e2,1.08872783265098988e2,1.84735896649444120e0,3.84318303084320423e0,-9.87491115538113529e-1,1.00360802517948078e0,2.59767604343190683e0,6.66619602937954348e0,9.30639246221609540e-13,1.03018244958871783e1,-4.98374674862134270e-11
2478,1.86085017823001806e2,1.99058615850029042e2,1.01571750853336923e2,1.80668660475931619e0,3.76816946314404078e0,-9.87499058785461514e-1,1.00428153308427315e0,2.71282380992359506e0,7.16013302565414644e0,8.88133316889749835e-13,1.03022409743844037e1,-4.97664132126374170e-11
2479,1.80913509536733955e2,1.93397173758319298e2,9.65657612777380905e1,1.77297452691992596e0,3.70458878816560011e0,-9.87507471752730459e-1,1.00461499214961925e0,2.80273199669025930e0,7.65410057173876712e0,8.48597234148762425e-13,1.03026859804765003e1,-3.00843794320826419e-11
2480,1.77171947432900907e2,1.89216316425774323e2,9.29665685330235334e1,1.74479636121760739e0,3.64963359475368554e0,-9.87516351567197193e-1,1.00469120731383521e0,2.87442719472314412e0,8.14810061918031359e0,8.03296665297104084e-13,1.03031592670300718e1,-9.74154090727097355e-11
2481,1.74364807107135050e2,1.86011672696933459e2,9.02867711809548581e1,1.72105028079074795e0,3.60138927842717704e0,-9.87525695207461585e-1,1.00456683755390475e0,2.93252102696581796e0,8.64213508947115727e0,7.63274859982843168e-13,1.03036605722280932e1,-6.99316160535090603e-11
2482,1.72198293933547177e2,1.83482577740927752e2,8.82376348670240702e1,1.70088355159061577e0,3.55849574250662126e0,-9.87535499506251635e-1,1.00428161295739793e0,2.98017890197382984e0,9.13620587242846227e0,7.06408889716847455e-13,1.03041896199021821e1,-4.38546976511133835e-11
2483,1.70487772295386918e2,1.81439020022559077e2,8.66378547115923823e1,1.68363216539305260e0,3.51995402875268359e0,-9.87545761153345802e-1,1.00386401540186809e0,3.01965317342360029e0,9.63031482462944410e0,6.47872380743486076e-13,1.03047461198803543e1,-3.06386027659755200e-11
2484,1.69111764811498801e2,1.79755263705533338e2,8.53682409995644633e1,1.66877502449827086e0,3.48500996514036521e0,-9.87556476698610242e-1,1.00333487727760695e0,3.05259390107050077e0,1.01244637679051284e1,5.86631437871076855e-13,1.03053297683500702e1,-2.78532752417959273e-11
2485,1.67987330385866699e2,1.78344949663423876e2,8.43474779876746368e1,1.65589976081039758e0,3.45308100123375716e0,-9.87567642555143510e-1,1.00270971928967834e0,3.08023911256992733e0,1.06186544878946396e1,5.35998329054265810e-13,1.03059402482361584e1,-3.20596882374957204e-11
2486,1.67056079107878730e2,1.77146909212331650e2,8.35183627933201507e1,1.64467731242944493e0,3.42370841732065356e0,-9.87579255002522527e-1,1.00200030414469921e0,3.10353628719523567e0,1.11128887326621761e1,4.83706824594420937e-13,1.03065772295914222e1,-6.57109922030940652e-11
2487,1.66275833343537613e2,1.76116678539528579e2,8.28396046808051949e1,1.63484295355871745e0,3.39652506116779973e0,-9.87591310190146676e-1,1.00121569065392291e0,3.12322275372046088e0,1.16071682113783687e1,4.42274689094190876e-13,1.03072403700022299e1,-2.64748223344213329e-11
2488,1.65615449885396430e2,1.75221212834327076e2,8.22807358953896539e1,1.62618205339175237e0,3.37123293335496799e0,-9.87603804140673169e-1,1.00036296240564604e0,3.13988054972604980e0,1.21014945930677396e1,3.91280757794376655e-13,1.03079293150036744e1,-8.60467253005481325e-11
2489,1.65051492628424256e2,1.74435478415803431e2,8.18188431620917669e1,1.61851930589740833e0,3.34758721974925644e0,-9.87616732753536675e-1,9.99447740122195838e-1,3.15397484670462402e0,1.25958695054238454e1,3.51545181853651911e-13,1.03086436985085328e1,-6.22719653620151803e-11
2490,1.64566030492268851e2,1.73740189813275919e2,8.14364057377488280e1,1.61171051999559656e0,3.32538466427110979e0,-9.87630091808547661e-1,9.98474547550208369e-1,3.16588147562368416e0,1.30902945336931857e1,3.11604908542761905e-13,1.03093831432433110e1,-6.92779167366097681e-11
2491,1.64145142309599578e2,1.73120268114372891e2,8.11198283489528933e1,1.60563631119315686e0,3.30445493715746030e0,-9.87643876969569456e-1,9.97447076487101958e-1,3.17590703100364680e0,1.35847712196292321e1,2.74062023075671846e-13,1.03101472611956986e1,-4.92548224428901449e-11
2492,1.63777878711815049e2,1.72563766819368766e2,8.08584231028134468e1,1.60019721593119879e0,3.28465411688680309e0,-9.87658083788253260e-1,9.96368381260282154e-1,3.18430380433280469e0,1.40793010605173006e1,2.44738257437759898e-13,1.03109356540712778e1,-2.87911916529992595e-11
2493,1.63455526905782847e2,1.72061108405151259e2,8.06436888287053506e1,1.59530987871828356e0,3.26585969329124204e0,-9.87672707707844322e-1,9.95241023152397042e-1,3.19128104183225991e0,1.45738855082712018e1,2.14231410389231769e-13,1.03117479137552177e1,-1.36566313813091256e-11
2494,1.63171080699575384e2,1.71604532025642357e2,8.04687918743779846e1,1.59090405449144501e0,3.24796668498411867e0,-9.87687744067038631e-1,9.94067178840290500e-1,3.19701354271490201e0,1.50685259686021347e1,1.87024007392011526e-13,1.03125836227822347e1,-3.92930132875335403e-11
2495,1.62918852386959514e2,1.71187687555340716e2,8.03281860735633160e1,1.58692023521836645e0,3.23088458610402407e0,-9.87703188103888685e-1,9.92848722642788672e-1,3.20164830286193869e0,1.55632238002601984e1,1.67643676718398638e-13,1.03134423548111851e1,-5.50386403119773604e-11
2496,1.63583040532973826e2,1.72279267908972599e2,8.05731144755326909e1,1.60135618891554454e0,-3.25721398591227906e0,-9.87637729714486268e-1,9.92627261966234298e-1,3.67493531917324256e0,-1.55633695715455538e1,1.56145929519624360e-13,1.37311717549514416e1,-5.12727638124488294e-11
2497,1.63924901495328470e2,1.72807895163119639e2,8.07837405604013554e1,1.60727207108671366e0,-3.27637867231269020e0,-9.87624248521119741e-1,9.93849190264785354e-1,3.66444042981255658e0,-1.50686679245886204e1,1.82007187099486600e-13,1.37300299401200920e1,-8.37587776914006099e-11
2498,1.64316114659013664e2,1.73395569580496044e2,8.10438833542761330e1,1.61386911963256563e0,-3.29661004289511572e0,-9.87611195752501225e-1,9.95024456748452968e-1,3.65171459440699842e0,-1.45740235763598722e1,2.01991201542739418e-13,1.37289187409020705e1,-8.77804495758027770e-11
2499,1.64766671024304856e2,1.74053284763765532e2,8.13630989409972756e1,1.62125224806611445e0,-3.31804375444289246e0,-9.87598575666181366e-1,9.96150477699761061e-1,3.63637442150041545e0,-1.40794351695574900e1,2.33570107699421214e-13,1.37278387239177739e1,-7.53885842641466297e-11
2500,1.65289259662811105e2,1.74794898385892651e2,8.17535460131191059e1,1.62954698891786642e0,-3.34084084097301925e0,-9.87586392401955226e-1,9.97224129903337864e-1,3.61794605756877807e0,-1.35849012999996450e1,2.65128197174391289e-13,1.37267904439871131e1,-5.60476109967567027e-11
2501,1.65900208634305812e2,1.75638111775709575e2,8.22308994862246436e1,1.63890442634770972e0,-3.36519424444488946e0,-9.87574649978240293e-1,9.98241578613806912e-1,3.59583790147268934e0,-1.30904205173820998e1,3.00082875215323952e-13,1.37257744435001072e1,-9.17026454771985300e-11
2502,1.66620840620934359e2,1.76605876062718409e2,8.28156686299176954e1,1.64950750935829982e0,-3.39133759514930944e0,-9.87563352288530316e-1,9.99198039952039485e-1,3.56930298951263048e0,-1.25959913261083667e1,3.34298561055490495e-13,1.37247912517931034e1,-8.00639554654480889e-11
2503,1.67479470949600540e2,1.77728457110894880e2,8.35351425161359487e1,1.66157917600596750e0,-3.41955724834753605e0,-9.87552503097929413e-1,1.00008744784971615e0,3.53738619101551954e0,-1.21016121861918311e1,3.79155040697298773e-13,1.37238413845327010e1,-6.06945604886277579e-11
2504,1.68514429822182962e2,1.79046547747732347e2,8.44263368015120932e1,1.67539285391785286e0,-3.45020915052421984e0,-9.87542106039776213e-1,1.00090197948593840e0,3.49884854164762693e0,-1.16072815142295056e1,4.20993101490907407e-13,1.37229253431112888e1,-7.03437308402499184e-12
2505,1.69778772681827206e2,1.80616101188306629e2,8.55405928274366119e1,1.69128606390695801e0,-3.48374306616221174e0,-9.87532164612359598e-1,1.00163136664400376e0,3.45205625034664632e0,-1.11129976844466061e1,4.66952865263436934e-13,1.37220436140536730e1,-3.32534000335726887e-12
2506,1.71347882578203212e2,1.82516104618601673e2,8.69510105355287095e1,1.70967801632273297e0,-3.52073836736874890e0,-9.87522682175735578e-1,1.00226187578804082e0,3.39481347552183443e0,-1.06187590298109011e1,5.08870723336940500e-13,1.37211966684346791e1,-8.25508550406084396e-11
2507,1.73332257369080992e2,1.84861608906263285e2,8.87649674895824177e1,1.73109216361118801e0,-3.56195861348465703e0,-9.87513661948645316e-1,1.00277476229146978e0,3.32410253437589098e0,-1.01245638432158227e1,5.65523322615391066e-13,1.37203849613122930e1,-7.53317408452858217e-11
2508,1.75900111589088738e2,1.87826679705737064e2,9.11462759541643948e1,1.75618438312560077e0,-3.60843784530893608e0,-9.87505107005548610e-1,1.00314386557436075e0,3.23566580836422402e0,-9.63041037873101224e0,6.14362727358042093e-13,1.37196089311733616e1,-3.26707549902494065e-11
2509,1.79319828324936850e2,1.91687357929083078e2,9.43568528174625385e1,1.78577601413626663e0,-3.66162273810029992e0,-9.87497020273765846e-1,1.00333175375369876e0,3.12330499617322532e0,-9.13629685291888549e0,6.68576305429269269e-13,1.37188689993979711e1,-1.23350218927953392e-11
2510,1.84046010605763570e2,1.96908447171917345e2,9.88412902726208813e1,1.82088602657773402e0,-3.72361796653638377e0,-9.87489404530746406e-1,1.00328332458124359e0,2.97765063312912570e0,-8.64222144621540345e0,7.33534760710696787e-13,1.37181655697387654e1,-1.94972926692571491e-11
2511,1.90912014026803433e2,2.04337042984896897e2,1.05416296291220675e2,1.86274105362313791e0,-3.79763280116786461e0,-9.87482262401459865e-1,1.00291474415442394e0,2.78388425220541613e0,-8.14818230437334456e0,7.69527670752001569e-13,1.37174990278185511e1,-2.59490207099588588e-11
2512,2.01622298930607542e2,2.15695801283495285e2,1.15755659405115566e2,1.91269292622290465e0,-3.88884395914854419e0,-9.87475596355915086e-1,1.00209338641714085e0,2.51726995495233519e0,-7.65417753996609029e0,8.03147479078170079e-13,1.37168697406494466e1,-1.22213350550737232e-11
2513,2.20279338571614289e2,2.35107741529736785e2,1.33895668394137942e2,1.97181029339105507e0,-4.00617380791676325e0,-9.87469408706818208e-1,1.00059931050146056e0,2.13386841713902653e0,-7.16020523394959696e0,8.42063398176495781e-13,1.37162780561699886e1,-9.43174427447956987e-11
2514,2.59843894592449601e2,2.75527209943986009e2,1.72609384487278476e2,2.03932316713185946e0,-4.16618152720433699e0,-9.87463701607365407e-1,9.98046082935171053e-1,1.55054078932310357e0,-6.66626343728035042e0,8.48347000287352770e-13,1.37157243028037428e1,-7.16653403287637047e-11
2538,2.39612689642734097e2,2.54821816076372954e2,1.53961930261874954e2,2.05640305054356620e0,4.08438838800415738e0,-9.87473550971960434e-1,9.99592962356666948e-1,2.51075538181773261e0,5.18460119838030931e0,1.07388555513343587e-12,1.37142935749441364e1,-4.10693701269337907e-12
2539,2.13394010423795692e2,2.27880544986258457e2,1.28223607434028025e2,1.98112559786000464e0,3.96410511292231726e0,-9.87480064039636729e-1,1.00169576318888787e0,2.76918857012102881e0,5.67846343589122338e0,1.03489048927651872e-12,1.37147317622243534e1,-5.90318904869491234e-11
2540,1.98875949261948278e2,2.12714932985507915e2,1.14016969537238339e2,1.91928299269856084e0,3.86958357785797480e0,-9.87487054143111331e-1,1.00307877006104063e0,2.95420349993848497e0,6.17235017258675356e0,9.76442017519563166e-13,1.37152087447656328e1,-7.47206740925321355e-11
2541,1.89787828389533445e2,2.03054073127218430e2,1.05157398100476556e2,1.86829258644139418e0,3.79221903179064190e0,-9.87494518874514782e-1,1.00394993756278361e0,3.09331413306681791e0,6.66626343728035042e0,9.31642783752462122e-13,1.37157242551026712e1,-4.74784656034898944e-11
2542,1.83641250845890625e2,1.96398301081750418e2,9.91925234947888015e1,1.82596657096506165e0,3.72700263098124207e0,-9.87502455669850066e-1,1.00444560481287093e0,3.20156476194792994e0,7.16020523394959785e0,8.80066852726457682e-13,1.37162780050725459e1,-2.80806489172391593e-11
2543,1.79255613962259730e2,1.91556080883519002e2,9.49598107974132972e1,1.79056477222751753e0,3.67080154469766651e0,-9.87510861811408680e-1,1.00465745359819270e0,3.28789728893001332e0,7.65417753996608941e0,8.40067598817384464e-13,1.37168696861844346e1,-8.06750222182017751e-11
2544,1.76000697653991836e2,1.87888235098094754e2,9.18392248020308983e1,1.76072736023215670e0,3.62153844498832189e0,-9.87519734430319485e-1,1.00464864220628924e0,3.35800087981303585e0,8.14818230437334634e0,7.99537519524662343e-13,1.37174989700165728e1,-8.06323896540561691e-11
2545,1.73510589343821096e2,1.85021761871262811e2,8.94710817245649821e1,1.73539403185828078e0,3.57776879363678635e0,-9.87529070509224227e-1,1.00446365992295061e0,3.41569872845082134e0,8.64222144621540345e0,7.54838899719167955e-13,1.37181655086319338e1,-7.88986653788015246e-11
2546,1.71559008079872910e2,1.82724781425855809e2,8.76331448237810093e1,1.71373478851388072e0,3.53844826744321672e0,-9.87538866885078637e-1,1.00413449188677029e0,3.46367481075765538e0,9.13629685291888549e0,6.95993609967082705e-13,1.37188689350205184e1,-5.10596009917207994e-11
2547,1.69998976308069246e2,1.80845859441057797e2,8.61811850575963234e1,1.69509573413575265e0,3.50279739511592192e0,-9.87549120252068535e-1,1.00368456874567591e0,3.50388021908047254e0,9.63041037873101224e0,6.32046498472149665e-13,1.37196088635608415e1,-1.19939613796304911e-11
2548,1.68731192405727597e2,1.79282107409409861e2,8.50178371255319405e1,1.67895790320525085e0,3.47021886128162693e0,-9.87559827164642079e-1,1.00313135467689341e0,3.53777352148370738e0,1.01245638432158245e1,5.75347061659847725e-13,1.37203848905020234e1,-2.92743607133161277e-12
2549,1.67686363015261520e2,1.77961311529680444e2,8.40752119719339532e1,1.66490626830971755e0,3.44024481428633067e0,-9.87570984040648803e-1,1.00248807886986357e0,3.56647006857813587e0,1.06187590298109011e1,5.22817900083794029e-13,1.37211965944656367e1,-7.70512542658252642e-11
2550,1.66814811118330937e2,1.76831390104012115e2,8.33046756582468362e1,1.65260641113031959e0,3.41250203496048155e0,-9.87582587164577919e-1,1.00176491631572917e0,3.59083873939962261e0,1.11129976844466078e1,4.73843186910016811e-13,1.37220435369660283e1,-5.28075361216906458e-11
2551,1.66080096561666267e2,1.75853902047978607e2,8.26705784342901495e1,1.64178688975015374e0,3.38668815870612905e0,-9.87594632690899754e-1,1.00096980728252616e0,3.61156694258434730e0,1.16072815142295056e1,4.29503654864049622e-13,1.37229252629468039e1,-9.49285094975493848e-11
2552,1.65454956056112110e2,1.74999902872110198e2,8.21462661549005162e1,1.63222583072512961e0,3.36255497813146453e0,-9.87607116647491012e-1,1.00010903524405159e0,3.62920566224138774e0,1.21016121861918311e1,3.83609810583607214e-13,1.37238413013347067e1,-2.88054025077144615e-11
2553,1.64918638517564148e2,1.74247216318461483e2,8.17114640103581422e1,1.62374066311435006e0,3.33989642324928449e0,-9.87620034939150404e-1,9.99187640513865216e-1,3.64420150948458321e0,1.25959913261083649e1,3.36990851890206500e-13,1.37247911656057848e1,-5.68434188608080149e-13
2554,1.64455109004605134e2,1.73578589443493371e2,8.13505140869912537e1,1.61618020129983719e0,3.31853971812374882e0,-9.87633383351191330e-1,9.98209720332599360e-1,3.65692004693937189e0,1.30904205173821033e1,3.04405806117458155e-13,1.37257743543699320e1,-4.61142235508305021e-11
2555,1.64051809631896219e2,1.72980415641755144e2,8.10511601594208173e1,1.60941849484284449e0,3.29833874849832176e0,-9.87647157553108279e-1,9.97178649315833110e-1,3.66766309199940688e0,1.35849012999996450e1,2.68018246485368650e-13,1.37267903519606751e1,-4.41957581642782316e-11
2556,1.63698787032735765e2,1.72441832404291233e2,8.08036924399205390e1,1.60335001688311429e0,3.27916900279544077e0,-9.87661353102310624e-1,9.96097243276832911e-1,3.67668176706395888e0,1.40794351695574846e1,2.37670993996630386e-13,1.37278386290438252e1,-9.63638058237847872e-11
2557,1.63388066645428466e2,1.71954072079383224e2,8.06003345934617812e1,1.59788587366067047e0,3.26092365515243943e0,-9.87675965447918247e-1,9.94967882274093163e-1,3.68418648377160851e0,1.45740235763598687e1,2.05245542783671908e-13,1.37289186432303474e1,-5.32907051820075139e-12
2558,1.63113196633837219e2,1.71509986981715400e2,8.04347971735656699e1,1.59295079850015409e0,3.24351049226057775e0,-9.87690989934612351e-1,9.93792603949250508e-1,3.69035467729695865e0,1.50686679245886221e1,1.79543879763599534e-13,1.37300298397003804e1,-1.08855147118447348e-11
2559,1.62868910539473490e2,1.71103696867454488e2,8.03019474850410546e1,1.58848075260687782e0,3.22684947364988872e0,-9.87706421806534784e-1,9.92573174978290451e-1,3.69533686371304837e0,1.55633695715455520e1,1.58664748006742684e-13,1.37311716518359592e1,-5.14717157784616575e-11
2560,1.63500020405482019e2,1.72148399859783325e2,8.05254363394102768e1,1.60377866651256551e0,-3.25130236281678542e0,-9.87641483349374849e-1,9.92310762861825069e-1,4.16821253854941887e0,-1.55635359364544943e1,1.54661006224188213e-13,1.76373044186627226e1,-5.12443421030184254e-11
2561,1.63827082047567615e2,1.72658103409305994e2,8.07224901520285556e1,1.61023603150974837e0,-3.26979294381842278e0,-9.87628014440270485e-1,9.93534143801015124e-1,4.15726047854874814e0,-1.50688299346890755e1,1.72271918952304759e-13,1.76358399749011383e1,-4.84305928694084287e-11
2562,1.64200040299892208e2,1.73222850342988039e2,8.09658157225552770e1,1.61741870776462537e0,-3.28924631543050072e0,-9.87614973591717127e-1,9.94711588728796503e-1,4.14400898253779282e0,-1.45741811488383295e1,1.97328264839313761e-13,1.76344148020592328e1,-6.86668499838560820e-11
2563,1.64627861843754374e2,1.73852507472053702e2,8.12639941671226609e1,1.62543483240510356e0,-3.30977740132741260e0,-9.87602365054924380e-1,9.95840720239098753e-1,4.12808593652966760e0,-1.40795882232530474e1,2.25187923863501283e-13,1.76330296264717994e1,-8.63735749589977786e-11
2564,1.65121833972345513e2,1.74559402885861346e2,8.16278464582893122e1,1.63441296477650777e0,-3.33152127861129488e0,-9.87590192963500479e-1,9.96918693473318296e-1,4.10903662367046074e0,-1.35850497554965202e1,2.57929094749087540e-13,1.76316851593433732e1,-5.95150595472659916e-11
2565,1.65696335015408977e2,1.75359127088206407e2,8.20711820343058633e1,1.64450674438656530e0,-3.35463806547022036e0,-9.87578461329835289e-1,9.97942053812703511e-1,4.08630032240601526e0,-1.30905642971010874e1,2.92942753388203414e-13,1.76303820959394599e1,-6.60946852804045193e-11
2566,1.66369925969507392e2,1.76271664095042325e2,8.26118609479384958e1,1.65590078172830690e0,-3.37931941511594180e0,-9.87567174041562579e-1,9.98906543349535214e-1,4.05917856934264520e0,-1.25961303543971219e1,3.26245974680006157e-13,1.76291211147861127e1,-6.46167563900235109e-11
2567,1.67166929093732449e2,1.77323021368338544e2,8.32733318851910980e1,1.66881814247641924e0,-3.40579730907052403e0,-9.87556334858101681e-1,9.99806834321201765e-1,4.02679137834137801e0,-1.21017463894138633e1,3.66654623329409901e-13,1.76279028768845301e1,-2.70006239588838071e-12
2568,1.68119764064258106e2,1.78547633624502538e2,8.40869112897356672e1,1.68352989072960901e0,-3.43435622042347033e0,-9.87545947407287739e-1,1.00063615676861906e0,3.98801566669702323e0,-1.16074108208516371e1,4.07743283581396554e-13,1.76267280249339677e1,-9.84385906122042798e-11
2569,1.69272497848410808e2,1.79992003104989919e2,8.50952511180813929e1,1.70036728132735693e0,-3.46535034594738933e0,-9.87536015182094218e-1,1.00138577037533594e0,3.94139672948216280e0,-1.11131220251246887e1,4.53581616710607705e-13,1.76255971825714894e1,-9.10063135961536318e-11
2570,1.70686406208986739e2,1.81720383618107434e2,8.63577787032484849e1,1.71973731822912068e0,-3.49922868292745104e0,-9.87526541537457780e-1,1.00204420242429371e0,3.88501772256989764e0,-1.06188783374736762e1,4.98283705963054047e-13,1.76245109536263627e1,-4.04014599553192966e-11
2571,1.72449003611140199e2,1.83823978958008780e2,8.79595403323579603e1,1.74214246972714926e0,-3.53657263333691230e0,-9.87517529687201412e-1,1.00259612734548043e0,3.81630161454341188e0,-1.01246780531467166e1,5.53203316489003782e-13,1.76234699213946513e1,-7.21342985343653709e-11
2572,1.74689338570866056e2,1.86436473002200387e2,9.00261994297777477e1,1.76820519212073290e0,-3.57815431568189757e0,-9.87508982701073901e-1,1.00302068421114776e0,3.73170059015346567e0,-9.63051942864773558e0,5.98387658867771677e-13,1.76224746479278558e1,-9.04378794075455517e-11
2573,1.77605257288105776e2,1.89761622997025199e2,9.27508022938277037e1,1.79869712431494211e0,-3.62503043495491140e0,-9.87500903501900451e-1,1.00328888980044595e0,3.62619022268783864e0,-9.13640068305057262e0,6.59770849065210996e-13,1.76215256733474206e1,-2.06341610464733094e-11
2574,1.81515143680796086e2,1.94125459786046434e2,9.64446309190503257e1,1.83457018002972516e0,-3.67869983431115699e0,-9.87493294862853865e-1,1.00335955348190975e0,3.49240954104486834e0,-8.64231999937719841e0,7.15590781075192695e-13,1.76206235151770301e1,-9.38200628297636285e-11
2575,1.86964179558080161e2,2.00083160325652557e2,1.01641752542757430e2,1.87697891379927495e0,-3.74138050982804549e0,-9.87486159404852182e-1,1.00317262780073091e0,3.31912648778805375e0,-8.14827552603832039e0,7.63466546926938605e-13,1.76197686677000753e1,-2.54232190854963847e-11
2576,1.94966219382389227e2,2.08661577049552051e2,1.09337233976906489e2,1.92726052882931898e0,-3.81652232342471898e0,-9.87479499594085097e-1,1.00263800456250762e0,3.08834893028220581e0,-7.65426537833417431e0,8.03863919873748500e-13,1.76189616013422707e1,-6.13198380960966460e-11
2577,2.07637268226339813e2,2.21992551121436748e2,1.21611575960572097e2,1.98676943742095391e0,-3.90980965384178880e0,-9.87473317739673173e-1,1.00161587809587438e0,2.76957301717014825e0,-7.16028764001352158e0,8.40585413774963541e-13,1.76182027620799744e1,-4.96527263749158010e-11
2578,2.30232056238146527e2,2.45343130361252008e2,1.43639681498232193e2,2.05624108139708861e0,-4.03122912936666022e0,-9.87467615991469039e-1,9.99880767913110535e-1,2.30776743310770627e0,-6.66634036488837989e0,8.86142721701066449e-13,1.76174925708745604e1,-1.52340362546965480e-11
2579,2.80322368950199632e2,2.96239923077509445e2,1.92749823412125778e2,2.13359470256434092e0,-4.19945978767440842e0,-9.87462396337998816e-1,9.97052414321504044e-1,1.59821641839546236e0,-6.17242157850209505e0,8.80833383662404934e-13,1.76168314231377359e1,-5.69997382626752369e-11
2595,2.70946353248568698e2,3.04274696590879842e2,1.78654100549933133e2,7.39643515676796315e-1,1.02689466724655230e1,-9.87445420496485093e-1,9.98291924305305001e-1,3.77063484472674038e0,1.72809700469264116e0,2.42855819547298235e-12,1.76131400334493549e1,-7.07558456269907765e-11
2601,2.52530926358473437e2,2.67977636313052926e2,1.66626553337490265e2,2.15762114411340367e0,4.09786332687477461e0,-9.87471428430956921e-1,9.98737351960609754e-1,2.82721378051497885e0,4.69081601960283567e0,1.12311527265818167e-12,1.76151457577795654e1,-6.34798880128073506e-11
2602,2.20954466612788679e2,2.35697799169336434e2,1.35608828586136582e2,2.06865143238931060e0,3.97624919994694226e0,-9.87477456595616809e-1,1.00102070312583735e0,3.12325970593151503e0,5.18466144313566524e0,1.08498279804969400e-12,1.76156576610565168e1,-9.73585656538489275e-11
2603,2.03887834162056038e2,2.17982216877111426e2,1.18893722339915811e2,1.99494240533737233e0,3.88187241236372715e0,-9.87483963603775106e-1,1.00257465839123627e0,3.33177495841915672e0,5.67852927984794142e0,1.01801856874916830e-12,1.76162196358640912e1,-4.38120650869677775e-11
2604,1.93358611058721863e2,2.06872484948624020e2,1.08616921870490856e2,1.93380082603595427e0,3.80505602946358668e0,-9.87490947209436087e-1,1.00359952015355769e0,3.48774274829684527e0,6.17242157850209416e0,9.64813732379221634e-13,1.76168313663528515e1,-3.90656396120903082e-11
2605,1.86308165672251022e2,1.99302998522831842e2,1.01763521188882649e2,1.88282038433514010e0,3.74040239718974510e0,-9.87498405008437885e-1,1.00423090372295309e0,3.60926424365570675e0,6.66634036488838078e0,9.16300021969185252e-13,1.76174925096988986e1,-4.40820713265566155e-11
2606,1.81315277107614975e2,1.93843193200745731e2,9.69337979930696179e1,1.84003632290618868e0,3.68464889417097030e0,-9.87506334440724887e-1,1.00456223722038529e0,3.70664475053048870e0,7.16028764001352158e0,8.70982105882767144e-13,1.76182026965480709e1,-4.81463757751043886e-11
2607,1.77631964019268935e2,1.89736781864922250e2,9.33917428455791878e1,1.80388700577482219e0,3.63568909611722590e0,-9.87514732792758254e-1,1.00465908191956910e0,3.78623759349088829e0,7.65426537833417431e0,8.32282159857200554e-13,1.76189615314914896e1,-9.06794639377039857e-11
2608,1.74828391716524948e2,1.86547113977379894e2,9.07147848706183026e1,1.77313931223021370e0,3.59208742695114047e0,-9.87523597200059555e-1,1.00456828024328426e0,3.85222346825089401e0,8.14827552603831862e0,7.92681892347602002e-13,1.76197685935694928e1,-5.15996134708984755e-11
2609,1.72640832244463297e2,1.84004968666971820e2,8.86438866527094262e1,1.74681826548076136e0,3.55282095942137621e0,-9.87532924649881960e-1,1.00432387852839944e0,3.90750182538096258e0,8.64231999937719664e0,7.28491919566032209e-13,1.76206234368081134e1,-6.36930508335353807e-11
2610,1.70899053403746791e2,1.81935684454367163e2,8.70119910375954078e1,1.72414946043201112e0,3.51713358454025560e0,-9.87542711984002120e-1,1.00395102559214000e0,3.95416945462191682e0,9.13640068305057085e0,6.71199207324946201e-13,1.76215255907839285e1,-7.67528263168060221e-11
2611,1.69488633817545121e2,1.80221243099220118e2,8.57069064897046076e1,1.70451413269771002e0,3.48444928684140498e0,-9.87552955901633167e-1,1.00346858324999411e0,3.99379370105170572e0,9.63051942864773558e0,6.12319223103341415e-13,1.76224745612151636e1,-3.25997007166733965e-11
2612,1.68330078727839037e2,1.78779201910266949e2,8.46507512510937659e1,1.68741466878514146e0,3.45431819151266684e0,-9.87563652962449745e-1,1.00289090381104984e0,4.02757719850333373e0,1.01246780531467166e1,5.58154217289441590e-13,1.76234698305806425e1,-9.26974053072626702e-11
2613,1.67366615288810237e2,1.77550348459758936e2,8.37879478902417247e1,1.67244824155718841e0,3.42638163657484007e0,-9.87574799589718944e-1,1.00222905976728982e0,4.05646212772585635e0,1.06188783374736779e1,5.05425562513650561e-13,1.76245108587610098e1,-8.20961076897219755e-11
2614,1.66556740228705195e2,1.76491141437890093e2,8.30778971595312612e1,1.65928662842773100e0,3.40034874811966414e0,-9.87586392073534713e-1,1.00149170731743298e0,4.08119907160106354e0,1.11131220251246869e1,4.56239213075804173e-13,1.76255970837062392e1,-1.49213974509621039e-11
2615,1.65869498434681617e2,1.75568907900024186e2,8.24903393906714371e1,1.64766069939226889e0,3.37598022879661608e0,-9.87598426574149979e-1,1.00068570129601975e0,4.10239420074743322e0,1.16074108208516353e1,4.13821754641219286e-13,1.76267279221224449e1,-4.53894699603551999e-11
2616,1.65281396207359933e2,1.74758694150367063e2,8.20023237384664299e1,1.63734843038009736e0,3.35307682100335835e0,-9.87610899125395347e-1,9.99816538824545242e-1,4.12054264878947052e0,1.21017463894138633e1,3.69874270100822855e-13,1.76279027701823559e1,-6.05382410867605358e-12
2617,1.64774327765954610e2,1.74041143996030911e2,8.15961735192172739e1,1.62816558557919699e0,3.33147089155503595e0,-9.87623805638188523e-1,9.98888683308890135e-1,4.13605276117674414e0,1.25961303543971219e1,3.25680454826837718e-13,1.76291210042501625e1,-9.27968812902690843e-12
2618,1.64334149087263796e2,1.73401034902269316e2,8.12580875846190480e1,1.61995842968972492e0,3.31102015805138272e0,-9.87637141904118110e-1,9.97905803753439069e-1,4.14926411586209909e0,1.30905642971010892e1,2.92231516763052923e-13,1.76303819816285348e1,-8.69704308570362628e-11
2619,1.63949676379231192e2,1.72826246753422026e2,8.09771586990916177e1,1.61259799249779001e0,3.29160292133668797e0,-9.87650903599103236e-1,9.96870953405770699e-1,4.16046117235417956e0,1.35850497554965202e1,2.57731336272826184e-13,1.76316850413179793e1,-5.72839553569792770e-11
2620,1.63611969667792863e2,1.72307021794097267e2,8.07446717610830262e1,1.60597552748698691e0,3.27311438092959772e0,-9.87665086287120242e-1,9.95786704435521308e-1,4.16988377642821995e0,1.40795882232530509e1,2.27404900465799642e-13,1.76330295047937575e1,-7.91686716183903627e-11
2621,1.63313811818234853e2,1.71835424665700600e2,8.05535937488738654e1,1.59999889440930887e0,3.25546374495295554e0,-9.87679685423990317e-1,9.94655250407119995e-1,4.17773535519222516e0,1.45741811488383295e1,1.99076866103098382e-13,1.76344146767920904e1,-7.95807864051312208e-11
2622,1.63049324025221182e2,1.71404942525549529e2,8.03981974771825918e1,1.59458966111895162e0,3.23857193354251738e0,-9.87694696361221758e-1,9.93478484920900295e-1,4.18418938475053270e0,1.50688299346890719e1,1.75338910057831754e-13,1.76358398461098460e1,-6.78284095556591637e-11
2623,1.62813678195097339e2,1.71010184885705598e2,8.02737803122065827e1,1.58968076863381480e0,3.22236973278918315e0,-9.87710114349903634e-1,9.92258062450395495e-1,4.18939454578700676e0,1.55635359364544961e1,1.50116030717128979e-13,1.76373042864133716e1,-8.90310047907405533e-11
2624,1.63410715953423107e2,1.72006474609696426e2,8.04755026405641587e1,1.60565952946689494e0,-3.24490399271466501e0,-9.87645702112742496e-1,9.91954387808889781e-1,4.66236788874355756e0,-1.55637228032548922e1,1.47215573065295757e-13,2.20319025030823177e1,-4.58015847470960580e-11
2625,1.63722221377903281e2,1.72496184056282033e2,8.06583013956825852e1,1.61258300335100757e0,-3.26268318377842004e0,-9.87632247001166919e-1,9.93179197933403812e-1,4.65120685041109727e0,-1.50690119093714383e1,1.64299129856715354e-13,2.20300762355288313e1,-7.59285967433243059e-11
2626,1.64076094007985091e2,1.73036835061396971e2,8.08840586569727549e1,1.62026302237321773e0,-3.28131900321906578e0,-9.87619219541031823e-1,9.94358818660339816e-1,4.63773071959615990e0,-1.45743581384367129e1,1.90077120709730707e-13,2.20282989481325160e1,-1.34150468511506915e-11
2627,1.64480290011548561e2,1.73637180892715577e2,8.11603938184039748e1,1.62880832331705294e0,-3.30090599193669432e0,-9.87606623976430842e-1,9.95491077547173808e-1,4.62159043725328633e0,-1.40797601366574980e1,2.18564749632221833e-13,2.20265715461419909e1,-1.80477854883065447e-12
2628,1.64944728741993089e2,1.74308054335250773e2,8.14968226109825622e1,1.63834725969543760e0,-3.32155392951050832e0,-9.87594464434026431e-1,9.96573403587397655e-1,4.60236501862074654e0,-1.35852165035568273e1,2.46788700586364484e-13,2.20248949159413883e1,-9.66196012086584233e-11
2629,1.65481909208378966e2,1.75063007627906984e2,8.19053566855565975e1,1.64903203035690415e0,-3.34339124734245230e0,-9.87582744919442979e-1,9.97602712072605757e-1,4.57954272254779760e0,-1.30907257927293728e1,2.76681455524396824e-13,2.20232699240414433e1,-8.27498070066212676e-11
2630,1.66107767775013940e2,1.75919199743216751e2,8.24013389063179602e1,1.66104395240952396e0,-3.36656949772262193e0,-9.87571469313736627e-1,9.98575250672503190e-1,4.55249601767076406e0,-1.25962865126692574e1,3.18134407706338607e-13,2.20216974160862868e1,-2.77964318229351193e-11
2631,1.66842893051862120e2,1.76898648933925756e2,8.30046280307104638e1,1.67460005864768124e0,-3.39126931600166914e0,-9.87560641369945480e-1,9.99486391486973491e-1,4.52044777466324188e0,-1.21018971276691900e1,3.51926821018366809e-13,2.20201782158697377e1,-1.84599002750474028e-11
2632,1.67714281751141328e2,1.78030037026571961e2,8.37413130797682612e1,1.68996137251002465e0,-3.41770854315530492e0,-9.87550264709726400e-1,1.00033034688563083e0,4.48242478386266008e0,-1.16075560587911486e1,3.90302373753925735e-13,2.20187131243728089e1,-2.81374923360999674e-11
2633,1.68757935009085685e2,1.79351368720145899e2,8.46462514780618420e1,1.70744329647457538e0,-3.44615355291525827e0,-9.87540342820088068e-1,1.00109977638929393e0,4.43719252402182995e0,-1.11132616849071546e1,4.38964836702027128e-13,2.20173029188124296e1,-3.65076857633539476e-11
2634,1.70022799044289911e2,1.80913995013090386e2,8.57669260993510676e1,1.72742863077272513e0,-3.47693546138964305e0,-9.87530879050219412e-1,1.00178523551677534e0,4.38316144904888816e0,-1.06190123438097590e1,4.84966233837980099e-13,2.20159483517160339e1,-5.03064256918150932e-11
2635,1.71576929380230467e2,1.82788887314271449e2,8.71694858382727489e1,1.75038378379551696e0,-3.51047399316118369e0,-9.87521876608424165e-1,1.00237439183197963e0,4.31824869999847483e0,-1.01248063333907385e1,5.38775621339304678e-13,2.20146501500155445e1,-3.56550344804418273e-11
2636,1.73517479198976645e2,1.85076772871038941e2,8.89485447734989663e1,1.77687865400359368e0,-3.54731373194867672e0,-9.87513338559163123e-1,1.00285089228259316e0,4.23966770636679424e0,-9.63064191288694360e0,5.89323728705792860e-13,2.20134090141636598e1,-9.65201252256520092e-11
2637,1.75987574082246169e2,1.87925206909059767e2,9.12437553304407487e1,1.80761023149705990e0,-3.58818108446309836e0,-9.87505267820215749e-1,1.00319269875864148e0,4.14359676575100533e0,-9.13651730419170960e0,6.39344480135584092e-13,2.20122256172772168e1,-3.46318529409472831e-11
2638,1.79206289638704163e2,1.91558812556218754e2,9.42692804587936735e1,1.84342862503059046e0,-3.63407716222581323e0,-9.87497667159954351e-1,1.00336959697330430e0,4.02463612615003541e0,-8.64243069323018709e0,6.94101026654792008e-13,2.20111006043088970e1,-1.98951966012828052e-13
2639,1.83525292807780573e2,1.96336255542173461e2,9.83695331640723083e1,1.88536053317803742e0,-3.68643543477135216e0,-9.87490539194750272e-1,1.00333939384233584e0,3.87487874552354672e0,-8.14838023139688694e0,7.53760769078848369e-13,2.20100345912450557e1,-2.18420836972654797e-11
2640,1.89544493029684759e2,2.02866255775381461e2,1.04133085429024376e2,1.93461533760424387e0,-3.74740121769886159e0,-9.87483886386504528e-1,1.00304198987441473e0,3.68224107396849165e0,-7.65436403705321844e0,7.98409949265277419e-13,2.20090281643366374e1,-5.61470869797631167e-11
2641,1.98373210921450834e2,2.12268874451653346e2,1.12650100037467027e2,1.99253236049305249e0,-3.82035067297130215e0,-9.87477711040315453e-1,1.00238993602406112e0,3.42730547884946990e0,-7.16038019708309470e0,8.46159080303277022e-13,2.20080818793631252e1,-3.55413476427202113e-11
2642,2.12306459689173181e2,2.26850383911936547e2,1.26179368212535238e2,2.06035282555502253e0,-3.91090071985650134e0,-9.87472015302282347e-1,1.00125306816883675e0,3.07703438777125537e0,-6.66642676850405280e0,8.81885276610150370e-13,2.20071962609268965e1,-3.48450157616753131e-11
2643,2.36961248044016088e2,2.52229970379120232e2,1.50256491254403215e2,2.13847700663118534e0,-4.02894974971174502e0,-9.87466801157452445e-1,9.99433073416125306e-1,2.57178744144156113e0,-6.17250178013157758e0,9.29109220115797996e-13,2.20063718017905430e1,-3.14201997753116302e-11
2644,2.90605408520878541e2,3.06605334834520761e2,2.02903223978253749e2,2.22416815566292092e0,-4.19277662045342581e0,-9.87462070427914784e-1,9.96621250025275685e-1,1.79923807377890177e0,-5.67860323429384817e0,9.18712371802965500e-13,2.20056089622417019e1,-7.08837433194275945e-11
2664,2.60091048932056140e2,2.75654814641275607e2,1.74014915018196234e2,2.25345688783124487e0,4.07821589980012433e0,-9.87470282785536280e-1,9.98281828251193715e-1,3.24010213213196119e0,4.19704591528309656e0,1.16474852766140780e-12,2.20036942162556812e1,-4.37410108133917674e-11
2665,2.26303622159369866e2,2.41205852656996655e2,1.40820560112199928e2,2.15369361659325431e0,3.96400345804125065e0,-9.87475824211230369e-1,1.00056689637226670e0,3.54194363264889311e0,4.69087735771830339e0,1.13003551828472215e-12,2.20042697630388027e1,-5.39444044989068061e-11
2666,2.07829802215494794e2,2.22102992530101062e2,1.22721619591667277e2,2.07008468122046674e0,3.87556710714596386e0,-9.87481846066321611e-1,1.00218100343083361e0,3.75364208591317272e0,5.18472910859419134e0,1.07040721772366787e-12,2.20049081097632531e1,-6.21440676695783623e-11
2667,1.96361828004937195e2,2.10063114268618108e2,1.11522355407335183e2,2.00005223094439089e0,3.80335954525414355e0,-9.87488346268735939e-1,1.00329011451757033e0,3.91286354673608017e0,5.67860323429384906e0,1.00605721670143922e-12,2.20056088969463097e1,-5.65165692023583688e-11
2668,1.88656216864759728e2,2.01840887915807230e2,1.04025354905072874e2,1.94118557781483503e0,3.74223117602166555e0,-9.87495322576371626e-1,1.00401313458954888e0,4.03825171532401495e0,6.17250178013157758e0,9.52549671084934602e-13,2.20063717309798363e1,-4.09983158533577807e-11
2669,1.83189233790649666e2,1.95905909199663057e2,9.87297992016655286e1,1.89145633657210266e0,3.68915236672062763e0,-9.87502772589228361e-1,1.00443563814884906e0,4.14004568962134911e0,6.66642676850405280e0,9.05751168511770288e-13,2.20071961846414226e1,-6.87521151121472940e-11
2670,1.79152848476761278e2,1.91443329130114932e2,9.48405376995007146e1,1.84921389946011749e0,3.64220827583869200e0,-9.87510693751674218e-1,1.00461976472352754e0,4.22438990752119636e0,7.16038019708309470e0,8.63748308987943858e-13,2.20080817976456871e1,-2.28226326726144180e-11
2671,1.76080150587931769e2,1.87980288167908810e2,9.18985348516857954e1,1.81312927338463870e0,3.60011425416881359e0,-9.87519083354850835e-1,1.00461112818122378e0,4.29525861413810794e0,7.65436403705321844e0,8.16334846942545767e-13,2.20090280772336371e1,-2.22826201934367418e-11
2672,1.73683478270358421e2,1.85224153777721511e2,8.96212465533681524e1,1.78213429288862257e0,3.56196439769737072e0,-9.87527938539210948e-1,1.00444360193531845e0,4.35538709668695478e0,8.14838023139688694e0,7.76646108535672397e-13,2.20100344988048917e1,-3.19460013997741044e-11
2673,1.71776568683245387e2,1.82984555719429864e2,8.78258925942122346e1,1.75536862647434155e0,3.52709280262459846e0,-9.87537256297181698e-1,1.00414263940537452e0,4.40675465723846127e0,8.64243069323019064e0,7.09255570940925395e-13,2.20111005065833396e1,-3.53992390955681913e-11
2674,1.70233929581394932e2,1.81132605876395303e2,8.63894371757022981e1,1.73213664526958477e0,3.49499287125658187e0,-9.87547033475952740e-1,1.00372759326215943e0,4.45085112936834459e0,9.13651730419170782e0,6.53819012819134571e-13,2.20122255143204910e1,-7.72502062318380922e-11
2675,1.68968221792171164e2,1.79578143088389169e2,8.52263242112403248e1,1.71187323512469347e0,3.46526816229560142e0,-9.87557266780379805e-1,1.00321334960333286e0,4.48883259234034337e0,9.63064191288694360e0,5.97162944093732051e-13,2.20134089060327582e1,-4.28883595304796472e-11
2676,1.67916991741260887e2,1.78256352524122349e2,8.42754252102771773e1,1.69411696920004617e0,3.43760118999097930e0,-9.87567952776004176e-1,1.00261149068921140e0,4.52161731814279833e0,1.01248063333907385e1,5.39349814809853001e-13,2.20146500367699538e1,-3.67066377293667756e-11
2677,1.67034544512078469e2,1.77119548837296549e2,8.34920494711125940e1,1.67848911323506500e0,3.41173285966863382e0,-9.87579087892173968e-1,1.00193113062952488e0,4.54994787259283218e0,1.06190123438097590e1,4.89452228746856122e-13,2.20159482334180083e1,-1.15818465928896330e-11
2678,1.66286781269490859e2,1.76131942929993954e2,8.28428719343015558e1,1.66467718044694579e0,3.38744844166286274e0,-9.87590668425274654e-1,1.00117952209918060e0,4.57443314146271351e0,1.11132616849071564e1,4.38604014219023952e-13,2.20173027955262839e1,-4.64126514998497441e-11
2679,1.65647816480579593e2,1.75266203683632853e2,8.23026118112192933e1,1.65242201423028723e0,3.36456770220179147e0,-9.87602690542049189e-1,1.00036250119611014e0,4.59557790971184499e0,1.16075560587911450e1,3.93570592782666040e-13,2.20187129961651387e1,-4.98090457767830230e-11
2680,1.65097701260839983e2,1.74501137561803944e2,8.18517986848341650e1,1.64150760337583401e0,3.34293776117924235e0,-9.87615150283012166e-1,9.99484816761469386e-1,4.61380439161581890e0,1.21018971276691900e1,3.53741341774238549e-13,2.20201780828099771e1,-5.05480102219735272e-11
2681,1.64620855018012890e2,1.73820085562131879e2,8.14752345688522155e1,1.63175301694895269e0,3.32242779170101477e0,-9.87628043565948910e-1,9.98550376426373787e-1,4.62946834797212148e0,1.25962865126692574e1,3.15792531013769917e-13,2.20216972782448792e1,-5.09459141539991833e-11
2682,1.64204962650610071e2,1.73209792707852870e2,8.11609131535783064e1,1.62300598819166542e0,3.30292499788423433e0,-9.87641366189492720e-1,9.97562432069832417e-1,4.64287143189949969e0,1.30907257927293710e1,2.79977430128752758e-13,2.20232697814924627e1,-6.73452404953422956e-11
2683,1.63840184874696831e2,1.72659596083121471e2,8.08992463809507143e1,1.61513778605564240e0,3.28433150242929051e0,-9.87655113836774734e-1,9.96523720787202527e-1,4.65427082371006939e0,1.35852165035568273e1,2.46729719988181273e-13,2.20248947687600172e1,-9.86943859970779158e-11
2684,1.63518583508572107e2,1.72160832050936904e2,8.06825018812866546e1,1.60803909635179920e0,3.26656189684765552e0,-9.87669282079142619e-1,9.95436572900431971e-1,4.66388686428857557e0,1.40797601366575034e1,2.21298673830361281e-13,2.20265713944055221e1,-4.63273863715585321e-12
2685,1.63233697046545615e2,1.71706397078938664e2,8.05043877563947916e1,1.60161669801526840e0,3.24954128460317904e0,-9.87683866379939879e-1,9.94302995344010010e-1,4.67190917712377374e0,1.45743581384367129e1,1.89945281725556470e-13,2.20282987919193509e1,-4.77200501336483285e-11
2686,1.62980223048885875e2,1.71290418007228794e2,8.03597420326040748e1,1.59579076839097023e0,3.23320369790262241e0,-9.87698862098339347e-1,9.93124736502149275e-1,4.67850162760196930e0,1.50690119093714383e1,1.63584423784612909e-13,2.20300760749199576e1,-8.73967564984923229e-11
2687,1.62753777592753863e2,1.70908001469852394e2,8.02442975878249456e1,1.59049268841969771e0,3.21749080256162445e0,-9.87714264493226413e-1,9.91903336964237603e-1,4.68380637389298382e0,1.55637228032548940e1,1.41615885684842624e-13,2.20319023381603607e1,-5.05480102219735272e-11
2688,1.63316235491744123e2,1.71854960888654290e2,8.04243115197794793e1,1.60697487141934525e0,-3.23809007372076119e0,-9.87650384574650930e-1,9.91558086495105573e-1,5.15734027106969783e0,-1.55639300691246962e1,1.34371680449163478e-13,2.69150355754954234e1,-5.01501062899478711e-11
2689,1.63611692355111018e2,1.72323924983086101e2,8.05924169939406880e1,1.61428862875635981e0,-3.25513256386886551e0,-9.87636944766076219e-1,9.92784252940560386e-1,5.14620130846101453e0,-1.50692137482804700e1,1.59115776110496654e-13,2.69128086845825472e1,-1.45661260830820538e-11
2690,1.63945987899545287e2,1.72839715917182616e2,8.08001695867676517e1,1.62237782410850118e0,-3.27292564332518587e0,-9.87623932155134887e-1,9.93965982520985447e-1,5.13277720233972623e0,-1.45745544473362365e1,1.80737369515071578e-13,2.69106415272287478e1,-7.17648163117701188e-11
2691,1.64326105747044352e2,1.73410013230718420e2,8.10542631817879453e1,1.63134945670369680e0,-3.29154437293887359e0,-9.87611350978031544e-1,9.95101301572844932e-1,5.11675084621614751e0,-1.40799508145569732e1,2.08080080943418011e-13,2.69085352065289065e1,-8.04476485427585430e-11
2692,1.64760663882287872e2,1.74044224451242769e2,8.13629719331103161e1,1.64132884778087340e0,-3.31107459040783603e0,-9.87599205353730469e-1,9.96187901916074092e-1,5.09774553299711108e0,-1.35854014516388570e1,2.38926933793237595e-13,2.69064908025805174e1,-7.89555087976623327e-11
2693,1.65260396743868682e2,1.74753984290356016e2,8.17366197347348162e1,1.65246333466611239e0,-3.33161505841930961e0,-9.87587499280358272e-1,9.97223049742806622e-1,5.07531087594180175e0,-1.30909049144634366e1,2.63553068258204348e-13,2.69045093712547967e1,-6.77715661367983557e-11
2694,1.65838812830042741e2,1.75553833308160279e2,8.21882214250442473e1,1.66492680087460032e0,-3.35328022335482867e0,-9.87576236631680704e-1,9.98203466087863811e-1,5.04890455731327314e0,-1.25964597139238972e1,3.02449038036556317e-13,2.69025919429885043e1,-5.21538368047913536e-12
2695,1.66513105582015157e2,1.76462154903971737e2,8.27343720639401567e1,1.67892524096934759e0,-3.37620382622031601e0,-9.87565421153662193e-1,9.99125168736825775e-1,5.01786833322261305e0,-1.21020643168226218e1,3.37771477454396063e-13,2.69007395215834677e1,-3.66497943105059676e-11
2696,1.67305436830131327e2,1.77502491354848416e2,8.33965014714722912e1,1.69470360094875616e0,-3.40054373099734386e0,-9.87555056461114189e-1,9.99983261334852047e-1,4.98139597132561107e0,-1.16077171468398905e1,3.82929798981024305e-13,2.68989530830344279e1,-4.46931380793103017e-11
2697,1.68244780156696066e2,1.78705428138278762e2,8.42026782233030957e1,1.71255417808244004e0,-3.42648853506116824e0,-9.87545146034433330e-1,1.00077164953344422e0,4.93848959953995958e0,-1.11134165855726312e1,4.21607193601403196e-13,2.68972335743755586e1,-4.74642547487746924e-12
2698,1.69369626352072487e2,1.80111351166178196e2,8.51902603896938189e1,1.73282689846242688e0,-3.45426685542998602e0,-9.87535693216438526e-1,1.00148265536343728e0,4.88789898034700165e0,-1.06191609736424795e1,4.67410832261094811e-13,2.68955819125481455e1,-7.02300440025283024e-11
2699,1.70732053247686281e2,1.81774582341193991e2,8.64098874888701118e1,1.75594179301601794e0,-3.48416074035136525e0,-9.87526701209315405e-1,1.00210648830821247e0,4.82803491329083467e0,-1.01249486118719538e1,5.15068890316605632e-13,2.68939989832990349e1,-1.52482471094117500e-11
2700,1.72404024099996036e2,1.83769761414303645e2,8.79316648851890079e1,1.78240391197923054e0,-3.51652561723446988e0,-9.87518173071666450e-1,1.00263051275828663e0,4.75684220831830817e0,-9.63077776252750972e0,5.69575636655272888e-13,2.68924856401054591e1,-9.26974053072626702e-11
2701,1.74487461680502804e2,1.86202025390394851e2,8.98550654192791995e1,1.81282064109950580e0,-3.55182089533470746e0,-9.87510111715676153e-1,1.00303822367869522e0,4.67160732571008364e0,-9.13664665062798953e0,6.25301893597551839e-13,2.68910427031329498e1,-6.14761574979638681e-11
2702,1.77130999855127186e2,1.89223890044101012e2,9.23254094383049022e1,1.84792066120245835e0,-3.59065845990834864e0,-9.87502519904398857e-1,1.00330780115152329e0,4.56865654464833248e0,-8.64255346531675528e0,6.82643178095965197e-13,2.68896709582217426e1,-5.68434188608080149e-11
2703,1.80559163255759699e2,1.93064580404988305e2,9.55625956271646970e1,1.88857206592983928e0,-3.63388216447592294e0,-9.87495400249165822e-1,1.00341005431345875e0,4.44286345497740243e0,-8.14849636129581789e0,7.38324332227868751e-13,2.68883711559171559e1,-1.54898316395701841e-11
2704,1.85126152942864138e2,1.98083961633063979e2,9.99140989757494822e1,1.93579312110945256e0,-3.68270283756318717e0,-9.87488755207126645e-1,1.00330547994742969e0,4.28681039264196606e0,-7.65447346031978082e0,7.89477858087472839e-13,2.68871440105285586e1,-7.17506054570549168e-11
2705,1.91422219160921969e2,2.04878950482727987e2,1.05959853169375123e2,1.99073968018345848e0,-3.73893622612746945e0,-9.87482587078920671e-1,1.00294004839972772e0,4.08929434553321070e0,-7.16048285274768226e0,8.30923871375510714e-13,2.68859901992314754e1,-1.25766064229537733e-11
2706,2.00503897764198939e2,2.14513331569866750e2,1.14739381348788243e2,2.05463045297781965e0,-3.80543857786092277e0,-9.87476898006486969e-1,1.00223920663020172e0,3.83253719155913242e0,-6.66652259915011758e0,8.78590603048401420e-13,2.68849103612157165e1,-4.39399627794045955e-11
2707,2.14455980655538923e2,2.29077562152139819e2,1.28306411987175267e2,2.12851419152081878e0,-3.88693307452234427e0,-9.87471689971018973e-1,1.00109953900549753e0,3.48674161820680339e0,-6.17259073196945884e0,9.23897677113094673e-13,2.68839050968701088e1,-9.13189523998880759e-11
2708,2.38016414795885339e2,2.53304379905965590e2,1.51332968275008113e2,2.21263357405372973e0,-3.99161454917510783e0,-9.87466964791060109e-1,9.99377842405249961e-1,2.99916107990156178e0,-5.67868525723022533e0,9.76775084426950713e-13,2.68829749670162386e1,-8.24513790576020256e-11
2709,2.84678788967196169e2,3.00625905897275629e2,1.97134719848358912e2,2.30474077563165558e0,-4.13418588537762055e0,-9.87462724120752644e-1,9.96878953253929501e-1,2.27286257220913246e0,-5.18480415629713143e0,9.76478663552993176e-13,2.68821204921869175e1,-2.41016095969825983e-11
2727,2.59015024501274638e2,2.74571052492189438e2,1.72898793104567886e2,2.33487030664351458e0,4.01680746604688999e0,-9.87470114825709677e-1,9.98331538664631646e-1,3.80201669386878738e0,3.70328657822594121e0,1.22843412959233733e-12,2.68800155328551895e1,-2.46984654950210825e-11
2728,2.27869314879071965e2,2.42818632931890306e2,1.42312418547382890e2,2.22924516952337859e0,3.92186786311895785e0,-9.87475168016533789e-1,1.00042668597412687e0,4.05822864129909622e0,4.19710688886600281e0,1.17914944301744651e-12,2.68806403251507859e1,-3.19033688356284983e-11
2729,2.09857706214926793e2,2.24218275924102812e2,1.24671286286473560e2,2.13934152601051597e0,3.84681002169173381e0,-9.87480702998799198e-1,1.00197176416821709e0,4.24267826199837739e0,4.69094538767761904e0,1.10455394830566433e-12,2.68813420859287504e1,-2.52526888289139606e-11
2730,1.98306814545133193e2,2.12121835090178791e2,1.13392078709501959e2,2.06294907631909163e0,3.78423728675664872e0,-9.87486717856146723e-1,1.00307856179207588e0,4.38552655256154011e0,5.18480415629713232e0,1.04251980312386472e-12,2.68821204193442753e1,-6.42046416032826528e-11
2731,1.90383171381562875e2,2.03698122155036856e2,1.05681588748955676e2,1.99793443141098170e0,3.73022107342577813e0,-9.87493210510514863e-1,1.00383515606898310e0,4.50138241731359035e0,5.67868525723022533e0,9.85172447093285442e-13,2.68829748874029981e1,-8.30766566650709137e-11
2732,1.84682882107782689e2,1.97539781968469356e2,1.00157055736843276e2,1.94243320610843351e0,3.68247981628831234e0,-9.87500178724117883e-1,1.00430971310902506e0,4.59810373211248358e0,6.17259073196945884e0,9.38736935407469275e-13,2.68839050105325725e1,-2.28936869461904280e-11
2733,1.80433569022822553e2,1.92869791465188428e2,9.60584431761660937e1,1.89487423611154338e0,3.63958599135072447e0,-9.87507620101567007e-1,1.00455461572549853e0,4.68032854634656559e0,6.66652259915011758e0,8.92255019868670729e-13,2.68849102682024821e1,-5.94582161284051836e-11
2734,1.77176791007677537e2,1.89225202630152296e2,9.29350757525655666e1,1.85395319914696199e0,3.60058767638484500e0,-9.87515532092133830e-1,1.00461007661503143e0,4.75103371767040628e0,7.16048285274768226e0,8.49969400418260079e-13,2.68859900995950269e1,-3.65929508916451596e-11
2735,1.74624321452027004e2,1.86313780722679752e2,9.05038879296119063e1,1.81859381960797184e0,3.56481428263430722e0,-9.87523911992146841e-1,1.00450704605586738e0,4.81227592815101080e0,7.65447346031978082e0,8.09189520944997298e-13,2.68871439043248586e1,-6.93205493007553741e-11
2736,1.72586578704388472e2,1.83942486865803886e2,8.85788729476523571e1,1.78790951575448465e0,3.53177074495938692e0,-9.87532756947523516e-1,1.00426946097639647e0,4.86556606197814556e0,8.14849636129581611e0,7.47525305544449736e-13,2.68883710432063694e1,-7.03153091308195144e-11
2737,1.70934244011573185e2,1.81979051259344516e2,8.70332696051577841e1,1.76116953286495770e0,3.50107694567925876e0,-9.87542063956426741e-1,1.00391595081149010e0,4.91206881506383475e0,8.64255346531675528e0,6.89576867829444495e-13,2.68896708390665005e1,-6.34514663033769466e-11
2738,1.69576422030411265e2,1.80330064443763973e2,8.57780603828100396e1,1.73777040318286380e0,3.47243148082980868e0,-9.87551829872043707e-1,1.00346111956233286e0,4.95271480226643757e0,9.13664665062798775e0,6.32244256948411021e-13,2.68910425775990305e1,-9.76285718934377655e-12
2739,1.68447598092058797e2,1.78927865636575746e2,8.47491390671276861e1,1.71721242622347625e0,3.44558909832045801e0,-9.87562051405485364e-1,1.00291650627737128e0,4.98826697239382266e0,9.63077776252750972e0,5.76247383143879688e-13,2.68924855082626486e1,-2.29931629291968420e-11
2740,1.67499528961432674e2,1.77722372629923825e2,8.38993378613156295e1,1.69908050363675889e0,3.42034610501806036e0,-9.87572725128792683e-1,1.00229130490311769e0,5.01936220939637678e0,1.01249486118719521e1,5.28408913846867279e-13,2.68939988452194285e1,-2.33626451517920941e-11
2741,1.66696026534885675e2,1.76675814205878140e2,8.31933023910915068e1,1.68302860904990492e0,3.39653057701465766e0,-9.87583847478056387e-1,1.00159290521036848e0,5.04653891010694977e0,1.06191609736424830e1,4.70710276312402698e-13,2.68955817683075473e1,-5.20543608217849396e-11
2742,1.66009503340489857e2,1.75759233276207738e2,8.26041000412048021e1,1.66876723275749539e0,3.37399555765339842e0,-9.87595414756632817e-1,1.00082730091173699e0,5.07025628822067542e0,1.11134165855726312e1,4.26155638555414384e-13,2.68972334240525512e1,-6.52420339974923991e-11
2743,1.65418626445090467e2,1.74950106068479016e2,8.21109181189295469e1,1.65605323514507430e0,3.35261417172462428e0,-9.87607423138458951e-1,9.99999399093276509e-1,5.09090856053586016e0,1.16077171468398905e1,3.81049358733065446e-13,2.68989529267105603e1,-1.84599002750474028e-11
2744,1.64906688665685152e2,1.74230684925986623e2,8.16974668640872466e1,1.64468163941151224e0,3.33227600622094977e0,-9.87619868671458012e-1,9.99113256102970859e-1,5.10883580310805030e0,1.21020643168226218e1,3.38895578266829034e-13,2.69007393593419728e1,-1.58308921527350321e-11
2745,1.64460455610395172e2,1.73586822064652580e2,8.13508497385002300e1,1.63447898142435832e0,3.31288435367867162e0,-9.87632747281027346e-1,9.98172258408996482e-1,5.12433252629582103e0,1.25964597139238972e1,3.05845626602518905e-13,2.69025917749172478e1,-1.00470742836478166e-11
2746,1.64069335339535002e2,1.73007120089749833e2,8.10607503470201607e1,1.62529790883221303e0,3.29435406050132373e0,-9.87646054773606896e-1,9.97179262081015150e-1,5.13765460964674059e0,1.30909049144634366e1,2.70457267692592040e-13,2.69045091974425077e1,-6.42188524579978548e-11
2747,1.63724771061427305e2,1.72482308885028260e2,8.08188381235851097e1,1.61701278286847372e0,3.27660981179586530e0,-9.87659786840322407e-1,9.96136700994714075e-1,5.14902500645186745e0,1.35854014516388553e1,2.38038755373537469e-13,2.69064906231185965e1,-2.27231566896080039e-11
2748,1.63419790728605903e2,1.72004782097176189e2,8.06183278249092865e1,1.60951608599577445e0,3.25958473970541451e0,-9.87673939060692119e-1,9.95046671261768378e-1,5.15863849298321941e0,1.40799508145569732e1,2.05037375966554691e-13,2.69085350215123640e1,-5.16422460350440815e-11
2749,1.63148668753769243e2,1.71568247922640097e2,8.04536488719052443e1,1.60271547842382778e0,3.24321927743918614e0,-9.87688506906396313e-1,9.93910997483814507e-1,5.16666565603045314e0,1.45745544473362347e1,1.80334913668644958e-13,2.69106413367528496e1,-1.24344978758017533e-11
2750,1.62906668997415125e2,1.71167462940894865e2,8.03201942722173641e1,1.59653137833997105e0,3.22746020407001044e0,-9.87703485745102916e-1,9.92731285030170718e-1,5.17325626114866388e0,1.50692137482804736e1,1.57297785907672960e-13,2.69128084887464070e1,-7.93676235844031908e-11
2751,1.62689847431116561e2,1.70798027072856030e2,8.02141279459702332e1,1.59089496595681434e0,3.21225984032241607e0,-9.87718870844341623e-1,9.91508961506097464e-1,5.17854211034972600e0,1.55639300691246962e1,1.36800293315531007e-13,2.69150353743995261e1,-2.08331130124861374e-11
2752,1.63217664355277805e2,1.71695313809446787e2,8.03728380234026361e1,1.60771003790665157e0,-3.23093163742275102e0,-9.87655529151031719e-1,9.91121829042257430e-1,5.65304105232990217e0,-1.55641576202827121e1,1.24775190180059781e-13,3.22867805962509209e1,-9.77706804405897856e-12
2753,1.63496825580475388e2,1.72143079992767326e2,8.05260383540255305e1,1.61533946166335007e0,-3.24722346133112616e0,-9.87642106142308629e-1,9.92349233322787905e-1,5.64213180922104129e0,-1.50694353403658141e1,1.50310319746438381e-13,3.22841147189542710e1,-7.70086217016796581e-11
2754,1.63811361998623568e2,1.72633619134818161e2,8.07156364652965692e1,1.62375177051286035e0,-3.26416206859034119e0,-9.87629109832950380e-1,9.93532946268805950e-1,5.62900459945137310e0,-1.45747699672942534e1,1.68351443896597175e-13,3.22815203619920439e1,-1.18518528324784711e-11
2755,1.64167341152728113e2,1.73173597357677522e2,8.09474545060130168e1,1.63305023944505723e0,-3.28180438164136090e0,-9.87616544450508949e-1,9.94671183012543536e-1,5.61338019349083162e0,-1.40801601515922794e1,1.95624766385904536e-13,3.22789988449449652e1,-8.09023958936450072e-11
2756,1.64572170068721107e2,1.73771093254440785e2,8.12286113983172413e1,1.64335481064950950e0,-3.30021418729794469e0,-9.87604414105503592e-1,9.95761882258464848e-1,5.59493264888973929e0,-1.35856044973412349e1,2.24476687238350792e-13,3.22765514598683154e1,-1.38129507831763476e-11
2757,1.65034963595537477e2,1.74435977938698301e2,8.15678821219287471e1,1.65480519635851930e0,-3.31946324881539923e0,-9.87592722787834942e-1,9.96802635794616698e-1,5.57327974604617449e0,-1.30911015629325522e1,2.55847426577915371e-13,3.22741794698271747e1,-5.20543608217849396e-11
2758,1.65567036225444667e2,1.75180420841834547e2,8.19761780480381645e1,1.66756460847644949e0,-3.33963268920635858e0,-9.87581474363271705e-1,9.97790597908062349e-1,5.54797101181486596e0,-1.25966498618923257e1,2.85240581154866391e-13,3.22718841074452030e1,-7.69233565733884461e-11
2759,1.66182567143100130e2,1.76019571489285397e2,8.24671972580921420e1,1.68182423858998820e0,-3.36081474876313324e0,-9.87570672570020403e-1,9.98722368341719902e-1,5.51847254921873454e0,-1.21022478637770607e1,3.21773857558937948e-13,3.22696665734780126e1,-7.09690084477188066e-11
2760,1.66899512092196545e2,1.76972491417737871e2,8.30583172855460248e1,1.69780862780459274e0,-3.38311507268586098e0,-9.87560321015381937e-1,9.99593840250200927e-1,5.48414755672481924e0,-1.16078939951403157e1,3.60957791434302067e-13,3.22675280354062508e1,-7.72075736676924862e-11
2761,1.67740873006377541e2,1.78063447838931268e2,8.37718395653095058e1,1.71578207563160334e0,-3.40665576974576334e0,-9.87550423172498859e-1,1.00040000166862897e0,5.44423090119578568e0,-1.11135866405690820e1,4.03680561200658872e-13,3.22654696260566354e1,-7.33848537493031472e-11
2762,1.68736496218822111e2,1.79323740575028438e2,8.46367539495898171e1,1.73605623188468505e0,-3.43157962149819662e0,-9.87540982377204779e-1,1.00113467505678044e0,5.39779528181680135e0,-1.06193241437893136e1,4.51461784622964046e-13,3.22634924422516605e1,-8.58335624798201025e-12
2763,1.69925668482628680e2,1.80794332158719840e2,8.56912887977517101e1,1.75899897822508877e0,-3.45805605085742362e0,-9.87532001824973804e-1,1.00179017424802375e0,5.34370517131419653e0,-1.01251048088392697e1,4.95728458282940210e-13,3.22615975434912485e1,-5.63886715099215508e-11
2764,1.71360946506745051e2,1.82529717165546344e2,8.69866765248323901e1,1.78504460475808813e0,-3.48628984409511977e0,-9.87523484567981225e-1,1.00235685137430153e0,5.28055245544615026e0,-9.63092690130955020e0,5.43953770915095447e-13,3.22597859506683307e1,-3.63371555067715235e-11
2765,1.73113946536654566e2,1.84603756799493681e2,8.85928517267100659e1,1.81470506242606922e0,-3.51653427808906383e0,-9.87515433512276330e-1,1.00282249801094636e0,5.20656379404640823e0,-9.13678864964825088e0,6.01211788686661919e-13,3.22580586448207427e1,-7.19921899872133508e-11
2766,1.75284347575822949e2,1.87118729656234933e2,9.06073196509938867e1,1.84858161227649220e0,-3.54911144703762371e0,-9.87507851415078131e-1,1.00317155546445780e0,5.11946284515079153e0,-8.64268824652960177e0,6.51780712734861822e-13,3.22564165659248374e1,-9.55964196691638790e-11
2767,1.78014358359439427e2,1.90219841008375994e2,9.31694172786169474e1,1.88737528675470401e0,-3.58444460369758788e0,-9.87500740882190753e-1,1.00338408096445142e0,5.01625802139800303e0,-8.14862385028434488e0,7.17337647615501339e-13,3.22548606117303223e1,-5.16990894539048895e-11
2768,1.81512877273037304e2,1.94119400132916553e2,9.64841445884558055e1,1.93189282014728980e0,-3.62311097532480542e0,-9.87494104365551517e-1,1.00343441536644140e0,4.89290323390212922e0,-7.65459358638979737e0,7.78920331012677991e-13,3.22533916366392646e1,-6.22293327978695743e-11
2769,1.86097739710914198e2,1.99139012144703258e2,1.00863858812239471e2,1.98304130130652712e0,-3.66593022210333297e0,-9.87487944160908460e-1,1.00328951787903708e0,4.74373469957204730e0,-7.16059554901747042e0,8.23451550002740618e-13,3.22520104506344722e1,-8.02202748673153110e-11
2770,1.92273845500903406e2,2.05787458489990371e2,1.06805409127108874e2,2.04179816644334444e0,-3.71411627769594954e0,-9.87482262405638855e-1,1.00290700579460368e0,4.56049985930189106e0,-6.66662780263590271e0,8.65597524213335134e-13,3.22507178182575558e1,-3.87103682442102581e-11
2771,2.00888048991717312e2,2.14914843482087775e2,1.15143098257646400e2,2.10913005320688418e0,-3.76954414401230586e0,-9.87477061076707296e-1,1.00223312893772043e0,4.33062040296454498e0,-6.17268838366628358e0,9.15723226413422964e-13,3.22495144576351578e1,-1.92699189938139170e-11
2772,2.13464838303367799e2,2.28046184697807973e2,1.27380226126697877e2,2.18580782112325833e0,-3.83522794380424425e0,-9.87472341988769098e-1,1.00120135174838953e0,4.03398284447304967e0,-5.67877530218813487e0,9.73606178317210080e-13,3.22484010395652803e1,-6.97895075063570403e-11
2773,2.33025419284504210e2,2.48194409846245520e2,1.46498100205122341e2,2.27201223081781256e0,-3.91618432769915170e0,-9.87468106792423805e-1,9.99733145798705203e-1,3.63689018741120451e0,-5.18488654369241875e0,1.03287864372525462e-12,3.22473781866554745e1,-7.64401875130715780e-11
2774,2.66449878888528076e2,2.82202540971382348e2,1.79289015392268311e2,2.36652144625596117e0,-4.02094888724525745e0,-9.87464356972618584e-1,9.97744342561580289e-1,3.08087780072556461e0,-4.69102007087903861e0,1.05799895754044027e-12,3.22464464725211428e1,-8.99120777830830775e-11
2790,2.49662219142942973e2,2.65082191812237227e2,1.63639828579513846e2,2.39252867455626150e0,3.91156859094892528e0,-9.87470924656169702e-1,9.98876590268330977e-1,4.52972857054241285e0,3.20953369054708126e0,1.30385047376890828e-12,3.22442030945744804e1,-9.40758582146372646e-12
2791,2.25080052723486148e2,2.39959148596580462e2,1.39525756943657740e2,2.28793470358909667e0,3.84792886387270627e0,-9.87475488458234296e-1,1.00062892563771655e0,4.68695819145586956e0,3.70334573021516977e0,1.20954028043351869e-12,3.22448584430882335e1,-7.65680852055083960e-11
2792,2.09442540137573189e2,2.23790662746675196e2,1.24224761942395418e2,2.19686278863208040e0,3.79385478539344367e0,-9.87480535188264619e-1,1.00198705437684543e0,4.81195072852409567e0,4.19717382549572626e0,1.12909009399031479e-12,3.22456063502006245e1,-4.37410108133917674e-11
2793,1.98804923892177044e2,2.12650661087751843e2,1.13845630028361782e2,2.11786000021289178e0,3.74611151504697792e0,-9.87486063097155142e-1,1.00300434247091008e0,4.91711409537529942e0,4.69102007087903861e0,1.07635818660800631e-12,3.22464463934788839e1,-4.99227326145046391e-11
2794,1.91215897239347214e2,2.04592448688391102e2,1.06464961603376580e2,2.04941101250100255e0,3.70295546955445953e0,-9.87492070272611100e-1,1.00373142503045165e0,5.00846696609152442e0,5.18488654369241786e0,1.00811416506307872e-12,3.22473780994596666e1,-5.61897195439087227e-11
2795,1.85604977762255942e2,1.98545177555654362e2,1.01028516141919084e2,1.99008604500196062e0,3.66336491028128908e0,-9.87498554640972359e-1,1.00421288255444030e0,5.08919156923762550e0,5.67877530218813398e0,9.69233374115141544e-13,3.22484009442659953e1,-4.68673988507362083e-11
2796,1.81339065604674801e2,1.93873617566652570e2,9.69134080810383693e1,1.93859900688310960e0,3.62669436314145521e0,-9.87505513969186843e-1,1.00448638968858051e0,5.16113523825607423e0,6.17268838366628358e0,9.17784945264621399e-13,3.22495143542863190e1,-4.55600002169376239e-11
2797,1.78021734995464442e2,1.90178690531526314e2,9.37300063271751043e1,1.89382304321599970e0,3.59250622697510824e0,-9.87512945866924507e-1,1.00458304905569773e0,5.22549127625539001e0,6.66662780263590182e0,8.69288148408475791e-13,3.22507177069178823e1,-4.07709421779145487e-11
2798,1.75393369092286889e2,1.87198103885426519e2,9.12234074385999776e1,1.85478595844250127e0,3.56048365582016846e0,-9.87520847788834755e-1,1.00452820228421591e0,5.28312041900546170e0,7.16059554901747042e0,8.32710636555766825e-13,3.22520103313670106e1,-6.50572928861947730e-11
2799,1.73277682261486405e2,1.84753068324288392e2,8.92207025031240306e1,1.82065676607626470e0,3.53038342384953419e0,-9.87529217036936302e-1,1.00434235857140286e0,5.33470547873163525e0,7.65459358638979825e0,7.81749665001996163e-13,3.22533915095104149e1,-4.94679852636181749e-11
2800,1.71551349578137206e2,1.82717993071262498e2,8.76010481812512722e1,1.79072909053867790e0,3.50200951479137013e0,-9.87538050763140940e-1,1.00404207481193142e0,5.38082598173705762e0,8.14862385028434311e0,7.23823778692178621e-13,3.22548604768114018e1,-6.69331257086014375e-12
2801,1.70125909723659845e2,1.81002398488432164e2,8.62778450775069814e1,1.76440430010560689e0,3.47519787522529588e0,-9.87547345971902857e-1,1.00364072277942618e0,5.42199397619127588e0,8.64268824652959999e0,6.58891344262890755e-13,3.22564164232911850e1,-2.03925765163148753e-11
2802,1.68936540809864709e2,1.79539678117821268e2,8.51876925913124694e1,1.74117574544585429e0,3.44980735383267811e0,-9.87557099522989090e-1,1.00314912873125972e0,5.45867112262973198e0,9.13678864964825088e0,6.02516300740596478e-13,3.22580584945514914e1,-6.73452404953422956e-11
2803,1.67934859333472843e2,1.78279875139448023e2,8.42833081462128462e1,1.72061467742590524e0,3.42571414131282337e0,-9.87567308134370436e-1,1.00257609319977159e0,5.49127699928128443e0,9.63092690130955198e0,5.50531842335999499e-13,3.22597857928462020e1,-8.17266254671267234e-11
2804,1.67084164497420716e2,1.77184902212555670e2,8.35288545563937106e1,1.70235799666180143e0,3.40280822488139245e0,-9.87577968385219718e-1,1.00192880712799148e0,5.52019349558770323e0,1.01251048088392679e1,5.00380986645510006e-13,3.22615973782031134e1,-3.02691205433802679e-12
2805,1.66356217813055650e2,1.76225297583504329e2,8.28967782963259623e1,1.68609777421916140e0,3.38099102004085150e0,-9.87589076719022074e-1,1.00121318217013777e0,5.54576762369635734e0,1.06193241437893118e1,4.56044924046494771e-13,3.22634922695877009e1,-2.01794136955868453e-11
2806,1.65729014088467011e2,1.75377974752033055e2,8.23656227488700665e1,1.67157238429412769e0,3.36017370204073229e0,-9.87600629446781841e-1,1.00043411168725127e0,5.56831380280405597e0,1.11135866405690837e1,4.06303463096335804e-13,3.22654694461110836e1,-2.01936245503020473e-11
2807,1.65185208555691190e2,1.74624630791862387e2,8.19184862883199685e1,1.65855905348881261e0,3.34027596236706126e0,-9.87612622750327906e-1,9.99595676616226614e-1,5.58811604457384004e0,1.16078939951403157e1,3.61620455802125207e-13,3.22675278482766075e1,-5.92024207435315475e-11
2808,1.64710987799930706e2,1.73950600944457676e2,8.15419162204825625e1,1.64686762800400488e0,3.32122503134826008e0,-9.87625052685708882e-1,9.98701307870493160e-1,5.60543017252250309e0,1.21022478637770625e1,3.29215821270878450e-13,3.22696663792646774e1,-9.85949100140715018e-11
2809,1.64295246732332487e2,1.73344021518973562e2,8.12251030844001320e1,1.63633537311250832e0,3.30295487443181068e0,-9.87637915186672988e-1,9.97753914625281513e-1,5.62048608008187323e0,1.25966498618923257e1,2.89258200725228676e-13,3.22718839062518938e1,-3.74598130292724818e-11
2810,1.63928980293511103e2,1.72795209521615305e2,8.09592855589803264e1,1.62682263935246918e0,3.28540550794982433e0,-9.87651206068225762e-1,9.96755985881324968e-1,5.63348998569791704e0,1.30911015629325522e1,2.57360105448967147e-13,3.22741792617607359e1,-4.85158579976996407e-11
2811,1.63604828186389398e2,1.72296197045317342e2,8.07373053622434185e1,1.61820925192494092e0,3.26852240221518908e0,-9.87664921030261489e-1,9.95709671100956650e-1,5.64462663486905480e0,1.35856044973412349e1,2.22259710636052432e-13,3.22765512450378935e1,-8.18403123048483394e-11
2812,1.63316730220577767e2,1.71840377753606646e2,8.05532704997150546e1,1.61039150115971452e0,3.25225595244369758e0,-9.87679055661261462e-1,9.94616844435492808e-1,5.65406140622084497e0,1.40801601515922759e1,1.97369898202737204e-13,3.22789986234633659e1,-7.20916659702197649e-11
2813,1.63059662642281182e2,1.71422235612164087e2,8.04022977942188533e1,1.60327963136993890e0,3.23656100522947865e0,-9.87693605442052647e-1,9.93479156060039226e-1,5.66194229078449052e0,1.45747699672942552e1,1.73173975159812699e-13,3.22815201339757749e1,-1.15676357381744310e-11
2814,1.62829434462213783e2,1.71037134689638009e2,8.02803141171366832e1,1.59679574248381395e0,3.22139643243053664e0,-9.87708565749622847e-1,9.92298073350942444e-1,5.66840172568949452e0,1.50694353403658123e1,1.48846213132713956e-13,3.22841144845194421e1,-4.77200501336483285e-11
2815,1.62622528716603654e2,1.70681154799762908e2,8.01839015571827645e1,1.59087203346159489e0,3.20672474667315832e0,-9.87723931860982951e-1,9.91074914035091292e-1,5.67355827358562603e0,1.55641576202827103e1,1.31027133587480193e-13,3.22867803555179194e1,-6.76436684443615377e-12
2816,1.63116042021441160e2,1.71528945912276129e2,8.03220133341353630e1,1.60785902536043390e0,-3.22349809132532750e0,-9.87661134105166649e-1,9.90645609928141990e-1,6.14936036161486310e0,-1.55644053321331963e1,1.21500032257415569e-13,3.81472218144002113e1,-5.70139491173904389e-11
2817,1.63378881108087683e2,1.71955333334462438e2,8.04602998407004577e1,1.61573213264199267e0,-3.23903572674963192e0,-9.87647729383704709e-1,9.91874092778899819e-1,6.13886089485953335e0,-1.50696765640232488e1,1.41268940989647263e-13,3.81440790646687518e1,-4.66542360300081782e-11
2818,1.63673749488283931e2,1.72420561704910540e2,8.06318460566557889e1,1.62438526305829178e0,-3.25512034961384034e0,-9.87634750819138763e-1,9.93059612111101386e-1,6.12623906649568895e0,-1.45750045797823322e1,1.62765634303951856e-13,3.81410206436214949e1,-4.78053152619395405e-11
2819,1.64005867991813176e2,1.72930358494807109e2,8.08416683991579816e1,1.63391636479941971e0,-3.27179240422164774e0,-9.87622202629609203e-1,9.94200559118716964e-1,6.11125663916747630e0,-1.40803880323935111e1,1.85254589446515183e-13,3.81380481056445433e1,-4.72084593639010563e-11
2820,1.64381538473065632e2,1.73491586885044882e2,8.10958315008233512e1,1.64443816598203507e0,-3.28909588669655184e0,-9.87610088916450302e-1,9.95295100099182539e-1,6.09364120285546385e0,-1.35858255285339276e1,2.09159078945475585e-13,3.81351629726836521e1,-6.36788399788201787e-11
2821,1.64808418525558864e2,1.74112527766479360e2,8.14017167517408069e1,1.65608067282018068e0,-3.30707865033879678e0,-9.87598413660616292e-1,9.96341123187277300e-1,6.07308059071540018e0,-1.30913156293262887e1,2.41008601964409763e-13,3.81323667325190527e1,-6.13340489508118480e-11
2822,1.65295879897035434e2,1.74803246455552483e2,8.17683731116845820e1,1.66899409926566999e0,-3.32579274138420233e0,-9.87587180719178281e-1,9.97336171446515540e-1,6.04921627902547954e0,-1.25968568511616894e1,2.70599515017622139e-13,3.81296608370589780e1,-7.07842673364211805e-11
2823,1.65855480683843325e2,1.75576074285277571e2,8.22069798691715192e1,1.68335228793812330e0,-3.34529477840214939e0,-9.87576393821904097e-1,9.98277358628326450e-1,6.02163554862805306e0,-1.21024476665934326e1,3.07944642008450842e-13,3.81270467006588802e1,-1.33582034322898835e-12
2824,1.66501593985322529e2,1.76446247785539470e2,8.27314634881815607e1,1.69935667816097014e0,-3.36564639971148560e0,-9.87566056567926731e-1,9.99161262934800787e-1,5.98986211291087667e0,-1.16080865053013209e1,3.47662870714415817e-13,3.81245256984680125e1,-5.32622834725771099e-11
2825,1.67252254395990235e2,1.77432766764233151e2,8.33593291844660058e1,1.71724086221867456e0,-3.38691482256877663e0,-9.87556172422500267e-1,9.99983792958043183e-1,5.95334480741462979e0,-1.11137717551255566e1,3.87526816192362844e-13,3.81220991648040268e1,-9.70459268501144834e-11
2826,1.68130311905100029e2,1.78559560602309517e2,8.41127957802653583e1,1.73727573745307051e0,-3.40917359100607964e0,-9.87546744713860059e-1,1.00074001865912177e0,5.91144376351668122e0,-1.06195017631694739e1,4.27904239819199006e-13,3.81197683915657919e1,-1.50635059981141239e-12
2827,1.69165025983124963e2,1.79857094935718237e2,8.50203651727741914e1,1.75977519626267909e0,-3.43250364496812432e0,-9.87537776630181496e-1,1.00142395893247982e0,5.86341321071517552e0,-1.01252748369698029e1,4.78516531954298330e-13,3.81175346266806727e1,-4.83737494505476207e-11
2828,1.70394300105494125e2,1.81364617736954642e2,8.61190245758042323e1,1.78510217706158514e0,-3.45699493622863763e0,-9.87529271216649018e-1,1.00202831632310807e0,5.80837959643938806e0,-9.63108924573344183e0,5.28372484653871766e-13,3.81153990725911100e1,-8.52935500006424263e-11
2829,1.71867864434423041e2,1.83133350151438037e2,8.74573861479074566e1,1.81367469261171155e0,-3.48274896937822342e0,-9.87521231372640917e-1,1.00254414956946558e0,5.74531295703476896e0,-9.13694322163899386e0,5.76321976253346691e-13,3.81133628847902344e1,-1.92130755749531090e-11
2830,1.73651889296308951e2,1.85231100346732774e2,8.91002418871194379e1,1.84597110403782283e0,-3.50988289487035754e0,-9.87513659849029612e-1,1.00296047734338600e0,5.67298821528441888e0,-8.64283496120163264e0,6.31604143985775579e-13,3.81114271703975618e1,-2.73701061814790592e-11
2831,1.75835803631735644e2,1.87749066562098534e2,9.11353004408818919e1,1.88253333630169895e0,-3.53853618051491248e0,-9.87506559245608262e-1,1.00326381475812676e0,5.58993098553337209e0,-8.14876262669943685e0,6.87052845171898241e-13,3.81095929867906875e1,-7.63975549489259720e-11
2832,1.78542591232235964e2,1.90812087656818022e2,9.36833662895235904e1,1.92396581016930557e0,-3.56888151762931116e0,-9.87499932008645165e-1,1.00343766331000395e0,5.49433900854863655e0,-7.65472434765913068e0,7.50141268546222761e-13,3.81078613402857016e1,-1.74651404449832626e-11
2833,1.81944714886041879e2,1.94594464823055119e2,9.69140903340214379e1,1.97092642273060559e0,-3.60114258350326244e0,-9.87493780428569390e-1,1.00346201448385286e0,5.38396472208419574e0,-7.16071822239923250e0,8.02967067836668491e-13,3.81062331848751796e1,-3.11359826810075901e-11
2834,1.86289410556179689e2,1.99345047940793876e2,1.01070996478266764e2,2.02410372674324224e0,-3.63562269004847760e0,-9.87488106637796959e-1,1.00331300332143214e0,5.25593565083856440e0,-6.66674231962813835e0,8.50481143843673237e-13,3.81047094210241255e1,-8.36166691442485899e-11
2835,1.91940081578957603e2,2.05428225886425366e2,1.06512444459682271e2,2.08417134717733621e0,-3.67275020468329938e0,-9.87482912608694030e-1,1.00296298521981386e0,5.10647633310672155e0,-6.17279468009479082e0,8.94224798375642393e-13,3.81032908945293372e1,-1.07007736005471088e-11
2836,1.99446338702743788e2,2.13393194450787860e2,1.13780939403731537e2,2.15170670499867489e0,-3.71314849266369285e0,-9.87478200151687857e-1,1.00238153765497695e0,4.93047921175243431e0,-5.67887331828925923e0,9.42793152575172044e-13,3.81019783954377331e1,-4.30020463682012632e-11
2837,2.09667001170688991e2,2.24095482400299630e2,1.23724829067347770e2,2.22705730634066068e0,-3.75773809290703786e0,-9.87473970913524401e-1,1.00153822819121086e0,4.72086064015470708e0,-5.18497622419047843e0,1.00246113493573930e-12,3.81007726570371901e1,-2.40447661781217903e-11
2838,2.23995164891356239e2,2.38919171789655735e2,1.37720916020528506e2,2.31013779963120713e0,-3.80787072470508425e0,-9.87470226375678606e-1,1.00040839453948394e0,4.46766579852469814e0,-4.69110136505825448e0,1.07280807501441977e-12,3.80996743549105332e1,-5.41433564649196342e-11
2839,2.44788662260696526e2,2.60201748036484275e2,1.58100043432213766e2,2.40015432049378408e0,-3.86546107056659327e0,-9.87466967852919542e-1,9.98983408059728295e-1,4.15706402891967652e0,-4.19724668726648886e0,1.14059955057255191e-12,3.80986841060628194e1,-3.89519527743686922e-11
2852,2.60265614743735568e2,2.75858847958478918e2,1.73961802044963207e2,2.52401124821878931e0,3.79477041329171527e0,-9.87469123345655730e-1,9.98227080692464908e-1,5.34249666378460475e0,2.22198809171482736e0,1.50584547001925140e-12,3.80958138462387907e1,-6.46025455353083089e-11
2853,2.35748576698969543e2,2.50904877508409470e2,1.49909928392232899e2,2.41931372281468393e0,3.77296361781673006e0,-9.87472711696112837e-1,9.99790907662449602e-1,5.36598578831047313e0,2.71578293192166464e0,1.34219057309342693e-12,3.80963669000625700e1,-5.53370682609966025e-11
2854,2.18796010839769764e2,2.33491211627808838e2,1.33313605448793140e2,2.32364280608551255e0,3.74691688871228301e0,-9.87476785298846860e-1,1.00112499127283261e0,5.40538286556944048e0,3.20958956803294759e0,1.23513460743851500e-12,3.80970298745728826e1,-3.86108922612038441e-11
2855,2.06666550555468746e2,2.20902167587241621e2,1.21466842648012062e2,2.23739119535449804e0,3.71878791623566185e0,-9.87481342739283008e-1,1.00221815259142244e0,5.45372457237002273e0,3.70341011817446786e0,1.15233430436623152e-12,3.80978023943257256e1,-4.15667500419658609e-11
2856,1.97736607270759464e2,2.11526733455072986e2,1.12768056389289939e2,2.16033583071139113e0,3.68975988307059399e0,-9.87486382436847276e-1,1.00307729408391277e0,5.50683090713279899e0,4.19724668726648886e0,1.08156322439767472e-12,3.80986840225536838e1,-7.22906179362325929e-11
2857,1.91002231031516146e2,2.04366738407596614e2,1.06227737537273896e2,2.09190477697818267e0,3.66053521327131293e0,-9.87491902646479902e-1,1.00371893512479149e0,5.56194351332226944e0,4.69110136505825537e0,1.03951612942521088e-12,3.80996742617372703e1,-1.76356707015656866e-11
2858,1.85818640688687736e2,1.98779600676486638e2,1.01211001200998894e2,2.03135501679926245e0,3.63155369033509423e0,-9.87497901460306027e-1,1.00416358108957504e0,5.61714937811314829e0,5.18497622419047755e0,9.94589827163494533e-13,3.81007725542535312e1,-1.80904180524521507e-11
2859,1.81757854569361768e2,1.94337650703890574e2,9.72968823924693424e1,1.97788491565555336e0,3.60309823099965021e0,-9.87504376809452133e-1,1.00443234230567269e0,5.67110670434096686e0,5.67887331828925923e0,9.41261825426753518e-13,3.81019782831021772e1,-1.30739863379858434e-11
2860,1.78527554165607341e2,1.90747906588343000e2,9.41981719201214105e1,1.93070150717505129e0,3.57535098234421866e0,-9.87511326466014139e-1,1.00454511227592369e0,5.72289128755778531e0,6.17279468009479082e0,8.97503425745238559e-13,3.81032907727049448e1,-5.14006615048856474e-11
2861,1.75923052742561367e2,1.87804541779971544e2,9.17139828933587182e1,1.88905790594596512e0,3.54842578606583903e0,-9.87518748045164041e-1,1.00451973193640631e0,5.77189463614103193e0,6.66674231962813835e0,8.57318556424235823e-13,3.81047092897802173e1,-4.84874362882692367e-11
2862,1.73797874511689230e2,1.85359739361271465e2,8.97007143204889275e1,1.85227168924034391e0,3.52238855025599529e0,-9.87526639007399898e-1,1.00437173150027936e0,5.81774795551236057e0,7.16071822239923250e0,8.06496362748543305e-13,3.81062330442854318e1,-7.58575424697482958e-11
2863,1.72045176095156933e2,1.83305264486050760e2,8.80537290158415829e1,1.81973158925753054e0,3.49727093473438444e0,-9.87534996660928810e-1,1.00411438403754238e0,5.86026220463211978e0,7.65472434765913068e0,7.54632467625526715e-13,3.81078611904288351e1,-8.48814352139015682e-11
2864,1.70585691910657658e2,1.81560490881529205e2,8.66954752521277641e1,1.79089731455362533e0,3.47308002545885941e0,-9.87543818164181131e-1,1.00375890871702134e0,5.89938020309101052e0,8.14876262669943685e0,6.87311318969818785e-13,3.81095928277505678e1,-8.83773054738412611e-11
2865,1.69359721050852329e2,1.80064429164172537e2,8.55675977736650140e1,1.76529558455729241e0,3.44980540682007852e0,-9.87553100528453354e-1,1.00331473045135877e0,5.93513867099015435e0,8.64283496120163086e0,6.33409991124267435e-13,3.81114270022630492e1,-2.13873363463790156e-11
2866,1.68321684326272134e2,1.78770302728644566e2,8.46255840086864026e1,1.74251430278805719e0,3.42742443010582454e0,-9.87562840620669014e-1,1.00278974560929401e0,5.96763864516764020e0,9.13694322163899386e0,5.81139303346134284e-13,3.81133627076544315e1,-7.78754838393069804e-12
2867,1.67436354824805420e2,1.77641784383278178e2,8.38350597452966753e1,1.72219603685943712e0,3.40590616906631016e0,-9.87573035166259383e-1,1.00219056898876668e0,5.99702288591578458e0,9.63108924573344360e0,5.28549426448421400e-13,3.81153988865522280e1,-4.86153339807060547e-11
2868,1.66676201586690638e2,1.76650339031955781e2,8.31691810262970392e1,1.70403148640505164e0,3.38521438966425992e0,-9.87583680752154636e-1,1.00152275176216099e0,6.02345899375418181e0,1.01252748369698029e1,4.78136627513059409e-13,3.81175344318398999e1,-7.20206116966437548e-11
2869,1.66019488017578311e2,1.75773317352593182e2,8.26067687040328167e1,1.68775331243186399e0,3.36530976691592887e0,-9.87594773829880812e-1,1.00079096794615130e0,6.04712708276875421e0,1.06195017631694739e1,4.32053698373735529e-13,3.81197681880300934e1,-4.84448037241236307e-11
2870,1.65448891030412369e2,1.74992568404497689e2,8.21309549623056370e1,1.67313051115931222e0,3.34615152263242832e0,-9.87606310718760705e-1,9.99999170882088340e-1,6.06821101027690446e0,1.11137717551255584e1,3.87530285639314798e-13,3.81220989526840555e1,-6.33093577562249266e-11
2871,1.64950485189552808e2,1.74293416561413721e2,8.17281884033136521e1,1.65996340060674696e0,3.32769861747825679e0,-9.87618287609206447e-1,9.99150722940395752e-1,6.08689232599366115e0,1.16080865053013245e1,3.43728517870900419e-13,3.81245254778777678e1,-5.35180788574507460e-11
2872,1.64512986419516892e2,1.73663897969722512e2,8.13874939167802438e1,1.64807922161051401e0,3.30991060121178649e0,-9.87630700566104691e-1,9.98248502196749432e-1,6.10334626152412429e0,1.21024476665934326e1,3.09804265574697979e-13,3.81270464717173567e1,-8.32756086310837418e-11
2873,1.64127182750212057e2,1.73094184350787202e2,8.10999159970021992e1,1.63732831863829320e0,3.29274820235362586e0,-9.87643545532286504e-1,9.97294989755393102e-1,6.11773922265376680e0,1.25968568511616876e1,2.72261380107607920e-13,3.81296605998883109e1,-1.61435309564694762e-11
2874,1.63785501484323731e2,1.72576143707771848e2,8.08580957647971985e1,1.62758084810213322e0,3.27617372080029279e0,-9.87656818332072417e-1,9.96292341045542984e-1,6.13022736783881061e0,1.30913156293262887e1,2.40769210124724964e-13,3.81323664872452639e1,-1.89288584806490690e-11
2875,1.63481676987102333e2,1.72103002210026176e2,8.06559465372267539e1,1.61872395538173786e0,3.26015127284736250e0,-9.87670514674895306e-1,9.95242443968825219e-1,6.14095595575491782e0,1.35858255285339276e1,2.14633866235658388e-13,3.81351627194364511e1,-3.60103058483218774e-11
2876,1.63210493470007066e2,1.71669081640569061e2,8.04884027948504297e1,1.61065936173806579e0,3.24464692694727974e0,-9.87684630158985000e-1,9.94146966321824199e-1,6.15005922424606144e0,1.40803880323935093e1,1.85747250913692596e-13,3.81380478445554019e1,-5.16138243256136775e-11
2877,1.62967584206415893e2,1.71269593826011885e2,8.03512243438661358e1,1.60330130575232910e0,3.22962875970229257e0,-9.87699160275117172e-1,9.93007394500306617e-1,6.15766062516746171e0,1.45750045797823358e1,1.59504354169115459e-13,3.81410203748262830e1,-5.45412603969452903e-11
2878,1.62749273596355351e2,1.70900478429905604e2,8.02408423618418993e1,1.59657478906512384e0,3.21506685465263420e0,-9.87714100410416629e-1,9.91825065127922678e-1,6.16387328733937423e0,1.50696765640232471e1,1.38250522141447618e-13,3.81440787883056700e1,-8.59472493175417185e-11
2879,1.62552452040778576e2,1.70558274026314734e2,8.01542374947559608e1,1.59041408192536315e0,3.20093326098448561e0,-9.87729445852207566e-1,9.90601190944802479e-1,6.16880061594999685e0,1.55644053321331999e1,1.21541665620839012e-13,3.81472215306117093e1,-4.53610482509247959e-11
2880,1.63012343959005250e2,1.71357203564393984e2,8.02727083886033483e1,1.60742369312055389e0,-3.21585598150008245e0,-9.87667197549305431e-1,9.90129451002558891e-1,6.64617368566423750e0,-1.55646730694233124e1,1.11841091943176707e-13,4.44964506538627518e1,-5.35180788574507460e-11
2881,1.63259026906195572e2,1.71762271831719517e2,8.03962493031113326e1,1.61547229971069628e0,-3.23064524697306243e0,-9.87653812592267366e-1,9.91358817893170263e-1,6.63623430148640825e0,-1.50699372872488784e1,1.30596922165437945e-13,4.44927936621476334e1,-8.62030447024153545e-11
2882,1.63534551600001066e2,1.72202418934207941e2,8.05500612165090217e1,1.62428905294456327e0,-3.24588713299937526e0,-9.87640853205738467e-1,9.92545922927927204e-1,6.62428799202299601e0,-1.45752581561367407e1,1.51233192635658042e-13,4.44892348162596249e1,-4.82884843222564086e-11
2883,1.63843369290636048e2,1.72682517353238893e2,8.07384281614315000e1,1.63396536216245258e0,-3.26160746714888283e0,-9.87628323597695479e-1,9.93689318860424664e-1,6.61013817056302511e0,-1.40806343317269000e1,1.71408026661268309e-13,4.44857759233612100e1,-8.55067128213704564e-11
2884,1.64190790353534851e2,1.73208337519675695e2,8.09664688928067591e1,1.64460541416315809e0,-3.27783292608308585e0,-9.87616227859556051e-1,9.94787378358164998e-1,6.59356558559071448e0,-1.35860644235012913e1,2.00627708890621648e-13,4.44824187528805624e1,-7.23900939192390069e-11
2885,1.64583183937247327e2,1.73786751244933129e2,8.12403326177747971e1,1.65632808856295943e0,-3.29459074904673788e0,-9.87604569962613033e-1,9.95838254758355412e-1,6.57432600894851404e0,-1.30915469955335109e1,2.29254115691190918e-13,4.44791650345020386e1,-1.69535496752359904e-11
2886,1.65028231910153039e2,1.74425989585881723e2,8.15674483013901295e1,1.66926913345172356e0,-3.31190832600555796e0,-9.87593353754545378e-1,9.96839834015516901e-1,6.55214791558227105e0,-1.25970805673099608e1,2.54508220054461276e-13,4.44760164561878639e1,-7.10258518665796146e-11
2887,1.65535253988203948e2,1.75135971869320741e2,8.19568442858156203e1,1.68358361132264456e0,-3.32981262291272184e0,-9.87582582956011090e-1,9.97789675949524724e-1,6.52673027765523983e0,-1.21026636146213651e1,2.91360685578112566e-13,4.44729746622237414e1,-3.33386651618639007e-11
2888,1.66115626793878505e2,1.75928728359616457e2,8.24195607994936523e1,1.69944860811789389e0,-3.34832939687963949e0,-9.87572261157321662e-1,9.98684942628129346e-1,6.49774065961666736e0,-1.16082945705246594e1,3.26790677851462874e-13,4.44700412512972179e1,-3.45465878126560710e-11
2889,1.66783327675489687e2,1.76818946960672463e2,8.29691859777296656e1,1.71706616842545667e0,-3.36748214200292262e0,-9.87562391815214990e-1,9.99522311524278839e-1,6.46481389057878619e0,-1.11139718263741862e1,3.63365587618957875e-13,4.44672177746130473e1,-3.12923020828748122e-11
2890,1.67555645295993003e2,1.77824685257947891e2,8.36225571566692309e1,1.73666637050561956e0,-3.38729069156274010e0,-9.87552978249721769e-1,1.00029787110564006e0,6.42755171645437429e0,-1.06196937329213288e1,4.09547395996412433e-13,4.44645057340465257e1,-4.95390395371941850e-11
2891,1.68454114466748280e2,1.78968304262222546e2,8.44006846252568721e1,1.75851037576280689e0,-3.40776938289918263e0,-9.87544023641136359e-1,1.00100699697712670e0,6.38552401244126777e0,-1.01254586014816130e1,4.56605239729235279e-13,4.44619065803399707e1,-2.40163444686913863e-12
2892,1.69505754078371524e2,1.80277700960954832e2,8.53299763501871809e1,1.78289316390259911e0,-3.42892466485564151e0,-9.87535531027096236e-1,1.00164420802465814e0,6.33827239164485867e0,-9.63126470516774091e0,5.04098499054528304e-13,4.44594217113481136e1,-9.96607241177116521e-11
2893,1.70744716301712913e2,1.81787945131251291e2,8.64438714667228538e1,1.81014547681920468e0,-3.45075198863702859e0,-9.87527503299775677e-1,1.00220300491421521e0,6.28531742076845923e0,-9.13711028018743221e0,5.49839687669084753e-13,4.44570524703336645e1,-2.87343482341384515e-11
2894,1.72214494829528576e2,1.83543463976633149e2,8.77850298979958694e1,1.84063421372770497e0,-3.47323175941877338e0,-9.87519943203195028e-1,1.00267569897217923e0,6.22617122656872191e0,-8.64299352720409608e0,6.04774910706318281e-13,4.44548001443154845e1,-7.85576048656366765e-11
2895,1.73970891664869441e2,1.85600967621254739e2,8.94082772167762556e1,1.87476011272462295e0,-3.49632401297908846e0,-9.87512853330657414e-1,1.00305324981355004e0,6.16035819481416436e0,-8.14891261275879764e0,6.57958063032815232e-13,4.44526659624773970e1,-6.24140739091672003e-11
2896,1.76086005208635527e2,1.88033368345107192e2,9.13845672321055815e1,1.91295098230954141e0,-3.51996126693825806e0,-9.87506236122310477e-1,1.00332514798577543e0,6.08744801454239504e0,-7.65486567075142332e0,7.15989767474667360e-13,4.44506510946366831e1,-5.44844169780844823e-11
2897,1.78653568357832000e2,1.90935007422697510e2,9.38062911172175831e1,1.95564798223031411e0,-3.54403857323291271e0,-9.87500093862841211e-1,1.00347940841424044e0,6.00710807113708611e0,-7.16085080397890295e0,7.74695411986936477e-13,4.44487566497780620e1,-5.92450533076771535e-11
2898,1.81796003381452692e2,1.94428534479408853e2,9.67943009231371292e1,2.00328150805657090e0,-3.56839895384915140e0,-9.87494428679307923e-1,1.00350278643716173e0,5.91918724935736495e0,-6.66686608572821982e0,8.40182090566798934e-13,4.44469836746571048e1,-4.66826577394385822e-11
2899,1.85673485140283049e2,1.98673699991703359e2,1.00506942522205833e2,2.05623222328231359e0,-3.59281071972636035e0,-9.87489242539112522e-1,1.00338139452658925e0,5.82385268404277578e0,-6.17290956142175151e0,8.76642508584879465e-13,4.44453331524696154e1,-4.99369434692198411e-11
2900,1.90494900532580260e2,2.03877908062562113e2,1.05150995175871955e2,2.11477203920547918e0,-3.61692987415587774e0,-9.87484537248117245e-1,1.00310198183492405e0,5.72181872743807141e0,-5.67897925031228468e0,9.24398578516782976e-13,4.44438060016048979e1,-7.92113041825359687e-11
2901,1.96529350919916226e2,2.10307130300923802e2,1.10993187860008547e2,2.17898007881477751e0,-3.64023451792249553e0,-9.87480314448907714e-1,1.00265421951406331e0,5.61473971182781284e0,-5.18507314722502155e0,9.66988208256358561e-13,4.44424030744640675e1,-8.64019966684281826e-12
2902,2.04113638536926175e2,2.18292590400834200e2,1.18367790089017987e2,2.24863108236734766e0,-3.66190677040221191e0,-9.87476575619210539e-1,1.00203435160490995e0,5.50589326600330331e0,-4.69118922434363128e0,1.03439002155369941e-12,4.44411251563691039e1,-2.55511167779332027e-11
2903,2.13643749443226312e2,2.28221270230534543e2,1.27668422559191029e2,2.32305970960657771e0,-3.68061872861259554e0,-9.87473322070461457e-1,1.00125039777155345e0,5.40136233877512684e0,-4.19732543303735195e0,1.09874262466114203e-12,4.44399729645439550e1,-5.21680476595065556e-11
2904,2.25523042203143717e2,2.40483178900252938e2,1.39297088406552575e2,2.40101368180925867e0,-3.69415244863055658e0,-9.87470554946531465e-1,1.00032853728176963e0,5.31200078874172466e0,-3.70347970572599072e0,1.18449629445127602e-12,4.44389471471905892e1,-2.15010231841006316e-11
2905,2.40014110930226536e2,2.55322997436403227e2,1.53517958242834567e2,2.48051578696566688e0,-3.69876275327962256e0,-9.87468275222614045e-1,9.99319203705406944e-1,5.25638016565586863e0,-3.20964995777957585e0,1.28219115012873086e-12,4.44380482826422849e1,-2.48689957516035065e-12
2906,2.56917233877438548e2,2.72520266068403316e2,1.70139635984413758e2,2.55874176464988734e0,-3.68823203252314169e0,-9.87466483704270925e-1,9.98299944863422328e-1,5.26412858757133506e0,-2.71583408944928095e0,1.42739596184493500e-12,4.44372768786101560e1,-1.25908172776689753e-11
2914,2.49455014021864741e2,2.64895674482144841e2,1.63224985637393871e2,2.57699474109123106e0,3.55445156173814558e0,-9.87469767174383284e-1,9.98838322519210897e-1,6.39434412618856296e0,1.23444857918480833e0,2.59811782006048875e-12,4.44357314053806007e1,-5.09885467181447893e-11
2915,2.34170867969683457e2,2.49302088744610302e2,1.48263557355476593e2,2.49590040007248870e0,3.60018944425276866e0,-9.87472377507480514e-1,9.99873122733484831e-1,6.27681496764491875e0,1.72823552882444242e0,1.70016632066241624e-12,4.44361180857058073e1,-5.00222085975110531e-11
2916,2.21279263484515752e2,2.36061905997839034e2,1.35661954708033477e2,2.41361182109001104e0,3.62314889374819504e0,-9.87475474680399423e-1,1.00088085187551501e0,6.19813991304058920e0,2.22202998782620931e0,1.42452217556654492e-12,4.44366333198218442e1,-4.96100938107701950e-11
2917,2.10719856387468809e2,2.25131448863143817e2,1.25357920152091694e2,2.33349257309480151e0,3.63082796498586902e0,-9.87479057617186795e-1,1.00180484060350694e0,6.15382410268103808e0,2.71583408944928051e0,1.27780793758580646e-12,4.44372768154833580e1,-9.40616473599220626e-11
2918,2.02184591397064793e2,2.16216009509933770e2,1.17046009465610879e2,2.25759251856593179e0,3.62830896462371166e0,-9.87483125073753243e-1,1.00260882676580221e0,6.13618945384023462e0,3.20964995777957496e0,1.18382929327476294e-12,4.44380482081247266e1,-9.16173803489073180e-11
2919,1.95312681752215383e2,2.08964436779999659e2,1.10369718593576266e2,2.18703185738571459e0,3.61897292712059038e0,-9.87487675639070805e-1,1.00327346386198002e0,6.13810326562092978e0,3.70347970572599161e0,1.11336634356362651e-12,4.44389470613255639e1,-6.00692828811588697e-11
2920,1.89772409327322407e2,2.03051467730110005e2,1.05001887395326094e2,2.12229561481040463e0,3.60508456531586408e0,-9.87492707736524866e-1,1.00379185010964522e0,6.15380141451444374e0,4.19732543303735284e0,1.04872100586961281e-12,4.44399728673800283e1,-2.11031192520749755e-11
2921,1.85286286041085361e2,1.98203652082842837e2,1.00669259326563377e2,2.06345150445745240e0,3.58818501369691889e0,-9.87498219625424722e-1,1.00416535440741272e0,6.17884184668073466e0,4.69118922434363039e0,1.01165430199667838e-12,4.44411250479614139e1,-8.11439804238034412e-12
2922,1.81632093310826974e2,1.94201089753521927e2,9.71533099317448006e1,2.01030662001874472e0,3.56934105600439189e0,-9.87504209402667588e-1,1.00440028586398222e0,6.20986773678620363e0,5.18507314722502066e0,9.60263119020865474e-13,4.44424029548748294e1,-8.63877858137129806e-11
2923,1.78635470619031537e2,1.90870566946974606e2,9.42828033835129418e1,1.96251693109292402e0,3.54930197275471482e0,-9.87510675004548588e-1,1.00450549702296366e0,6.24437225971303000e0,5.67897925031228468e0,9.18705216068627095e-13,4.44438058709011514e1,-2.12452277992269956e-11
2924,1.76160757416438344e2,1.88076796835469054e2,9.19246773731080111e1,1.91966150872408980e0,3.52859950102664444e0,-9.87517614208720973e-1,1.00449079371748562e0,6.28050527604036990e0,6.17290956142175240e0,8.69753921661775564e-13,4.44453330107257329e1,-3.64082097803475335e-11
2925,1.74102595691880055e2,1.85714300877964234e2,8.99757146020885017e1,1.88129117932039036e0,3.50761297853888854e0,-9.87525024636297766e-1,1.00436595834546738e0,6.31692161649068051e0,6.66686608572821893e0,8.37376175344406448e-13,4.44469835219528733e1,-7.83018094807630405e-11
2926,1.72379002301971639e2,1.83700671153563860e2,8.83556877005688364e1,1.84695914388513871e0,3.48661292823454660e0,-9.87532903754091751e-1,1.00414020236711488e0,6.35266289302378784e0,7.16085080397890295e0,7.78977576887385226e-13,4.44487564861997413e1,-9.65911794992280193e-11
2927,1.70925920749691727e2,1.81971249401208951e2,8.70019778924187364e1,1.81623919872504702e0,3.46579100314445254e0,-9.87541248876991129e-1,1.00382190049756770e0,6.38706526180798217e0,7.65486567075142332e0,7.24325113776735918e-13,4.44506509202757556e1,-7.32711669115815312e-11
2928,1.69693034054956968e2,1.80475023883770376e2,8.58654457961387720e1,1.78873564378513183e0,3.44528106911416776e0,-9.87550057170465956e-1,1.00341849931876181e0,6.41968735310658101e0,8.14891261275879764e0,6.62395485684363905e-13,4.44526657774311857e1,-2.18562945519806817e-11
2929,1.68640580532902135e2,1.79171499756039935e2,8.49072957316683414e1,1.76408776732572359e0,3.42517436202007808e0,-9.87559325653199704e-1,1.00293652718740489e0,6.45025406614898689e0,8.64299352720409608e0,6.06226874255710868e-13,4.44547999486870609e1,-7.96234189692768268e-11
2930,1.67736941060983952e2,1.78028321124693974e2,8.40967028672215093e1,1.74197090577014357e0,3.40553056986783442e0,-9.87569051199842840e-1,1.00238165802413803e0,6.47861294998593884e0,9.13711028018743221e0,5.52752288385249813e-13,4.44570522642312085e1,-4.51763071396271698e-11
2931,1.66956810266315017e2,1.77019463791783352e2,8.34090168118907940e1,1.72209543481382510e0,3.38638603950297723e0,-9.87579230543882303e-1,1.00175879958608349e0,6.50470058973912924e0,9.63126470516774091e0,5.03751554359332943e-13,4.44594214948851629e1,-5.30491206518490799e-11
2932,1.66279806517220749e2,1.76123858009567471e2,8.28243977706381145e1,1.70420459373237776e0,3.36775990948206916e0,-9.87589860280623566e-1,1.00107218884233129e0,6.52851692243826243e0,1.01254586014816113e1,4.58823951055009616e-13,4.44619063536350581e1,-3.80850906367413700e-11
2933,1.65689411028570419e2,1.75324334553425388e2,8.23267767046226737e1,1.68807172966198848e0,3.34965872049002744e0,-9.87600936870276502e-1,1.00032548478104721e0,6.55010579783669211e0,1.06196937329213288e1,4.10334960454505904e-13,4.44645054972241596e1,-9.59232693276135251e-11
2934,1.65172154090404945e2,1.74606814138555933e2,8.19030584846778140e1,1.67349733335969830e0,3.33207989276643701e0,-9.87612456641144942e-1,9.99521853753458367e-1,6.56954041837050973e0,1.11139718263741845e1,3.67351982166752578e-13,4.44672175278013313e1,-4.09841049986425787e-11
2935,1.64716987422145223e2,1.73959680536282747e2,8.15425078551694185e1,1.66030609317053002e0,3.31501435191246951e0,-9.87624415792909272e-1,9.98664045312739446e-1,6.58691255818984978e0,1.16082945705246594e1,3.28861937681779182e-13,4.44700409946299331e1,-3.95203869629767723e-11
2936,1.64314797295677408e2,1.73373292939622416e2,8.12362735164126093e1,1.64834409810628157e0,3.29844851007941120e0,-9.87636810399999954e-1,9.97754458135815536e-1,6.60232468343909495e0,1.21026636146213651e1,2.92019880498983753e-13,4.44729743958374755e1,-7.86712917033582926e-11
2937,1.63958024648325704e2,1.72839604403840895e2,8.09770170819217725e1,1.63747625870150348e0,3.28236575698223554e0,-9.87649636415054322e-1,9.96795196488787671e-1,6.61588428032484099e0,1.25970805673099591e1,2.57922155855183632e-13,4.44760161802249030e1,-2.57500687439460307e-11
2938,1.63640366942412641e2,1.72351861519718113e2,8.07586220947977580e1,1.62758397480541661e0,3.26674757716158393e0,-9.87662889672453748e-1,9.95788118114525944e-1,6.62769984855835581e0,1.30915469955335126e1,2.26318963569838161e-13,4.44791647491091666e1,-5.27791144122602418e-11
2939,1.63356542827502324e2,1.71904366639092729e2,8.05759644993829056e1,1.61856305517073840e0,3.25157438190521919e0,-9.87676565891928759e-1,9.94734874573982908e-1,6.63787813984267761e0,1.35860644235012895e1,2.02667743698370373e-13,4.44824184582084214e1,-9.70317159953992814e-11
2940,1.63102105324551587e2,1.71492288542585214e2,8.04247305570459616e1,1.61032187944133653e0,3.23682612331801645e0,-9.87690660682237542e-1,9.93636945079474754e-1,6.64652231845992425e0,1.40806343317269036e1,1.73146219584197070e-13,4.44857756195632206e1,-1.15250031740288250e-11
2941,1.62873292707353755e2,1.71111510832952121e2,8.03012715952548746e1,1.60277978539056210e0,3.22248274222281594e0,-9.87705169544899175e-1,9.92495664789291965e-1,6.65373079780864440e0,1.45752581561367389e1,1.52385049023706642e-13,4.44892345034934991e1,-8.83630946191260591e-11
2942,1.62666908832395279e2,1.70758509871194235e2,8.02024875106075115e1,1.59586566065672097e0,3.20852448954981906e0,-9.87720087877984265e-1,9.91312248429990883e-1,6.65959656666246591e0,1.50699372872488766e1,1.33289213000153950e-13,4.44927933405746927e1,-5.72413227928336710e-11
2943,1.62480226603763214e2,1.70430255980030438e2,8.01257328469276757e1,1.58951671718906562e0,3.19493215169176947e0,-9.87735410979954875e-1,9.90087810001538782e-1,6.66420686525523909e0,1.55646730694233124e1,1.12895803816570606e-13,4.44964503236475935e1,-8.83346729096956551e-11
2944,1.62907468258695786e2,1.71181348860046654e2,8.02257219174409357e1,1.60641284669342532e0,-3.20806799537015719e0,-9.87673717446415078e-1,9.89573403588863809e-1,7.14334830433326218e0,-1.55649606864135688e1,1.05644659686987552e-13,5.13345655903805138e1,-1.85025328391930088e-11
2945,1.63138323926744107e2,1.71565364574922711e2,8.03348347295187608e1,1.61457346182441630e0,-3.22212282221104962e0,-9.87660353719924222e-1,9.90803430554215159e-1,7.13408918573094830e0,-1.50702173678057783e1,1.21770649119667951e-13,5.13303575422024991e1,-2.24105178858735599e-11
2946,1.63395021649698322e2,1.71980902413599466e2,8.04714066769552829e1,1.62348270669828509e0,-3.23654239122930054e0,-9.87647414933942147e-1,9.91991864935605983e-1,7.12295049972470906e0,-1.45755305577212937e1,1.40353006994331508e-13,5.13262624520378239e1,-5.68576297155232169e-11
2947,1.63681323583514313e2,1.72432067606597883e2,8.06390659011404694e1,1.63322461420568921e0,-3.25133986861473945e0,-9.87634905285538101e-1,9.93137405639436754e-1,7.10977597786444004e0,-1.40808989146536216e1,1.63053598400964006e-13,5.13222823974295181e1,-6.46735998088843189e-11
2948,1.64001664062926437e2,1.72923662949529358e2,8.08420952926022096e1,1.64389397786944103e0,-3.26652715359484036e0,-9.87622828855487023e-1,9.94238609752523206e-1,7.09439671412005168e0,-1.35863210510966486e1,1.86416854175419644e-13,5.13184194125121280e1,-4.93685092806117609e-11
2949,1.64361290536722919e2,1.73461330850677001e2,8.10855712108685935e1,1.65559773230724727e0,-3.28211419005601845e0,-9.87611189604714390e-1,9.95293864441926579e-1,7.07663135652102682e0,-1.30917955342927552e1,2.14214063154472001e-13,5.13146754857081433e1,-5.31485966348554939e-12
2950,1.64766437800532117e2,1.74051728236108545e2,8.13755352521334316e1,1.66845645261659792e0,-3.29810806582673344e0,-9.87599991370821551e-1,9.96301353544014390e-1,7.05628693572773180e0,-1.25973208870518434e1,2.45463371850718204e-13,5.13110525574515250e1,-4.33573177360813133e-11
2951,1.65224543972495383e2,1.74702742482066384e2,8.17192075130544566e1,1.68260594713530787e0,-3.31451183986640263e0,-9.87589237864688108e-1,9.97259018093814342e-1,7.03316062485634053e0,-1.21028955886405658e1,2.77295547634892614e-13,5.13075525179449770e1,-9.52127265918534249e-13
2952,1.65744518771948833e2,1.75423758534631844e2,8.21252519353340915e1,1.69819889388701228e0,-3.33132302083037191e0,-9.87578932667161902e-1,9.98164510135296168e-1,7.00704283537232975e0,-1.16085180757416424e1,3.04967856523674641e-13,5.13041772049532341e1,-5.20117282576393336e-12
2953,1.66337077164860091e2,1.76225989702895134e2,8.26041068552142406e1,1.71540643441569096e0,-3.34853159861250971e0,-9.87569079225840363e-1,9.99015139417186671e-1,6.97772220310219904e0,-1.11141867434820139e1,3.48554518581067896e-13,5.13009284016378260e1,-5.05053776578279212e-11
2954,1.67015154273125944e2,1.77122887193593641e2,8.31683967727634865e1,1.73441958433866339e0,-3.36611750160889489e0,-9.87559680851950561e-1,9.99807813146612601e-1,6.94499321978794804e0,-1.06198999465293564e1,3.83963694172706482e-13,5.12978078344345931e1,-9.35358457354595885e-11
2955,1.67794420338627333e2,1.78130645993665524e2,8.38334443406535712e1,1.75545024061690280e0,-3.38404731362927702e0,-9.87550740717330400e-1,1.00053897004660453e0,6.90866753759984764e0,-1.01256560002555283e1,4.27635357680422601e-13,5.12948171709864909e1,-1.27471366795361973e-11
2956,1.68693916867744747e2,1.79268826544495624e2,8.46179040491698942e1,1.77873145193704452e0,-3.40227003097294789e0,-9.87542261851519276e-1,1.00120451185757631e0,6.86859034226790843e0,-9.63145318196589528e0,4.79210421344689053e-13,5.12919580181256620e1,-5.61186652703327127e-11
2957,1.69736835489303814e2,1.80561111370894679e2,8.55445397127163289e1,1.80451645920403814e0,-3.42071156464200588e0,-9.87534247138960097e-1,1.00179973860795646e0,6.82466369117860605e0,-9.13728973219293827e0,5.25782542504238393e-13,5.12892319199153590e1,-8.36024582895333879e-11
2958,1.70951456795739034e2,1.82036210631788776e2,8.66411639422680651e1,1.83307579500062001e0,-3.43926758268919697e0,-9.87526699316322087e-1,1.00231929912663542e0,6.77687939698331210e0,-8.64316385605258120e0,5.81640638430691581e-13,5.12866403557551962e1,-2.44568809648626484e-11
2959,1.72372252139929969e2,1.83728915036339686e2,8.79417440206286898e1,1.86469144181406921e0,-3.45779412317650570e0,-9.87519620969943390e-1,1.00275717627857741e0,6.72536497592922355e0,-8.14907372466144864e0,6.24852600217273846e-13,5.12841847385529519e1,-5.05622210766887292e-11
2960,1.74041116987770181e2,1.85681258669255953e2,8.94876450438596009e1,1.89964668279284021e0,-3.47609515709550765e0,-9.87513014533405120e-1,1.00310673833648933e0,6.67044746501677821e0,-7.65501747661306542e0,6.79852008023118515e-13,5.12818664129663020e1,-5.32907051820075139e-12
2961,1.76008631642179125e2,1.87943679759504533e2,9.13289096740512463e1,1.93820984604330127e0,-3.49390589399265661e0,-9.87506882285231979e-1,1.00336090469924022e0,6.61274163967141959e0,-7.16099321951087564e0,7.42940431397443035e-13,5.12796866537178673e1,-3.40776296070544049e-11
2962,1.78335101754850172e2,1.90575922470536028e2,9.35253324029383037e1,1.98060968846574537e0,-3.51087003339773807e0,-9.87501226346734318e-1,1.00351249591367542e0,6.55327136248782249e0,-6.66699903155575946e0,8.03695651696578750e-13,5.12776466639930106e1,-6.06235062150517479e-11
2963,1.81090863552650575e2,1.93647154819242331e2,9.61468217247775812e1,2.02699979323521529e0,-3.52650829855416381e0,-9.87496048679987082e-1,1.00355486224926005e0,6.49363519535704281e0,-6.17303296318565753e0,8.55955931133856041e-13,5.12757475739127528e1,-8.17124146124115214e-11
2964,1.84354866312975503e2,1.97234307934181771e2,9.92720756891199301e1,2.07740926392036096e0,-3.54017442226338863e0,-9.87491351085953983e-1,1.00348290409861018e0,6.43622882345239145e0,-5.67909303876466609e0,9.02115188106122901e-13,5.12739904390976733e1,-3.91935373045271263e-11
2965,1.88209767773783540e2,2.01416873986768536e2,1.02983825754465897e2,2.13167749569659781e0,-3.55099349275812282e0,-9.87487135202757660e-1,1.00329459364446638e0,6.38453363403835361e0,-5.18517725831883958e0,9.41166849316443788e-13,5.12723762393180635e1,-3.02264879792346619e-11
2966,1.92730639502033341e2,2.06265282378986313e2,1.07357772909542035e2,2.18937226958117481e0,-3.55777710297343353e0,-9.87483402504101604e-1,1.00299304900005870e0,6.34346352124259649e0,-4.69128359931590211e0,9.98738418356293067e-13,5.12709058772329342e1,-8.08313416200689971e-11
2967,1.97963064396230351e2,2.11818698083336244e2,1.12441031033635014e2,2.24969315027451033e0,-3.55891270039814245e0,-9.87480154297845747e-1,1.00258905539188992e0,6.31970907496261525e0,-4.19741001848575568e0,1.06124050519573743e-12,5.12695801772295354e1,-3.13491455017356202e-11
2968,2.03885828603113282e2,2.18047565165031216e2,1.18215305673789572e2,2.31136617026682289e0,-3.55223724522764917e0,-9.87477391724736808e-1,1.00210363534123426e0,6.32188767022049714e0,-3.70355445367876701e0,1.12553716347107979e-12,5.12683998843521067e1,-6.70183908368926495e-11
2969,2.10356010936913464e2,2.24798881184938381e2,1.24542591174744501e2,2.37254089383756117e0,-3.53494050092637169e0,-9.87475115757298627e-1,1.00156986025396444e0,6.36003884085650384e0,-3.20971482575848466e0,1.21424897046862323e-12,5.12673656633387225e1,-5.69713165532448329e-11
2970,2.17044458781094647e2,2.31732382325063469e2,1.31101224922487802e2,2.43070865187703289e0,-3.50361983539632726e0,-9.87473327198882145e-1,1.00103272148732869e0,6.44358023555073967e0,-2.71588904052553604e0,1.33805510074691547e-12,5.12664780977510190e1,-5.62465629627695307e-11
2971,2.23391027562970976e2,2.38277065712049421e2,1.37341281613397030e2,2.48267875160239049e0,-3.45473243078175596e0,-9.87472026682879478e-1,1.00054586427593506e0,6.57654320572605489e0,-2.22207499066920189e0,1.53545101980179233e-12,5.12657376892172962e1,-3.13207237923052162e-11
2972,2.28634136256867208e2,2.43662310929453952e2,1.42513211907048600e2,2.52469351153589106e0,-3.38578137875758189e0,-9.87471214672100084e-1,1.00016470073404862e0,6.74986739076594944e0,-1.72827055774319249e0,1.86000889169923855e-12,5.12651448567719754e1,-5.61328761250479147e-11
2973,2.31966583153245381e2,2.47074908307768482e2,1.45821141391231720e2,2.55282917832570666e0,-3.29732432912045503e0,-9.87470891458313016e-1,9.99936904360546830e-1,6.93469029553933236e0,-1.23447361416198320e0,3.07783423855907678e-12,5.12646999363338907e1,-9.87370185612235218e-11
2974,2.32799297166747408e2,2.47923138030418869e2,1.46682922933952284e2,2.56381329314482675e0,-3.19489124126015822e0,-9.87471057161956711e-1,9.99892915777883529e-1,7.08662064453878138e0,-7.40682025214113082e-1,2.35862550193935427e-12,5.12644031800928275e1,-9.43458644542261027e-11
2975,2.31000978767175127e2,2.46076028616858480e2,1.44966722122559446e2,2.55608986020274331e0,-3.08871357898727750e0,-9.87471711732012425e-1,1.00003973774881438e0,7.16724783517030772e0,-2.46893651088679500e-1,2.78629402434779367e-12,5.12642547565601703e1,-5.00648411616566591e-11
2976,2.26949409387731976e2,2.41914291855808386e2,1.41042023951833926e2,2.53049626851551013e0,3.29300069998072864e0,-9.87472854946047529e-1,1.00036025210606194e0,7.16767206606965690e0,2.46893651088679444e-1,2.69213811298154877e-12,5.12642547499430279e1,-5.46265255252365023e-11
2977,2.21358856924734141e2,2.36157676364087365e2,1.35609824071532415e2,2.48998352093243192e0,3.37570939393079072e0,-9.87474486410423791e-1,1.00081803341710995e0,7.10938447029316123e0,7.40682025214113082e-1,2.51940832020521033e-12,5.12644031602409100e1,-3.15765191771788523e-11
2978,2.15013125798141516e2,2.29597854114757808e2,1.29439717293883348e2,2.43859695087031580e0,3.43943455645087370e0,-9.87476605560673626e-1,1.00136554554681045e0,7.02473668589799072e0,1.23447361416198342e0,2.52148849759839533e-12,5.12646999032244111e1,-4.48494574811775237e-11
2979,2.08561620344392850e2,2.22893765687011069e2,1.23169079634485627e2,2.38043399922655619e0,3.48492127792054252e0,-9.87479211662040557e-1,1.00195281975103900e0,6.93959771956913674e0,1.72827055774319249e0,1.64318135920799024e-12,5.12651448104662606e1,-5.39444044989068061e-11
2980,2.02439512327939298e2,2.16490647891934572e2,1.17224564112964714e2,2.31901542400779670e0,3.51483295943286755e0,-9.87482303810185424e-1,1.00253432239159701e0,6.86829660133594011e0,2.22207499066920233e0,1.36629488105277641e-12,5.12657376297321292e1,-2.38742359215393662e-12
2981,1.96882120211659839e2,2.10633314327240043e2,1.11836393586123322e2,2.25706504187639112e0,3.53228517020253907e0,-9.87485880932057025e-1,1.00307300554765244e0,6.81607405075159622e0,2.71588904052553559e0,1.22623200655980202e-12,5.12664780251204704e1,-8.64304183778585866e-11
2982,1.91978834277812325e2,2.05419353771507815e2,1.07091535608941697e2,2.19652967559937595e0,3.54012741709193701e0,-9.87489941786922065e-1,1.00354168758290396e0,6.78295276435932326e0,3.20971482575848421e0,1.14217467948873885e-12,5.12673655776029946e1,-4.44657644038670696e-11
2983,1.87728916766408020e2,2.00854631830954759e2,1.02988641594689454e2,2.13869958491870227e0,3.54071168928697233e0,-9.87494484967556652e-1,1.00392253137120946e0,6.76657697207078002e0,3.70355445367876657e0,1.07904180382534243e-12,5.12683997855605682e1,-7.18358705853461288e-11
2984,1.84083994469741583e2,1.96895802770897774e2,9.94798228725292120e1,2.08435261798534954e0,3.53588831390164637e0,-9.87499508901596212e-1,1.00420549775444701e0,6.76382123333612473e0,4.19741001848575568e0,1.02408316202118321e-12,5.12695800654375091e1,-7.00310920365154743e-11
2985,1.80975547164680989e2,1.93477990739548034e2,9.64976273758130958e1,2.03388799201521220e0,3.52708078939882563e0,-9.87505011853038184e-1,1.00438646912778218e0,6.77157333515266657e0,4.69128359931590211e0,9.80122667054716956e-13,5.12709057525048237e1,-3.20881099469261244e-11
2986,1.78330728111316688e2,1.90530865698923321e2,9.39705282298641293e1,1.98743766325666771e0,3.51537379288433627e0,-9.87510991923899462e-1,1.00446547288453347e0,6.78706272807035482e0,5.18517725831883958e0,9.34849853778674245e-13,5.12723761017238999e1,-5.39586153536220081e-11
2987,1.76080492589397693e2,1.87987024756509072e2,9.18308529051682569e1,1.94495342382508651e0,3.50159097099740624e0,-9.87517447056021069e-1,1.00444520724760644e0,6.80796334856036545e0,5.67909303876466609e0,8.93443305449714842e-13,5.12739902887159218e1,-1.85593762580538169e-11
2988,1.74163145983298818e2,1.85785760270875869e2,9.00182208103834256e1,1.90627212553143455e0,3.48635716289803987e0,-9.87524375033020263e-1,1.00432992141964883e0,6.83239265748413516e0,6.17303296318565664e0,8.50414356989848130e-13,5.12757474108279965e1,-8.67146354721626267e-11
2989,1.72525374874321756e2,1.83874269224608241e2,8.84805198884380388e1,1.87116285675238658e0,3.47014616288385414e0,-9.87531773482384190e-1,1.00412462134123115e0,6.85886745114698826e0,6.66699903155575857e0,7.91491872043081912e-13,5.12776464882975631e1,-5.41859890290652402e-11
2990,1.71122008294353918e2,1.82207552676842823e2,8.71736468567837193e1,1.83936000615702944e0,3.45331681498928855e0,-9.87539639877701880e-1,1.00383453999278127e0,6.88624542627839542e0,7.16099321951087386e0,7.39595017174021763e-13,5.12796864655105580e1,-7.49622586226905696e-11
2991,1.69915215675120436e2,1.80747717737569246e2,8.60607030855155415e1,1.81058569633582445e0,3.43614020225777672e0,-9.87547971541031022e-1,1.00346480633909518e0,6.91366591127568419e0,7.65501747661306453e0,6.83765544184922192e-13,5.12818662123519147e1,-3.03828073811018839e-11
2992,1.68873519442121619e2,1.79463066854230618e2,8.51110150547488615e1,1.78456444118122848e0,3.41882018401336385e0,-9.87556765645394630e-1,1.00302025499810732e0,6.94049560630528539e0,8.14907372466144864e0,6.30032484516540592e-13,5.12841845256440649e1,-6.66489086142973974e-11
2993,1.67970811209705261e2,1.78327169660853826e2,8.42991629692620137e1,1.76103225473163127e0,3.40150898980349270e0,-9.87566019217404167e-1,1.00250533085689564e0,6.96628149697841792e0,8.64316385605258120e0,5.75917785683444095e-13,5.12866401306699444e1,-4.07283096137689427e-11
2994,1.67185456458423374e2,1.77318007506767174e2,8.36040993264709442e1,1.73974189253195832e0,3.38431912864688744e0,-9.87575729140000358e-1,1.00192405481222413e0,6.99071132538262141e0,9.13728973219293827e0,5.26228366437564432e-13,5.12892316827780377e1,-7.50759454604121856e-11
2995,1.66499517684088602e2,1.76417224779700007e2,8.30083857500256244e1,1.72046546181338900e0,3.36733253310956604e0,-9.87585892155315670e-1,1.00128002683578088e0,7.01358116402889475e0,9.63145318196589528e0,4.78122749725251595e-13,5.12919577690667978e1,-9.10915787244448438e-12
2996,1.65898098649719287e2,1.75609492801503933e2,8.24975498840815789e1,1.70299529074328881e0,3.35060761169533228e0,-9.87596504867641944e-1,1.00057645026490616e0,7.03476928048118566e0,1.01256560002555265e1,4.30204483148344252e-13,5.12948169101429272e1,-6.82831569065456279e-11
2997,1.65368799931871081e2,1.74881978840374586e2,8.20595521911818082e1,1.68714368594697151e0,3.33418470673095513e0,-9.87607563746508155e-1,9.99816166814438412e-1,7.05421537166813017e0,1.06198999465293547e1,3.83752057908637312e-13,5.12978075619479981e1,-1.88578042070730589e-11
2998,1.64901271346968315e2,1.74223907560726531e2,8.16843481620645377e1,1.67274201511026188e0,3.31809032848567576e0,-9.87619065129855978e-1,9.99001695707976367e-1,7.07190426602057620e0,1.11141867434820139e1,3.44106687588663362e-13,5.13009281176563263e1,-5.38733502253307961e-11
2999,1.64486846126432113e2,1.73626201048669401e2,8.13635308711988046e1,1.65963941225947154e0,3.30234044479994715e0,-9.87631005227311287e-1,9.98135272963817988e-1,7.08785327273023213e0,1.16085180757416424e1,3.08520570202475142e-13,5.13041769096303000e1,-7.68807240092428401e-12
3000,1.64118242800509506e2,1.73081184295660591e2,8.10900399694170630e1,1.64770130417915905e0,3.28694303857942982e0,-9.87643380123545911e-1,9.97218888601837938e-1,7.10210246373755361e0,1.21028955886405676e1,2.73395889260896752e-13,5.13075522114381002e1,-8.66151594891562127e-11
3001,1.63789322517936910e2,1.72582344535164793e2,8.08579249962141233e1,1.63680788681479505e0,3.27190009588730479e0,-9.87656185781722429e-1,9.96254320642479319e-1,7.11470728513866124e0,1.25973208870518434e1,2.39648578759243946e-13,5.13110522399244360e1,-1.24344978758017533e-11
3002,1.63494891447748046e2,1.72124134560270761e2,8.06621528139657755e1,1.62685263232893718e0,3.25720915015650636e0,-9.87669418047016356e-1,9.95243165452302736e-1,7.12573299961089734e0,1.30917955342927534e1,2.11608508493554837e-13,5.13146751573287716e1,-4.79047912449459545e-11
3003,1.63230539695299626e2,1.71701811800471120e2,8.04984507413429071e1,1.61774087460617477e0,3.24286447980178183e0,-9.87683072650212490e-1,9.94186864395496861e-1,7.13525055504512995e0,1.35863210510966486e1,1.86479304220554809e-13,5.13184190734538745e1,-9.91207116385339759e-11
3004,1.62992509745528906e2,1.71311306418656045e2,8.03631785280309430e1,1.60938849897245650e0,3.22885803493052892e0,-9.87697145211365868e-1,9.93086726977671530e-1,7.14333355493417255e0,1.40808989146536234e1,1.65315677813637762e-13,5.13222820478692014e1,-6.72315536576206796e-11
3005,1.62777588770972301e2,1.70949112942740982e2,8.02532236202898588e1,1.60172074741817783e0,3.21518015220631570e0,-9.87711631243525456e-1,9.91943950781917327e-1,7.15005607330734083e0,1.45755305577212937e1,1.41796296926344212e-13,5.13262620921570587e1,-4.85442797071300447e-11
3006,1.62583020241340535e2,1.70612200994230221e2,8.01659152495379033e1,1.59467114137245747e0,3.20182010403542749e0,-9.87726526156509466e-1,9.90759638542330512e-1,7.15549111213502798e0,1.50702173678057783e1,1.20771448397505310e-13,5.13303571721859981e1,-8.67999006004538387e-11
3007,1.62406431166599134e2,1.70297941534075846e2,8.00989537561783322e1,1.58818051840419927e0,3.18876651822841550e0,-9.87741825260733619e-1,9.89534812705091360e-1,7.15970954366675638e0,1.55649606864135688e1,1.07830411266718329e-13,5.13345652104175940e1,-6.53130882710684091e-11
3008,1.62802226807103608e2,1.71002546825045187e2,8.01817726720011876e1,1.60484124777138382e0,-3.20019220888823819e0,-9.87680691612065287e-1,9.88977549717137472e-1,7.64074920090297827e0,-1.55652680270606485e1,9.70404312461425889e-14,5.86616720195468488e1,-3.39923644787631929e-11
3009,1.63017717270010678e2,1.71365949694553194e2,8.02768965328850612e1,1.61305570624612638e0,-3.21353335588148825e0,-9.87667350570426983e-1,9.90207989203397254e-1,7.63226151367598060e0,-1.50705166534027661e1,1.09572073636599043e-13,5.86568766930274776e1,-4.95674612466245890e-11
3010,1.63256257221466882e2,1.71757547408553904e2,8.03968623760353722e1,1.62199302267803347e0,-3.22715857280925533e0,-9.87654433796008591e-1,9.91397468773690949e-1,7.62202664627079862e0,-1.45758216361019564e1,1.34038613541775931e-13,5.86522101170631203e1,-1.27897692436818033e-11
3011,1.63520999991776762e2,1.72180765843010363e2,8.05447187039111014e1,1.63172935750456882e0,-3.24107032207457113e0,-9.87641945474238003e-1,9.92544817892321185e-1,7.60992583493198183e0,-1.40811816367000375e1,1.54681822905899935e-13,5.86476746567842255e1,-7.24895699022454210e-11
3012,1.63815616308463859e2,1.72639562526573513e2,8.07240196393624103e1,1.64234968170101991e0,-3.25526822218413070e0,-9.87629889674528805e-1,9.93648756344440720e-1,7.59583599557718525e0,-1.35865952709082389e1,1.73097647326869719e-13,5.86432726278707577e1,-2.54374299402115867e-12
3013,1.64144390405177489e2,1.73138521911796488e2,8.09389200564884703e1,1.65394868709183451e0,-3.26974811687218692e0,-9.87618270346741656e-1,9.94707874789420243e-1,7.57963167652013148e0,-1.30920611093534962e1,1.99954636181942647e-13,5.86390062939337184e1,-3.83693077310454100e-11
3014,1.64512334949671128e2,1.73682968687358056e2,8.11942895761677903e1,1.66663170569146279e0,-3.28450089678578694e0,-9.87607091317719954e-1,9.95720612440760711e-1,7.56118799005346442e0,-1.25975776783953091e1,2.23272789146022888e-13,5.86348778639242809e1,-5.97140115132788196e-11
3015,1.64925328144657442e2,1.74279102170591216e2,8.14958488560358916e1,1.68051559012901741e0,-3.29951101074291309e0,-9.87596356287907429e-1,9.96685231799664062e-1,7.54038486345476766e0,-1.21031434610125057e1,2.60225868631280832e-13,5.86308894895867851e1,-5.13153963765944354e-11
3016,1.65390276564663765e2,1.74934154916088090e2,8.18503318528756125e1,1.69572948094891607e0,-3.31475458765998177e0,-9.87586068828049779e-1,9.97599790613378223e-1,7.51711305328985002e0,-1.16087568977597311e1,2.91919266537377098e-13,5.86270432629437863e1,-8.23376922198804095e-11
3017,1.65915307190936232e2,1.75656578424471320e2,8.22656776896598387e1,1.71241534955668206e0,-3.33019707027262113e0,-9.87576232375989793e-1,9.98462111654861539e-1,7.49128249713447492e0,-1.11144163877925042e1,3.27276400424736380e-13,5.86233412138367100e1,-4.96669372296310030e-11
3018,1.66509991374402034e2,1.76456257904058106e2,8.27512551061538773e1,1.73072815415512427e0,-3.34579023661080388e0,-9.87566850233558169e-1,9.99269751620277313e-1,7.46283373865171473e0,-1.06201202899602407e1,3.66311148081166493e-13,5.86197853075136592e1,-3.61382035407586955e-11
3019,1.67185601558282372e2,1.77344755879440385e2,8.33181206848212099e1,1.75083537577100401e0,-3.36146845337727207e0,-9.87557925563567029e-1,1.00001997155318523e0,7.43175335894806111e0,-1.01258669239659405e1,4.03751684863173921e-13,5.86163774422762671e1,-1.25623955682385713e-11
3020,1.67955397641441692e2,1.78335580157548179e2,8.39793082490096481e1,1.77291560739876353e0,-3.37714396505285563e0,-9.87549461386911687e-1,1.00070971291612754e0,7.39809457969755080e0,-9.63165457159142235e0,4.49787776468646427e-13,5.86131194471839834e1,-8.25366441858932376e-11
3021,1.68834932384500405e2,1.79444463769740594e2,8.47501395677587936e1,1.79715574635302322e0,-3.39270097137628124e0,-9.87541460579785313e-1,1.00133558598409911e0,7.36200446472965986e0,-9.13748147798654031e0,4.94711910326017801e-13,5.86100130798302175e1,-9.34505806071683764e-11
3022,1.69842351914683832e2,1.80689630675180808e2,8.56485334521801462e1,1.82374618445081782e0,-3.40798818130826486e0,-9.87533925871009632e-1,1.00189388091608578e0,7.32375941365930849e0,-8.64334585302078118e0,5.45700637455404092e-13,5.86070600241882360e1,-3.32534000335726887e-12
3023,1.70998644509845235e2,1.82091997608739490e2,8.66952678528299714e1,1.85287320287381041e0,-3.42280945185751051e0,-9.87526859839491289e-1,1.00238061694581870e0,7.28381085774645598e0,-8.14924587269554479e0,5.94375243467837322e-13,5.86042618885267501e1,-1.33582034322898835e-12
3024,1.72327753015867387e2,1.83675224157991380e2,8.79141122663126708e1,1.88470756724272825e0,-3.43691202681049512e0,-9.87520264911801227e-1,1.00279165175426033e0,7.24284311154641092e0,-7.65517968061504828e0,6.50776307842271251e-13,5.86016202034183706e1,-4.94679852636181749e-11
3025,1.73856405955608636e2,1.85465462638882542e2,8.93316881240889842e1,1.91938810813399030e0,-3.44997179513605090e0,-9.87514143359888630e-1,1.00312288095256519e0,7.20184494788964180e0,-7.16114538951377266e0,7.05051468596895603e-13,5.85991364198180236e1,-7.48343609302537516e-11
3026,1.75613430520965608e2,1.87490567884299281e2,9.09768237414559025e1,1.95699891399046644e0,-3.46157492881544337e0,-9.87508497298929755e-1,1.00337056549102965e0,7.16219513342986680e0,-6.66714108283813545e0,7.56994293638069138e-13,5.85968119072421061e1,-4.23057144871563651e-11
3027,1.77628179412608262e2,1.89778397517713785e2,9.28790399465529788e1,1.99753874804811282e0,-3.47119533070617292e0,-9.87503328685313653e-1,1.00353182974656696e0,7.12575888888791287e0,-6.17316481638002834e0,8.22248519272150702e-13,5.85946479520360910e1,-8.01776423031697050e-11
3028,1.79927534857824867e2,1.92353668588826224e2,9.50656343347611141e1,2.04088157291548189e0,-3.47816774378622684e0,-9.87498639314776550e-1,1.00360536927726196e0,7.09498517779337146e0,-5.67921461995956278e0,8.62403898294061833e-13,5.85926457557355533e1,-3.43902684107888490e-11
3029,1.82530778411749594e2,1.95232669176104082e2,9.75566568243220473e1,2.08672783170673926e0,-3.48165760153858317e0,-9.87494430820677671e-1,1.00359238542429385e0,7.07298072838984471e0,-5.18528849915430534e0,9.15696338199545323e-13,5.85908064335353345e1,-3.77582409782917239e-11
3030,1.85441532464705745e2,1.98415052971668047e2,1.00356983566573078e2,2.13454765644724853e0,-3.48063160261008209e0,-9.87490704672427833e-1,1.00349771182561853e0,7.06351109738612060e0,-4.69138443707218133e0,9.62618873501241978e-13,5.85891310128559866e1,-6.20872242507175542e-11
3031,1.88636208928994165e2,2.01872191003209593e2,1.03444918036428604e2,2.18351975986209901e0,-3.47383900193188833e0,-9.87487462174070907e-1,1.00333100475552817e0,7.07083710008696542e0,-4.19750039616499926e0,1.02429176251916942e-12,5.85876204320212821e1,-1.98951966012828052e-13
3032,1.92049325371115600e2,2.05532496985088216e2,1.06757656825821456e2,2.23247376918996832e0,-3.45982453540333745e0,-9.87484704463018392e-1,1.00310773675036602e0,7.09923802749614463e0,-3.70363432007953053e0,1.08211985379302877e-12,5.85862755390438110e1,-5.48538992006797343e-11
3033,1.95558129881980193e2,2.09266232872697088e2,1.10176011331894173e2,2.27984962857543438e0,-3.43701049779796008e0,-9.87482432508945296e-1,1.00284959261930307e0,7.15202683547828499e0,-3.20978413554287467e0,1.17259197143781968e-12,5.85850970905282011e1,-1.07291953099775128e-11
3034,1.98972324652428085e2,2.12875635024841159e2,1.13514089391983177e2,2.32369590407416071e0,-3.40390306002703680e0,-9.87480647112844778e-1,1.00258379398022335e0,7.22991042384924398e0,-2.71594775427883217e0,1.28201420833418123e-12,5.85840857506806572e1,-3.26423332808190025e-11
3035,2.02038136132089164e2,2.16099606916887780e2,1.16523072862479822e2,2.36173882999495355e0,-3.35947755780332979e0,-9.87479348906242893e-1,1.00234098086375911e0,7.32885697062347941e0,-2.22212307495181749e0,1.45932972737267130e-12,5.85832420904497226e1,-6.22719653620151803e-11
3036,2.04466248646390795e2,2.18642409584333308e2,1.18918520842732804e2,2.39156042832538596e0,-3.30373946201774427e0,-9.87478538350580193e-1,1.00215163608534463e0,7.43835523276440469e0,-1.72830798513484485e0,1.79728638655812789e-12,5.85825665867784124e1,-4.53468373962095939e-11
3037,2.05985859577039150e2,2.20228447899443410e2,1.20433490276795126e2,2.41091102066112084e0,-3.23830425400314548e0,-9.87478215736753984e-1,1.00204160087208738e0,7.54182075110194994e0,-1.23450036329799406e0,3.01112514913479123e-12,5.85820596220005640e1,-8.13571432445314713e-11
3038,2.06411877750794105e2,2.20670006109077264e2,1.20884734794898378e2,2.41812595443235478e0,-3.16664296345303420e0,-9.87478381184829557e-1,1.00202776323398512e0,7.62073621450943328e0,-7.40698080813713022e-1,2.32698035102993361e-12,5.85817214831593205e1,-1.11128883872879669e-11
3039,2.05697964910704172e2,2.19920535961766234e2,1.20225084130000695e2,2.41252250561041315e0,-3.09362698466657537e0,-9.87479034643915066e-1,1.00211517367713965e0,7.66161888006175662e0,-2.46899003975284720e-1,2.66775821607654652e-12,5.85815523620443557e1,-4.37267999586765654e-11
3040,2.03949036055627062e2,2.18087108996449388e2,1.18555963399132210e2,2.39459441839937259e0,3.25879482700266454e0,-9.87480175892204048e-1,1.00229646672903772e0,7.66155660627611201e0,2.46899003975284664e-1,2.61105269587361740e-12,5.85815523545046943e1,-3.41628947353456169e-11
3041,2.01387117854012047e2,2.15395974547903791e2,1.16093982818634686e2,2.36589259178540923e0,3.32011465657503635e0,-9.87481804537183150e-1,1.00255368176536197e0,7.62825742274694463e0,7.40698080813713133e-1,2.44004178028087854e-12,5.85817214605382759e1,-2.81090706266695634e-11
3042,1.98289279780615914e2,2.12129989453838277e2,1.13109994290356155e2,2.32865281705538285e0,3.37109979971148288e0,-9.87483920016005934e-1,1.00286178677281157e0,7.57515537049434329e0,1.23450036329799384e0,2.50314170975075856e-12,5.85820595842774736e1,-1.69393388205207884e-11
3043,1.94926271665037547e2,2.08566625219062274e2,1.09868804428780251e2,2.28535038074334818e0,3.41103761894154545e0,-9.87486521596032563e-1,1.00319279562965247e0,7.51568316549717164e0,1.72830798513484485e0,1.62421139905666312e-12,5.85825665340195982e1,-4.88142859467188828e-11
3044,1.91521768858824316e2,2.04936560417737439e2,1.06589140393394729e2,2.23833985266724067e0,3.44044815455552921e0,-9.87489608375532679e-1,1.00351944680348848e0,7.45986645147804328e0,2.22212307495181705e0,1.32880078468344820e-12,5.85832420226730974e1,-9.22426579563762061e-11
3045,1.88236487338370125e2,2.01407233971197144e2,1.03428062599204026e2,2.18964150390041201e0,3.46052634040578067e0,-9.87493179284552158e-1,1.00381781616729393e0,7.41357238665063356e0,2.71594775427883173e0,1.19008579033130779e-12,5.85840856679250450e1,-6.67057520331582054e-11
3046,1.85170732742496114e2,1.98084998262002216e2,1.00483486062665307e2,2.14085851707013974e0,3.47271139166941722e0,-9.87497233085938619e-1,1.00406870448172292e0,7.37925549760953459e0,3.20978413554287467e0,1.10095071080562601e-12,5.85850969928402705e1,-4.23341361965867691e-11
3047,1.82376207487698935e2,1.95026712930068214e2,9.78057815777970205e1,2.09318076755243032e0,3.47842680567311957e0,-9.87501768376529809e-1,1.00425797901757563e0,7.35710266493653098e0,3.70363432007953053e0,1.04207614759488365e-12,5.85862754264795456e1,-9.40758582146372646e-12
3048,1.79870012456344369e2,1.92253687105814407e2,9.54115139905512564e1,2.04743396159260893e0,3.47895390872959354e0,-9.87506783588495640e-1,1.00437620041251296e0,7.34602482953522617e0,4.19750039616499926e0,9.87833946586302858e-13,5.85876203046434512e1,-4.06572553401929326e-11
3049,1.77647030531876851e2,1.89764109080085092e2,9.32955770354021610e1,2.00414580715147750e0,3.47538781976276479e0,-9.87512276990837101e-1,1.00441786853956239e0,7.34434889331588181e0,4.69138443707218045e0,9.50225575307994674e-13,5.85891308707379466e1,-6.26414475846104324e-11
3050,1.75689362342404024e2,1.87542586779567586e2,9.14404264273102569e1,1.96361291248640280e0,3.46863659047785555e0,-9.87518246691035828e-1,1.00438054563821577e0,7.35024246120354707e0,5.18528849915430445e0,9.05974947840171296e-13,5.85908062767574762e1,-3.63797880709171295e-11
3051,1.73972844981481956e2,1.85566794108133223e2,8.98224481394056369e1,1.92596045251648218e0,3.45943944399607606e0,-9.87524690636851443e-1,1.00426402023250372e0,7.36194858780588213e0,5.67921461995956278e0,8.63023194574985553e-13,5.85926455843871992e1,-8.58761950439657085e-11
3052,1.72471220187272763e2,1.83811766874078899e2,8.84160224141305804e1,1.89119166177625897e0,3.44839121431148188e0,-9.87531606618266000e-1,1.00406959445747335e0,7.37789971431390423e0,6.17316481638002834e0,8.13541942146223107e-13,5.85946477662131713e1,-9.49285094975493848e-11
3053,1.71158607183421736e2,1.82252491305448416e2,8.71959287726180179e1,1.85922692443039672e0,3.43596682866291037e0,-9.87538992269569982e-1,1.00379952141613615e0,7.39676013548075151e0,6.66714108283813633e0,7.52291458294696014e-13,5.85968117070496106e1,-4.77626826977939345e-11
3054,1.70010839280508435e2,1.80865339231398934e2,8.61386412430559858e1,1.82993352041877921e0,3.42254329552150027e0,-9.87546845071584189e-1,1.00345658664269766e0,7.41742878898894276e0,7.16114538951377444e0,7.06486084911528422e-13,5.85991362053684526e1,-3.47171180692384951e-11
3055,1.69006081328832266e2,1.79628766255214970e2,8.52229226789524148e1,1.80314756306410251e0,3.40841844269733851e0,-9.87555162354018856e-1,1.00304381247289665e0,7.43902174899324287e0,7.65517968061504739e0,6.50181297690011206e-13,5.86016199748311664e1,-2.30642172027728520e-11
3056,1.68125015764840271e2,1.78523562083505652e2,8.44299996794337915e1,1.77868971090747685e0,3.39382644925115873e0,-9.87563941297957992e-1,1.00256425964012674e0,7.46084579994265962e0,8.14924587269554657e0,5.97702443094760838e-13,5.86042616459299239e1,-2.78959078059415333e-11
3057,1.67350785442955043e2,1.77532843525421669e2,8.37435018531831474e1,1.75637608203048390e0,3.37895052478298163e0,-9.87573178938473517e-1,1.00202090170834990e0,7.48236952512231213e0,8.64334585302077940e0,5.49145798278694031e-13,5.86070597677159100e1,-4.12114786740858108e-12
3058,1.66668811263867383e2,1.76641910674754342e2,8.31492803921595964e1,1.73602556971953481e0,3.36393317165039374e0,-9.87582872167356518e-1,1.00141655173651767e0,7.50319536549034982e0,9.13748147798653854e0,4.99782507046298008e-13,5.86100128096244219e1,-9.45874489843845367e-11
3059,1.66066555753203886e2,1.75838039753408708e2,8.26351750978773936e1,1.71746452041034514e0,3.34888445031259430e0,-9.87593017735964973e-1,1.00075382496345000e0,7.52303433975410218e0,9.63165457159142413e0,4.49078274566971913e-13,5.86131191633928665e1,-6.44888586975866929e-11
3060,1.65533273647431997e2,1.75110255675945297e2,8.21907696320192542e1,1.70052951952491793e0,3.33388861723323648e0,-9.87603612258183938e-1,1.00003512537563810e0,7.54168409288455255e0,1.01258669239659405e1,4.09701786385774369e-13,5.86163771450556652e1,-3.15054649036028422e-11
3061,1.65059771791746300e2,1.74449108289936561e2,8.18071565042286437e1,1.68506884960672787e0,3.31900944623352734e0,-9.87614652213487765e-1,9.99262647409446148e-1,7.55901036605048837e0,1.06201202899602389e1,3.64045599221540783e-13,5.86197849970254978e1,-3.89235310649382882e-11
3062,1.64638189318609875e2,1.73846464581900676e2,8.14767222994772737e1,1.67094303949138090e0,3.30429448915726187e0,-9.87626133950105456e-1,9.98438386679847856e-1,7.57493167782950216e0,1.11144163877925042e1,3.24955340413879412e-13,5.86233408902482651e1,-4.41531256001326256e-11
3063,1.64261802431991953e2,1.73295322211392687e2,8.11929572135710345e1,1.65802480977777944e0,3.28977848395200967e0,-9.87638053688279061e-1,9.97564155596081026e-1,7.58940686502017314e0,1.16087568977597329e1,2.90545365544403467e-13,5.86270429264303132e1,-5.47260015082429163e-11
3064,1.63924854394225861e2,1.72789645774329699e2,8.09502893688630820e1,1.64619863352530227e0,3.27548607837130223e0,-9.87650407523611773e-1,9.96641601143766209e-1,7.60242508389716765e0,1.21031434610125057e1,2.59414018044523687e-13,5.86308891403290815e1,-4.27888835474732332e-11
3065,1.63622409352622128e2,1.72324225050123658e2,8.07439425024209925e1,1.63536006660739797e0,3.26143400479458290e0,-9.87663191430499521e-1,9.95672223108775345e-1,7.61399787772421366e0,1.25975776783953091e1,2.27817764653082122e-13,5.86348775021072370e1,-4.33715285907965153e-11
3066,1.63350227727699973e2,1.71894553425361551e2,8.05698147502822337e1,1.62541495470458863e0,3.24763281510550117e0,-9.87676401265641268e-1,9.94657391700635940e-1,7.62415294834833190e0,1.30920611093534944e1,1.98032562570560344e-13,5.86390059197483211e1,-3.67634811482275836e-11
3067,1.63104660571729255e2,1.71496724260013053e2,8.04243759636923841e1,1.61627858948558845e0,3.23408826312280651e0,-9.87690032771619597e-1,9.93598363990349065e-1,7.63292931347925929e0,1.35865952709082389e1,1.72688252586539193e-13,5.86432722415146230e1,-6.59099441691068932e-11
3068,1.62882560320202856e2,1.71127342888859744e2,8.03045810195230700e1,1.60787486184673822e0,3.22080240479836011e0,-9.87704081580549897e-1,9.92496298876068939e-1,7.64037357796268068e0,1.40811816367000375e1,1.50403994814141129e-13,5.86476742584585082e1,-9.83817471933434717e-11
3069,1.62681205541892666e2,1.70783452067250067e2,8.02077967744972113e1,1.60013544262059515e0,3.20777447250379000e0,-9.87718543217787848e-1,9.91352270479584075e-1,7.64653709210815968e0,1.45758216361019564e1,1.28251576025917302e-13,5.86522097069743822e1,-2.66027200268581510e-11
3070,1.62498237547701194e2,1.70462468874264175e2,8.01317405672944716e1,1.59299900897820512e0,3.19500156856178297e0,-9.87733413105692737e-1,9.90167279992103633e-1,7.65147381053680675e0,1.50705166534027644e1,1.14602771716931784e-13,5.86568762713871692e1,-1.00612851383630186e-11
3071,1.62331606991435791e2,1.70162131320894076e2,8.00744284429418371e1,1.58641052637655355e0,3.18247921421150748e0,-9.87748686567439971e-1,9.88942266053874142e-1,7.65523870012657337e0,1.55652680270606467e1,9.72347202754519913e-14,5.86616715865686160e1,-3.04538616546778940e-11
3072,1.62697340556160668e2,1.70821857480987575e2,8.01414954103303643e1,1.60272860071276391e0,-3.19228156918212846e0,-9.87688117716436054e-1,9.88342002576059753e-1,8.13824418898032853e0,-1.55655949252121495e1,8.90121309993219256e-14,6.64778821162067146e1,-6.43325392957194708e-11
3073,1.62898032666648191e2,1.71165227417047362e2,8.02231647279052567e1,1.61094445169432299e0,-3.20493533915843631e0,-9.87674800801375263e-1,9.89572589059960817e-1,8.13059231074329958e0,-1.50708349818849925e1,1.02862163231520753e-13,6.64724639185053263e1,-3.43902684107888490e-11
3074,1.63119199205514860e2,1.71533708319720205e2,8.03272631043232934e1,1.61985247507391161e0,-3.21780012059291654e0,-9.87661907437304531e-1,9.90762809260408273e-1,8.12132497640126516e0,-1.45761312332330064e1,1.20507770429156835e-13,6.64671912286507904e1,-7.00879354553762823e-11
3075,1.63363462020353381e2,1.71930131760059538e2,8.04563328472711419e1,1.62952076054484984e0,-3.23086955843272161e0,-9.87649441797283312e-1,9.91911607975933474e-1,8.11035712891557381e0,-1.40814823440393315e1,1.40915057400547994e-13,6.64620667161506873e1,-7.97513166617136449e-11
3076,1.63633834271959074e2,1.72357725871730622e2,8.06133002763395581e1,1.64002438543585338e0,-3.24413335258503199e0,-9.87637407938656287e-1,9.93017846911273594e-1,8.09760595083932522e0,-1.35868869334359363e1,1.61304997137179384e-13,6.64570929946571880e1,-5.80655523663153872e-11
3077,1.63933783129607377e2,1.72820175860844842e2,8.08015382999265626e1,1.65144592814695645e0,-3.25757621142275866e0,-9.87625809799527965e-1,9.94080291796915816e-1,8.08299392126477123e0,-1.30923435756479840e1,1.82232701151363585e-13,6.64522726190180748e1,-9.85806991593562998e-11
3078,1.64267301695898396e2,1.73321692804554743e2,8.10249384332160645e1,1.66387591086932773e0,-3.27117655899079640e0,-9.87614651195314552e-1,9.95097598264424121e-1,8.06645296274369628e0,-1.25978508008083701e1,2.10807066247653552e-13,6.64476080823543498e1,-5.12585529577336274e-11
3079,1.64638990654658159e2,1.73867090928161900e2,8.12879928531285998e1,1.67741311218661582e0,-3.28490494083427675e0,-9.87603935815372758e-1,9.96068296763273797e-1,8.04792998640777135e0,-1.21034070958419040e1,2.42399850192143163e-13,6.64431018131849527e1,-1.02744479590910487e-11
3080,1.65054149530722981e2,1.74461872856346588e2,8.15958865198767853e1,1.69216466524367148e0,-3.29872206202901630e0,-9.87593667219717086e-1,9.96990777086526725e-1,8.02739421419806654e0,-1.16090109054187405e1,2.74138350908614825e-13,6.64387561725987581e1,-5.02211605635238811e-11
3081,1.65518876362687564e2,1.75112321134192030e2,8.19545983579521362e1,1.70824582392393953e0,-3.31257637786802439e0,-9.87583848835827061e-1,9.97863273502433201e-1,8.00484673595238050e0,-1.11146606329761788e1,3.04818670304740635e-13,6.64345734514749893e1,-3.83693077310454100e-11
3082,1.66040172727857851e2,1.75825592313755067e2,8.23710086948375846e1,1.72577923582214598e0,-3.32640114279257881e0,-9.87574483955551252e-1,9.98683852125490823e-1,7.98033284132952758e0,-1.06203546418079728e1,3.39950290140222933e-13,6.64305558677684616e1,-2.70006239588838071e-11
3083,1.66626048002375683e2,1.76609806680560695e2,8.28530071869647315e1,1.74489350462741966e0,-3.34011080694418361e0,-9.87565575732114564e-1,9.99450403080259786e-1,7.95395774193032778e0,-1.01260912562200414e1,3.80024137158763153e-13,6.64267055638520958e1,-5.67581537325168028e-11
3084,1.67285611879256777e2,1.77474121645455824e2,8.34095907137631372e1,1.76572075412193286e0,-3.35359663318723067e0,-9.87557127177230210e-1,1.00016064130393278e0,7.92590634786758930e0,-9.63186876275130288e0,4.21485762958084820e-13,6.64230246039325891e1,-2.67164068645797670e-12
3085,1.68029136630563414e2,1.78428769090634461e2,8.40509333227218889e1,1.78839282080754103e0,-3.36672139284761940e0,-9.87549141158326815e-1,1.00081212158979116e0,7.89646774993745559e0,-9.13768541145828195e0,4.69877609043933830e-13,6.64195149715430517e1,-4.45936620963038877e-11
3086,1.68868059223996397e2,1.79485025399572095e2,8.47883990978083233e1,1.81303560425919019e0,-3.37931299030919918e0,-9.87541620395892328e-1,1.00140227575819463e0,7.86606492150560843e0,-8.64353941726166397e0,5.16789736004774625e-13,6.64161785671115155e1,-1.46371803566580638e-11
3087,1.69814876763399809e2,1.80655066149590226e2,8.56344523671835702e1,1.83976100063859183e0,-3.39115687398299182e0,-9.87534567460937041e-1,1.00192848263371803e0,7.83528978795437503e0,-8.14942896135330663e0,5.64165034133701226e-13,6.64130172056151906e1,-9.69606617218232714e-11
3088,1.70882865293620455e2,1.81951634078563728e2,8.66023964191314093e1,1.86865575070440237e0,-3.40198713107763728e0,-9.87527984772586853e-1,1.00238818459417844e0,7.80494304155562624e0,-7.65535219266149269e0,6.10631337161215981e-13,6.64100326143319535e1,-6.86100065649952739e-11
3089,1.72085520845779399e2,1.83387418170155598e2,8.77058408614785634e1,1.89976647777522900e0,-3.41147626787918057e0,-9.87521874595805982e-1,1.00277906726235200e0,7.77607662486164841e0,-7.16130722937247732e0,6.69676987474776553e-13,6.64072264306775111e1,-1.78488335222937167e-11
3090,1.73435583638477340e2,1.84974004720593513e2,8.89577597849973500e1,1.93308022152295922e0,-3.41922390326957837e0,-9.87516239039253563e-1,1.00309932024694426e0,7.75003423311964479e0,-6.66729216050595586e0,7.23021469084539348e-13,6.64046002001504689e1,-4.94253526994725689e-11
3091,1.74943467298898383e2,1.86720224095161484e2,9.03689635111205689e1,1.96849996451758846e0,-3.42474505046935818e0,-9.87511080053280921e-1,1.00334799462530500e0,7.72848087647662396e0,-6.17330504754216669e0,7.70780141101656824e-13,6.64021553743793049e1,-9.09494701772928238e-11
3092,1.76614890020373934e2,1.88629695134223653e2,9.19457808355276143e1,2.00581510571377164e0,-3.42745949225659174e0,-9.87506399428071502e-1,1.00352546394904540e0,7.71340573347239111e0,-5.67934392609783512e0,8.33714174086619408e-13,6.63998933092779140e1,-7.87849785410799086e-11
3093,1.78447525356324832e2,1.90697394752128361e2,9.36867675310802781e1,2.04466769536756265e0,-3.42668520520875175e0,-9.87502198791924912e-1,1.00363397598459470e0,7.70707260141570760e0,-5.18540680764850936e0,8.87953773009986236e-13,6.63978152633163035e1,-6.93347601554705761e-11
3094,1.80426611547277219e2,1.92905207784779577e2,9.55783745939990297e1,2.08451666593896956e0,-3.42164114070296410e0,-9.87498479609691726e-1,1.00367824863029376e0,7.71187962554624740e0,-4.69149168129418381e0,9.35075801511420224e-13,6.63959223959071636e1,-8.79651906871004030e-11
3095,1.82519756038650030e2,1.95216716771017673e2,9.75898019709491109e1,2.12460441838284497e0,-3.41146809207190538e0,-9.87495243181362059e-1,1.00366601518268217e0,7.73007819898956949e0,-4.19759651556544355e0,9.86187694007600868e-13,6.63942157659144812e1,-1.02886588138062507e-11
3096,1.84671716568403554e2,1.97572041088987930e2,9.96678007260947680e1,2.16393301415971040e0,-3.39528047736503513e0,-9.87492490640805909e-1,1.00360836882309190e0,7.76330036667190893e0,-3.70371926026688847e0,1.04540117881746220e-12,6.63926963302857303e1,-8.35740365801029839e-11
3097,1.86800719679929273e2,1.99884313469853737e2,1.01732958093501338e2,2.20126069553364356e0,-3.37226479457798334e0,-9.87490222954672481e-1,1.00351971367031911e0,7.81187633868913167e0,-3.20985784835468824e0,1.12600055147960010e-12,6.63913649428106538e1,-6.41762198938522488e-11
3098,1.88798665020340195e2,2.02040158011592013e2,1.03679783102069578e2,2.23513272503321891e0,-3.34183773175890142e0,-9.87488440921449828e-1,1.00341713232666052e0,7.87402019652189367e0,-2.71601019784498732e0,1.23642741010898671e-12,6.63902223530147069e1,-2.41726638705586083e-11
3099,1.90537804214901257e2,2.03906750001593934e2,1.05383157766330342e2,2.26396158652658608e0,-3.30386099183969373e0,-9.87487145170682812e-1,1.00331906181460129e0,7.94514087926044432e0,-2.22217421374966362e0,1.41478354639262838e-12,6.63892692051804545e1,-5.52091705685597844e-11
3100,1.91885403414242148e2,2.05346925110803625e2,1.06712665118997194e2,2.28616662385425951e0,-3.25887456203824311e0,-9.87486336162356926e-1,1.00324334343338872e0,8.01774207662942828e0,-1.72834779003608241e0,1.77740461237974046e-12,6.63885060375121583e1,-4.55457893622224219e-11
3101,1.92725072908318509e2,2.06240949947094180e2,1.07553525514187712e2,2.30036761832686620e0,-3.20826221234956455e0,-9.87486014186444661e-1,1.00320494041131347e0,8.08241407722055705e0,-1.23452881160717287e0,2.95236835738503511e-12,6.63879332814455267e1,-3.55555584974354133e-11
3102,1.92979659474886802e2,2.06509766550711532e2,1.07829134661550896e2,2.30560009819696665e0,-3.15423568852096992e0,-9.87486179362615069e-1,1.00321380851788633e0,8.13002839612911465e0,-7.40715156298276778e-1,2.27526995182948666e-12,6.63875512608951652e1,-5.64313040740671568e-11
3103,1.92628091419098553e2,2.06132032040579020e2,1.07517712437149470e2,2.30149330532961960e0,-3.09956623543930476e0,-9.87486831640110863e-1,1.00327345057928485e0,8.15443186689190469e0,-2.46904696887079667e-1,2.55770500062085272e-12,6.63873601922813350e1,-2.71285216513206251e-11
3104,1.91709688922972362e2,2.05148431957083005e2,1.06656659122164569e2,2.28834683105927894e0,3.23607186978048800e0,-9.87487970797790715e-1,1.00338053127154425e0,8.15430596351755810e0,2.46904696887079694e-1,2.53802305845538152e-12,6.63873601837625955e1,-4.00035560232936405e-11
3105,1.90314332644018293e2,2.03651667034369524e2,1.05333011018298848e2,2.26707370970166489e0,3.28386049284232895e0,-9.87489596444335982e-1,1.00352562308277982e0,8.13317592179178561e0,7.40715156298276778e-1,2.37119952308222776e-12,6.63875512353382220e1,-6.64499566482845694e-11
3106,1.88562689009470716e2,2.01766353441627615e2,1.03664103760240394e2,2.23903165014752803e0,3.32528834355049607e0,-9.87491708018622516e-1,1.00369483180794350e0,8.09771666950810243e0,1.23452881160717287e0,2.52104511311995738e-12,6.63879332388322894e1,-2.84217094304040074e-13
3107,1.86583849015820505e2,1.99626257120988470e2,1.01775667981564652e2,2.20580396720278049e0,3.35950053345726518e0,-9.87494304790259347e-1,1.00387184756631176e0,8.05545204092680400e0,1.72834779003608263e0,1.63219481333354288e-12,6.63885059779104978e1,-2.95727886623353697e-11
3108,1.84496922161249870e2,1.97355473971652742e2,9.97837875241830261e1,2.16899491158990676e0,3.38637010130756355e0,-9.87497385860287014e-1,1.00403994619344239e0,8.01293897735029148e0,2.22217421374966362e0,1.30175189204384534e-12,6.63892691286126251e1,-4.37978542322525755e-11
3109,1.82399839091644139e2,1.95056869299638663e2,9.77839203207547172e1,2.13007908180993555e0,3.40628624134623603e0,-9.87500950162040203e-1,1.00418359242746780e0,7.97488229241284330e0,2.71601019784498687e0,1.16382467899023290e-12,6.63902222595240090e1,-9.32800503505859524e-11
3110,1.80365291983486429e2,1.92807742979080530e2,9.58469146946074488e1,2.09031467297922058e0,3.41993833086082999e0,-9.87504996462171492e-1,1.00428948415427866e0,7.94403978196229055e0,3.20985784835468868e0,1.07114707728617198e-12,6.63913648324499519e1,-7.10258518665796146e-11
3111,1.78441838878085832e2,1.90660758257620273e2,9.40200845120281059e1,2.05071079098426923e0,3.42814516036941530e0,-9.87509523361832398e-1,1.00434704442995693e0,7.92156193505875628e0,3.70371926026688802e0,1.01271074859354826e-12,6.63926962031176799e1,-4.69668748337426223e-11
3112,1.76657801447786824e2,1.88647754838244509e2,9.23310179670602338e1,2.01203200774578805e0,3.43174075870140571e0,-9.87514529298009980e-1,1.00434847214087020e0,7.90746407880314450e0,4.19759651556544444e0,9.63291946209920980e-13,6.63942156220117283e1,-1.26334498418145813e-11
3113,1.75026070776621737e2,1.86784540556441357e2,9.07922721915890492e1,1.97482420686675653e0,3.43150838328871055e0,-9.87520012545019754e-1,1.00428849968177047e0,7.90106135827124323e0,4.69149168129418292e0,9.13240403438431159e-13,6.63959222353510654e1,-7.03437308402499184e-12
3114,1.73548668029540750e2,1.85075485376019913e2,8.94058251674957063e1,1.93944975711064282e0,3.42814858763106445e0,-9.87525971216147824e-1,1.00416399630230280e0,7.90130350027096817e0,5.18540680764850936e0,8.70222297000289302e-13,6.63978150861980225e1,-7.75202124714269303e-11
3115,1.72220527764875897e2,1.83517364935673498e2,8.81667654171533428e1,1.90612430365883023e0,3.42226862770814710e0,-9.87532403265440673e-1,1.00397352288898745e0,7.90700490420437241e0,5.67934392609783512e0,8.20513795796173895e-13,6.63998931156974947e1,-5.08322273162775673e-11
3116,1.71032373808340026e2,1.82102308034441137e2,8.70660937503783430e1,1.87495085270996453e0,3.41438391718456469e0,-9.87539306489642388e-1,1.00371690641645417e0,7.91698887325074185e0,6.17330504754216669e0,7.71410713085174393e-13,6.64021551644460146e1,-4.37267999586765654e-11
3117,1.69972766402684783e2,1.80819916420376302e2,8.60927152905778854e1,1.84594914840233293e0,3.40492551829026180e0,-9.87546678530269895e-1,1.00339487034747266e0,7.93016937454033588e0,6.66729216050595674e0,7.10131606296293683e-13,6.64045999739821156e1,-9.11057895791600458e-11
3118,1.69029479269100193e2,1.79658709458352916e2,8.52347776643966455e1,1.81907977381213870e0,3.39425008606237633e0,-9.87554516875826183e-1,1.00300873443269145e0,7.94559071808924067e0,7.16130722937247644e0,6.67643891560931735e-13,6.64072261884016655e1,-6.50999254503403790e-11
3119,1.68190374473966699e2,1.78607058607852451e2,8.44805198305380287e1,1.79426320237704040e0,3.38265028002680967e0,-9.87562818864148872e-1,1.00256018328627761e0,7.96244059982045460e0,7.65535219266149447e0,6.09519379413114848e-13,6.64100323560832351e1,-7.50475237509817816e-11
3120,1.67443920854536202e2,1.77653756512667854e2,8.38187740506753016e1,1.77139440551714822e0,3.37036462995177155e0,-9.87571581684886679e-1,1.00205109579277774e0,7.98004734532672533e0,8.14942896135330663e0,5.61401619636470173e-13,6.64130169315378680e1,-1.43671741170692258e-11
3121,1.66779470348634220e2,1.76788335274006869e2,8.32392326125929856e1,1.75035375205877597e0,3.35758640313829870e0,-9.87580802382098555e-1,1.00148342458802642e0,7.99786857860249167e0,8.64353941726166219e0,5.15119197297408959e-13,6.64161782773568206e1,-4.78763695355155505e-11
3122,1.66187376442217072e2,1.76001218952047566e2,8.27325613800215507e1,1.73101492710814897e0,3.34447132855109430e0,-9.87590477856976401e-1,1.00085911469466615e0,8.01547593314882079e0,9.13768541145828195e0,4.68135946674053116e-13,6.64195146662721783e1,-5.02780039823846892e-11
3123,1.65659014068857346e2,1.75283770704327253e2,8.22904179104567248e1,1.71325052281286228e0,3.33114419264223693e0,-9.87600604870680576e-1,1.00018005156250034e0,8.03253863021184245e0,9.63186876275130288e0,4.18257442569291982e-13,6.64230242833119462e1,-8.75672867550747469e-11
3124,1.65186741328651067e2,1.74628276035548680e2,8.19054133662899204e1,1.69693585275095860e0,3.31770439736990808e0,-9.87611180047284765e-1,9.99448030441620228e-1,8.04880755698964201e0,1.01260912562200414e1,3.76266726109797389e-13,6.64267052280566617e1,-2.89190893454360776e-11
3125,1.64763829667601954e2,1.74027889829560365e2,8.15710440661130178e1,1.68195143855392693e0,3.30423060065198371e0,-9.87622199876829976e-1,9.98664740736858292e-1,8.06410070773395660e0,1.06203546418079746e1,3.42333800196215066e-13,6.64305555169820252e1,-4.60005367131088860e-11
3126,1.64384379562433537e2,1.73476565112098086e2,8.12816091846082571e1,1.66818452321233157e0,3.29078456503605654e0,-9.87633660718473583e-1,9.97831760531705636e-1,8.07829036848950999e0,1.11146606329761806e1,3.02629449278057905e-13,6.64345730858870240e1,-4.86579665448516607e-11
3127,1.64043232242463489e2,1.72968974840416394e2,8.10321247805379414e1,1.65552988496986542e0,3.27741433391451276e0,-9.87645558803735168e-1,9.96950557745069355e-1,8.09129213578990125e0,1.16090109054187405e1,2.69631539318027080e-13,6.64387557924060275e1,-6.28546104053384624e-11
3128,1.63735883651280346e2,1.72500433553527841e2,8.08182401324369550e1,1.64389015962754259e0,3.26415684282695961e0,-9.87657890239831082e-1,9.96022495389028428e-1,8.10305569443764995e0,1.21034070958419040e1,2.38590397438898094e-13,6.64431014185906577e1,-1.09992015495663509e-11
3129,1.63458404048365992e2,1.72066822795080100e2,8.06361596469408823e1,1.63317582644990988e0,3.25104005987663447e0,-9.87670651013092482e-1,9.95048839159853427e-1,8.11355719419893084e0,1.25978508008083701e1,2.09131323369859956e-13,6.64476076735682568e1,-9.18873865884961560e-11
3130,1.63207364871974789e2,1.71664522340319706e2,8.04825718847236402e1,1.62330497185359857e0,3.23808473587256662e0,-9.87683836992459763e-1,9.94030766159171519e-1,8.12279302949450788e0,1.30923435756479822e1,1.86812371127942356e-13,6.64522721962567857e1,-1.75361947185592726e-11
3131,1.62979773399068563e2,1.71290348088620988e2,8.03545862017416539e1,1.61420291366655255e0,3.22530583240948587e0,-9.87697443933050478e-1,9.92969373951101075e-1,8.13077481991541084e0,1.35868869334359346e1,1.57471258255270641e-13,6.64570925581423353e1,-1.00328634289326146e-11
3132,1.62773015088920715e2,1.70941496764978496e2,8.02496768788396082e1,1.60580174504131801e0,3.21271368504528132e0,-9.87711467479791994e-1,9.91865689449905275e-1,8.13752539968338695e0,1.40814823440393333e1,1.39614014793565389e-13,6.64620662661089057e1,-9.26405618884018622e-11
3133,1.62584803148639054e2,1.70615497170233510e2,8.01656342791170289e1,1.59803983945228834e0,3.20031494916425441e0,-9.87725903171115971e-1,9.90720677334344990e-1,8.14307564275649653e0,1.45761312332330064e1,1.20889409593871733e-13,6.64671907653156637e1,-7.06137370798387565e-11
3134,1.62413134682523264e2,1.70310167499419777e2,8.01005224048117128e1,1.59086134519097167e0,3.18811336792780553e0,-9.87740746442705597e-1,9.89535247821981212e-1,8.14746197213375645e0,1.50708349818849943e1,1.04478925511131138e-13,6.64724634421152842e1,-5.34470245838747360e-11
3135,1.62256252723058310e2,1.70023578148666161e2,8.00526421659073861e1,1.58421568829130233e0,3.17611039480555668e0,-9.87755992631292989e-1,9.88310263727284366e-1,8.15072442404753872e0,1.55655949252121495e1,8.74508798709427992e-14,6.64778816270045070e1,-5.31912291990010999e-11
3136,1.62593438308388812e2,1.70640232159928161e2,8.01054400957219173e1,1.60009855734678852e0,-3.18438359358401701e0,-9.87695993286455298e-1,9.87666906296050806e-1,8.63570810445525439e0,-1.55659412048130701e1,7.81805176153227421e-14,7.47833146855684419e1,-5.49817968931165524e-11
3137,1.62779977366379683e2,1.70964258433589322e2,8.01742601412932601e1,1.60826923761612983e0,-3.19638060003075353e0,-9.87682701926368201e-1,9.88897361499381788e-1,8.62893261855384353e0,-1.50711721814357755e1,9.50212131201055854e-14,7.47772386881548954e1,-9.33795263335923664e-11
3138,1.62984636273698897e2,1.71310560693626115e2,8.02633031333749045e1,1.61709774517071070e0,-3.20852331197125018e0,-9.87669833358468141e-1,9.90088004087875340e-1,8.62066829901077902e0,-1.45764591816541476e1,1.12534981333567430e-13,7.47713259041400420e1,-6.74447164783487096e-11
3139,1.63209577912611962e2,1.71681456274206084e2,8.03746740242759188e1,1.62664414876749475e0,-3.22079831735280031e0,-9.87657391742729707e-1,9.91237879750966111e-1,8.61085945678402354e0,-1.40818008736837328e1,1.29091182188290077e-13,7.47655793237525188e1,-6.81694700688240118e-11
3140,1.63457255337588578e2,1.72079550827297339e2,8.05107640928600148e1,1.63697384989913841e0,-3.23318756234414639e0,-9.87645381123728239e-1,9.92345972763037709e-1,8.59945753386815603e0,-1.35871958802785358e1,1.50338075322054010e-13,7.47600018746143036e1,-4.62705429526977241e-11
3141,1.63730450178778142e2,1.72507773679177603e2,8.06742897929782146e1,1.64815777437596900e0,-3.24566728478486244e0,-9.87633805427131750e-1,9.93411197969789383e-1,8.58642472508973142e0,-1.30926427794733211e1,1.69381869641327398e-13,7.47545964184313050e1,-3.77440301235765219e-11
3142,1.64032314215741593e2,1.72969415376408676e2,8.08683350603995308e1,1.66027244022752174e0,-3.25820672535451861e0,-9.87622668456266450e-1,9.94432392563851297e-1,8.57173864275127073e0,-1.25981401053957995e1,1.92346139016308371e-13,7.47493657477265856e1,-4.49063009000383317e-12
3143,1.64366413182001878e2,1.73468166216093692e2,8.10963962406544425e1,1.67339983944712500e0,-3.27076657456689679e0,-9.87611973888759875e-1,9.95408308091791705e-1,8.55539825994559777e0,-1.21036863491479529e1,2.22492163581833324e-13,7.47443125826295329e1,-7.99786903371568769e-11
3144,1.64736771023819955e2,1.74008153654539740e2,8.13624279935297636e1,1.68762704962280297e0,-3.28329710786911999e0,-9.87601725273274722e-1,9.96337603393280702e-1,8.53743140041289017e0,-1.16092799597563285e1,2.51403065032462791e-13,7.47394395677009840e1,-2.16715534406830557e-11
3145,1.65147911571755913e2,1.74593975149611197e2,8.16708873027594677e1,1.70304546426464110e0,-3.29573595569646738e0,-9.87591926026326838e-1,9.97218839538285495e-1,8.51790406676320266e0,-1.11149193451903123e1,2.83006257317808263e-13,7.47347492688333830e1,-3.02549096886650659e-11
3146,1.65604892692123826e2,1.75230721017672238e2,8.20267708741112642e1,1.71974949682778844e0,-3.30800545119517597e0,-9.87582579429205909e-1,9.98050478329333801e-1,8.49693190434155277e0,-1.06206028734475328e1,3.19022586126038732e-13,7.47302441702056086e1,-3.52713414031313732e-11
3147,1.66113325244819748e2,1.75923979058375920e2,8.24356385184009355e1,1.73783457266847408e0,-3.32000949709013637e0,-9.87573688624993618e-1,9.98830886608767177e-1,8.47469406789895174e0,-1.01263288737053809e1,3.49669945776120983e-13,7.47259266713138430e1,-2.60627075476804748e-11
3148,1.66679365258147413e2,1.76679808703360379e2,8.29036112610587992e1,1.75739417591632541e0,-3.33162989742446092e0,-9.87565256615690723e-1,9.99558349481041497e-1,8.45144966556784105e0,-9.63209563753723330e0,3.95485727500144435e-13,7.47217990840830453e1,-4.84448037241236307e-11
3149,1.67309662306531607e2,1.77504666963137794e2,8.34373275582197493e1,1.77851566667079508e0,-3.34272211396994612e0,-9.87557286259455047e-1,1.00023109663806609e0,8.42755675767918788e0,-9.13790142019207074e0,4.32048494203307598e-13,7.47178636300547936e1,-3.81419340556021780e-11
3150,1.68011239799191173e2,1.78405261167193430e2,8.40438337775714785e1,1.80127453302354756e0,-3.35311043797700137e0,-9.87549780267956701e-1,1.00084734722484803e0,8.40349352410575179e0,-8.64374444193582825e0,4.82346801389255120e-13,7.47141224376720317e1,-2.09325889954925515e-11
3151,1.68791273571783705e2,1.79388294280611916e2,8.47303758175515043e1,1.82572670172769236e0,-3.36258262679920650e0,-9.87542741203854768e-1,1.00140537998008838e0,8.37988059222235826e0,-8.14962288945270785e0,5.30322313840869697e-13,7.47105775396553753e1,-5.07043296238407493e-11
3152,1.69656724075033964e2,1.80460057767806859e2,8.55040476168536543e1,1.85189851727346522e0,-3.37088415941688879e0,-9.87536171478399671e-1,1.00190363646124259e0,8.35750251259927701e0,-7.65553491730457480e0,5.79088860197529698e-13,7.47072308704858443e1,-6.63362698105629534e-11
3153,1.70613765782255399e2,1.81625815872290673e2,8.63712405062630495e1,1.87977403764796747e0,-3.37771244193482723e0,-9.87530073349166648e-1,1.00234086551181778e0,8.33732482053857105e0,-7.16147864944617307e0,6.31433273723391864e-13,7.47040842639855640e1,-5.51523271496989764e-11
3154,1.71666948212021452e2,1.82888916942369832e2,8.73368278229815047e1,1.90927942443183407e0,-3.38271158303740371e0,-9.87524448917922015e-1,1.00271631593367450e0,8.32050085229048797e0,-6.66745218079413604e0,6.79445215368001953e-13,7.47011394510199693e1,-7.22195636626565829e-11
3155,1.72818022233484982e2,1.84249568245251311e2,8.84030178907636639e1,1.94026447737745444e0,-3.38546881292378465e0,-9.87519300128629651e-1,1.00302998041387004e0,8.30835937060212792e0,-6.17345357884714918e0,7.36531495515446721e-13,7.46983980573131419e1,-5.81366066398913972e-11
3156,1.74064383526413678e2,1.85703231109529412e2,8.95678256763267484e1,1.97248184394375081e0,-3.38551429756707423e0,-9.87514628765599256e-1,1.00328288569024915e0,8.30236018909378437e0,-5.67948088535487816e0,7.83546838523108136e-13,7.46958616013832994e1,-5.34328137291595340e-11
3157,1.75397137726691142e2,1.87238648698519256e2,9.08231645600173039e1,2.00556519136023370e0,-3.38232704610521795e0,-9.87510436451778495e-1,1.00347741041288918e0,8.30400102710139798e0,-5.18553211803283176e0,8.41512623472873145e-13,7.46935314926108731e1,-8.83062512002652511e-11
3158,1.76798897644143182e2,1.88835627662235140e2,9.21526633990051636e1,2.03900871512640514e0,-3.37535078496555663e0,-9.87506724647195466e-1,1.00361759281865681e0,8.31465660009162200e0,-4.69160527232045244e0,9.01080425552702735e-13,7.46914090294311990e1,-6.11066752753686160e-11
3159,1.78241596255488560e2,1.90462870824729237e2,9.35294848375773000e1,2.07215176783502120e0,-3.36402483115127371e0,-9.87503494647551938e-1,1.00370936713625736e0,8.33533425099768088e0,-4.19769832317934277e0,9.62210346122649440e-13,7.46894953976677698e1,-4.20214973928523250e-11
3160,1.79684832699473873e2,1.92076392352230101e2,9.49146519635191339e1,2.10417398844390036e0,-3.34783547992899067e0,-9.87500747582971794e-1,1.00376064635047357e0,8.36634552980827628e0,-3.70380922692866488e0,1.01608868888214410e-12,7.46877916690021522e1,-4.47784032076015137e-11
3161,1.81075507447453845e2,1.93619283011476028e2,9.62566283620602690e1,2.13410771054154580e0,-3.32639195152937495e0,-9.87498484416903799e-1,1.00378115986672856e0,8.40692751838054164e0,-3.20993592311443443e0,1.08742312029952437e-12,7.46862987995858560e1,-4.26325641456060112e-14
3162,1.82349622377898356e2,1.95023704878971074e2,9.74930184542010494e1,2.16087485929331358e0,-3.29952568702837024e0,-9.87496705945186126e-1,1.00378197075644771e0,8.45490436589269656e0,-2.71607633640946622e0,1.19831228273525880e-12,7.46850176288009777e1,-5.49391643289709464e-11
3163,1.83436939570760501e2,1.96215799994639013e2,9.85550806409072493e1,2.18335379822213449e0,-3.26740125122529701e0,-9.87495412795268201e-1,1.00377464870937150e0,8.50654488394286012e0,-2.22222837854058231e0,1.38383087541077421e-12,7.46839488781704262e1,-7.77475861468701623e-11
3164,1.84268557567696519e2,1.97123546596993293e2,9.93751241757877892e1,2.20047629867773553e0,-3.23061234888843707e0,-9.87494605425598193e-1,1.00377015989461071e0,8.55680297680247470e0,-1.72838995023960962e0,1.76633463714812033e-12,7.46830931504163686e1,-3.23439053317997605e-11
3165,1.84786416825049457e2,1.97686535834644729e2,9.98958304035738394e1,2.21134548241282092e0,-3.19022389871245737e0,-9.87494284125167598e-1,1.00377763305002476e0,8.60005806736950618e0,-1.23455894321461823e0,2.91780786814896387e-12,7.46824509286911393e1,-3.51576545654097572e-11
3166,1.84952655803334238e2,1.97865545720191562e2,1.00079461800278651e2,2.21535425351671478e0,-3.14772241527971763e0,-9.87494449013228026e-1,1.00380323481240241e0,8.63126643779883729e0,-7.40733242137838421e-1,2.24757167629867360e-12,7.46820225757413851e1,-8.40429947857046500e-11
3167,1.84756221567089256e2,1.97649277301480765e2,9.99144052655465060e1,2.21227582268214151e0,-3.10486160665695499e0,-9.87495100039164853e-1,1.00384939780894711e0,8.64716725210585579e0,-2.46910726646571960e-1,2.46289153588358841e-12,7.46818083339284442e1,-4.48068249170319177e-11
3168,1.84214679483758744e2,1.97056175450113273e2,9.94170199865906170e1,2.20230005206487478e0,3.21975262626720493e0,-9.87496236982540077e-1,1.00391457529436257e0,8.64705407312254337e0,2.46910726646571932e-1,2.47013607993244646e-12,7.46818083243759077e1,-8.42703684611478820e-11
3169,1.83370680275101222e2,1.96130792933153657e2,9.86282440359487538e1,2.18600380585928811e0,3.25816009449815702e0,-9.87497859453298821e-1,1.00399356580685195e0,8.63278196959507937e0,7.40733242137838421e-1,2.32454139758534600e-12,7.46820225470846282e1,-8.22666379463043995e-11
3170,1.82284308763968681e2,1.94935944060069971e2,9.76061502251013025e1,2.16426431730177882e0,3.29233657158014026e0,-9.87499966892139480e-1,1.00407830964885614e0,8.60805739437935813e0,1.23455894321461823e0,2.58445229193299264e-12,7.46824508809172443e1,-8.54925019666552544e-11
3171,1.81023671421441293e2,1.93543041486264286e2,9.64167585696539646e1,2.13814083687879197e0,3.32153083797035009e0,-9.87502558571049183e-1,1.00415895909432340e0,8.57737954993523211e0,1.72838995023960962e0,1.65537001424118091e-12,7.46830930835910038e1,-1.22355459097889252e-11
3172,1.79656139776593420e2,1.92023074201799460e2,9.51254759590057830e1,2.10875401653095818e0,3.34543186322943331e0,-9.87505633593998344e-1,1.00422499549686473e0,8.54506192948093890e0,2.22222837854058231e0,1.28491846069361815e-12,7.46839487923203933e1,-6.95905555403442122e-11
3173,1.78241870171870914e2,1.90439883041413253e2,9.37907544464341356e1,2.07718546946992522e0,3.36408735403245052e0,-9.87509190897803535e-1,1.00426620439340941e0,8.51459511869881247e0,2.71607633640946577e0,1.13070447102514571e-12,7.46850175239764837e1,-5.83355586059042253e-11
3174,1.76830145264845157e2,1.88846303488467811e2,9.24605056803848555e1,2.04440818289557980e0,3.37779813867303158e0,-9.87513229253140112e-1,1.00427339562383167e0,8.48839276580575053e0,3.20993592311443443e0,1.04509218119830383e-12,7.46862986758453218e1,-8.18545231595635414e-11
3175,1.75458231422957539e2,1.87282880882446051e2,9.11709741058520962e1,2.01124816070610812e0,3.38701757948526261e0,-9.87517747265722834e-1,1.00423883566950267e0,8.46782419818755194e0,3.70380922692866443e0,9.81758511292563085e-13,7.46877915264162624e1,-5.37454525328939781e-11
3176,1.74152021434904839e2,1.85778426896438901e2,8.99473549818533797e1,1.97837161802692307e0,3.39227086723892279e0,-9.87522743377634238e-1,1.00415642034302732e0,8.45340157199095721e0,4.19769832317934188e0,9.27259571209537725e-13,7.46894952363176543e1,-8.09166067483602092e-11
3177,1.72927678196923125e2,1.84351624803605574e2,8.88053904626609381e1,1.94629001036774607e0,3.39409778825056696e0,-9.87528215868812231e-1,1.00402164906811353e0,8.44501545657504771e0,4.69160527232045066e0,8.87747774597213990e-13,7.46914088494085604e1,-3.26707549902494065e-11
3178,1.71793650723166650e2,1.83013043311788834e2,8.77533294405503881e1,1.91537567749844939e0,3.39301632556621069e0,-9.87534162858682230e-1,1.00383147041443932e0,8.44215564115457440e0,5.18553211803283265e0,8.26518541108267613e-13,7.46935312940165801e1,-7.09121650288579985e-11
3179,1.70752651845370622e2,1.81767136528666867e2,8.67938502153857598e1,1.88588248065885900e0,3.38950220580544004e0,-9.87540582307942172e-1,1.00358406082696217e0,8.44408955078597856e0,5.67948088535487816e0,7.80160658298001408e-13,7.46958613843310388e1,-4.69952965431730263e-11
3180,1.69803380529631795e2,1.80614002831976791e2,8.59257343246058412e1,1.85796758779091675e0,3.38397950138707193e0,-9.87547472020487871e-1,1.00327858336233033e0,8.44999272983297622e0,6.17345357884714918e0,7.24212356750797426e-13,7.46983978219239049e1,-3.35802496920223348e-11
3181,1.68941909049502726e2,1.79550815126302439e2,8.51452139773775940e1,1.83171207517587997e0,3.37681831301651236e0,-9.87554829645480359e-1,1.00291495708415312e0,8.45903665470743960e0,6.66745218079413604e0,6.76277610300868304e-13,7.47011391974268548e1,-4.34141611549421214e-11
3182,1.68162737158346943e2,1.78572919265782105e2,8.44469954088977772e1,1.80713913427144068e0,3.36833664353316387e0,-9.87562652679549458e-1,1.00249365405626656e0,8.47044287795431927e0,7.16147864944617307e0,6.25369547813114934e-13,7.47040839923302258e1,-4.92974550070357509e-11
3183,1.67459555613327211e2,1.77674639646268218e2,8.38249995916047936e1,1.78422942190825995e0,3.35880451270854330e0,-9.87570938469131687e-1,1.00201553084511175e0,8.48351261197402273e0,7.65553491730457392e0,5.73888159216551230e-13,7.47072305809197701e1,-2.71143107966054231e-11
3184,1.66825775106458991e2,1.76849846191382028e2,8.32728749981465342e1,1.76293354837597183e0,3.34844906881655291e0,-9.87579684212933961e-1,1.00148169497854833e0,8.49763947106707995e0,8.14962288945270608e0,5.21180321122471923e-13,7.47105772323403414e1,-3.71898067896836437e-11
3185,1.66254875827535841e2,1.76092337174969714e2,8.27843362193325589e1,1.74318194598398235e0,3.33745994389497058e0,-9.87588886964523405e-1,1.00089340318999120e0,8.51231132930825751e0,8.64374444193582825e0,4.82162920700801578e-13,7.47141221127767921e1,-7.36974925530375913e-11
3186,1.65740625453901913e2,1.75396085560940293e2,8.23533749461964248e1,1.72489247192335204e0,3.32599442376105792e0,-9.87598543635036408e-1,1.00025198665460091e0,8.52710562065260902e0,9.13790142019207252e0,4.37410524467551909e-13,7.47178632877594140e1,-5.24806864632409997e-11
3187,1.65277203941263792e2,1.74755387509119345e2,8.19743806184702919e1,1.70797612711197888e0,3.31418220955046205e0,-9.87608650996001702e-1,9.99558798057476716e-1,8.54168107865235271e0,9.63209563753723153e0,3.93733656789407860e-13,7.47217987245754074e1,-4.92121898787445389e-11
3188,1.64859264424054004e2,1.74164942827093739e2,8.16421992012470241e1,1.69234125406008640e0,3.30212967362342713e0,-9.87619205682273904e-1,9.98815175665472066e-1,8.55576790471436155e0,1.01263288737053809e1,3.51788043140288664e-13,7.47259262947897014e1,-8.91304807737469673e-11
3189,1.64481951807130656e2,1.73619889495840567e2,8.13521510284251974e1,1.67789653554907803e0,3.28992358707907950e0,-9.87630204195070971e-1,9.98022420230727070e-1,8.56915762400645775e0,1.06206028734475346e1,3.18581966363140623e-13,7.47302437768696421e1,-5.18269871463417076e-11
3190,1.64140894482840110e2,1.73115808250516409e2,8.11000226732378593e1,1.66455306663140346e0,3.27763433783311919e0,-9.87641642905111805e-1,9.97181781305796489e-1,8.58169337896802453e0,1.11149193451903141e1,2.80997447532627120e-13,7.47347488588991808e1,-4.42952341472846456e-11
3191,1.63832179932214046e2,1.72648708484029044e2,8.08820432648768275e1,1.65222572338837170e0,3.26531867971296252e0,-9.87653518055847113e-1,9.96294450271604015e-1,8.59326106670847167e0,1.16092799597563285e1,2.50698767301216208e-13,7.47394391413869954e1,-2.02504679691628553e-11
3192,1.63552321532279791e2,1.72215003247247296e2,8.06948523352958915e1,1.64083400724462281e0,3.25302206231743529e0,-9.87665825766779415e-1,9.95361558011040426e-1,8.60378150243400697e0,1.21036863491479529e1,2.18554341291365972e-13,7.47443121401647943e1,-8.12860889709554613e-12
3193,1.63298221420011146e2,1.71811478585540414e2,8.05354638844012669e1,1.63030250516531239e0,3.24078059351182057e0,-9.87678562036866547e-1,9.94384175683712845e-1,8.61320365076304562e0,1.25981401053957995e1,1.92269811183365391e-13,7.47493652893460592e1,-3.65361074727843516e-11
3194,1.63067132529030175e2,1.71435260655938322e2,8.04012296720114819e1,1.62056107409974692e0,3.22862268454759205e0,-9.87691722747999878e-1,9.93363317472928498e-1,8.62149888379974882e0,1.30926427794733193e1,1.69277786232768790e-13,7.47545959443757084e1,-6.01829697188804857e-11
3195,1.62856621717501071e2,1.71083782815852516e2,8.02898035860855970e1,1.61154483216555588e0,3.21657042383851088e0,-9.87705303668559020e-1,9.92299944497361031e-1,8.62865617994993883e0,1.35871958802785340e1,1.46598011507848014e-13,7.47600013851342027e1,-9.16315912036225200e-11
3196,1.62664535093997131e2,1.70754754013839602e2,8.01991081520653779e1,1.60319401854411225e0,3.20464072056385030e0,-9.87719300457026828e-1,9.91194969322127251e-1,8.63467815717737253e0,1.40818008736837328e1,1.25368465608843849e-13,7.47655788191007531e1,-4.44941861132974736e-11
3197,1.62488966111419757e2,1.70446129234630803e2,8.01273037298988413e1,1.59545376803685723e0,3.19284625420057200e0,-9.87733708665669230e-1,9.90049260683840249e-1,8.63957782937791308e0,1.45764591816541493e1,1.11917419776119687e-13,7.47713253845785317e1,-8.04192268333281390e-11
3198,1.62328226648443945e2,1.70156082365145750e2,8.00727606070852573e1,1.58827383388330579e0,3.18119626118742360e0,-9.87748523744267137e-1,9.88863648174425958e-1,8.64337597851588946e0,1.50711721814357773e1,9.39942568223273156e-14,7.47772381539497815e1,-5.25233190273866057e-11
3199,1.62180821083277635e2,1.69882981604840637e2,8.00340339893195676e1,1.58160828304275580e0,3.16969718541909762e0,-9.87763741043896637e-1,9.87638926722905985e-1,8.64609904397638651e0,1.55659412048130719e1,8.25103874113608526e-14,7.47833141369928001e1,-4.47926140623167157e-11
3200,1.62491058375995749e2,1.70458513374301475e2,8.00740737069144473e1,1.59697777314637035e0,-3.17654025898721715e0,-9.87704315708053504e-1,9.86952435188247601e-1,9.13302600674097320e0,-1.55663066801232883e1,7.54812878867028303e-14,8.35780950063382733e1,-4.84732254335540347e-11
3201,1.62664144478522303e2,1.70763966541478851e2,8.01306987609136741e1,1.60506259757726855e0,-3.18791427899790447e0,-9.87691051317277746e-1,9.88182472769037590e-1,9.12714713136486644e0,-1.50715280707893502e1,8.77770078844264390e-14,8.35713269790580284e1,-1.15250031740288250e-11
3202,1.62853213398739371e2,1.71089108258271125e2,8.02055445194171597e1,1.61376838250373611e0,-3.19937636667044911e0,-9.87678208917701528e-1,9.89373211728502233e-1,9.11989771308307162e0,-1.45768053046983397e1,1.03785036120740415e-13,8.35647408016313875e1,-1.81898940354585648e-11
3203,1.63060035543573122e2,1.71435815329221782e2,8.03003416809901864e1,1.62314742273404899e0,-3.21090765082640495e0,-9.87665792655506580e-1,9.90523785257186096e-1,9.11124691844682388e0,-1.40821370536871822e1,1.16715664910671535e-13,8.35583398008955811e1,-6.59809984426829033e-11
3204,1.63286591554439383e2,1.71806167496510653e2,8.04170299273547613e1,1.63325588234932861e0,-3.22248425310438957e0,-9.87653806561809788e-1,9.91633282572256025e-1,9.10117444677730703e0,-1.35875219443310105e1,1.36012728857437537e-13,8.35521272339780836e1,-7.57722773414570838e-11
3205,1.63535093520460975e2,1.72202465124114212e2,8.05577799203507681e1,1.64415373612056293e0,-3.23407626878825294e0,-9.87642254549170762e-1,9.92700744421641690e-1,9.08967430462698900e0,-1.30929585586832555e1,1.58258822713364111e-13,8.35461062846213594e1,-7.38538119549048133e-11
3206,1.63808005768054642e2,1.72627245518002468e2,8.07250151821616129e1,1.65590455661672808e0,-3.24564656169460042e0,-9.87631140408172237e-1,9.93725158987899038e-1,9.07675948125985776e0,-1.25984454350852708e1,1.76296477416570951e-13,8.35402800595551014e1,-3.16191517413244583e-11
3207,1.64108063713925901e2,1.73083296153320134e2,8.09214324336129209e1,1.66857508729943493e0,-3.25714934566903613e0,-9.87620467804080415e-1,9.94705458669101983e-1,9.06246767641574991e0,-1.21039810690446643e1,2.03431022027800168e-13,8.35346515849167588e1,-2.06057393370429054e-11
3208,1.64438288478658819e2,1.73573662249708974e2,8.11500181961710183e1,1.68223452479989466e0,-3.26852852434089058e0,-9.87610240273592233e-1,9.95640518425081722e-1,9.04686823010824348e0,-1.16095639141823472e1,2.34468694459977200e-13,8.35292238027388834e1,-3.63655772162019275e-11
3209,1.64801993859930008e2,1.74101644996068501e2,8.14140583885142917e1,1.69695341304909664e0,-3.27971576179967972e0,-9.87600461221669446e-1,9.96529156657167348e-1,9.03007038444975407e0,-1.11151923832470647e1,2.58539717412631376e-13,8.35239995674911455e1,-4.42099690189934336e-11
3210,1.65202780759357466e2,1.74670785181374100e2,8.17171361689847942e1,1.71280202805934767e0,-3.29062826108257234e0,-9.87591133918472530e-1,9.97370139949227075e-1,9.01223295766214605e0,-1.06208648491967033e1,2.94212570972618437e-13,8.35189816427064500e1,-3.01696445603738539e-11
3211,1.65644512145313968e2,1.75284824945769088e2,8.20631112888764278e1,1.72984810563049507e0,-3.30116623678581789e0,-9.87582261496393610e-1,9.98162193445609303e-1,8.99357541320868314e0,-1.01265796463452915e1,3.33911717720347667e-13,8.35141726976771963e1,-4.56168436357984319e-11
3212,1.66131259018959156e2,1.75947637740621730e2,8.24560716279102905e1,1.74815373679959962e0,-3.31121008568106356e0,-9.87573846947197298e-1,9.98904019173434299e-1,8.97439013790110174e0,-9.63233507157446311e0,3.69327832205890161e-13,8.35095753042446489e1,-8.27782287160516717e-11
3213,1.66667204582121258e2,1.76663113345035953e2,8.29002443255356525e1,1.76777123084380405e0,-3.32061728926301525e0,-9.87565893119270122e-1,9.99594325205287793e-1,8.95505546845100575e0,-9.13812938560780808e0,4.07958389292417678e-13,8.35051919336790860e1,-4.07425204684841447e-11
3214,1.67256489944126571e2,1.77434981016161544e2,8.33998500498499169e1,1.78873772894271510e0,-3.32921913092795663e0,-9.87558402714990402e-1,1.00023186913707418e0,8.93604858281033643e0,-8.64396081434671260e0,4.55430831935998981e-13,8.35010249536589555e1,-2.87201373794232495e-11
3215,1.67902980543154740e2,1.78266549880899134e2,8.39588797364536532e1,1.81106835261225818e0,-3.33681738676572825e0,-9.87551378288215376e-1,1.00081551979335437e0,8.91795674852857090e0,-8.14982755026570516e0,4.95933155653105473e-13,8.34970766253576073e1,-7.33848537493031472e-11
3216,1.68609928715276908e2,1.79160342273895452e2,8.45807692777118945e1,1.83474770386967645e0,-3.34318126459456755e0,-9.87544822241896103e-1,1.00134434114453397e0,8.90148454083117713e0,-7.65572775386560700e0,5.42565992134314001e-13,8.34933491006456023e1,-7.79607489675981924e-11
3217,1.69379505919581106e2,1.80117594345582290e2,8.52679455152823493e1,1.85971961865547453e0,-3.34804503577830781e0,-9.87538736825820607e-1,1.00181770178119312e0,8.88745346968856254e0,-7.16165955518222042e0,5.84247927815084722e-13,8.34898444194050597e1,-6.73594513500574976e-12
3218,1.70212180447146238e2,1.81137601386482970e2,8.60212188724208602e1,1.88587523729720563e0,-3.35110704498241452e0,-9.87533124134490903e-1,1.00223541146527140e0,8.87678900447870234e0,-6.66762105534835925e0,6.38608090020031938e-13,8.34865645069748865e1,-9.61790647124871612e-11
3219,1.71105926728174552e2,1.82216896698413422e2,8.68390077392314197e1,1.91303972639322106e0,-3.35203110728038389e0,-9.87527986105140698e-1,1.00259788269623007e0,8.87048840385090820e0,-6.17361032820688305e0,6.87440555868779057e-13,8.34835111717239471e1,-3.92930132875335403e-11
3220,1.72055275618492573e2,1.83348277482498133e2,8.77164022775571226e1,1.94095839594287156e0,-3.35045170745480014e0,-9.87523324515888867e-1,1.00290630936296465e0,8.86956145007719243e0,-5.67962542197206854e0,7.43379316436865167e-13,8.34806861027588383e1,-8.52651282912120223e-11
3221,1.73050256750139965e2,1.84519734436543700e2,8.86441161089659460e1,1.96928352361686221e0,-3.34598486161187392e0,-9.87519140984043364e-1,1.00316284618329576e0,8.87493598900063141e0,-5.18566436093677563e0,8.00624323782361813e-13,8.34780908677740570e1,-4.68673988507362083e-11
3222,1.74075347813550366e2,1.85713406907873463e2,8.96074371242999348e1,1.99756391453029636e0,-3.33824686710265484e0,-9.87515436964549798e-1,1.00337076229933619e0,8.88732254140900757e0,-4.69172514722244305e0,8.60899459359520947e-13,8.34757269110505860e1,-6.44462261334410869e-11
3223,1.75108628715901546e2,1.86904769241712216e2,9.05853708553148493e1,2.02524001890114613e0,-3.32688320425270856e0,-9.87512213748592216e-1,1.00353453192679365e0,8.90703925991010870e0,-4.19780576256912141e0,9.09190691483763302e-13,8.34735955515987342e1,-1.92414972843835130e-11
3224,1.76121425416523834e2,1.88062340195812453e2,9.15502563850520374e1,2.05164812942443975e0,-3.31160914404098872e0,-9.87509472462345439e-1,1.00365981783997116e0,8.93381233425569299e0,-3.70390417016232210e0,9.78194521911168735e-13,8.34716979814601814e1,-4.33288960266509093e-11
3225,1.77078784747921873e2,1.89148261116541164e2,9.24681921192793368e1,2.07603747158323815e0,-3.29226160937771084e0,-9.87507214065886374e-1,1.00375330463948176e0,8.96658824583967728e0,-3.21001831649365199e0,1.06023306453706390e-12,8.34700352641664693e1,-7.81597009336110204e-11
3226,1.77941096186242163e2,1.90120058072815681e2,9.33005860286702102e1,2.09760342283312129e0,-3.26885808184323157e0,-9.87505439352261205e-1,1.00382235319233271e0,9.00341914114651942e0,-2.71614613325188836e0,1.16922400580921071e-12,8.34686083333635622e1,-4.26041424361756071e-11
3227,1.78667016848246362e2,1.90933736151495538e2,9.40069900294149789e1,2.11553813634718590e0,-3.24165300814745061e0,-9.87504148946711235e-1,1.00387447777612548e0,9.04149928633197497e0,-2.22228553924111116e0,1.34806824991090535e-12,8.34674179915973298e1,-3.00843794320826419e-11
3228,1.79217544044013152e2,1.91548034086608396e2,9.45490725723760193e1,2.12909620639103681e0,-3.21117673228057576e0,-9.87503343306062820e-1,1.00391669000695649e0,9.07741978894921075e0,-1.72843444232255083e0,1.77479347407763499e-12,8.34664649092727728e1,-1.79625203600153327e-11
3229,1.79560673855854702e2,1.91929255002355006e2,9.48951838845912476e1,2.13766807237212531e0,-3.17823957811625624e0,-9.87503022718276724e-1,1.00395479790412634e0,9.10765337569487698e0,-1.23459074137649760e0,2.89415754274428838e-12,8.34657496237891081e1,-2.59205990005284548e-11
3230,1.79675732841484972e2,1.92055735253700703e2,9.50246203163283951e1,2.14084906544055542e0,-3.14388800202035146e0,-9.87503187302163132e-1,1.00399277845444113e0,9.12918573494909502e0,-7.40752328280812722e-1,2.19993317453984899e-12,8.34652725386299181e1,-2.95869995170505717e-11
3231,1.79556361021316661e2,1.91920907747008187e2,9.49305832350372611e1,2.13848970133232363e0,-3.10931211983664246e0,-9.87503837007257967e-1,1.00403234294952259e0,9.14011670823912148e0,-2.46917089902350811e-1,2.39100597062061587e-12,8.34650339233689493e1,-3.19744231092045084e-11
3232,1.79211374985101287e2,1.91534175675346006e2,9.46210702873723193e1,2.13071510757788563e0,3.20746465148891691e0,-9.87504971613864746e-1,1.00407278059429350e0,9.14002773776161170e0,2.46917089902350811e-1,2.43012605515241596e-12,8.34650339127300924e1,-2.16147100218222477e-11
3233,1.78663296654127350e2,1.90919381484991220e2,9.41174812467058075e1,2.11790850289008059e0,3.23897313367768680e0,-9.87506590733260414e-1,1.00411110597565756e0,9.12998797558510766e0,7.40752328280812833e-1,2.26435119569587395e-12,8.34652725067127506e1,-9.09210484678624198e-11
3234,1.77944973280062356e2,1.90111308005808326e2,9.34513489062753990e1,2.10066289485646385e0,3.26751249477371442e0,-9.87508693808063942e-1,1.00414246963425091e0,9.11221635099486349e0,1.23459074137649738e0,2.66917732491198101e-12,8.34657495705894377e1,-3.35091954184463248e-11
3235,1.77095169135992677e2,1.89151112282817166e2,9.26600535616559853e1,2.07971267887190470e0,3.29246542689527066e0,-9.87511280112768564e-1,1.00416074025462754e0,9.08954456790365306e0,1.72843444232255083e0,1.68345334417355219e-12,8.34664648348501004e1,-8.71978045324794948e-11
3236,1.76154121255171560e2,1.88081708062716814e2,9.17824917776497671e1,2.05585972458527566e0,3.31349115121733906e0,-9.87514348754434224e-1,1.00415914589801614e0,9.06486788713867853e0,2.22228553924111116e0,1.27511889935760792e-12,8.34674178959863298e1,-5.36459765498875640e-11
3237,1.75159844560527574e2,1.86943904140306813e2,9.08554691948452700e1,2.02990660335487005e0,3.33049512948128124e0,-9.87517898673543448e-1,1.00413087139222967e0,9.04072460226855412e0,2.71614613325188836e0,1.11312348227698976e-12,8.34686082166200123e1,-9.41895450523588806e-11
3238,1.74145599872715025e2,1.85773728403705860e2,8.99112239023906454e1,2.00260481173704541e0,3.34357743421488252e0,-9.87521928645013647e-1,1.00406953992323911e0,9.01906051520059648e0,3.21001831649365155e0,1.01528637927450482e-12,8.34700351263545315e1,-6.30961949354968965e-11
3239,1.73138574487905657e2,1.84600996513074932e2,8.89761309607521156e1,1.97462066914684642e0,3.35297525294823950e0,-9.87526437279368063e-1,1.00396954504396541e0,9.00116291229245746e0,3.70390417016232165e0,9.53233152134469464e-13,8.34716978226588679e1,-3.21875859299325384e-11
3240,1.72159577194253075e2,1.83448929618444367e2,8.80703959666655436e1,1.94651767224270000e0,3.35901012591592085e0,-9.87531423024059385e-1,1.00382623295731199e0,8.98771242229412337e0,4.19780576256912230e0,8.91866441810051924e-13,8.34735953718991084e1,-5.25517407368170097e-11
3241,1.71223442094868915e2,1.82334512978392752e2,8.72084401117033963e1,1.91875197679316711e0,3.36204519359073650e0,-9.87536884164949225e-1,1.00363595757869795e0,8.97889669289746806e0,4.69172514722244216e0,8.33757975854387823e-13,8.34757267105540706e1,-7.91544607636751607e-12
3242,1.70339836850583538e2,1.81269285621201760e2,8.63996801413644562e1,1.89167706675692515e0,3.36245372184682534e0,-9.87542818827935154e-1,1.00339604151862494e0,8.97454236501693359e0,5.18566436093677474e0,7.82650853847766115e-13,8.34780906465941541e1,-7.38964445190504193e-12
3243,1.69514231561357605e2,1.80260310683092911e2,8.56494656456236072e1,1.86555399773067565e0,3.36059785892112872e0,-9.87549224980723173e-1,1.00310467719077434e0,8.97423854154350131e0,5.67962542197206766e0,7.29240452745916201e-13,8.34806858610193956e1,-8.33892954688053578e-11
3244,1.68748862752924651e2,1.79311154510066302e2,8.49600123904487958e1,1.84056435481456537e0,3.35681561564281505e0,-9.87556100434746842e-1,1.00276079743768554e0,8.97743897794871160e0,6.17361032820688393e0,6.79009799775531775e-13,8.34835109095623977e1,-5.71560576645424590e-11
3245,1.68043597683232207e2,1.78422774303403941e2,8.43312393550238539e1,1.81682389930468413e0,3.35141392809941951e0,-9.87563442847223083e-1,1.00236393775454324e0,8.98353955700365781e0,6.66762105534836014e0,6.30560707814975530e-13,8.34865642245377728e1,-5.52518031327053905e-11
3246,1.67396657165264401e2,1.77594268296974946e2,8.37614687515257685e1,1.79439561401349712e0,3.34466593167134629e0,-9.87571249723347533e-1,1.00191410474539855e0,8.99193275015164240e0,7.16165955518222130e0,5.85898517202476654e-13,8.34898441168502217e1,-9.35642674448899925e-11
3247,1.66805189468895207e2,1.76823478027752742e2,8.32479817573370866e1,1.77330142700950466e0,3.33681097630826429e0,-9.87579518418617242e-1,1.00141165914889774e0,9.00204298879203613e0,7.65572775386560700e0,5.40822595040957310e-13,8.34933487781412538e1,-9.84243797574890777e-11
3248,1.66265707096232973e2,1.76107452525398372e2,8.27874413930216093e1,1.75353229585945058e0,3.32805630509418915e0,-9.87588246141286930e-1,1.00085721708135544e0,9.01334736744896503e0,8.14982755026570516e0,4.94486396274140816e-13,8.34970762830830466e1,-6.68336497255950235e-11
3249,1.65774406897846234e2,1.75442793723976308e2,8.23762024027752489e1,1.73505659547186886e0,3.31857964523003268e0,-9.87597429954944483e-1,1.00025157001612475e0,9.02538573444245884e0,8.64396081434671082e0,4.48700104849208969e-13,8.35010245918033291e1,-3.84687837140518241e-11
3250,1.65327396145744956e2,1.74825905129393703e2,8.20105300727341557e1,1.71782690672631833e0,3.30853221074483406e0,-9.87607066781206799e-1,9.99595622166450037e-1,9.03776351923882615e0,9.13812938560780808e0,4.03762093204029782e-13,8.35051915524427102e1,-3.14912540488876402e-11
3251,1.64920845783654244e2,1.74253164774804418e2,8.16867485600083398e1,1.70178538230525933e0,3.29804179735065084e0,-9.87617153402531311e-1,9.98890343018556837e-1,9.05014988271352827e0,9.63233507157446134e0,3.63495691879656135e-13,8.35095749038356701e1,-1.28039800983970053e-11
3252,1.64551089091063602e2,1.73721040760579342e2,8.14013364035629081e1,1.68686789645978896e0,3.28721577590070657e0,-9.87627686465133547e-1,9.98136732457863385e-1,9.06227308957624622e0,1.01265796463452915e1,3.30010324622875828e-13,8.35141722783138931e1,-9.91349224932491779e-11
3253,1.64214680578086700e2,1.73226164398926187e2,8.11509835674121689e1,1.67300718603693710e0,3.27614387590599687e0,-9.87638662482013263e-1,9.97335795996579622e-1,9.07391443863228808e0,1.06208648491967015e1,2.95517083026552996e-13,8.35189812046161819e1,-5.30491206518490799e-11
3254,1.63908426687197505e2,1.72765372812947874e2,8.09326212221613872e1,1.66013517430254609e0,3.26490070623598250e0,-9.87650077836074169e-1,9.96488527869953122e-1,9.08490165068486100e0,1.11151923832470629e1,2.62470600809194821e-13,8.35239991109107507e1,-3.65218966180691496e-12
3255,1.63629397071514575e2,1.72335730057219990e2,8.07434327501827482e1,1.64818464562058353e0,3.25354799543554307e0,-9.87661928783342802e-1,9.95595900105968989e-1,9.09510229102132151e0,1.16095639141823472e1,2.27089180793171863e-13,8.35292233279125185e1,-5.37880850970395841e-11
3256,1.63374922938547002e2,1.71934533541439237e2,8.05808522501039732e1,1.63709041330771421e0,3.24213655560383884e0,-9.87674211456271212e-1,9.94658856021154447e-1,9.10441757264811358e0,1.21039810690446643e1,1.99999738992318044e-13,8.35346510920986702e1,-7.22906179362325929e-11
3257,1.63142587155537115e2,1.71559310725103956e2,8.04425550804567422e1,1.62679009804644492e0,3.23070798610795729e0,-9.87686921867126033e-1,9.93678306916006893e-1,9.11277672691364593e0,1.25984454350852708e1,1.80844922370582140e-13,8.35402795490061578e1,-1.84314785656169988e-11
3258,1.62930209445771624e2,1.71207809655877412e2,8.03264436597403204e1,1.61722461170711451e0,3.21929613974884399e0,-9.87700055911450381e-1,9.92655131020889092e-1,9.12013202170372850e0,1.30929585586832538e1,1.54050383560644377e-13,8.35461057566116807e1,-2.59490207099588588e-11
3259,1.62735828987995774e2,1.70877985876083500e2,8.02306307563194281e1,1.60833842195209131e0,3.20792837654234120e0,-9.87713609371601797e-1,9.91590173972917044e-1,9.12645443927035593e0,1.35875219443310069e1,1.35148836566401087e-13,8.35521266887826926e1,-2.92033064397401176e-11
3260,1.62557685987631288e2,1.70567987447926839e2,8.01534217828862694e1,1.60007965667276753e0,3.19662663048487783e0,-9.87727577920352817e-1,9.90484250288835910e-1,9.13172998457021556e0,1.40821370536871857e1,1.19369791828916050e-13,8.35583392387991069e1,-3.06954461848363280e-12
3261,1.62394203250337682e2,1.70276139281685715e2,8.00932970902201902e1,1.59240009393460391e0,3.18540831350331954e0,-9.87741957124551928e-1,9.89338145443161565e-1,9.13595657222399815e0,1.45768053046983397e1,9.92192439319694586e-14,8.35647402229237031e1,-4.24336121795931831e-11
3262,1.62243968409000843e2,1.70000927546556994e2,8.00488948884869984e1,1.58525507234537066e0,3.17428707888544892e0,-9.87756742448840153e-1,9.88152618271639804e-1,9.13914142965512255e0,1.50715280707893502e1,8.11711808879067576e-14,8.35713263840362544e1,-6.62367938275565393e-11
3263,1.62105717191216712e2,1.69740984657946314e2,8.00189951694290471e1,1.57860334822654980e0,3.16327346425431255e0,-9.87771929259414483e-1,9.86928403504190754e-1,9.14129895121750025e0,1.55663066801232866e1,6.84730050437565296e-14,8.35780943953032818e1,-9.94759830064140260e-14
3264,1.62390652467600148e2,1.70277437526665125e2,8.00477840582899063e1,1.59339503888432055e0,-3.16878805152073983e0,-9.87713082228534378e-1,9.86198792564777049e-1,9.63009541165179606e0,-1.55666911559456800e1,6.65370536445664129e-14,9.28623546662577013e1,-4.88569185108644888e-11
3265,1.62551019852213528e2,1.70565144544645904e2,8.00928983738393185e1,1.60135904276652807e0,-3.17957498994157683e0,-9.87699846206637200e-1,9.87428122220243787e-1,9.62511658279177951e0,-1.50719024594540283e1,7.63417107307873266e-14,9.28548611101249151e1,-9.59516910370439291e-11
3266,1.62725443135887673e2,1.70870193557398864e2,8.01544278871095486e1,1.60990562255426051e0,-3.19039976539010528e0,-9.87687031333175147e-1,9.88618628803186517e-1,9.61887503269323574e0,-1.45771694167096815e1,9.38485400503452638e-14,9.28475689530134645e1,-6.97184532327810302e-11
3267,1.62915360089566832e2,1.71194087438377466e2,8.02337858229651459e1,1.61907969445473188e0,-3.20123946198729836e0,-9.87674641739840875e-1,9.89769520828821303e-1,9.61136037878693905e0,-1.40824907033578626e1,1.08423686695502397e-13,9.28404818737746922e1,-9.11768438527360559e-11
3268,1.63122356455701038e2,1.71538465712070320e2,8.03325340102574188e1,1.62892878094605620e0,-3.21206605260753708e0,-9.87662681443612467e-1,9.90879976691886766e-1,9.60257491079916115e0,-1.35878649499915767e1,1.26787469412192877e-13,9.28336034741084148e1,-3.14344106300268322e-11
3269,1.63348175369218950e2,1.71905110249620719e2,8.04523932611341195e1,1.63950276699731012e0,-3.22284547073151195e0,-9.87651154343278770e-1,9.91949142643179238e-1,9.59253722663822117e0,-1.30932907428894563e1,1.42840600458882250e-13,9.28269372745062924e1,-5.89039927945123054e-11
3270,1.63594724419021617e2,1.72295947753046676e2,8.05952516814707280e1,1.65085348890313255e0,-3.23353653724866019e0,-9.87640064216036895e-1,9.92976131486699387e-1,9.58128658287938428e0,-1.25987666248226002e1,1.60843560692569554e-13,9.28204867102470814e1,-1.76356707015656866e-11
3271,1.63864078747047301e2,1.72713047260392102e2,8.07631693780106872e1,1.66303410242252481e0,-3.24408972803871976e0,-9.87629414714167209e-1,9.93960022444066893e-1,9.56888803202617666e0,-1.21042910959299377e1,1.86309301319909082e-13,9.28142551274398784e1,-5.72555336475488730e-11
3272,1.64158477943374123e2,1.73158610244716982e2,8.09583774011228172e1,1.67609816431094072e0,-3.25444577092128018e0,-9.87619209361797146e-1,9.94899862790968315e-1,9.55543839338357337e0,-1.16098626146616901e1,2.13780382285477799e-13,9.28082457791456221e1,-6.33804120298009366e-12
3273,1.64480313676237074e2,1.73634950043098144e2,8.11832679538096045e1,1.69009834719715712e0,-3.26453406602387197e0,-9.87609451551752393e-1,9.95794672069726605e-1,9.54107305683201368e0,-1.11154795987899782e1,2.44172737584591459e-13,9.28024618215618915e1,-5.14859266331768595e-11
3274,1.64832103941495461e2,1.74144456288266298e2,8.14403718530782044e1,1.70508469266922180e0,-3.27427093305095074e0,-9.87600144542502667e-1,9.96643449919512370e-1,9.52597353873153807e0,-1.06211404264859226e1,2.74408967770867207e-13,9.27969063102914475e1,-4.26041424361756071e-11
3275,1.65216448530763444e2,1.74689538736009581e2,8.17323179494106711e1,1.72110229268187509e0,-3.28355770420814386e0,-9.87591291455211961e-1,9.97445188839701569e-1,9.51037558291193363e0,-1.01268434374618899e1,3.06442371478254927e-13,9.27915821966975187e1,-4.65121274828561582e-11
3276,1.65635958793178418e2,1.75272543387895212e2,8.20617676825085027e1,1.73818827715271595e0,-3.29227870509743781e0,-9.87582895270892491e-1,9.98198893491743844e-1,9.49457741011210032e0,-9.63258693417786915e0,3.38083727680071888e-13,9.27864923243587896e1,-7.22764070815173909e-11
3277,1.66093153100256501e2,1.75895632213013073e2,8.24313162676594260e1,1.75636797947600320e0,-3.30029920109743635e0,-9.87574958827667992e-1,9.98903608417072486e-1,9.47894744618842999e0,-9.13836918311037216e0,3.74818232007356755e-13,9.27816394256201562e1,-1.13686837721616030e-11
3278,1.66590307795852141e2,1.76560616272068444e2,8.28433503381673688e1,1.77565015706211660e0,-3.30746343779291552e0,-9.87567484818156593e-1,9.99558456235960069e-1,9.46393048217250232e0,-8.64418841608240385e0,4.20443194149022759e-13,9.27770261182644731e1,-6.01545480094500817e-11
3279,1.67129252202471207e2,1.77268731043819770e2,8.32998505822927342e1,1.79602116870467854e0,-3.31359297603143199e0,-9.87560475786970815e-1,1.00016268839052302e0,9.45005072175605143e0,-8.15004283165266408e0,4.61570018317480901e-13,9.27726549022882949e1,-4.31725766247836873e-11
3280,1.67711096117567195e2,1.78020342929823727e2,8.38021276501844170e1,1.81743806511824313e0,-3.31848562068582442e0,-9.87553934128343913e-1,1.00071575014926339e0,9.43790955361527395e0,-7.65593059656205277e0,5.02729802231982603e-13,9.27685281568161457e1,-9.27400378714082763e-11
3281,1.68335880168463433e2,1.78814578292120331e2,8.43504813514929452e1,1.83982064655862398e0,-3.32191537181619667e0,-9.87547862083885009e-1,1.00121736069334877e0,9.42817518220360640e0,-7.16184984723550500e0,5.54196445679000504e-13,9.27646481371358647e1,-5.11732878294424154e-11
3282,1.69002144864003469e2,1.79648872435887853e2,8.49437783649855049e1,1.86304269699725156e0,-3.32363398867874649e0,-9.87542261740467775e-1,1.00166760741361771e0,9.42156056387461227e0,-6.66779869133677749e0,5.97976529403965174e-13,9.27610169718741702e1,-5.72697445022640750e-12
3283,1.69706424964689546e2,1.80518447454040540e2,8.55789541117661940e1,1.88692283193146793e0,-3.32337494294649893e0,-9.87537135028254798e-1,1.00206705083108316e0,9.41878564242676042e0,-6.17377520937390312e0,6.44471455368833546e-13,9.27576366603228024e1,-5.08748598804231733e-12
3284,1.70442693745775273e2,1.81415746602940800e2,8.62504619707640359e1,1.91121570468835067e0,-3.32086072184939018e0,-9.87532483718864040e-1,1.00241683269260284e0,9.42052004617036509e0,-5.67977745635270459e0,6.99552395178049125e-13,9.27545090699028947e1,-2.01652028408716433e-11
3285,1.71201807935094735e2,1.82329879839152596e2,8.69497187718813080e1,1.93560469733892515e0,-3.31581456825402920e0,-9.87528309423680528e-1,1.00271877493697303e0,9.42730379514625128e0,-5.18580346347583365e0,7.44693369469917599e-13,9.27516359337948870e1,-4.94964069730485789e-11
3286,1.71971037568962117e2,1.83246169104944045e2,8.76646285873253532e1,1.95969764277773795e0,-3.30797771123020912e0,-9.87524613592311584e-1,1.00297545199122462e0,9.43944694903695769e0,-4.69185123988433705e0,7.99304199217143463e-13,9.27490188487251430e1,-6.21298568148631603e-11
3287,1.72733800737223760e2,1.84145917620220104e2,8.83793024322136773e1,1.98302750622616308e0,-3.29713279198941933e0,-9.87521397511195165e-1,1.00319021450017387e0,9.45691524939548778e0,-4.19791877443899342e0,8.62750842989257194e-13,9.27466592729182935e1,-2.72848410531878471e-12
3288,1.73469750454713221e2,1.85006553754619489e2,8.90741190790643884e1,2.00506016164377421e0,-3.28313333331629664e0,-9.87518662302360295e-1,1.00336714102819480e0,9.47921786518768883e0,-3.70400403753830521e0,9.33173677220011655e-13,9.27445585242217447e1,-8.15276735011138953e-11
3289,1.74155363055698160e2,1.85802300094736182e2,8.97262753822022177e1,2.02521123647073775e0,-3.26593757405360030e0,-9.87516408922342492e-1,1.00351089774668978e0,9.50532408092645476e0,-3.21010498296997460e0,1.01384655878944407e-12,9.27427177784060603e1,-3.21733750752173364e-11
3290,1.74765135510081222e2,1.86505472985009476e2,9.03109343992018552e1,2.04287324395449899e0,-3.24564280922696602e0,-9.87514638161254066e-1,1.00362649642646917e0,9.53364446734730109e0,-2.71621954979267288e0,1.13767285522814454e-12,9.27411380676408896e1,-6.68194388708798215e-11
3291,1.75273400119499968e2,1.87088414660862412e2,9.08029833125497703e1,2.05745271074885849e0,-3.22251393829380994e0,-9.87513350642018395e-1,1.00371895837089431e0,9.56211237528600222e0,-2.22234566424471636e0,1.33839640759081391e-12,9.27398202791599431e1,-4.00603994421544485e-11
3292,1.75656615188276959e2,1.87525905944856191e2,9.11792662374092941e1,2.06841477641760241e0,-3.19699815473225257e0,-9.87512546819759307e-1,1.00379291373039359e0,9.58838644863533496e0,-1.72848124167623629e0,1.78350010541367121e-12,9.27387651541077389e1,-8.55493453855160624e-12
3293,1.75895823928387529e2,1.87797737968401719e2,9.14209930100809203e1,2.07533019046231404e0,-3.16971792453576873e0,-9.87512226981353991e-1,1.00385218647719654e0,9.61016157310701757e0,-1.23462418850134470e0,2.85075584557752115e-12,9.27379732865863673e1,-7.41380290492088534e-11
3294,1.75978850930551687e2,1.87890997584658209e2,9.15159027832139742e1,2.07791757060802329e0,-3.14143767843343502e0,-9.87512391245149890e-1,1.00389942807438026e0,9.62553202494062177e0,-7.40772404166777254e-1,2.14959220399841416e-12,9.27374451226557142e1,-5.50102186025469564e-11
3295,1.75901788878854916e2,1.87801606629370269e2,9.14597427735229189e1,2.07607321642309861e0,-3.11300586542365476e0,-9.87513039560840244e-1,1.00393586153949022e0,9.63331613409589593e0,-2.46923783133351199e-1,2.33869206722151380e-12,9.27371809603344133e1,-4.92690332976053469e-11
3296,1.75669448898778768e2,1.87534780899519376e2,9.12567389267585725e1,2.06988238784553014e0,3.19790404073312340e0,-9.87514171709508504e-1,1.00396118029048798e0,9.63324896163394051e0,2.46923783133351199e-1,2.39723321454729434e-12,9.27371809485567553e1,-2.90896196020185016e-11
3297,1.75294679430847964e2,1.87104312977217319e2,9.09189610852158125e1,2.05960960164302120e0,3.22412768726640531e0,-9.87515787303830717e-1,1.00397361686203368e0,9.62598712594647665e0,7.40772404166777365e-1,2.20940850521617743e-12,9.27374450873216745e1,-6.59241550238220952e-11
3298,1.74796721533333880e2,1.86530852858541522e2,9.04647429639160947e1,2.04567002941272413e0,3.24818418790007302e0,-9.87517885788441907e-1,1.00397016373619286e0,9.61293279301028747e0,1.23462418850134492e0,2.74147403996755079e-12,9.27379732277030087e1,-4.33288960266509093e-11
3299,1.74198968918625383e2,1.85839565966518336e2,8.99165144606113245e1,2.02858788096589393e0,3.26957434071452901e0,-9.87520466440468647e-1,1.00394690190179303e0,9.59594064987915196e0,1.72848124167623629e0,1.70247876126600195e-12,9.27387650717222982e1,-7.41948724680696614e-11
3300,1.73526576986793373e2,1.85057626632635646e2,8.92984795446316468e1,2.00894948810189877e0,3.28797917773485171e0,-9.87523528370215065e-1,1.00389937913927962e0,9.57699638906280271e0,2.22234566424471680e0,1.26937013417843803e-12,9.27398201733172414e1,-3.45039552485104650e-11
3301,1.72804312615458002e2,1.84211952314996836e2,8.86345228375250684e1,1.98735839174859419e0,3.30325040185778818e0,-9.87527070522015604e-1,1.00382298106777590e0,9.55794317605954546e0,2.71621954979267288e0,1.08872091029998952e-12,9.27411379384033694e1,-3.78008735424373299e-12
3302,1.72054900137724985e2,1.83327444930425543e2,8.79465954903935625e1,1.96439771717410205e0,3.31538528498618668e0,-9.87531091675242112e-1,1.00371325058298844e0,9.54029858436320666e0,3.21010498296997504e0,9.84674581455680098e-13,9.27427176258464954e1,-9.00541863302350976e-11
3303,1.71297961009159224e2,1.82425843977103682e2,8.72536769259010754e1,1.94060252239198761e0,3.32449406450624663e0,-9.87535590445467348e-1,1.00356612955271429e0,9.52516877308265819e0,3.70400403753830565e0,9.04777554960878305e-13,9.27445583484263381e1,-6.78426204103743657e-11
3304,1.70549514751129664e2,1.81525162296801739e2,8.65712820798295581e1,1.91644249209625506e0,3.33076645779973113e0,-9.87540565285786154e-1,1.00337811481504535e0,9.51324246774018079e0,4.19791877443899342e0,8.48425930205509715e-13,9.27466590739869332e1,-8.18403123048483394e-11
3305,1.69821929987150810e2,1.80639593275855958e2,8.59114066687015310e1,1.89231377204485951e0,3.33444160529218969e0,-9.87546014488282164e-1,1.00314633467336378e0,9.50483755293721266e0,4.69185123988433617e0,7.84124935121477407e-13,9.27490186267703933e1,-2.06910044653341174e-11
3306,1.69124185910323206e2,1.79779747541896597e2,8.52827749784463691e1,1.86853795305879666e0,3.33578354447769865e0,-9.87551936185649182e-1,1.00286856064308627e0,9.49997410367026518e0,5.18580346347583276e0,7.35167135501590963e-13,9.27516356889423150e1,-2.74127387456246652e-11
3307,1.68462312122745118e2,1.78953083599076507e2,8.46912618737843559e1,1.84536604843933416e0,3.33506269021743940e0,-9.87558328352955428e-1,1.00254317251444980e0,9.49845401684407697e0,5.67977745635270459e0,6.82090668668866584e-13,9.27545088022902888e1,-5.11164444105816074e-11
3308,1.67839901443012479e2,1.78164423141014225e2,8.41403865555950432e1,1.82298552594747920e0,3.33254282631597176e0,-9.87565188809551464e-1,1.00216909422801703e0,9.49993481371774706e0,6.17377520937390312e0,6.34974711699598515e-13,9.27576363701001014e1,-5.55360202270094305e-11
3309,1.67258622309418968e2,1.77416474037479588e2,8.36318066972606715e1,1.80152884836840887e0,3.32847266956351184e0,-9.87572515221116110e-1,1.00174571524039879e0,9.50399140436858936e0,6.66779869133677661e0,5.89326330791006825e-13,9.27610166592055805e1,-4.85158579976996407e-11
3310,1.66718686514092610e2,1.76710313644941664e2,8.31657698715390836e1,1.78108240343710578e0,3.32308096674873488e0,-9.87580305101840694e-1,1.00127280836538812e0,9.51016392501503560e0,7.16184984723550677e0,5.47634854131118232e-13,9.27646478021938492e1,-6.91926516083185561e-11
3311,1.66219250555911145e2,1.76045808307850393e2,8.27415010937299513e1,1.76169508592460677e0,3.31657417003400035e0,-9.87588555816741653e-1,1.00075045144660968e0,9.51799231693312642e0,7.65593059656205188e0,5.02903274579580284e-13,9.27685277997889415e1,-5.00790520163718611e-11
3312,1.65758744360918627e2,1.75421961027726837e2,8.23575203297768326e1,1.74338609956397250e0,3.30913589834355681e0,-9.87597264584101131e-1,1.00017895715742977e0,9.52703956237254168e0,8.15004283165266408e0,4.55730939097342969e-13,9.27726545233722391e1,-3.35376171278767288e-11
3313,1.65335130517671473e2,1.74837189239364420e2,8.20118929506510312e1,1.72615176989273444e0,3.30092756895028172e0,-9.87606428478032816e-1,9.99558812911409800e-1,9.53690589565171187e0,8.64418841608240562e0,4.10902215031150320e-13,9.27770257176698863e1,-1.32445165945682675e-11
3314,1.64946102068722467e2,1.74289539978039414e2,8.17024208715178162e1,1.70997131079892539e0,3.29208974323402748e0,-9.87616044431163020e-1,9.98890631280162089e-1,9.54723623451085146e0,9.13836918311037216e0,3.74528533186868628e-13,9.27816390035667951e1,-6.44178044240106829e-11
3315,1.64589228776048117e2,1.73776851936361140e2,8.14267839419056969e1,1.69481158249650488e0,3.28274386207554913e0,-9.87626109237428107e-1,9.98175110334570403e-1,9.55772277759656852e0,9.63258693417787093e0,3.36666458600198837e-13,9.27864918810777226e1,-5.66870994589407928e-11
3316,1.64262061838863048e2,1.73296874209704157e2,8.11826412184989294e1,1.68063093192404667e0,3.27299414833688429e0,-9.87636619554978723e-1,9.97413002799643289e-1,9.56810434019748435e0,1.01268434374618899e1,3.07205649807684722e-13,9.27915817324305436e1,-4.29452029493404552e-11
3317,1.63962206130635877e2,1.72847350777683005e2,8.09677008742244766e1,1.66738223112392103e0,3.26292952976835338e0,-9.87647571909189614e-1,9.96605092701407180e-1,9.57816363441092022e0,1.06211404264859244e1,2.72403627432638018e-13,9.27969058252894996e1,-3.48023831975297071e-11
3318,1.63687367701974324e2,1.72426078549030336e2,8.07797662230531586e1,1.65501523518845994e0,3.25262549038829585e0,-9.87658962695765363e-1,9.95752178171462665e-1,9.58772338011032765e0,1.11154795987899799e1,2.42125763882938827e-13,9.28024613160871326e1,-3.73177044821204618e-11
3319,1.63435382889219653e2,1.72030945446986891e2,8.06167639813176606e1,1.64347837627833893e0,3.24214579674273828e0,-9.87670788183941828e-1,9.94855059175008605e-1,9.59664187217344988e0,1.16098626146616866e1,2.11084622003809841e-13,9.28082452534678879e1,-3.52855522578465752e-11
3320,1.63204234057416727e2,1.71659953727846045e2,8.04767596200771322e1,1.63272009918663152e0,3.23154407165114366e0,-9.87683044519776288e-1,9.93914529083214093e-1,9.60480842660162537e0,1.21042910959299395e1,1.87665855078122945e-13,9.28142545818404159e1,-6.23288087808759883e-11
3321,1.62992055867776742e2,1.71311232593846398e2,8.03579635635815634e1,1.62268983032292269e0,3.22086520541882004e0,-9.87695727729514750e-1,9.92931369182537882e-1,9.61213897638743830e0,1.25987666248226020e1,1.65541191865514747e-13,9.28204861450151668e1,-7.90407739259535447e-11
3322,1.62797135018184179e2,1.70983043215006603e2,8.02587310798146518e1,1.61333865793115905e0,3.21014660560702625e0,-9.87708833723042412e-1,9.91906345380684229e-1,9.61857197815638010e0,1.30932907428894545e1,1.42573453043581821e-13,9.28269366899381225e1,-5.45554712516604923e-11
3323,1.62617905649961187e2,1.70673778507205839e2,8.01775579799101905e1,1.60461978803758742e0,3.19941929319544460e0,-9.87722358297402292e-1,9.90840206519064792e-1,9.62406471367576621e0,1.35878649499915785e1,1.21940652020313678e-13,9.28336028705099352e1,-4.35562697020941414e-11
3324,1.62452942024438840e2,1.70381959408793506e2,8.01130736741120160e1,1.59648882867125863e0,3.18870885673438398e0,-9.87736297140377473e-1,9.89733683830727573e-1,9.62859001830574535e0,1.40824907033578608e1,1.03431152531641146e-13,9.28404812514593516e1,-4.94111418447573669e-11
3325,1.62300949621735072e2,1.70106228930395332e2,8.00640326965883418e1,1.58890394454955652e0,3.17803627785656051e0,-9.87750645834137520e-1,9.88587491189982792e-1,9.63213343477418604e0,1.45771694167096815e1,9.01917429629861545e-14,9.28475683123030535e1,-5.39728262083372101e-11
3326,1.62160755473083952e2,1.69845344895294232e2,8.00293054823094110e1,1.58182591568812092e0,3.16741864199400203e0,-9.87765399858936077e-1,9.87402325886473919e-1,9.63469077007278862e0,1.50719024594540265e1,7.97695243193174974e-14,9.28548604513475766e1,-5.10596009917207994e-11
3327,1.62031298285227479e2,1.69598172019767816e2,8.00078689352818202e1,1.57521812617263146e0,3.15686974781447871e0,-9.87780554596855542e-1,9.86178869725199525e-1,9.63626602183005154e0,1.55666911559456835e1,6.38170072342347794e-14,9.28623539897467225e1,-7.32285343474359252e-11
3328,1.62292591194895351e2,1.70097639773462816e2,8.00268850671016168e1,1.58938050352691995e0,-3.16115814519995642e0,-9.87722289959062527e-1,9.85406209258896104e-1,1.01268276358381524e1,-1.55670944278645447e1,5.69544411632705305e-14,1.02636231390402941e2,-5.15143483426072635e-11
3329,1.62440990666633610e2,1.70368462475428231e2,8.00611867237558954e1,1.59719417078288450e0,-3.17139512447659877e0,-9.87709083690145873e-1,9.86634540217535716e-1,1.01227390210517143e1,-1.50722951479452405e1,6.81885103936963333e-14,1.02627979569066937e2,-9.14468500923248939e-11
3330,1.62601718561800794e2,1.70654510931027573e2,8.01102846675833149e1,1.60555137379989987e0,-3.18162672430603033e0,-9.87696297685551561e-1,9.87824487129702389e-1,1.01174838359073735e1,-1.45775513232710718e1,7.76115283152023494e-14,1.02619949589646509e2,-1.71240799318184145e-11
3331,1.62775933025351833e2,1.70956973314248216e2,8.01753249453873309e1,1.61449014950787073e0,-3.19182720734471692e0,-9.87683936061795942e-1,9.88975322940254586e-1,1.01110680493279865e1,-1.40828616334801886e1,9.58087775781990558e-14,1.02612145497907065e2,-6.31104057902120985e-11
3332,1.62964892391479964e2,1.71277123830938649e2,8.02575557363165899e1,1.62405007639012178e0,-3.20196581858930918e0,-9.87672002821049499e-1,9.90086301338514385e-1,1.01035114231393308e1,-1.35882247133777785e1,1.18779985847083935e-13,1.02604571254693653e2,-9.70601377048296854e-11
3333,1.63169956819145852e2,1.71616320639494205e2,8.03583300050378853e1,1.63427190183330695e0,-3.21200597283319622e0,-9.87660501847679062e-1,9.91156656414987181e-1,1.00948508231232132e1,-1.30936391536715391e1,1.33375949173952790e-13,1.02597230731479826e2,-4.10835809816489927e-11
3334,1.63392586705036507e2,1.71975999809732684e2,8.04791051879313386e1,1.64519700199053664e0,-3.22190433725693781e0,-9.87649436904862066e-1,9.92185603170340991e-1,1.00851440494634179e1,-1.25991035017757138e1,1.46858220029244535e-13,1.02590127705959148e2,-2.47979414780274965e-11
3335,1.63634336418391484e2,1.72357663746916415e2,8.06214385059796825e1,1.65686662907123061e0,-3.23160980586003088e0,-9.87638811631279423e-1,9.93172339260899761e-1,1.00744741943260259e1,-1.21046162626831819e1,1.73180914053716606e-13,1.02583265857714991e2,-3.08943981508491561e-11
3336,1.63896841444997477e2,1.72762862044197192e2,8.07869760456992054e1,1.66932089248783311e0,-3.24106236750464172e0,-9.87628629537895653e-1,9.94116048477462266e-1,1.00629544953920149e1,-1.16101758999052098e1,1.95711502559703376e-13,1.02576648763945968e2,-4.71089833808946423e-11
3337,1.64181796467757579e2,1.73193162166594249e2,8.09774331924807740e1,1.68259741161040455e0,-3.25019187723844505e0,-9.87618894004825276e-1,9.95015906584915899e-1,1.00507335937632103e1,-1.11157808364780841e1,2.23550344902179177e-13,1.02570279895284855e2,-4.68816097054514103e-11
3338,1.64490921256944205e2,1.73650106725615615e2,8.11945633455549967e1,1.69672956988217805e0,-3.25891675239263501e0,-9.87609608278296469e-1,9.95871090295724737e-1,1.00380010153046069e1,-1.06214294560355658e1,2.47937087527461131e-13,1.02564162611696503e2,-4.54463133792160079e-11
3339,1.64825910512649330e2,1.74135153399599915e2,8.14401111062614831e1,1.71174429414661433e0,-3.26714263209863320e0,-9.87600775467714409e-1,9.96680790299906527e-1,1.00249925675044373e1,-1.01271201039463357e1,2.82805029394594953e-13,1.02558300158481288e2,-5.96855898038484156e-12
3340,1.65188363054530726e2,1.74649592858081490e2,8.17157453673567460e1,1.72765928141380631e0,-3.27476106306432557e0,-9.87592398542830985e-1,9.97444229407526417e-1,1.00119951701923924e1,-9.63285108851497718e0,3.16529788491060060e-13,1.02552695662372727e2,-8.01776423031697050e-11
3341,1.65579685097691083e2,1.75194439476629526e2,8.20229670443189463e1,1.74447960111690459e0,-3.28164830771861782e0,-9.87584480331023307e-1,9.98160686943812547e-1,9.99935041017020865e0,-9.13862068224521096e0,3.47976855663567619e-13,1.02547352127758941e2,-6.94200252837617882e-11
3342,1.66000961989897576e2,1.75770289394951646e2,8.23629857755962718e1,1.76219361856569523e0,-3.28766441535989706e0,-9.87577023514688790e-1,9.98829530520166653e-1,9.98745582389418551e0,-8.64442712316369644e0,3.84563908495394458e-13,1.02542272433022916e2,-9.38342736844788305e-11
3343,1.66452793008434583e2,1.76377140881909270e2,8.27365600654463833e1,1.78076822047762784e0,-3.29265275465458807e0,-9.87570030628758588e-1,9.99450256112914381e-1,9.97676257650674003e0,-8.15026861620275689e0,4.23308957331336444e-13,1.02537459327004939e2,-9.85806991593562998e-11
3344,1.66935085091045835e2,1.77014173504265926e2,8.31437965097410938e1,1.80014338309682609e0,-3.29644027768982140e0,-9.87563504058337926e-1,1.00002253692120791e0,9.96776784767849477e0,-7.65614333464003050e0,4.66590308056957781e-13,1.02532915425610483e2,-6.72883970764814876e-11
3345,1.67446804287309590e2,1.77679485839739698e2,8.35839065099720813e1,1.82022621502546400e0,-3.29883887027314948e0,-9.87557446036471220e-1,1.00054628063415385e0,9.96099991720325839e0,-7.16204942159307834e0,5.10252430585556027e-13,1.02528643208559174e2,-7.30011606719926931e-11
3346,1.67985688986284941e2,1.78369797145488548e2,8.40549239648600803e1,1.84088473734648006e0,-3.29964823403576313e0,-9.87551858642042979e-1,1.00102169340928127e0,9.95699378060194640e0,-6.66798499156655122e0,5.61713002500408010e-13,1.02524645016284438e2,-6.10924644206534140e-11
3347,1.68547937288711353e2,1.79080127149905763e2,8.45533955264677246e1,1.86194183652192624e0,-3.29866082855254517e0,-9.87546743797813154e-1,1.00144934698442700e0,9.95625530223328603e0,-6.17394813204979442e0,6.05672630105136278e-13,1.02520923046989893e2,-4.34425828643725254e-11
3348,1.69127892633708882e2,1.79803480308296969e2,8.50740665284687765e1,1.88317003724908005e0,-3.29566944870677236e0,-9.87542103268592375e-1,1.00183024295134371e0,9.95921269470680670e0,-5.67993690516212002e0,6.52025308744974552e-13,1.02517479353874464e2,-2.04778416446060874e-11
3349,1.69717766590324516e2,1.80530575986013844e2,8.56096003126375251e1,1.90428797633465163e0,-3.29047797905402728e0,-9.87537938659562631e-1,1.00216586553011755e0,9.96615581987426324e0,-5.18594934934328400e0,7.02923830253610049e-13,1.02514315842526841e2,-3.22728510582237504e-11
3350,1.70307453816940267e2,1.81249682203262040e2,8.61503847001824568e1,1.92495967834780357e0,-3.28291568902132047e0,-9.87534251414742381e-1,1.00245821167678062e0,9.97716673086207173e0,-4.69198348108630992e0,7.58668735473255751e-13,1.02511434268493687e2,-6.50999254503403790e-11
3351,1.70884507824709829e2,1.81946623878589264e2,8.66844931196285131e1,1.94479787735838583e0,-3.27285503409210854e0,-9.87531042815600668e-1,1.00270978580181391e0,9.99204909316021883e0,-4.19803729670970949e0,8.20538515605706564e-13,1.02508836235032433e2,-2.82653900285367854e-11
3352,1.71434351403884335e2,1.82605040835756256e2,8.71978735636444071e1,1.96337260791899215e0,-3.26023224316078908e0,-9.87528313979823991e-1,1.00292354676772644e0,1.00102691944881279e1,-3.70410877416618289e0,8.84126105660243411e-13,1.02506523191054583e2,-6.45741238258779049e-11
3353,1.71940785035019530e2,1.83206958754371499e2,8.76748288299796030e1,1.98022599810477784e0,-3.24506899295538576e0,-9.87526065860239832e-1,1.00310279815149794e0,1.00309258744477514e1,-3.21019587488454361e0,9.72332023924105115e-13,1.02504496429256861e2,-9.94759830064140260e-14
3354,1.72386823910092915e2,1.83733701404191095e2,8.80988200019504291e1,1.99489354703169153e0,-3.22749231333172348e0,-9.87524299243890846e-1,1.00325101956277352e0,1.00527685554602648e1,-2.71629654564176715e0,1.09254662608582187e-12,1.02502757084448916e2,-8.96704932529246435e-11
3355,1.72755837690548617e2,1.84167113529608059e2,8.84535700608532665e1,2.00693113350660202e0,-3.20774883383361109e0,-9.87523014751271466e-1,1.00337164675068058e0,1.00742787318781506e1,-2.22240872046172466e0,1.32251956781737068e-12,1.02501306132089951e2,-9.59801127464743331e-11
3356,1.73032894101210076e2,1.84490988397146424e2,8.87243728595226315e1,2.01594568568243249e0,-3.18620905408080501e0,-9.87522212835723390e-1,1.00346781968981036e0,1.00938186557547827e1,-1.72853032253728833e0,1.76702803864753344e-12,1.02500144387014572e2,-9.83106929197674617e-11
3357,1.73206135719530067e2,1.84692520719279258e2,8.88994418052216986e1,2.02162612156675658e0,-3.16335802155264778e0,-9.87521893782989268e-1,1.00354212800838982e0,1.01098323168576858e1,-1.23465926617228638e0,2.80114375705159402e-12,1.02499272502397815e2,-6.66489086142973974e-11
3358,1.73267973863650127e2,1.84763559990405184e2,8.89710870574361934e1,2.02377027163795065e0,-3.13977090726641439e0,-9.87522057710932044e-1,1.00359638871640255e0,1.01210634129789749e1,-7.40793458739818500e-1,2.07387110414368470e-12,1.02498690968648063e2,-4.19220214098459110e-12
3359,1.73215886975629303e2,1.84701444188146979e2,8.89365122670768926e1,2.02230345491166341e0,-3.11607519703837221e0,-9.87522704569411158e-1,1.00363148966366733e0,1.01267417481464523e1,-2.46930802653303805e-1,2.27536475683914104e-12,1.02498400113422491e2,-1.35571553983027115e-11
3360,1.73052671931822374e2,1.84509257774440613e2,8.87980805864880836e1,2.01728543315715436e0,3.19028068963306666e0,-9.87523834140325518e-1,1.00364732285562464e0,1.01266916658861561e1,2.46930802653303749e-1,2.32664610335861759e-12,1.02498400100454930e2,-5.11590769747272134e-12
3361,1.72786102365318072e2,1.84195467473587996e2,8.85630024830859242e1,2.00890446264083300e0,3.21233309829792768e0,-9.87525446037816002e-1,1.00364281666557242e0,1.01213356890259139e1,7.40793458739818611e-1,2.14707837284128927e-12,1.02498690929745877e2,-3.87956333725014701e-12
3362,1.72428066929133649e2,1.83773012116409660e2,8.82425141394550963e1,1.99745955101100070e0,3.23275513586740670e0,-9.87527539708630719e-1,1.00361605892085470e0,1.01115964413903576e1,1.23465926617228638e0,2.80424804471185452e-12,1.02499272437575158e2,-1.56461510414374061e-11
3363,1.71993355621530270e2,1.83258021203890962e2,8.78507088079135485e1,1.98333408086077623e0,3.25114314006196947e0,-9.87530114432652151e-1,1.00356448838854861e0,1.00987274578950625e1,1.72853032253728833e0,1.71383588744300486e-12,1.02500144296310680e2,-3.52287088389857672e-11
3364,1.71498307658969139e2,1.82668383977946007e2,8.74032286013372044e1,1.96696510203054653e0,3.26721481491580290e0,-9.87533169323581705e-1,1.00348512372397947e0,1.00841177390640251e1,2.22240872046172466e0,1.26146803506449467e-12,1.02501306015558171e2,-7.54596385377226397e-11
3365,1.70959524200785353e2,1.82022380795434060e2,8.69160150299579186e1,1.94881262938833300e0,3.28080808932456947e0,-9.87536703329787602e-1,1.00337479768483173e0,1.00691126374313260e1,2.71629654564176715e0,1.05042363696128405e-12,1.02502756942159380e2,-9.31379418034339324e-11
3366,1.70392797100985149e2,1.81337535316301086e2,8.64042662794122975e1,1.92933242111974557e0,3.29186924072084119e0,-9.87540715235305289e-1,1.00323036944450461e0,1.00548795505231006e1,3.21019587488454317e0,9.42770384329549849e-13,1.02504496261288992e2,-7.40385530662024394e-12
3367,1.69812334306015828e2,1.80629773456899699e2,8.58816806807105877e1,1.90895439155706748e0,3.30043447461390427e0,-9.87545203660997850e-1,1.00304889659931673e0,1.00423291346060264e1,3.70410877416618289e0,8.63394425398844589e-13,1.02506522997504320e2,-9.07363073565647937e-11
3368,1.69230295852063421e2,1.79912906109555621e2,8.53600008735417362e1,1.88806747309140621e0,3.30660892066298029e0,-9.87550167065865292e-1,1.00282775823095105e0,1.00320881601279943e1,4.19803729670971038e0,7.93375348057123730e-13,1.02508836016007592e2,-6.92068624630337581e-12
3369,1.68656605705657284e2,1.79198401822749048e2,8.48488255950961303e1,1.86701067982904223e0,3.31054608154342933e0,-9.87555603748507260e-1,1.00256472888177162e0,1.00245117686149641e1,4.69198348108630992e0,7.42058324509908829e-13,1.02511434024119822e2,-8.06750222182017751e-11
3370,1.68098978223146048e2,1.78495387545081940e2,8.43556300808737802e1,1.84606945650635690e0,3.31242964355642533e0,-9.87561511848735418e-1,1.00225800930748221e0,1.00197204742860215e1,5.18594934934328577e0,6.95633654845817517e-13,1.02514315572942309e2,-4.81747974845347926e-12
3371,1.67563090936712968e2,1.77810807419615458e2,8.38859290144978331e1,1.82547609666442812e0,3.31245855732035599e0,-9.87567889349326933e-1,1.00190622312137423e0,1.00176488052808068e1,5.67993690516212002e0,6.39980256289529592e-13,1.02517479059229260e2,-1.09423581307055429e-11
3372,1.67052841428035208e2,1.77149675153111673e2,8.34435217131466231e1,1.80541299031805247e0,3.31083556763983777e0,-9.87574734077922400e-1,1.00150838934831499e0,1.00180958390428465e1,6.17394813204979442e0,5.97875048080620530e-13,1.02520922727449758e2,-1.47934997585252859e-11
3373,1.66570638806952843e2,1.76515368141268681e2,8.30307715391001864e1,1.78601760488574346e0,3.30775892554634154e0,-9.87582043709062107e-1,1.00106388017554737e0,1.00207714859135599e1,6.66798499156655122e0,5.53029844141406102e-13,1.02524644672028813e2,-4.18083345721242949e-11
3374,1.66117694757424999e2,1.75909926151606641e2,8.26488855028896552e1,1.76738832266935986e0,3.30341679736250438e0,-9.87589815766358181e-1,1.00057237155844980e0,1.00253353819041724e1,7.16204942159307922e0,5.06022307389386583e-13,1.02528642839779835e2,-5.12585529577336274e-11
3375,1.65694292227510431e2,1.75334330804963287e2,8.22981727274040225e1,1.74959049074931694e0,3.29798382255845191e0,-9.87598047624794084e-1,1.00003379240067503e0,1.00314273951897057e1,7.65614333464003138e0,4.61701857301655139e-13,1.02532915032512150e2,-7.51896322981338017e-11
3376,1.65300020226795596e2,1.74788752861079530e2,8.19782705111049665e1,1.73266224862750073e0,3.29161929967385980e0,-9.87606736513154115e-1,9.99448276173788952e-1,1.00386900811034092e1,8.15026861620275334e0,4.24041010638198657e-13,1.02537458909805338e2,-4.99653651786502451e-11
3377,1.64933970600351813e2,1.74272762087310895e2,8.16883339118694920e1,1.71661986936245570e0,3.28446655071984583e0,-9.87615879516574369e-1,9.98816117280481031e-1,1.00467841186554612e1,8.64442712316369644e0,3.83509196622000559e-13,1.02542271991951452e2,-6.71747102387598716e-11
3378,1.64594897414028793e2,1.73785499578345309e2,8.14271893993131926e1,1.70146247824949848e0,3.27665309944026495e0,-9.87625473579210489e-1,9.98137733271789340e-1,1.00553980285336859e1,9.13862068224521273e0,3.49421880319056299e-13,1.02547351663059032e2,-8.74962324814987369e-11
3379,1.64281342303848987e2,1.73325815376888869e2,8.11934557656397118e1,1.68717610327894718e0,3.26829138102395955e0,-9.87635515507020778e-1,9.97413633190740390e-1,1.00642534771848702e1,9.63285108851497718e0,3.14952924851397142e-13,1.02552695174296602e2,-2.38742359215393662e-12
3380,1.63991730405782533e2,1.72892375712706411e2,8.09856367177192311e1,1.67373707056800725e0,3.25947977254753374e0,-9.87646001970654441e-1,9.96644391778082617e-1,1.00731073371978663e1,1.01271201039463374e1,2.82572576448814061e-13,1.02558299647295655e2,-5.73976421947008930e-11
3381,1.63724441803559699e2,1.72483744648518979e2,8.08021898923650497e1,1.66111479315542221e0,3.25030379210231546e0,-9.87656929508446080e-1,9.95830628970564735e-1,1.00817514818192091e1,1.06214294560355658e1,2.44942954807925162e-13,1.02564162077677622e2,-4.88142859467188828e-11
3382,1.63477863205429486e2,1.72098444799250103e2,8.06415768243626303e1,1.64927401970592191e0,3.24083736054000582e0,-9.87668294529506441e-1,9.94972993983109899e-1,1.00900110894199919e1,1.11157808364780823e1,2.25503643536129061e-13,1.02570279338720354e2,-6.84252654536976479e-11
3383,1.63250424038873916e2,1.71735001338424070e2,8.05022978976051320e1,1.63817661626899658e0,3.23114405461581855e0,-9.87680093316906982e-1,9.94072153235690870e-1,1.00977420478863138e1,1.16101758999052098e1,1.93105947898786212e-13,1.02576648185133621e2,-4.93685092806117609e-11
3384,1.63040620531550189e2,1.71391972927515269e2,8.03829157139882824e1,1.62778295351263780e0,3.22127830602667942e0,-9.87692322030951586e-1,9.93128781422709328e-1,1.01048278905282327e1,1.21046162626831819e1,1.66186508998578120e-13,1.02583265256962434e2,-7.39106553737656213e-11
3385,1.62847030711995671e2,1.71067972592812879e2,8.02820697045484479e1,1.61805296682590360e0,3.21128651934034970e0,-9.87704976712529548e-1,9.92143555093985330e-1,1.01111765670343487e1,1.25991035017757120e1,1.48669271338164322e-13,1.02590127083585358e2,-1.27897692436818033e-13
3386,1.62668322686673207e2,1.70761681007692289e2,8.01984842524117454e1,1.60894694948377048e0,3.20120809480702073e0,-9.87718053286546604e-1,9.91117148204048171e-1,1.01167172534936984e1,1.30936391536715373e1,1.31169380912510292e-13,1.02597230087810203e2,-8.57198756420984864e-11
3387,1.62503258041252252e2,1.70471854130958974e2,8.01309721075852650e1,1.60042613105404041e0,3.19107635090670172e0,-9.87731547565426027e-1,9.90050229174233576e-1,1.01213973307708862e1,1.35882247133777803e1,1.16750359380191071e-13,1.02604570590065705e2,-4.86579665448516607e-11
3388,1.62350691798774562e2,1.70197326732741743e2,8.00784344739637959e1,1.59245308528630813e0,3.18091934734977810e0,-9.87745455252674875e-1,9.88943459096386812e-1,1.01251796060939085e1,1.40828616334801904e1,9.27660726013357362e-14,1.02612144812664255e2,-6.48014975013211370e-11
3389,1.62209570016875375e2,1.69937012981665077e2,8.00398588114803857e1,1.58499200430894027e0,3.17076061291556766e0,-9.87759771946508991e-1,9.87797490779378951e-1,1.01280398143406476e1,1.45775513232710718e1,7.91103293984463107e-14,1.02619948884143056e2,-2.46700437855906785e-11
3390,1.62078925840290026e2,1.69689904992426051e2,8.00143151402906483e1,1.57800886936061335e0,3.16061978467923410e0,-9.87774493143534604e-1,9.86612968404092294e-1,1.01299644093737928e1,1.50722951479452405e1,6.73072708679001153e-14,1.02627978843663101e2,-1.32445165945682675e-11
3391,1.61957874606185811e2,1.69455070004873306e2,8.00009514232674377e1,1.57147154254393473e0,3.15051316626012268e0,-9.87789614242475134e-1,9.85390527604138033e-1,1.01309486387682792e1,1.55670944278645464e1,5.16670040084932225e-14,1.02636230645466370e2,-9.56958956521702930e-11
3392,1.62197170656355581e2,1.69919660418663682e2,8.00116229671662751e1,1.58496499677063118e0,-3.15367667896966530e0,-9.87731935877253164e-1,9.84574941950476124e-1,1.06231483698434612e1,-1.55675162824934965e1,4.77257122710739168e-14,1.12899868862614497e2,-4.61142235508305021e-11
3393,1.62334355027211757e2,1.70174477325857367e2,8.00358105383010638e1,1.59260390574017663e0,-3.16340126044045178e0,-9.87718760729279777e-1,9.85801985865401909e-1,1.06199301498558913e1,-1.50727059280281033e1,5.96467319979865351e-14,1.12890826832470083e2,-4.90700813315925188e-11
3394,1.62482326966743727e2,1.70442620797361798e2,8.00733499565940150e1,1.60074737575227344e0,-3.17308377529461394e0,-9.87706004920613445e-1,9.86991050631989886e-1,1.06156293986380881e1,-1.45779508214410765e1,7.06171232600638632e-14,1.12882027961097606e2,-7.68949348639580421e-11
3395,1.62642011322840574e2,1.70725016278676975e2,8.01251640483239385e1,1.60942712920541831e0,-3.18269669925481757e0,-9.87693672551919755e-1,9.88141464010338866e-1,1.06102647656491609e1,-1.40832496465457488e1,8.55010506839448681e-14,1.12873476675560241e2,-9.70885594142600894e-11
3396,1.62814397029761949e2,1.71022637280190025e2,8.01922425274735673e1,1.61867555333272617e0,-3.19220772608323156e0,-9.87681767609902894e-1,9.89252542919949795e-1,1.06038690302130032e1,-1.35886010425513089e1,1.03712177734749389e-13,1.12865177309911957e2,-5.04485342389671132e-11
3397,1.63000533863880889e2,1.71336498571082473e2,8.02756397513571898e1,1.62852524563034806e0,-3.20157908074048558e0,-9.87670293963866408e-1,9.90323594189696732e-1,1.05964919860214142e1,-1.30940036047957040e1,1.18897947043450358e-13,1.12857134100334122e2,-9.77706804405897856e-11
3398,1.63201525768960323e2,1.71667645323961153e2,8.03764692586715483e1,1.63900840062102415e0,-3.21076676394592830e0,-9.87659255362345889e-1,9.91353916173665861e-1,1.05882036639279526e1,-1.25994558855467211e1,1.33709016081340337e-13,1.12849351180322159e2,-6.61515286992653273e-11
3399,1.63418519546194034e2,1.72017136928381319e2,8.04958939172773711e1,1.65015600162347176e0,-3.21971973294844149e0,-9.87648655429819056e-1,9.92342801546488573e-1,1.05790978540570446e1,-1.21049563948706780e1,1.55209178842596884e-13,1.12841832575947478e2,-1.07149844552623108e-11
3400,1.63652687396507304e2,1.72386023886755595e2,8.06351102014913437e1,1.66199677614446717e0,-3.22837902945854749e0,-9.87638497663502313e-1,9.93289541664961972e-1,1.05692958443843104e1,-1.16105036015684302e1,1.79717352111197215e-13,1.12834582201192745e2,-7.27595761418342590e-11
3401,1.63905201463132755e2,1.72775315877078185e2,8.07953247764749705e1,1.67455586915993049e0,-3.23667687443885921e0,-9.87628785430236245e-1,9.94193432963620838e-1,1.05589502310165919e1,-1.11160959341775616e1,2.05904737704543095e-13,1.12827603853379813e2,-8.01492205937393010e-12
3402,1.64177198162141394e2,1.73185938727684828e2,8.09777212001495883e1,1.68785318580523103e0,-3.24453576156072376e0,-9.87619521963463476e-1,9.95053785931735324e-1,1.05482485710423397e1,-1.06217317820403210e1,2.27248775352961729e-13,1.12820901208689079e2,-9.45306055655237287e-11
3403,1.64469729737530088e2,1.73618677734339173e2,8.11834141892821037e1,1.70190135518547425e0,-3.25186759749830401e0,-9.87610710360309563e-1,9.95869937286752660e-1,1.05374165379826632e1,-1.01274094964357992e1,2.56256821318245898e-13,1.12814477817790774e2,-3.32676108882878907e-11
3404,1.64783700219268496e2,1.74074104548515891e2,8.14133886165828926e1,1.71670327205620454e0,-3.25857295885131792e0,-9.87602353578767245e-1,9.96641265999510861e-1,1.05267200999031019e1,-9.63312739177542809e0,2.91195886847894769e-13,1.12808337101584769e2,-5.80087089474545792e-11
3405,1.65119782867841479e2,1.74552484854089158e2,8.16684202783524285e1,1.73224918547394435e0,-3.26454056322177388e0,-9.87594454434990277e-1,9.97367213809062347e-1,1.05164660720761454e1,-9.13888374686017890e0,3.26870475131357807e-13,1.12802482347072697e2,-5.31628074895706959e-11
3406,1.65478316442185104e2,1.75053664419380311e2,8.19489756781608207e1,1.74851332640154911e0,-3.26964708648297453e0,-9.87587015600702611e-1,9.98047310757878781e-1,1.05070002071570734e1,-8.64467680619803858e0,3.58079885187656544e-13,1.12796916703351144e2,-7.92681476013967767e-11
3407,1.65859178406760407e2,1.75576932045002422e2,8.22550887865808704e1,1.76545010335957708e0,-3.27375749938391047e0,-9.87580039600726156e-1,9.98681206031531876e-1,1.04987017950567836e1,-8.15050478137994361e0,3.94621835209107985e-13,1.12791643177759326e2,-7.36548599888919853e-11
3408,1.66261634788115884e2,1.76120859718301915e2,8.25862142478742953e1,1.78298995054807841e0,-3.27672614277600971e0,-9.87573528810633428e-1,9.99268703950148884e-1,1.04919735884037664e1,-7.65636585251224933e0,4.28570373633974100e-13,1.12786664632166435e2,-3.62945229426259175e-11
3409,1.66684169088558747e2,1.76683123215938480e2,8.29410590998857060e1,1.80103498988432409e0,-3.27839880778432358e0,-9.87567485454525551e-1,9.99809804278541381e-1,1.04872258089348200e1,-7.16225816970377593e0,4.77291817180258704e-13,1.12781983779419633e2,-3.05249159282539040e-11
3410,1.67124296757093589e2,1.77260310747021549e2,8.33173990506131616e1,1.81945476888680235e0,-3.27861612706367378e0,-9.87561911602943931e-1,1.00030474506317724e0,1.04848531176490383e1,-6.66817985460511498e0,5.16686519957954005e-13,1.12777603179958575e2,-3.56692453351570293e-12
3411,1.67578377358465445e2,1.77847733125790171e2,8.37118908792125183e1,1.83808245837971929e0,-3.27721860201919712e0,-9.87556809170918259e-1,1.00075404497359766e0,1.04852038716171858e1,-6.17412900199796599e0,5.65263114093994545e-13,1.12773525238602829e2,-7.99502686277264729e-11
3412,1.68041443622998202e2,1.78439256212340865e2,8.41198994750839404e1,1.85671202940013425e0,-3.27405356740456499e0,-9.87552179916151740e-1,1.00115854070315957e0,1.04885418875888874e1,-5.68010368143182198e0,6.15853722185644159e-13,1.12769752201514933e2,-7.68949348639580421e-11
3413,1.68507074339088717e2,1.79027184232761385e2,8.45353657649945944e1,1.87509705991990305e0,-3.26898430040291865e0,-9.87548025437348431e-1,1.00151941355954821e0,1.04950024152019772e1,-5.18610193890559223e0,6.58305007728010594e-13,1.12766286153356162e2,-9.32232069317251444e-11
3414,1.68967345122781921e2,1.79602229560108100e2,8.49507489040842074e1,1.89295191940411756e0,-3.26190128286064374e0,-9.87544347172690462e-1,1.00183819826996512e0,1.05045461294815663e1,-4.69212179859117828e0,7.18790478526631915e-13,1.12763129014635439e2,-7.81597009336110204e-13
3415,1.69412895176990730e2,1.80153608231709399e2,8.53570803811163898e1,1.90995610039770614e0,-3.25273529353777402e0,-9.87541146398458469e-1,1.00211676668249794e0,1.05169175194444815e1,-4.19816126459629313e0,7.68969957154475026e-13,1.12760282539245893e2,-7.41664507586392574e-11
3416,1.69833146217045282e2,1.80669297811071289e2,8.57441661312870878e1,1.92576235961170972e0,-3.24147153343076244e0,-9.87538424227806133e-1,1.00235727996066903e0,1.05316165786502438e1,-3.70421832276341245e0,8.41215985758481111e-13,1.12757748312226767e2,-1.69677605299511924e-11
3417,1.70216698791328497e2,1.81136482164374684e2,8.61009623733521750e1,1.94000904650805173e0,-3.22816340768433108e0,-9.87536181609687702e-1,1.00256210544654834e0,1.05478942801529136e1,-3.21029094250178160e0,9.25341400725976371e-13,1.12755527747713273e2,-4.93969309900421649e-11
3418,1.70551909431827085e2,1.81542184553655062e2,8.64161298176962021e1,1.95233650683559157e0,-3.21294400825987880e0,-9.87534419327940283e-1,1.00273369872564744e0,1.05647817030632787e1,-2.71637707864927958e0,1.05235807047743268e-12,1.12753622087120874e2,-4.28883595304796472e-11
3419,1.70827620448074953e2,1.81874057355312573e2,8.66787400357339379e1,1.96240677211585246e0,-3.19603294710071095e0,-9.87533138000523003e-1,1.00287445717807344e0,1.05811587005434404e1,-2.22247467336082094e0,1.30035576490633575e-12,1.12752032397535928e2,-8.20534751255763695e-11
3420,1.71033977712545777e2,1.82121258960906687e2,8.68790719447483326e1,1.96992497678710476e0,-3.17773621377604520e0,-9.87532338078916827e-1,1.00298655747000143e0,1.05958602763502956e1,-1.72858165801995245e0,1.74484688850173875e-12,1.12750759570329407e2,-9.43600753089413047e-11
3421,1.71163239486340387e2,1.82275315347824488e2,8.70094043436972697e1,1.97466025464857275e0,-3.15843737327739893e0,-9.87532019847680020e-1,1.00307179456361228e0,1.06078085590927778e1,-1.23469595517016129e0,2.73744777388486293e-12,1.12749804320023330e2,-4.13820089306682348e-11
3422,1.71210462016707879e2,1.82330846519159508e2,8.70646928714046453e1,1.97646347554462376e0,-3.13857971930071278e0,-9.87532183424169596e-1,1.00313144232891238e0,1.06161484786029323e1,-7.40815480462412745e-1,2.01109354863726608e-12,1.12749167183093221e2,-3.20028448186349124e-11
3423,1.71173954011177244e2,1.82286045345747681e2,8.70430252942570633e1,1.97527928739969716e0,-3.11864073683241205e0,-9.87532828758417858e-1,1.00316615460512115e0,1.06203600523538046e1,-2.46938144615362148e-1,2.20894756682694059e-12,1.12748848517969464e2,-8.85762574398540892e-11
3424,1.71055424428874574e2,1.82142830479776819e2,8.69457800433197860e1,1.97115060543562226e0,3.18408337460868651e0,-9.87533955633176364e-1,1.00317592035726300e0,1.06203227930532869e1,2.46938144615362121e-1,2.25559468428363982e-12,1.12748848503761650e2,-1.09565689854207449e-11
3425,1.70859799905683133e2,1.81906649208961255e2,8.67774632741569008e1,1.96421483408921183e0,3.20276711085747934e0,-9.87535563664115879e-1,1.00316007845546307e0,1.06163183998328208e1,7.40815480462412856e-1,2.07730969199130394e-12,1.12749167140472409e2,-8.75530759003595449e-11
3426,1.70594745983645424e2,1.81585966358602434e2,8.65452562138021051e1,1.95469244012110055e0,3.22019434925116776e0,-9.87537652300190083e-1,1.00311738836162778e0,1.06089731657444304e1,1.23469595517016129e0,2.76787547417479962e-12,1.12749804249008690e2,-3.61239926860434934e-11
3427,1.70269974424289046e2,1.81191525430575751e2,8.62583518057653151e1,1.94286966511846404e0,3.23603683953597221e0,-9.87540220824160042e-1,1.00304614491420363e0,1.05991558005044233e1,1.72858165801995245e0,1.70955811356135468e-12,1.12750759470958357e2,-9.83817471933434717e-11
3428,1.69896445383278206e2,1.80735495879477526e2,8.59271859744601016e1,1.92907788283241244e0,3.25005040351161112e0,-9.87543268353275216e-1,1.00294432018454072e0,1.05878546797913433e1,2.22247467336082094e0,1.24772078519824747e-12,1.12752032269869304e2,-8.99831320566590875e-11
3429,1.69485574203189799e2,1.80230621724814966e2,8.55626702678724484e1,1.91367225015235087e0,3.26207705430319939e0,-9.87546793840115900e-1,1.00280971380461281e0,1.05760589599454207e1,2.71637707864927913e0,1.01581546993467775e-12,1.12753621931234335e2,-4.91411356051685289e-11
3430,1.69048532183643658e2,1.79689465806918065e2,8.51755131537001944e1,1.89701193575963534e0,3.27203978832286424e0,-9.87550796073587867e-1,1.00264009506635943e0,1.05646620162281568e1,3.21029094250178204e0,8.99251593328154186e-13,1.12755527563694088e2,-4.97237806484918110e-11
3431,1.68595698241393762e2,1.79123810481357850e2,8.47756858797285560e1,1.87944352993669739e0,3.27993225789162590e0,-9.87555273680077228e-1,1.00243332431272036e0,1.05543967143724728e1,3.70421832276341290e0,8.18244777489596231e-13,1.12757748100179114e2,-1.26760824059601873e-11
3432,1.68136284011015732e2,1.78544239847559481e2,8.43720554477634721e1,1.86128846663766478e0,3.28580566504028670e0,-9.87560225124751612e-1,1.00218744639380808e0,1.05458035310292111e1,4.19816126459629402e0,7.49134695249287219e-13,1.12760282299289997e2,-1.31308297568466514e-11
3433,1.67678126356826454e2,1.77959898697504656e2,8.39721794164129420e1,1.84283460342132344e0,3.28975489651606345e0,-9.87565648713015665e-1,1.00190075397652301e0,1.05392265938863794e1,4.69212179859117740e0,6.95723426785699317e-13,1.12763128746906261e2,-3.32534000335726887e-12
3434,1.67227622287399754e2,1.77378403266127407e2,8.35822386988941588e1,1.82433160474861378e0,3.29190537637836655e0,-9.87571542592112994e-1,1.00157182246149645e0,1.05348298468852963e1,5.18610193890559223e0,6.46515826985272213e-13,1.12766285858006057e2,-4.89137619297252968e-11
3435,1.66789772166534476e2,1.76805868947386330e2,8.32070755640035458e1,1.80598948219608268e0,3.29240153833380989e0,-9.87577904752870772e-1,1.00119952082947483e0,1.05326252080240650e1,5.68010368143182287e0,6.01150206003264742e-13,1.12769751878707922e2,-4.88853402202948928e-11
3436,1.66368295960284570e2,1.76247018486070658e2,8.28503028173684726e1,1.78797953337449167e0,3.29139733292525261e0,-9.87584733031587225e-1,1.00078300395252984e0,1.05325058033456891e1,6.17412900199796599e0,5.56683171781813257e-13,1.12773524888520512e2,-6.73736622047726996e-11
3437,1.65965791242356232e2,1.75705337917358889e2,8.25144539182993952e1,1.77043693905942123e0,3.28904883169876383e0,-9.87592025112057459e-1,1.00032169204301491e0,1.05342792200451036e1,6.66817985460511409e0,5.11729547625350278e-13,1.12777602802796537e2,-5.14859266331768595e-11
3438,1.65583908173155351e2,1.75183254008504832e2,8.22011500251241074e1,1.75346437275928890e0,3.28550877015030318e0,-9.87599778527730510e-1,9.99815242337610766e-1,1.05376975932115347e1,7.16225816970377505e0,4.69001573688565543e-13,1.12781983375388208e2,-1.66267000167863443e-11
3439,1.65223523686863643e2,1.74682314102151111e2,8.19112667297977026e1,1.73713610571714727e0,3.28092275816841239e0,-9.87607990663998847e-1,9.99263517167463422e-1,1.05424828924714191e1,7.65636585251224844e0,4.29404775625918944e-13,1.12786664201488918e2,-1.36708422360243276e-11
3440,1.64884903465990988e2,1.74203355804983033e2,8.16450893720617472e1,1.72150222346684356e0,3.27542684892389957e0,-9.87616658760614774e-1,9.98666551512235490e-1,1.05483468986118485e1,8.15050478137994538e0,3.89153986812829089e-13,1.12791642720673863e2,-8.59472493175417185e-11
3441,1.64567845386178703e2,1.73746659292981178e2,8.14024507597107032e1,1.70659269011163484e0,3.26914616596197227e0,-9.87625779914225399e-1,9.98024522148603710e-1,1.05550060795671303e1,8.64467680619804035e0,3.52488871424583294e-13,1.12796916220109793e2,-5.21964693689369597e-11
3442,1.64271801858379462e2,1.73312078966526997e2,8.11828487475841172e1,1.69242109544369179e0,3.26219432174862289e0,-9.87635351081027069e-1,9.97337719673782153e-1,1.05621919713733252e1,9.13888374686017890e0,3.19541268445355797e-13,1.12802481837939823e2,-8.45830072648823261e-11
3443,1.63995981006376269e2,1.72899153892434356e2,8.09855435628602436e1,1.67898799606139004e0,3.25467340432650110e0,-9.87645369079532709e-1,9.96606524043311737e-1,1.05696578363079396e1,9.63312739177542987e0,2.85460891036315445e-13,1.12808336566839344e2,-1.81188397618825547e-11
3444,1.63739428148396314e2,1.72507198161383940e2,8.08096362519864755e1,1.66628381654315305e0,3.24667435310597208e0,-9.87655830593444861e-1,9.95831383803560621e-1,1.05771823898755013e1,1.01274094964358010e1,2.57030507988531554e-13,1.12814477257722686e2,-7.22621962268021889e-11
3445,1.63501089841845896e2,1.72135373206343786e2,8.06541303959818521e1,1.65429131387351380e0,3.23827758534469590e0,-9.87666732174633966e-1,9.95012798896121264e-1,1.05845713239361690e1,1.06217317820403210e1,2.26933055680333950e-13,1.12820900623600707e2,-5.01074737258022651e-11
3446,1.63279863054311136e2,1.71782744527660896e2,8.05179795416257207e1,1.64298763156917160e0,3.22955376951503448e0,-9.87678070246211903e-1,9.94151306731557827e-1,1.05916572491509307e1,1.11160959341775634e1,2.00221783597243075e-13,1.12827603243585344e2,-6.09503558735013939e-11
3447,1.63074632000482211e2,1.71448325316426605e2,8.04001227791986679e1,1.63234598288326116e0,3.22056467002485780e0,-9.87689841105699795e-1,9.93247471139133142e-1,1.05982985642206682e1,1.16105036015684266e1,1.77011183488673396e-13,1.12834581567018205e2,-4.53326265414943919e-11
3448,1.62884294992440005e2,1.71131109323580318e2,8.02995107167022439e1,1.62233700817148740e0,3.21136401007379613e0,-9.87702040928282066e-1,9.92301873771125553e-1,1.06043776484236165e1,1.21049563948706798e1,1.56662877115465449e-13,1.12841831917729763e2,-4.68389771413058043e-11
3449,1.62707783363266060e2,1.70830095066149767e2,8.02151238267769600e1,1.61292985237593922e0,3.20199831654619738e0,-9.87714665770141775e-1,9.91315107550780450e-1,1.06097986759895164e1,1.25994558855467229e1,1.33653504930109079e-13,1.12849350498410033e2,-9.44453404372325167e-11
3450,1.62544074214213396e2,1.70544303171328664e2,8.01459848466179778e1,1.60409300646463704e0,3.19250772367735136e0,-9.87727711571873557e-1,9.90287771786678594e-1,1.06144852690022748e1,1.30940036047957058e1,1.16889137258269216e-13,1.12857133395083636e2,-9.17594888960593380e-11
3451,1.62392198432781925e2,1.70272788366265274e2,8.00911666211817419e1,1.59579495285671480e0,3.18292672162961754e0,-9.87741174161966051e-1,9.89220468620947369e-1,1.06183781399221164e1,1.35886010425513089e1,9.72867619797312955e-14,1.12865176581692111e2,-3.65218966180691496e-11
3452,1.62251245152985973e2,1.70014647349205319e2,8.00497965153790858e1,1.58800465026540105e0,3.17328484283948686e0,-9.87755049260348406e-1,9.88113800526758790e-1,1.06214328239916345e1,1.40832496465457471e1,8.92202978164391425e-14,1.12873475924748163e2,-7.26458893041126430e-11
3453,1.62120363590137288e2,1.69769023538357970e2,8.00210582917056144e1,1.58069188859777121e0,3.16360728368234323e0,-9.87769332481998941e-1,9.86968368617198721e-1,1.06236175635897840e1,1.45779508214410765e1,7.38298311375729099e-14,1.12882027188078823e2,-9.11484221433056518e-11
3454,1.61998762982500125e2,1.69535109491940233e2,8.00041921578257131e1,1.57382753992471103e0,3.15391546216446494e0,-9.87784019340605335e-1,9.85784771571141971e-1,1.06249113787162557e1,1.50727059280281068e1,5.65728019985556330e-14,1.12890826037639457e2,-7.15516534910420887e-11
3455,1.61885711203927940e2,1.69312147620154633e2,7.99984935270559703e1,1.56738372727409914e0,3.14422751438257508e0,-9.87799105252272880e-1,9.84563605018688448e-1,1.06253023380708882e1,1.55675162824934947e1,4.57689441901720784e-14,1.12899868046375033e2,-2.85638179775560275e-11
3456,1.62104619635720383e2,1.69743952295156703e2,8.00021830449968832e1,1.58017945354315126e0,-3.14636510384121060e0,-9.87742016829869729e-1,9.83705271386766000e-1,1.11189976158214012e1,-1.55679564977325597e1,4.19733692247348245e-14,1.23653416540475760e2,-5.27791144122602418e-11
3457,1.62231331985951982e2,1.69983643604223090e2,8.00169448923334983e1,1.58762386846293047e0,-3.15561463923412733e0,-9.87728874154008452e-1,9.84930744665378222e-1,1.11166229269013837e1,-1.50731345829687289e1,4.55954718425743977e-14,1.23643553179352679e2,-2.86206613964168355e-11
3458,1.62367463592414765e2,1.70234964399128359e2,8.00437753437498145e1,1.59553452118403238e0,-3.16479140840953210e0,-9.87716149852001624e-1,9.86118612250316606e-1,1.11132377795852779e1,-1.45783676999993261e1,6.25471896498197566e-14,1.23633955147325295e2,-4.32009983342140913e-12
3459,1.62513746025826038e2,1.70498622466761702e2,8.00834119816399550e1,1.60393741762097441e0,-3.17386695588236378e0,-9.87703848008000596e-1,9.87268248333720067e-1,1.11088703230033818e1,-1.40836545369927162e1,7.54500628641352478e-14,1.23624627266594814e2,-2.34194885706529021e-11
3460,1.62670948123886319e2,1.70775345756951452e2,8.01366329658661556e1,1.61285852415804576e0,-3.18280837537670580e0,-9.87691972592596668e-1,9.88379022700178189e-1,1.11035626015029312e1,-1.35889937377512240e1,8.83113027150272956e-14,1.23615574257961498e2,-3.05107050735387020e-11
3461,1.62839869922293758e2,1.71065872996402135e2,8.02042518987194910e1,1.62232326885156630e0,-3.19157774840959840e0,-9.87680527459400270e-1,9.89450302145196692e-1,1.10973729743672092e1,-1.30943839024413435e1,1.02209907204553474e-13,1.23606800735527870e2,-4.86295448354212567e-11
3462,1.63021333323310103e2,1.71370940538850277e2,8.02871095967571478e1,1.63235589836406203e0,-3.20013154499477981e0,-9.87669516341692977e-1,9.90481452705554100e-1,1.10903787192715697e1,-1.25998235883917928e1,1.21198190372595604e-13,1.23598311201465052e2,-5.26085841556778178e-11
3463,1.63216168562079190e2,1.71691264467148699e2,8.03860618480202334e1,1.64297866269847215e0,-3.20841999670252376e0,-9.87658942849155230e-1,9.91471842946148318e-1,1.10826787507939706e1,-1.21053113109586388e1,1.42833661564978343e-13,1.23590110040858377e2,-5.08180164615623653e-11
3464,1.63425195347129659e2,1.72027516788261096e2,8.05019620465563008e1,1.65421079743154564e0,-3.21638645864043138e0,-9.87648810464683113e-1,9.92420848593210891e-1,1.10743963426217693e1,-1.16108455444572982e1,1.64708524597045880e-13,1.23582201516637383e2,-1.53050905282725580e-11
3465,1.63649197368182655e2,1.72380294395018979e2,8.06356374072098419e1,1.66606727196390469e0,-3.22396678538327119e0,-9.87639122541287828e-1,9.93327858847985801e-1,1.10656816859038063e1,-1.11164247231603230e1,1.86607673757777093e-13,1.23574589764597235e2,-7.91970933278207667e-11
3466,1.63888888699583333e2,1.72750079329522549e2,8.07878572894021119e1,1.67855727313803715e0,-3.23108875693914621e0,-9.87629882299093764e-1,9.94192284750991750e-1,1.10567140447272045e1,-1.06220472423603507e1,2.11955453188750198e-13,1.23567278788530828e2,-2.04778416446060874e-11
3467,1.64144870524123718e2,1.73137188818084383e2,8.09592920402978962e1,1.69168239756917038e0,-3.23767160496616357e0,-9.87621092822434710e-1,9.95013569986420432e-1,1.10477031823332670e1,-1.01277114594970321e1,2.43735587268645304e-13,1.23560272455475513e2,-8.64588400872889906e-11
3468,1.64417576600157417e2,1.73541713600323050e2,8.11504607447266011e1,1.70543453463502681e0,-3.24362570699237196e0,-9.87612757057053758e-1,9.95791204502867733e-1,1.10388896301497166e1,-9.63341569534666498e0,2.65279118116801271e-13,1.23553574491081605e2,-4.08419964514905587e-11
3469,1.64707206092696680e2,1.73963443346950584e2,8.13616664372276972e1,1.71979343712557586e0,-3.24885253749808633e0,-9.87604877807413462e-1,9.96524741265337521e-1,1.10305432616579360e1,-9.13915823527322679e0,2.95971580577258919e-13,1.23547188475118887e2,-9.16600129130529240e-11
3470,1.65013642860346465e2,1.74401778528183115e2,8.15929177639519168e1,1.73472400009584660e0,-3.25324498898326775e0,-9.87597457734120332e-1,9.97213816316342205e-1,1.10229595265866109e1,-8.64493733053918056e0,3.28046617648070082e-13,1.23541117837128880e2,-2.16857642953982577e-11
3471,1.65336361190152275e2,1.74855629114735279e2,8.18438369329642086e1,1.75017330270620297e0,-3.25668820239724432e0,-9.87590499351465811e-1,9.97858172089021167e-1,1.10164526190663139e1,-8.15075119967432826e0,3.62864252534400578e-13,1.23535365852223165e2,-2.77537992587895133e-11
3472,1.65674319409079317e2,1.75323302071210463e2,8.21135551697659452e1,1.76606751458333955e0,-3.25906107193522399e0,-9.87584005025092471e-1,9.98457683551530861e-1,1.10113448297120300e1,-7.65659802990086114e0,3.96564725502202009e-13,1.23529935637056880e2,-9.69322400123928674e-11
3473,1.66025844927821765e2,1.75802381884838525e2,8.24005989567216801e1,1.78230882846385330e0,-3.26023860967371792e0,-9.87577976969785887e-1,9.99012386253750662e-1,1.10079514140582244e1,-7.16247597861254004e0,4.33989649772925645e-13,1.23524830145960721e2,-8.29487589726340957e-11
3474,1.66388517137761937e2,1.76289611394569675e2,8.27027731353208537e1,1.79877265358646321e0,-3.26009536351398044e0,-9.87572417247398304e-1,9.99522504690141034e-1,1.10065605605189667e1,-6.66838317490578980e0,4.84287956958873167e-13,1.23520052167263145e2,-9.63353841143543832e-11
3475,1.66759058138782365e2,1.76780783877158882e2,8.30170504530242965e1,1.81530538536659036e0,-3.25851006690835909e0,-9.87567327764906966e-1,9.99988478618004550e-1,1.10074085300392905e1,-6.17431772116042055e0,5.29314439501327172e-13,1.23515604319791407e2,-5.69997382626752369e-11
3476,1.67133245253210958e2,1.77270661403600002e2,8.33394810868052787e1,1.83172314755456656e0,-3.25537164709577276e0,-9.87562710272610778e-1,1.00041098415599294e0,1.10106508283839108e1,-5.68027769466741805e0,5.68326635752569587e-13,1.23511489049578472e2,-2.51816345553379506e-11
3477,1.67505863085661076e2,1.77752938264625556e2,8.36651395006313408e1,1.84781196860088293e0,-3.25058661436629714e0,-9.87558566362468637e-1,1.00079094577210470e0,1.10163313830140144e1,-5.18626114930129845e0,6.23465688798230389e-13,1.23507708626764526e2,-1.15818465928896330e-11
3478,1.67870715577146655e2,1.78220270788248200e2,8.39881287743581737e1,1.86332988311107139e0,-3.24408768409545978e0,-9.87554897466582982e-1,1.00112953485580780e0,1.10243530668105905e1,-4.69226611723414688e0,6.76103704272401629e-13,1.23504265142711191e2,-2.02220462597324513e-11
3479,1.68220718775971477e2,1.78664394794979501e2,8.43016629991646909e1,1.87801141554809004e0,-3.23584323984612476e0,-9.87551704855830659e-1,1.00142815070010816e0,1.10344543376144859e1,-4.19829061068858245e0,7.33290164700584057e-13,1.23501160507333850e2,-3.55413476427202113e-11
3480,1.68548091489961138e2,1.79076347817625930e2,8.45982450621907844e1,1.89157477914427408e0,-3.22586694119937434e0,-9.87548989638643460e-1,1.00168838063496324e0,1.10461978619446963e1,-3.70433262372661209e0,7.98779011684791485e-13,1.23498396446657651e2,-4.26325641456060112e-12
3481,1.68844652454941809e2,1.79446803927703712e2,8.48699489904274174e1,1.90373188765768830e0,-3.21422645369365556e0,-9.87546752759942637e-1,1.00191193790644828e0,1.10589772125299302e1,-3.21039013407128104e0,8.93706549737194322e-13,1.23495974500595423e2,-9.42179667617892846e-12
3482,1.69102218897914042e2,1.79766514371076852e2,8.51088026956186212e1,1.91420092897901806e0,-3.20105000457706268e0,-9.87544995000226078e-1,1.00210057865425584e0,1.10720464725786840e1,-2.71646110495797410e0,1.02611213796677259e-12,1.23493896020969316e2,-7.16653403287637047e-11
3483,1.69313083633949873e2,1.80026828589225829e2,8.53072496280569226e1,1.92272081647102144e0,-3.18652935086386879e0,-9.87543716974812469e-1,1.00225600270759219e0,1.10845744455160276e1,-2.22254348701207061e0,1.29615003625904723e-12,1.23492162169764526e2,-2.80238054983783513e-11
3484,1.69470529162395877e2,1.80220250807108300e2,8.54586494572945696e1,1.92906638390578666e0,-3.17091789449887607e0,-9.87542919133244435e-1,1.00237974631706206e0,1.10957202926726293e1,-1.72863522014960003e0,1.73073924983335736e-12,1.23490773917614860e2,-3.20881099469261244e-11
3485,1.69569322156814508e2,1.80340971920617591e2,8.55577628853717158e1,1.93306282513326200e0,-3.15452316318106618e0,-9.87542601758847560e-1,1.00247307759402382e0,1.11047217355705232e1,-1.23473423549746708e0,2.68505993806199272e-12,1.23489732042582588e2,-5.42428324479260482e-11
3486,1.69606125167688703e2,1.80385309953099892e2,8.56011588831575949e1,1.93459771498370059e0,-3.13769367408102440e0,-9.87542764968451392e-1,1.00253690655842864e0,1.11109821494113330e1,-7.40838457329806022e-1,1.94314254628197985e-12,1.23489037128849077e2,-4.94821961183333769e-11
3487,1.69579767762904140e2,1.80351998412249685e2,8.55874875013846719e1,1.93362907281102014e0,-3.12080116983660849e0,-9.87543408712269866e-1,1.00257172079619306e0,1.11141408662798007e1,-2.46945805016898640e-1,2.16610326816144352e-12,1.23488689566719870e2,-4.55742110716528259e-11
3488,1.69491337196502400e2,1.80242280880478376e2,8.55175784944588457e1,1.93018836740520383e0,3.17896518804913697e0,-9.87544532773941164e-1,1.00257755471429832e0,1.11141130923291982e1,2.46945805016898612e-1,2.19778874969761475e-12,1.23488689551224084e2,-1.30029320644098334e-11
3489,1.69344075720639950e2,1.80059798631385775e2,8.53943521638231715e1,1.92437804396970269e0,3.19487836524081503e0,-9.87546136770730221e-1,1.00255399584923754e0,1.11110918850791816e1,7.40838457329806022e-1,2.01084231188884688e-12,1.23489037082366579e2,-9.13047415451728739e-11
3490,1.69143101569805253e2,1.79810289457232727e2,8.52225579852379553e1,1.91636393293307572e0,3.20980383608287401e0,-9.87548220153888878e-1,1.00250022648651327e0,1.11055128911522889e1,1.23473423549746708e0,2.70945248116889748e-12,1.23489731965132179e2,-5.68576297155232169e-11
3491,1.68894996244056358e2,1.79501142746431896e2,8.50083816954748244e1,1.90636359536740452e0,3.22347262544091917e0,-9.87550782209176026e-1,1.00241509418398378e0,1.10979903453593156e1,1.72863522014959980e0,1.68896906009574632e-12,1.23490773809238632e2,-9.99875737761612982e-11
3492,1.68607316317619961e2,1.79140872281480597e2,8.47589769841021194e1,1.89463211836227652e0,3.23567544184277089e0,-9.87553822057537056e-1,1.00229720155902591e0,1.10892377841869774e1,2.22254348701207105e0,1.24825009269885490e-12,1.23492162030528618e2,-8.01065880295936950e-11
3493,1.68288091231488778e2,1.78738571772720405e2,8.44819813865379672e1,1.88144702115023232e0,3.24626585388414934e0,-9.87557338655938977e-1,1.00214500436006704e0,1.10799879151248355e1,2.71646110495797455e0,9.91545387463155237e-13,1.23493895850955127e2,-2.98996383207850158e-11
3494,1.67945360574334842e2,1.78303410004050647e2,8.41850685039313049e1,1.86709378588349795e0,3.25515844931234710e0,-9.87561330798361392e-1,1.00195690746135568e0,1.10709235422857244e1,3.21039013407128060e0,8.62130679346595485e-13,1.23495974299898322e2,-6.77857769915135577e-12
3495,1.67586789054417977e2,1.77844206598619536e2,8.38755739774290987e1,1.85185317242852698e0,3.26232315151582064e0,-9.87565797116942701e-1,1.00173135044320660e0,1.10626268678491808e1,3.70433262372661209e0,7.74132060538113009e-13,1.23498396215392077e2,-9.29105681279907003e-11
3496,1.67219379413963765e2,1.77369110675474985e2,8.35602152882181315e1,1.83599102951033921e0,3.26777707598495848e0,-9.87570736083275391e-1,1.00146687725777528e0,1.10555495884444088e1,4.19829061068858156e0,7.10908762413531292e-13,1.23501160245629919e2,-5.55218093722942285e-11
3497,1.66849287035292775e2,1.76885387324909942e2,8.32449094342659777e1,1.81975087948180625e0,3.27157523903379799e0,-9.87576146009852107e-1,1.00116218741960017e0,1.10500022647198879e1,4.69226611723414599e0,6.54487748719123630e-13,1.23504264850715771e2,-2.21547225009999238e-11
3498,1.66481727488297224e2,1.76399303564362867e2,8.29346803543391360e1,1.80334920104821728e0,3.27380118633401684e0,-9.87582025051657930e-1,1.00081616870226120e0,1.10461590351962080e1,5.18626114930129845e0,6.11423238427999394e-13,1.23507708304642946e2,-6.72741862217662856e-11
3499,1.66120960686230632e2,1.75916097243616917e2,8.26336405398219824e1,1.78697309410569871e0,3.27455829449921509e0,-9.87588371207905436e-1,1.00042791317761437e0,1.10440728351644228e1,5.68027769466741894e0,5.67462743461533137e-13,1.23511488697511098e2,-5.48965317648253404e-11
3500,1.65770332251485314e2,1.75440008879312813e2,8.23450282241118714e1,1.77077988218266347e0,3.27396219376207442e0,-9.87595182323911414e-1,9.99996719533342016e-1,1.10436964830150366e1,6.17431772116042143e0,5.17805416599959045e-13,1.23515603937974788e2,-9.28395138544146903e-11
3501,1.65432353049186418e2,1.74974356511837073e2,8.20712818149540624e1,1.75489817040454477e0,3.27213450844912446e0,-9.87602456093109593e-1,9.99522085031374852e-1,1.10449058332498513e1,6.66838317490579158e0,4.74232632330373605e-13,1.23520051755909705e2,-9.89786030913819559e-11
3502,1.65108800336511308e2,1.74521636074906269e2,8.18141355929143117e1,1.73942990280596232e0,3.26919793027905214e0,-9.87610190059197035e-1,9.99003690390503629e-1,1.10475222619049767e1,7.16247597861254093e0,4.35700087120238777e-13,1.23524829705300192e2,-4.98374674862134270e-11
3503,1.64800827443868769e2,1.74083633253839793e2,8.15747240192429359e1,1.72445302557619184e0,3.26527252431077875e0,-9.87618381618409535e-1,9.98441380476881024e-1,1.10513327749659922e1,7.65659802990086202e0,3.95421542731533293e-13,1.23529935167332354e2,-1.51345602716901340e-11
3504,1.64509072522825306e2,1.73661536515593724e2,8.13536854750432639e1,1.71002444119057340e0,3.26047310609303276e0,-9.87627028021923703e-1,9.97835143129496283e-1,1.10561068728210490e1,8.15075119967432826e0,3.58432034053279835e-13,1.23535365353695099e2,-5.54365442440030165e-11
3505,1.64233760148269198e2,1.73256044371907080e2,8.11512593878255331e1,1.69618301762895052e0,3.25490750611450030e0,-9.87636126378377721e-1,9.97185087857517471e-1,1.10616099194885571e1,8.64493733053918056e0,3.26858332067025970e-13,1.23541117310069438e2,-4.59436932942480780e-11
3506,1.63974792208064571e2,1.72867462720638940e2,8.09673732555370123e1,1.68295248826962185e0,3.24867554025471028e0,-9.87645673656511347e-1,9.96491425601824465e-1,1.10676131675650442e1,9.13915823527322857e0,2.98450500424429777e-13,1.23547187919818683e2,-4.63842297904193401e-11
3507,1.63731826494278152e2,1.72495790224740574e2,8.08017179935003043e1,1.67034413743015064e0,3.24186852175904505e0,-9.87655666687915934e-1,9.95754450295240456e-1,1.10739008185803147e1,9.63341569534666498e0,2.60231072801708763e-13,1.23553573907841297e2,-4.75353090223507024e-11
3508,1.63504342787999917e2,1.72140791185638221e2,8.06538113647184929e1,1.65835921290123256e0,3.23456917364763719e0,-9.87666102169892257e-1,9.94974522599323397e-1,1.10802746003418857e1,1.01277114594970339e1,2.32446006886988243e-13,1.23560271844611606e2,-8.32898194857989438e-11
3509,1.63291697103084971e2,1.71802056341806519e2,8.05230501024228715e1,1.64699104101748683e0,3.22685182546080451e0,-9.87676976668411366e-1,9.94152055935705770e-1,1.10865563603162389e1,1.06220472423603525e1,2.07969058640955495e-13,1.23567278150373284e2,-4.79758455185219646e-11
3510,1.63093165249325409e2,1.71479052599713782e2,8.04087518171713640e1,1.63622684360672044e0,3.21878280196705990e0,-9.87688286621171807e-1,9.93287504754536310e-1,1.10925891409522208e1,1.11164247231603248e1,1.82916182200898447e-13,1.23574589099488691e2,-4.67110794488689862e-11
3511,1.62907977095399531e2,1.71171162986939493e2,8.03101879979914060e1,1.62604927160873780e0,3.21042093244500215e0,-9.87700028340747993e-1,9.92381354873529076e-1,1.10982371436796186e1,1.16108455444572964e1,1.60153140749130785e-13,1.23582200824933423e2,-5.26227950103930198e-11
3512,1.62735342955829083e2,1.70877718208003216e2,8.02266094638821556e1,1.61643767926786119e0,3.20181812687003253e0,-9.87712198017827170e-1,9.91434115663249127e-1,1.11033849195854959e1,1.21053113109586405e1,1.39652178710036878e-13,1.23590109322925400e2,-4.26609858550364152e-11
3513,1.62574473454688587e2,1.70598021145479890e2,8.01572655567961618e1,1.60736916730877777e0,3.19301997977264618e0,-9.87724791724526319e-1,9.90446313831412462e-1,1.11079360566578167e1,1.25998235883917911e1,1.16340964639860545e-13,1.23598310457680938e2,-5.63886715099215508e-11
3514,1.62424594088865206e2,1.70331365541986969e2,8.01014182449873715e1,1.59881942483880346e0,3.18406637398170300e0,-9.87737805417784553e-1,9.89418488559976161e-1,1.11118115715938544e1,1.30943839024413453e1,1.05096487068578881e-13,1.23606799966283234e2,-4.41957581642782316e-12
3515,1.62284955557872820e2,1.70077049957647432e2,8.00583521578605968e1,1.59076339898352459e0,3.17499206533045131e0,-9.87751234942828793e-1,9.88351187764435868e-1,1.11149481610594023e1,1.35889937377512275e1,8.71594463269786957e-14,1.23615573463656389e2,-9.12905306904576719e-11
3516,1.62154840762887318e2,1.69834387942005748e2,8.00273814169604520e1,1.58317581926959239e0,3.16582723611165040e0,-9.87765076036699163e-1,9.87244965267479957e-1,1.11172964235937357e1,1.40836545369927197e1,7.82290898726500927e-14,1.23624626447639486e2,-4.42668124378542416e-11
3517,1.62033569229444936e2,1.69602715215540996e2,8.00078539863500140e1,1.57603160112367924e0,3.15659801005923324e0,-9.87779324331838238e-1,9.86100378706737501e-1,1.11188191286073081e1,1.45783676999993297e1,6.07985883860351350e-14,1.23633954304140886e2,-5.40438804819132201e-11
3518,1.61920499563644796e2,1.69381394512505153e2,7.99991541273981568e1,1.56930614992778805e0,3.14732692523320878e0,-9.87793975359731569e-1,9.84917988021671742e-1,1.11194895821048689e1,1.50731345829687271e1,4.58591498109228723e-14,1.23643552312369891e2,-4.96953589390614070e-11
3519,1.61815030438130890e2,1.69169818622537775e2,8.00007034343901609e1,1.56297558416095628e0,3.13803336375162845e0,-9.87809024554595849e-1,9.83698354391540408e-1,1.11192901186298680e1,1.55679564977325615e1,3.82333054105288284e-14,1.23653415650131052e2,-6.26982910034712404e-11
3520,1.62015107038086086e2,1.69570888681500293e2,7.99986965543892268e1,1.57505443804457790e0,-3.13924057509475496e0,-9.87752529535619761e-1,9.82797500571343186e-1,1.16143291302000407e1,-1.55684148430337999e1,2.95735658184526073e-14,1.34897029464220168e2,-2.59774424193892628e-11
3521,1.62132071536714591e2,1.69796324174373183e2,8.00047024979049297e1,1.58228887018892594e0,-3.14805168179468042e0,-9.87739420665611156e-1,9.84021126192452633e-1,1.16127666083520271e1,-1.50735808877940318e1,4.26325641456060112e-14,1.34886314498638768e2,-7.85433940109214745e-11
3522,1.62257244900668070e2,1.70031878385471316e2,8.00216412450639183e1,1.58995232993417157e0,-3.15676474069021573e0,-9.87726729164050243e-1,9.85207490957344723e-1,1.16102543053340526e1,-1.45788017397002641e1,5.22776266720370586e-14,1.34875887864732675e2,-1.80193637788761407e-11
3523,1.62391199641630408e2,1.70278080128866407e2,8.00500976142220395e1,1.59806571237028261e0,-3.16535105681258999e0,-9.87714459097922659e-1,9.86356008255759420e-1,1.16068271936845324e1,-1.40840760914532037e1,6.57286725047612208e-14,1.34865754793136574e2,-6.84252654536976479e-11
3524,1.62534525998689958e2,1.70535458374248407e2,8.00906777078301815e1,1.60664932234255509e0,-3.17377787323214866e0,-9.87702614421071434e-1,9.87466091920054190e-1,1.16025335156442662e1,-1.35894025916346610e1,7.55714935074536243e-14,1.34855920404391895e2,-7.77049535827245563e-11
3525,1.62687824458196815e2,1.70804531747403075e2,8.01440022732687112e1,1.61572236056780483e0,-3.18200792786317876e0,-9.87691198970796047e-1,9.88537158012420591e-1,1.15974367441095758e1,-1.30947798454350917e1,9.45597766754957547e-14,1.34846389703199037e2,-5.62181412533391267e-11
3526,1.62851695368357440e2,1.71085794732177277e2,8.02106972873470880e1,1.62530228282819023e0,-3.18999899702676215e0,-9.87680216464522531e-1,9.89568627335293938e-1,1.15916176041374612e1,-1.26002064154483495e1,1.10376985329452282e-13,1.34837167572762013e2,-6.93347601554705761e-11
3527,1.63026724952603161e2,1.71379699858479938e2,8.02913810763928524e1,1.63540401183444462e0,-3.19770343915892807e0,-9.87669670496553520e-1,9.90559928849389260e-1,1.15851760708892986e1,-1.21056808225331558e1,1.28452803949130612e-13,1.34828258769198754e2,-1.43529632623540238e-12
3528,1.63213466930283573e2,1.71686635077583475e2,8.03866471839758816e1,1.64603898093451639e0,-3.20506775796065657e0,-9.87659564534898782e-1,9.91510504208666155e-1,1.15782332221535746e1,-1.16112015467409666e1,1.48898254836993260e-13,1.34819667916047990e2,-4.54036808150704019e-11
3529,1.63412418872093724e2,1.72006895463324923e2,8.04970421104429477e1,1.65721398980736057e0,-3.21203221179336840e0,-9.87649901918198680e-1,9.92419813640906257e-1,1.15709327768510910e1,-1.11167670283091216e1,1.68760838636927701e-13,1.34811399498884214e2,-5.47117906535277143e-11
3530,1.63623992381832522e2,1.72340648368629019e2,8.06230370024182861e1,1.66892985533699600e0,-3.21853050546449193e0,-9.87640685852734346e-1,9.93287343412997292e-1,1.15634420952863195e1,-1.06223756687186910e1,1.91520410641743410e-13,1.34803457860043068e2,-6.65636434860061854e-11
3531,1.63848476218808969e2,1.72687891225981815e2,8.07649923792293691e1,1.68117984686123356e0,-3.22448961182449167e0,-9.87631919409545755e-1,9.94112615110218534e-1,1.15559523539613220e1,-1.01280258318158243e1,2.13822015648901242e-13,1.34795847193469200e2,-1.58166812980198301e-11
3532,1.64085991613684484e2,1.73048401367418080e2,8.09231151027222637e1,1.69394790502076886e0,-3.22982978380131680e0,-9.87623605521645409e-1,9.94895196922786607e-1,1.15486775414453717e1,-9.63371584499542699e0,2.38772543403875659e-13,1.34788571539710887e2,-6.54125642540748231e-11
3533,1.64336439321572072e2,1.73421677592258675e2,8.10974070638056048e1,1.70720665866496080e0,-3.23446483225669468e0,-9.87615746981346354e-1,9.95634717055023155e-1,1.15418518596315050e1,-9.13944400044567473e0,2.69024386101435198e-13,1.34781634781045369e2,-8.15418843558290973e-11
3534,1.64599438474671160e2,1.73806873804939158e2,8.12876055475751684e1,1.72091527593924565e0,-3.23830276054201338e0,-9.87608346437700457e-1,9.96330879241263068e-1,1.15357250691588380e1,-8.64520855645194786e0,3.02044847466653721e-13,1.34775040636774378e2,-2.74411604550550692e-11
3535,1.64874258095765072e2,1.74202725932643801e2,8.14931160031367625e1,1.73501721479689652e0,-3.24124686125346528e0,-9.87601406394055581e-1,9.96983480151827473e-1,1.15305553076143603e1,-8.15100773875835216e0,3.35280414542893368e-13,1.34768792658676119e2,-1.63566937771975063e-11
3536,1.65159743284576166e2,1.74607474580615587e2,8.17129390567129121e1,1.74943797528068923e0,-3.24319739182978051e0,-9.87594929205735550e-1,9.97592428192869418e-1,1.15265989602602055e1,-7.65683974198504114e0,3.66645949712030017e-13,1.34762894226643112e2,-3.57829321728786454e-11
3537,1.65454239619431007e2,1.75018787512640245e2,8.19455950990909088e1,1.76408300051168476e0,-3.24405394932380853e0,-9.87588917077845019e-1,9.98157762841550000e-1,1.15240973080159037e1,-7.16270273109917621e0,4.04214856031259728e-13,1.34757348544496409e2,-5.35749222763115540e-12
3538,1.65755521203455544e2,1.75433688019595223e2,8.21890516332048264e1,1.77883592326759188e0,-3.24371865538919213e0,-9.87583372063206344e-1,9.98679673224096676e-1,1.15232599522376447e1,-6.66859484293757987e0,4.44336407945389311e-13,1.34752158635999081e2,-9.30668875298579223e-11
3539,1.66060729911785103e2,1.75848497426672253e2,8.24406606770535006e1,1.79355740581963774e0,-3.24210023324482277e0,-9.87578296060429683e-1,9.99158514172317824e-1,1.15242454522263191e1,-6.17451418777847039e0,4.85884769918509818e-13,1.34747327341076470e2,-8.47251158120343462e-11
3540,1.66366335517301536e2,1.76258802120368813e2,8.26971156450256046e1,1.80808486474839403e0,-3.23911900122296759e0,-9.87573690812119098e-1,9.99594817545861769e-1,1.15271402232343139e1,-5.68045885096003023e0,5.35114487443255626e-13,1.34742857312240375e2,-1.25055521493777633e-11
3541,1.66668128056140631e2,1.76659457092134090e2,8.29544388584230603e1,1.82223339874132262e0,-3.23471271518895698e0,-9.87569557903224204e-1,9.99989296276591388e-1,1.15319375058267397e1,-5.18642689454314354e0,5.87602015655885879e-13,1.34738751011242016e2,-4.89279727844404988e-11
3542,1.66961254475069325e2,1.77044638505673078e2,8.32080116090332211e1,1.83579823186298152e0,-3.22884306074302740e0,-9.87565898759529714e-1,1.00034283849958361e0,1.15385190451766189e1,-4.69241635901551746e0,6.29381963213049289e-13,1.34735010705943694e2,-1.67972302733687684e-11
3543,1.67240310590846548e2,1.77407956490793083e2,8.34526578355090294e1,1.84855893202928945e0,-3.22150242909494855e0,-9.87562714646297524e-1,1.00065648941331897e0,1.15466428418247702e1,-4.19842526503444535e0,6.89314490903703003e-13,1.34731638467436824e2,-1.43813849717844278e-11
3544,1.67499496046648687e2,1.77742635605273733e2,8.36827893296572967e1,1.86028555093846792e0,-3.21272042328360863e0,-9.87560006667052681e-1,1.00093141926980223e0,1.15559406992072269e1,-3.70445161520515631e0,7.61885780159454740e-13,1.34728636167385730e2,-4.03304056817432866e-11
3545,1.67732833926355397e2,1.78041763862835410e2,8.38926146072984267e1,1.87074665117074890e0,-3.20256936519791324e0,-9.87557775762525458e-1,1.00116887717921776e0,1.15659289940946284e1,-3.21049339589173321e0,8.54562514501777670e-13,1.34726005475632888e2,-8.80646666701068170e-11
3546,1.67934448161735247e2,1.78298602129064875e2,8.40764053033264389e1,1.87971894543636364e0,-3.19116795559275923e0,-9.87556022709744408e-1,1.00137013215718973e0,1.15760348697122453e1,-2.71654857905747393e0,1.00099312519419392e-12,1.34723747858050132e2,-4.74642547487746924e-11
3547,1.68098881817411922e2,1.78506935096527769e2,8.42288041135458343e1,1.88699799746876673e0,-3.17868223485962487e0,-9.87554748121285075e-1,1.00153640484068340e0,1.15856378102386604e1,-2.22261512413134232e0,1.29085706967319025e-12,1.34721864574650425e2,-1.99094074559980072e-11
3548,1.68221429536542416e2,1.78661434838508484e2,8.43451486248087718e1,1.89240916921196045e0,-3.16532315087319915e0,-9.87553952444675254e-1,1.00166879521019525e0,1.15941235331379868e1,-1.72869097989731779e0,1.72130712461360247e-12,1.34720356677942590e2,-2.86348722511320375e-11
3549,1.68298450209263081e2,1.78758000541480897e2,8.44217781326245102e1,1.89581780462933347e0,-3.15134038211254142e0,-9.87553635961959775e-1,1.00176821306272412e0,1.16009439568199628e1,-1.23477408640309871e0,2.62811343867963565e-12,1.34719225011625724e2,-4.73079353469074704e-11
3550,1.68327623559399399e2,1.78794035776389165e2,8.44562879858584665e1,1.89713757725837717e0,-3.13701256000714945e0,-9.87553798789421067e-1,1.00183531848481966e0,1.16056745871348674e1,-7.40862376884862783e-1,1.88575362465061291e-12,1.34718470209160046e2,-4.98516783409286290e-11
3551,1.68308118295872305e2,1.78768629073576733e2,8.44476995929177576e1,1.89633603822277408e0,-3.12263459722093506e0,-9.87554440877460804e-1,1.00187047894561654e0,1.16080599460041203e1,-2.46953779704455645e-1,2.10297114974550194e-12,1.34718092693772718e2,-4.02025079893064685e-11
3552,1.68240649718762910e2,1.78682614546904802e2,8.43965239934499607e1,1.89343668778569252e0,3.17468197742821756e0,-9.87555562010640098e-1,1.00187374783004346e0,1.16080391716092244e1,2.46953779704455589e-1,2.15649118909797856e-12,1.34718092676945020e2,-4.99085217597894371e-11
3553,1.68127419453662043e2,1.78538505009538653e2,8.43047111821529285e1,1.88851731405726930e0,3.18828231858648969e0,-9.87557161807879780e-1,1.00184486661982630e0,1.16057474717487370e1,7.40862376884862783e-1,1.94820498438091211e-12,1.34718470158673483e2,-9.83817471933434717e-11
3554,1.67971946247006258e2,1.78340307225599730e2,8.41754931908050565e1,1.88170481550975666e0,3.20109326250612813e0,-9.87559239722819782e-1,1.00178328990844268e0,1.16014937859909129e1,1.23477408640309871e0,2.64655943102605484e-12,1.34719224927504342e2,-8.67572680363082327e-11
3555,1.67778810982360824e2,1.78093243988156303e2,8.40131428758663219e1,1.87316715173662951e0,3.21289259570530294e0,-9.87561795044335278e-1,1.00168822967500493e0,1.15957194699470119e1,1.72869097989731846e0,1.68425288906565163e-12,1.34720356560233114e2,-9.20010734262177721e-11
3556,1.67553348422315565e2,1.77803417632780508e2,8.38226796161828105e1,1.86310336551853228e0,3.22350138926054841e0,-9.87564826897211812e-1,1.00155871321911127e0,1.15889458343112786e1,2.22261512413134232e0,1.24341314154674532e-12,1.34721864423423028e2,-5.58344481760286726e-11
3557,1.67301321246650218e2,1.77477452926776778e2,8.36095562988907517e1,1.85173274273480759e0,3.23278730069625109e0,-9.87568334242974966e-1,1.00139364814001053e0,1.15817193072598617e1,2.71654857905747305e0,9.70735427804902962e-13,1.34723747673393859e2,-8.81783535078284331e-11
3558,1.67028608998769016e2,1.77122154270848114e2,8.33793592799326291e1,1.83928412565837962e0,3.24066440765222730e0,-9.87572315880877682e-1,1.00119188785615321e0,1.15745619361817198e1,3.21049339589173321e0,8.27429921454458928e-13,1.34726005257651053e2,-1.37703182190307416e-11
3559,1.66740937196863115e2,1.76744204496340387e2,8.31375459977775364e1,1.82598620941476475e0,3.24709020170702178e0,-9.87576770449036134e-1,1.00095229211503045e0,1.15679325644186815e1,3.70445161520515631e0,7.40330973608704923e-13,1.34728635916201597e2,-1.67403868545079604e-11
3560,1.66443662335623458e2,1.76349922546770586e2,8.28892357499128565e1,1.81205939091357604e0,3.25206056246391384e0,-9.87581696425719247e-1,1.00067377848293471e0,1.15622011858412534e1,4.19842526503444535e0,6.72323741818248166e-13,1.34731638183191080e2,-9.85664883046410978e-11
3561,1.66141618983245053e2,1.75945087278871426e2,8.26390599322936907e1,1.79770946494287132e0,3.25560355675311053e0,-9.87587092130785216e-1,1.00035536252466906e0,1.15576364442387511e1,4.69241635901551835e0,6.20434693204829912e-13,1.34735010388797548e2,-6.54267751087900251e-11
3562,1.65839027230048941e2,1.75534826152770819e2,8.23910703209667048e1,1.78312321985773004e0,3.25777281045880240e0,-9.87592955727264687e-1,9.99996185988150099e-1,1.15544044456793689e1,5.18642689454314265e0,5.64277791159639719e-13,1.34738750661371995e2,-4.87290208184276707e-11
3563,1.65539453184276510e2,1.75123561577638725e2,8.21486985462678945e1,1.76846580194083702e0,3.25864103598472088e0,-9.87599285223084156e-1,9.99595533591056462e-1,1.15525761040337791e1,5.68045885096002934e0,5.20399695558282360e-13,1.34742856929843072e2,-3.19602122544893064e-11
3564,1.65245812153230304e2,1.74715004285614981e2,8.19147568977728895e1,1.75387960077709271e0,3.25829411503300070e0,-9.87606078472933024e-1,9.99152839877012644e-1,1.15521400236380618e1,6.17451418777847039e0,4.76977832231106902e-13,1.34747326926366270e2,-2.60200749835348688e-11
3565,1.64960403217097451e2,1.74312181953128288e2,8.16914696462294643e1,1.73948435196921380e0,3.25682596771211230e0,-9.87613333180261566e-1,9.98667688074061699e-1,1.15530182102815644e1,6.66859484293758165e0,4.37066181857570513e-13,1.34752158189206625e2,-6.19451157035655342e-11
3566,1.64684964516091583e2,1.73917491782434325e2,8.14805246182086051e1,1.72537814502792974e0,3.25433430284811998e0,-9.87621046899417876e-1,9.98139803014490234e-1,1.15550824550635785e1,7.16270273109917710e0,4.01944103001206088e-13,1.34757348065869053e2,-8.51088088893448003e-11
3567,1.64420740105411653e2,1.73532767253621188e2,8.12831362086418352e1,1.71163904797095201e0,3.25091724608110466e0,-9.87629217037906182e-1,9.97569040057982415e-1,1.15581698659683347e1,7.65683974198504114e0,3.65473276642269695e-13,1.34762893716446570e2,-3.96198629459831864e-11
3568,1.64168551164561165e2,1.73159351213008250e2,8.11001128602604950e1,1.69832710206411508e0,3.24667077924005909e0,-9.87637840858775706e-1,9.96955371694819070e-1,1.15620966064605497e1,8.15100773875835216e0,3.27985902326410894e-13,1.34768792117190088e2,-9.21431819733697921e-11
3569,1.63928866302094320e2,1.72798169479973183e2,8.09319239126446064e1,1.68548648924502031e0,3.24168689003578336e0,-9.87646915483127663e-1,9.96298873173365296e-1,1.15666693766004940e1,8.64520855645194430e0,2.97740998522755262e-13,1.34775040064296689e2,-9.44453404372325167e-11
3570,1.63701867449155486e2,1.72449800988047144e2,8.07787624082578759e1,1.67314772350312047e0,3.23605231768107959e0,-9.87656437892737160e-1,9.95599708156186591e-1,1.15716945217882117e1,9.13944400044567296e0,2.63424698720982065e-13,1.34781634177888293e2,-4.08419964514905587e-11
3571,1.63487509265917225e2,1.72114541994376225e2,8.06406018213756823e1,1.66132976128612619e0,3.22984778063379219e0,-9.87666404932788566e-1,9.94858115098887663e-1,1.15769848856646949e1,9.63371584499542521e0,2.40056238776098496e-13,1.34788570906202892e2,-5.80513415116001852e-11
3572,1.63285571080391833e2,1.71792463071628418e2,8.05172457335166172e1,1.65004196269321857e0,3.22314758162860704e0,-9.87676813314716129e-1,9.94074394785060766e-1,1.15823646580590598e1,1.01280258318158225e1,2.10640532793959778e-13,1.34795846529952769e2,-5.67155211683711968e-11
3573,1.63095701158518409e2,1.71483458451895700e2,8.04083702334459218e1,1.63928586423190814e0,3.21601949837064049e0,-9.87687659619146285e-1,9.93248899246287897e-1,1.15876725308241326e1,1.06223756687186910e1,1.88408316725841019e-13,1.34803457166876001e2,-2.17568185689742677e-11
3574,1.62917453616238845e2,1.71187287868933254e2,8.03135593168359065e1,1.62905674569299919e0,3.20852488289862814e0,-9.87698940298937789e-1,9.92382022144473352e-1,1.15927634867874367e1,1.11167670283091216e1,1.65405883434388556e-13,1.34811398776437500e2,-5.15427700520376675e-11
3575,1.62750318591965424e2,1.70903611405947942e2,8.02323338610496393e1,1.61934498920588110e0,3.20071890695257055e0,-9.87710651682311203e-1,9.91474190589405224e-1,1.15975095285849239e1,1.16112015467409666e1,1.44637773979994222e-13,1.34819667164706999e2,-7.23048287909477949e-11
3576,1.62593746453405345e2,1.70632018053753853e2,8.01641749040330041e1,1.61013723892051508e0,3.19265090372687732e0,-9.87722789976068216e-1,9.90525858297716333e-1,1.16017996188819037e1,1.21056808225331540e1,1.23845378396936212e-13,1.34828257989361049e2,-1.69535496752359904e-11
3577,1.62447166860686053e2,1.70372048764106353e2,8.01085420057487880e1,1.60141737615858237e0,3.18436476770464427e0,-9.87735351268886563e-1,9.89537499961533173e-1,1.16055390612202913e1,1.26002064154483477e1,1.05096487068578881e-13,1.34837166764838628e2,-5.51381162949837744e-11
3578,1.62310003488248753e2,1.70123214787198691e2,8.00648874546169651e1,1.59316732831140140e0,3.17589938374295278e0,-9.87748331534696211e-1,9.88509606678095287e-1,1.16086485077613819e1,1.30947798454350917e1,9.33662869240237114e-14,1.34846388867611893e2,-5.02211605635238811e-11
3579,1.62181685151141011e2,1.69885012042233683e2,8.00326670289969542e1,1.58536773109429685e0,3.16728906429941626e0,-9.87761726636121273e-1,9.87442682289908724e-1,1.16110627402434456e1,1.35894025916346610e1,7.44890260584440966e-14,1.34855919541575417e2,-1.73940861714072526e-11
3580,1.62061653997496848e2,1.69656932197454779e2,8.00113479448830702e1,1.57799846366011765e0,3.15856397982096215e0,-9.87775532327989314e-1,9.86337240491153566e-1,1.16127293354278489e1,1.40840760914532037e1,6.38898656202258053e-14,1.34865753903537694e2,-6.27551344223320484e-11
3581,1.61949371342969357e2,1.69438471057183420e2,8.00004145396642059e1,1.57103907506886964e0,3.14975057209941633e0,-9.87789744260897051e-1,9.85193802568463339e-1,1.16136072968364061e1,1.45788017397002623e1,5.00571806227867455e-14,1.34875886948805629e2,-2.15720774576766416e-11
3582,1.61844321637072653e2,1.69229134771699790e2,7.99993721603598829e1,1.56446911907731923e0,3.14087194405317272e0,-9.87804357984831016e-1,9.84012895659745035e-1,1.16136657106298173e1,1.50735808877940336e1,4.42354486374085809e-14,1.34886313556850467e2,-5.57776047571678646e-11
3583,1.61746014966903431e2,1.69028444303100770e2,8.00077496443221321e1,1.55826841241629133e0,3.13194822212079771e0,-9.87819368952836063e-1,9.82795051428891786e-1,1.16128824645656987e1,1.55684148430337999e1,2.99413271953596904e-14,1.34897028497047501e2,-9.40332256504916586e-11
3584,1.61928749270004857e2,1.69400771391958614e2,8.00012475435852934e1,1.56961976145106141e0,-3.13231636830359550e0,-9.87763470588043591e-1,9.81851952978043174e-1,1.21091095049751960e1,-1.55688910796750122e1,2.49938958418738366e-14,1.46630868060006691e2,-4.44089209850062616e-11
3585,1.62036664251899907e2,1.69612800961656319e2,7.99991426195896196e1,1.57663251955388328e0,-3.14072451840503231e0,-9.87750396839587430e-1,9.83073461855709985e-1,1.21083254115747287e1,-1.50740446095593459e1,3.33275074204664179e-14,1.46619272090932498e2,-1.89999127542250790e-11
3586,1.62151721013396923e2,1.69833608771897957e2,8.00069684154944127e1,1.58403855810912164e0,-3.14901418296559621e0,-9.87737739414718430e-1,9.84258028950261821e-1,1.21066416739724918e1,-1.45792527135344230e1,4.54289383888806242e-14,1.46607988266495624e2,-6.78426204103743657e-11
3587,1.62274362002761734e2,1.70063577570549143e2,8.00251845197902441e1,1.59185425498790534e0,-3.15715697286830466e0,-9.87725502362617247e-1,9.85405100662024136e-1,1.21040978974493445e1,-1.40845140890080032e1,5.61772850460329209e-14,1.46597022238491832e2,-4.85584905618452467e-11
3588,1.62405033490752430e2,1.70303076361023614e2,8.00542579536492553e1,1.60009498079546719e0,-3.16512085392887021e0,-9.87713689619755808e-1,9.86514127435194510e-1,1.21007460874326789e1,-1.35898273895249524e1,6.47502884643103016e-14,1.46586379539634180e2,-4.85442797071300447e-11
3589,1.62544177617620278e2,1.70552449751796331e2,8.00946559538772362e1,1.60877459150822277e0,-3.17286981053528372e0,-9.87702305006515902e-1,9.87584565707497974e-1,1.20966521858417231e1,-1.30951912254919627e1,8.44428693635990157e-14,1.46576065577363835e2,-5.33191268914379179e-11
3590,1.62692221967566098e2,1.70812004535493941e2,8.01468363769472631e1,1.61790481254831398e0,-3.18036351480064772e0,-9.87691352223879937e-1,9.88615880482083376e-1,1.20918975759253744e1,-1.26006041649689635e1,1.00162933502900842e-13,1.46566085627733003e2,-6.57820464766700752e-11
3591,1.62849566178050111e2,1.71081993003744913e2,8.02112352320661159e1,1.62749450027958376e0,-3.18755701597644947e0,-9.87680834850199862e-1,9.89607548655562774e-1,1.20865804668903323e1,-1.21060647345268162e1,1.13537651502682024e-13,1.46556444829387885e2,-5.64170932193519548e-11
3592,1.63016565054683781e2,1.71362592480637858e2,8.02882508096071774e1,1.63754876781243652e0,-3.19440047002193861e0,-9.87670756338049349e-1,9.90559063247591576e-1,1.20808170385610296e1,-1.16115714201707743e1,1.29174448915136963e-13,1.46547148177634767e2,-3.17754711431916803e-11
3593,1.63193507649416972e2,1.71653880563226210e2,8.03782238513346812e1,1.64806796429385005e0,-3.20083893547303244e0,-9.87661120011161686e-1,9.91469938682189911e-1,1.20747421901497312e1,-1.11171226683288946e1,1.50338075322054010e-13,1.46538200518636245e2,-6.98605617799330503e-11
3594,1.63380591788677521e2,1.71955805611370636e2,8.04814132283918440e1,1.65904650107330398e0,-3.20681226914012596e0,-9.87651929061463818e-1,9.92339717265050769e-1,1.20685096971628401e1,-1.06227168869046107e1,1.72788866548145847e-13,1.46529606543717989e2,-9.48148226598277688e-11
3595,1.63577893631451389e2,1.72268152154901628e2,8.05979666740829686e1,1.67047152491132178e0,-3.21225516360820551e0,-9.87643186546207641e-1,9.93167976979120737e-1,1.20622915391948062e1,-1.01283524463922650e1,2.00128108529540327e-13,1.46521370783815200e2,-9.79838432613178156e-11
3596,1.63785332018666850e2,1.72590501107992594e2,8.07278862844730867e1,1.68232144843032172e0,-3.21709737773713433e0,-9.87634895385204881e-1,9.93954340675168413e-1,1.20562761235660503e1,-9.63402768105459550e0,2.21527657329190220e-13,1.46513497604064582e2,-3.42197381542064250e-11
3597,1.64002627682036177e2,1.72922185036480499e2,8.08709887879612950e1,1.69456436201374716e0,-3.22126422081100650e0,-9.87627058358168330e-1,9.94698486658690095e-1,1.20506651028798704e1,-9.13974089016053881e0,2.46467776743308775e-13,1.46505991198560565e2,-9.23421339393826202e-11
3598,1.64229257839552076e2,1.73262239239780826e2,8.10268610226403467e1,1.70715636992219677e0,-3.22467735967214253e0,-9.87619678102167331e-1,9.95400160559995917e-1,1.20456684794114288e1,-8.64549033928200039e0,2.76457676195995816e-13,1.46498855585269041e2,-5.53512791157118045e-11
3599,1.64464407355604635e2,1.73609350122492231e2,8.11948116876955766e1,1.72003991683601098e0,-3.22725602457194949e0,-9.87612757109202488e-1,9.96059188216308899e-1,1.20414977202812334e1,-8.15127426164780822e0,3.08046990693533473e-13,1.46492094601127803e2,-3.44897443937952630e-11
3600,1.64706918488491567e2,1.73961803239809569e2,8.13738212569939634e1,1.73314219908120948e0,-3.22891869131780096e0,-9.87606297723896187e-1,9.96675489087952338e-1,1.20383566924310905e1,-7.65709085955294544e0,3.39717837194442041e-13,1.46485711897342838e2,-4.76205741506419145e-11
3601,1.64955242296543531e2,1.74317434508623165e2,8.15624929715507960e1,1.74637378635782170e0,-3.22958531160030837e0,-9.87600302141314890e-1,9.97249089482112216e-1,1.20364303849287975e1,-7.16293830582117863e0,3.71197864112993159e-13,1.46479710934868393e2,-7.76481101638637483e-11
3602,1.65207395957540257e2,1.74673589304110834e2,8.17590089990180502e1,1.75962761244262245e0,-3.22918014637085315e0,-9.87594772404917332e-1,9.97780134579147382e-1,1.20358716354848987e1,-6.66881474531874474e0,4.11841567793391761e-13,1.46474094980117144e2,-5.70281599721056409e-11
3603,1.65460931470269770e2,1.75027095392935053e2,8.19610970638221374e1,1.77277852307344808e0,-3.22763522462819408e0,-9.87589710404636056e-1,9.98268897977835468e-1,1.20367864271332401e1,-6.17471829651694026e0,4.50993409284450308e-13,1.46468867100871279e2,-5.37596633876091801e-11
3604,1.65712922255058970e2,1.75374256676880094e2,8.21660139208884743e1,1.78568359013809452e0,-3.22489439802152011e0,-9.87585117875098395e-1,9.98715787241548636e-1,1.20392187608665697e1,-5.68064705310106977e0,4.92115029282480521e-13,1.46464030162438178e2,-1.79767312147305347e-11
3605,1.65959974783670020e2,1.75710875251278679e2,8.23705527071408028e1,1.79818340573981006e0,-3.22091788782364175e0,-9.87580996393984112e-1,9.99121343797700678e-1,1.20431366024181141e1,-5.18659908562322247e0,5.43395189955830915e-13,1.46459586824034915e2,-3.51008111465489492e-12
3606,1.66198272207227205e2,1.76032308966863098e2,8.25710811222923127e1,1.81010454892116157e0,-3.21568712585487804e0,-9.87577347380528381e-1,9.99486235588542882e-1,1.20484208684493073e1,-4.69257244319614664e0,5.95710980544339463e-13,1.46455539535417302e2,-8.40003622215590440e-11
3607,1.66423655676446998e2,1.76333570178009012e2,8.27636162273814477e1,1.82126336339401096e0,-3.20920958106065468e0,-9.87574172094169533e-1,9.99811241160922015e-1,1.20548597374976918e1,-4.19856515522541685e0,6.52573481363383223e-13,1.46451890533764526e2,-4.10835809816489927e-11
3608,1.66631746397316817e2,1.76609468405372581e2,8.29439391370146382e1,1.83147109080265769e0,-3.20152315226255091e0,-9.87571471633346243e-1,1.00009722446287630e0,1.20621505891181169e1,-3.70457523317693704e0,7.28207858596841007e-13,1.46448641840830561e2,-9.77564695858745836e-11
3609,1.66818107372340648e2,1.76854795191688169e2,8.31077489413155632e1,1.84054027079453753e0,-3.19269961688626891e0,-9.87569246934442591e-1,1.00034510048926006e0,1.20699114344630019e1,-3.21060067237676172e0,8.23708289077185185e-13,1.46445795260345648e2,-5.21680476595065556e-11
3610,1.66978438523617598e2,1.77064543804777657e2,8.32508500852456876e1,1.84829215524533619e0,-3.18284658342042093e0,-9.87567498770890007e-1,1.00055579302505926e0,1.20777027018331289e1,-2.71663945384005778e0,9.90620129329156107e-13,1.46443352375707860e2,-9.12905306904576719e-11
3611,1.67108793115572951e2,1.77234150330364173e2,8.33693617648800256e1,1.85456470875995660e0,-3.17210743116147764e0,-9.87566227752419312e-1,1.00073018693696114e0,1.20850587052733065e1,-2.22268954612603320e0,1.30709028670072946e-12,1.46441314547946547e2,-6.72741862217662856e-11
3612,1.67205798144605978e2,1.77359737212719267e2,8.34599326942428661e1,1.85922061054739740e0,-3.16065885559736914e0,-9.87565434324470859e-1,1.00086907856055185e0,1.20915262590740547e1,-1.72874890721552421e0,1.71742844555164420e-12,1.46439682913936878e2,-3.80708797820261680e-11
3613,1.67266857828600791e2,1.77438336688491034e2,8.35199410170745438e1,1.86215456895897380e0,-3.14870587384280309e0,-9.87565118767760430e-1,1.00097312849182263e0,1.20967061004175740e1,-1.23481548640781424e0,2.58218511677010820e-12,1.46438458385012382e2,-6.89510670781601220e-11
3614,1.67290318629973910e2,1.77468070975949217e2,8.35476582929495919e1,1.86329924187434259e0,-3.13647445701801741e0,-9.87565281198003464e-1,1.00104282130853206e0,1.21002915521711394e1,-7.40887226233357898e-1,1.84537068514522423e-12,1.46437641645416448e2,-3.07238678942667320e-11
3615,1.67275576992418422e2,1.77448269146421865e2,8.35423589985269359e1,1.86262914328970974e0,-3.12420229263111349e0,-9.87565921565796589e-1,1.00107843631477778e0,1.21020986567875575e1,-2.46962064378844298e-1,2.07485003028522186e-12,1.46437233152302696e2,-5.07753838974167593e-11
3616,1.67223117038100639e2,1.77379507161395424e2,8.35043627546496339e1,1.86016210694340511e0,3.17105683760628887e0,-9.87567039656658152e-1,1.00108003229596876e0,1.21020830618311948e1,2.46962064378844326e-1,2.09649654848130269e-12,1.46437233134090292e2,-8.05755462351953611e-12
3617,1.67134473904341746e2,1.77263566587854996e2,8.34350046185765706e1,1.85595814478172816e0,3.18270225422919317e0,-9.87568635091226832e-1,1.00104744772474819e0,1.21003410921640135e1,7.40887226233357676e-1,1.89561567668933978e-12,1.46437641590788331e2,-5.42144107384956442e-11
3618,1.67012127610362910e2,1.77103317332701721e2,8.33365377268437442e1,1.85011583468906049e0,3.19370777521909677e0,-9.87570707325618469e-1,1.00098031604757454e0,1.20970951948598380e1,1.23481548640781447e0,2.60005000385712948e-12,1.46438458293993449e2,-5.86197757002082653e-11
3619,1.66859340559581256e2,1.76902538497577297e2,8.32119806150287786e1,1.84276664323764394e0,3.20388832949260527e0,-9.87573255651939430e-1,1.00087809400875938e0,1.20926665860496865e1,1.72874890721552443e0,1.67785192206962308e-12,1.46439682786574480e2,-4.82032191939651966e-11
3620,1.66679957490979291e2,1.76665697563508132e2,8.30649271896116659e1,1.83406778725503905e0,3.21309083070890322e0,-9.87576279198957518e-1,1.00074009968642197e0,1.20874398118003015e1,2.22268954612603276e0,1.25321530496796951e-12,1.46441314384318247e2,-6.63646915199933574e-12
3621,1.66478189088957492e2,1.76397710722204039e2,8.28993397770957188e1,1.82419433417484456e0,3.22119723337148844e0,-9.87579776932926645e-1,1.00056555617379028e0,1.20818246798887330e1,2.71663945384005689e0,9.54331448935197280e-13,1.46443352175909496e2,-1.29318777908338234e-11
3622,1.66258399515624490e2,1.76103706241029215e2,8.27193448830071816e1,1.81333123151671893e0,3.22812516257581184e0,-9.87583747658566491e-1,1.00035363677188616e0,1.20762206168351831e1,3.21060067237676217e0,8.00000040171444660e-13,1.46445795024488746e2,-5.15854026161832735e-11
3623,1.66024914549607217e2,1.75788809015440677e2,8.25290479195011812e1,1.80166585872698493e0,3.23382645280088443e0,-9.87588190020192824e-1,1.00010350799031955e0,1.20709872529541276e1,3.70457523317693749e0,7.02949417424880707e-13,1.46448641569047709e2,-7.53033191358554177e-11
3624,1.65781861879817768e2,1.75457959052628496e2,8.23323782491073786e1,1.78938154178073527e0,3.23828408472410745e0,-9.87593102502997255e-1,9.99814367491716594e-1,1.20664233895624715e1,4.19856515522541685e0,6.36409328014231335e-13,1.46451890226209656e2,-2.57784904533764347e-11
3625,1.65533049572554205e2,1.75115770762091415e2,8.21329705654826796e1,1.77665229753937304e0,3.24150806293008431e0,-9.87598483434476981e-1,9.99485475123004230e-1,1.20627548900938066e1,4.69257244319614752e0,5.84170732620403754e-13,1.46455539192261170e2,-8.21529511085827835e-11
3626,1.65281883742203064e2,1.74766434592834656e2,8.19340838034122925e1,1.76363891078342339e0,3.24353074977142342e0,-9.87604330986004419e-1,9.99116176183228566e-1,1.20601307622147065e1,5.18659908562322247e0,5.30286752009612172e-13,1.46459586445471871e2,-5.19690956934937276e-11
3627,1.65031322604933848e2,1.74413658390108736e2,8.17385550237418670e1,1.75048631215899197e0,3.24440208949910724e0,-9.87610643174543723e-1,9.98705916942183358e-1,1.20586258935820432e1,5.68064705310107065e0,4.84217700658096106e-13,1.46464029748678342e2,-3.34381411448703147e-11
3628,1.64783861588423747e2,1.74060643080638812e2,8.15487832631245055e1,1.73732212927097640e0,3.24418505042393113e0,-9.87617417864501967e-1,9.98254253070842368e-1,1.20582485592057171e1,6.17471829651693938e0,4.40787163713540764e-13,1.46468866652145522e2,-2.12878603633726016e-11
3629,1.64541542956530520e2,1.73710085893306967e2,8.13667371296546804e1,1.72425622627304231e0,3.24295150402943522e0,-9.87624652769719003e-1,9.97760852052794078e-1,1.20589508356454811e1,6.66881474531874563e0,4.05690238347578003e-13,1.46474094496675320e2,-6.50999254503403790e-11
3630,1.64305983222175314e2,1.73364204017591334e2,8.11939797130025340e1,1.71138102408395598e0,3.24077866345102317e0,-9.87632345455585869e-1,9.97225490835753958e-1,1.20606403072059116e1,7.16293830582117685e0,3.68082300750138813e-13,1.46479710416978435e2,-2.70006239588838071e-13
3631,1.64078412160349671e2,1.73024772081880599e2,8.10317048702004286e1,1.69877239560022741e0,3.23774612693605235e0,-9.87640493341293668e-1,9.96648049999281360e-1,1.20631918111536240e1,7.65709085955294455e0,3.34314173566774286e-13,1.46485711345289502e2,-6.00550720264436677e-11
3632,1.63859718178530727e2,1.72693167767646685e2,8.08807798397110247e1,1.68649094930303178e0,3.23393351647843241e0,-9.87649093702204661e-1,9.96028505611212256e-1,1.20664583510550614e1,8.15127426164780644e0,3.05857769666850743e-13,1.46492094015216566e2,-3.04254399452474900e-11
3633,1.63650495920696244e2,1.72370421016541201e2,8.07417902014684330e1,1.67458354289562461e0,3.22941866592757032e0,-9.87658143672343614e-1,9.95366919772673664e-1,1.20702806516943060e1,8.64549033928200039e0,2.75489700496400758e-13,1.46498854965818509e2,-4.84163820146932267e-11
3634,1.63451093074610128e2,1.72057263424143230e2,8.06150842461818229e1,1.66308490013202448e0,3.22427629287699080e0,-9.87667640247005596e-1,9.94663430649253222e-1,1.20744951071487172e1,9.13974089016053881e0,2.43586401049711299e-13,1.46505990545910237e2,-6.78141987009439617e-11
3635,1.63261654337252480e2,1.71754175453352360e2,8.05008147624340751e1,1.65201923480176371e0,3.21857708051912894e0,-9.87677580285471257e-1,9.93918242585229872e-1,1.20789400780771956e1,9.63402768105459550e0,2.15124792979359825e-13,1.46513496918567654e2,-6.10782535659382120e-11
3636,1.63082161298256040e2,1.71461429962533742e2,8.03989770244099873e1,1.64140181344387459e0,3.21238709564859271e0,-9.87687960513832786e-1,9.93131616715979271e-1,1.20834606306909578e1,1.01283524463922650e1,1.91485716172223874e-13,1.46521370065842774e2,-2.75122147286310792e-11
3637,1.62912467627385581e2,1.71179131224714013e2,8.03094423669527941e1,1.63124041161663658e0,3.20576747404660001e0,-9.87698777527916572e-1,9.92303862341044285e-1,1.20879118900694316e1,1.06227168869046107e1,1.71775788038175392e-13,1.46529605793656970e2,-3.10080849885707721e-11
3638,1.62752329405886826e2,1.70907249117688821e2,8.02319871735206220e1,1.62153663713068785e0,3.19877431225591247e0,-9.87710027796304013e-1,9.91435329199422233e-1,1.20921612181254758e1,1.11171226683288964e1,1.48308448855161146e-13,1.46538199736886753e2,-1.05018216345342807e-11
3639,1.62601430751343003e2,1.70645648517644673e2,8.01663174033386525e1,1.61228710781320128e0,3.19145871363015710e0,-9.87721707663443804e-1,9.90526400698388376e-1,1.20960894344125496e1,1.16115714201707743e1,1.28619337402824385e-13,1.46547147364612869e2,-2.83222334473975934e-11
3640,1.62459405076696811e2,1.70394114155539967e2,8.01120889705216825e1,1.60348448164459612e0,3.18386694544355509e0,-9.87733813352850043e-1,9.89577488083069223e-1,1.20995912868157891e1,1.21060647345268144e1,1.17700987845026361e-13,1.46556443985523089e2,-3.26849658449646086e-12
3641,1.62325852431454564e2,1.70152371331492049e2,8.00689243938031154e1,1.59511834417255871e0,3.17604067215253050e0,-9.87746340970378944e-1,9.88589025492662365e-1,1.21025753572031629e1,1.26006041649689617e1,9.17529940913652808e-14,1.46566084753468942e2,-8.78799255588091910e-11
3642,1.62200353412554790e2,1.69920102944121226e2,8.00364261757759863e1,1.58717596261321092e0,3.16801723726414730e0,-9.87759286507582268e-1,9.87561465823825979e-1,1.21049635602461692e1,1.30951912254919609e1,8.38912272982383911e-14,1.46576064673157788e2,-1.84172677109017968e-11
3643,1.62082480137047810e2,1.69696963313353478e2,8.00141873770545118e1,1.57964291863166695e0,3.15982997258597909e0,-9.87772645845130581e-1,9.86495277310645013e-1,1.21066903657942149e1,1.35898273895249542e1,6.82925938022549417e-14,1.46586378605955360e2,-9.56674739427398890e-11
3644,1.61971804735408227e2,1.69482589254036526e2,8.00017998204149308e1,1.57250363294173456e0,3.15150851887514882e0,-9.87786414756300579e-1,9.85390940725929032e-1,1.21077018488519297e1,1.40845140890080067e1,5.45258282969030006e-14,1.46597021275820055e2,-4.59010607301024720e-12
3645,1.61867905791436755e2,1.69276608833604399e2,7.99988603297689025e1,1.56574179505303945e0,3.14307914619888518e0,-9.87800588910520361e-1,9.84248947113577577e-1,1.21079546476708710e1,1.45792527135344248e1,4.06202849134729149e-14,1.46607987275325058e2,-3.60813601218978874e-11
3646,1.61770373096429893e2,1.69078648194359317e2,8.00049753539115898e1,1.55934071099309768e0,3.13456506571046001e0,-9.87815163876967994e-1,9.83069795965468951e-1,1.21074148903233620e1,1.50740446095593459e1,3.21478954568021891e-14,1.46619271071765553e2,-3.64224206350627355e-11
3647,1.61678811044136097e2,1.68888336783454974e2,8.00197642863318777e1,1.55328358096317887e0,3.12598672723304682e0,-9.87830135128219600e-1,9.81853993767534239e-1,1.21060571334382203e1,1.55688910796750140e1,2.25236496120828633e-14,1.46630867013358056e2,-2.01509919861564413e-11
3648,1.61845617344601351e2,1.69233838760274608e2,8.00098793984177519e1,1.56390418510476548e0,-3.12560230185583299e0,-9.87774836458493732e-1,9.80868970830996778e-1,1.26033170075591823e1,-1.55693849610407984e1,1.68060010352633071e-14,1.58855097937946766e2,-3.89235310649382882e-11
3649,1.61945150330982358e2,1.69433285225095773e2,8.00002794104684654e1,1.57068693047909513e0,-3.13364151288856174e0,-9.87761799128658247e-1,9.82088102788413297e-1,1.26032769448952084e1,-1.50745255076232070e1,2.49661402662582077e-14,1.58842592465046351e2,-9.94759830064140260e-11
3650,1.62050887104558257e2,1.69640323978029414e2,7.99997284489155760e1,1.57782892479155024e0,-3.14154608345310127e0,-9.87749177038612203e-1,9.83270589063910849e-1,1.26023778582313639e1,-1.45797203869968115e1,3.79973830177959826e-14,1.58830423737613501e2,-8.25650658953236416e-12
3651,1.62163164427603931e2,1.69855219468801664e2,8.00085840348167352e1,1.58534259594441296e0,-3.14928834800530000e0,-9.87736974219106001e-1,9.84415903820011096e-1,1.26006622398797727e1,-1.40849683014483524e1,4.48183157253367881e-14,1.58818597840751067e2,-5.98987526245764457e-11
3652,1.62282313281250026e2,1.70078213157404491e2,8.00272014353264893e1,1.59323906136247051e0,-3.15683741855839717e0,-9.87725194588629174e-1,9.85523527888732986e-1,1.25981839827047928e1,-1.35902679096663821e1,5.78252723482108877e-14,1.58807120731212507e2,-5.10311792822903953e-11
3653,1.62408651039451513e2,1.70309513316204516e2,8.00559264664878754e1,1.60152764240111245e0,-3.16415894168002687e0,-9.87713841950052296e-1,9.86592950748252817e-1,1.25950095415714998e1,-1.30956178274629593e1,7.10299874473463433e-14,1.58795998230751536e2,-1.44950718095060438e-11
3654,1.62542471605817525e2,1.70549282578427977e2,8.00950863231698946e1,1.61021528821015503e0,-3.17121487447511585e0,-9.87702919987336281e-1,9.87623673019921600e-1,1.25912189991621055e1,-1.26010166285617018e1,8.84500805931054401e-14,1.58785236019547426e2,-7.42375050322152674e-11
3655,1.62684033183831161e2,1.70797622915011857e2,8.01449781023075900e1,1.61930590024151932e0,-3.17796329436817704e0,-9.87692432262323727e-1,9.88615209580306797e-1,1.25869069503416515e1,-1.21064628454514178e1,1.04388719890380344e-13,1.58774839629731616e2,-6.98037183610722423e-11
3656,1.62833543350077832e2,1.71054557734061973e2,8.02058546798750172e1,1.62879955029792534e0,-3.18435826174025616e0,-9.87682382211609533e-1,9.89567093385559482e-1,1.25821830952577436e1,-1.16119549703051632e1,1.21059412494517460e-13,1.58764814439019005e2,-7.01732005836674944e-11
3657,1.62991141121629596e2,1.71320010835951052e2,8.02779076173105324e1,1.63869158799426540e0,-3.19034975938788534e0,-9.87672773143499216e-1,9.90478880100458925e-1,1.25771724052453866e1,-1.11174914559636555e1,1.37272138100996699e-13,1.58755165664461657e2,-5.36459765498875640e-11
3658,1.63156875774516038e2,1.71593782044974517e2,8.03612468306615852e1,1.64897163815035364e0,-3.19588373829241235e0,-9.87663608235062385e-1,9.91350153611974205e-1,1.25720146991281716e1,-1.06230707169823670e1,1.59258023435526752e-13,1.58745898356332361e2,-5.25801624462474138e-11
3659,1.63330682283652237e2,1.71875519479135136e2,8.04558768592269331e1,1.65962249535507023e0,-3.20090230509635809e0,-9.87654890529280793e-1,9.92180532479430166e-1,1.25668634436361639e1,-1.01286911307411209e1,1.80248177494846118e-13,1.58737017392158521e2,-5.52375922779901884e-11
3660,1.63512353441320158e2,1.72164688638982767e2,8.05616697452300485e1,1.67061893217566282e0,-3.20534409262376485e0,-9.87646622932302320e-1,9.92969677329072042e-1,1.25618835749024953e1,-9.63435103861509923e0,1.98561653230733270e-13,1.58728527470906812e2,-9.28821464185602963e-11
3661,1.63701508983544784e2,1.72460538806211645e2,8.06783347947957594e1,1.68192644957517734e0,-3.20914486013039379e0,-9.87638808210799191e-1,9.93717299133772158e-1,1.25572481347354294e1,-9.14004874720574989e0,2.26691929117173174e-13,1.58720433107349464e2,-7.99076360635808669e-11
3662,1.63897562431383335e2,1.72762067661679367e2,8.08053858535639336e1,1.69350001324099830e0,-3.21223837381110666e0,-9.87631448989441107e-1,9.94423168226382215e-1,1.25531335339395067e1,-8.64578252963011984e0,2.54331278259911642e-13,1.58712738626597286e2,-4.06572553401929326e-11
3663,1.64099686841922164e2,1.73067985562935490e2,8.09421072036335403e1,1.70528283758833665e0,-3.21455761911736149e0,-9.87624547748482517e-1,9.95087123774801796e-1,1.25497133055008998e1,-8.15155062686696930e0,2.83448611804182349e-13,1.58705448158839033e2,-2.04209982257452793e-11
3664,1.64306781263414337e2,1.73376681561236268e2,8.10875197755302111e1,1.71720529958717649e0,-3.21603639294161603e0,-9.87618106821472552e-1,9.95709083300246989e-1,1.25471503039127370e1,-7.65735124915773469e0,3.09604772374960646e-13,1.58698565634274928e2,-9.64348600973607972e-11
3665,1.64517440371563538e2,1.73686193952921116e2,8.12403500431946952e1,1.72918408595899442e0,-3.21661131360620889e0,-9.87612128393088762e-1,9.96289051653321933e-1,1.25455874532762532e1,-7.16318257746038523e0,3.47319395466172409e-13,1.58692094778278090e2,-2.45705678025842644e-11
3666,1.64729930480650296e2,1.73994188893963553e2,8.13990046858234990e1,1.74112169751105283e0,-3.21622426753063184e0,-9.87606614497098301e-1,9.96827128688939523e-1,1.25451373518699718e1,-6.66904276495398562e0,3.78105532994332805e-13,1.58686039106763303e2,-7.96660515334224328e-11
3667,1.64942175772057681e2,1.74297951248661548e2,8.15615547597322745e1,1.75290645016217361e0,-3.21482528120419664e0,-9.87601567014455894e-1,9.97323514722178506e-1,1.25458713017624603e1,-6.17492993859174089e0,4.18188920991990898e-13,1.58680401921817833e2,-5.02780039823846892e-11
3668,1.65151759050118784e2,1.74594392271059576e2,8.17257336158292986e1,1.76441311932464018e0,-3.21237576413011050e0,-9.87596987671531479e-1,9.97778512734683987e-1,1.25478086315274275e1,-5.68084220070003809e0,4.58593232832704700e-13,1.58675186307548529e2,-5.79944980927393772e-11
3669,1.65355941425644573e2,1.74880078726229982e2,8.18889529321997571e1,1.77550436764355291e0,-3.20885201266183273e0,-9.87592878038483057e-1,9.98192526271299951e-1,1.25509074812707677e1,-5.18677763062092279e0,5.03366445747666091e-13,1.58670395126207524e2,-9.94759830064140260e-14
3670,1.65551704884321339e2,1.75151287485801618e2,8.20483408506728722e1,1.78603307052794102e0,-3.20424879867225565e0,-9.87589239527767448e-1,9.98566052060971043e-1,1.25550584620315142e1,-4.69273428639539336e0,5.55046893863098134e-13,1.58666031014572098e2,-8.42277358970022760e-11
3671,1.65735820531039053e2,1.75404088287674881e2,8.22008051209792256e1,1.79584560515874059e0,-3.19858279687002556e0,-9.87586073392797692e-1,9.98899666647602325e-1,1.25600827058732722e1,-4.19871020648460469e0,6.17908502142938687e-13,1.58662096380595301e2,-6.48014975013211370e-11
3672,1.65904943343386549e2,1.75634455172292121e2,8.23431222914305749e1,1.80478609498401377e0,-3.19189554068481396e0,-9.87583380726747007e-1,9.99194006743934882e-1,1.25657356995924285e1,-3.70470341152616811e0,6.91028397697968089e-13,1.58658593400338930e2,-3.88240550819318742e-11
3673,1.66055731537859515e2,1.75838404133483863e2,8.24720513513349118e1,1.81270150541324293e0,-3.18425555325973431e0,-9.87581162461503848e-1,9.99449743612610741e-1,1.25717178694105947e1,-3.21071190612248136e0,7.91590534440778093e-13,1.58655524015192924e2,-6.00266503170132637e-11
3674,1.66184985400428019e2,1.76012151027130102e2,8.25844670623020249e1,1.81944737542849522e0,-3.17575929363245590e0,-9.87579419366776290e-1,9.99667552485377864e-1,1.25776921288001020e1,-2.71673368065795451e0,9.72467982876534798e-13,1.58652889929387953e2,-5.81934500587522052e-11
3675,1.66289797070618874e2,1.76152280211469929e2,8.26775049083428399e1,1.82489385802385229e0,-3.16653060351603433e0,-9.87578152049352287e-1,9.99848078764706161e-1,1.25833075700073671e1,-2.22276671314201657e0,1.31711243474275097e-12,1.58650692607809901e2,-1.09423581307055429e-12
3676,1.66367699893762563e2,1.76255911384542571e2,8.27487067301152166e1,1.82893164860671242e0,-3.15671844549840630e0,-9.87577360952511141e-1,9.99991903392703718e-1,1.25882273257072566e1,-1.72880897107453579e0,1.71438931844195008e-12,1.58648933274070743e2,-9.35358457354595885e-11
3677,1.66416804213572618e2,1.76320850313734724e2,8.27961543193612073e1,1.83147732537050900e0,-3.14649288551896378e0,-9.87577046355594623e-1,1.00009951019152021e0,1.25921575937553101e1,-1.23485841333037527e0,2.51887814534286492e-12,1.58647612909040987e2,-4.98943109050742351e-11
3678,1.66435906415874342e2,1.76345709189338976e2,8.28185780811249685e1,1.83247762680959059e0,-3.13603947284941809e0,-9.87577208373731308e-1,1.00017125806355112e0,1.25948741854905482e1,-7.40912992059670095e-1,1.79321371662245765e-12,1.58646732249177063e2,-4.57447413282352500e-11
3679,1.66424559906704701e2,1.76329984432163457e2,8.28154295867809935e1,1.83191225816286574e0,-3.12555237738179059e0,-9.87577846957720218e-1,1.00020736064500704e0,1.25962429581148605e1,-2.46970654600377620e-1,2.01446123135687067e-12,1.58646291786503866e2,-1.47792889038100839e-12
3680,1.66383100416621090e2,1.76274083826934714e2,8.27869103587060238e1,1.82979494734516157e0,3.16795848995456764e0,-9.87578961894069796e-1,1.00020787530853461e0,1.25962312150847549e1,2.46970654600377676e-1,2.04938819617383507e-12,1.58646291766868671e2,-5.72981662116944790e-11
3681,1.66312622995177776e2,1.76179300224619624e2,8.27339540103420177e1,1.82617264474984342e0,3.17793389466717313e0,-9.87580552805196743e-1,1.00017270247385359e0,1.25949085012003721e1,7.40912992059670206e-1,1.83613095160097689e-12,1.58646732190276936e2,-5.10596009917207994e-11
3682,1.66214913479675118e2,1.76047734889904746e2,8.26581641197763588e1,1.82112295254475742e0,3.18738419629890846e0,-9.87582619149779628e-1,1.00010159506972651e0,1.25924368919910528e1,1.23485841333037527e0,2.55169445143900442e-12,1.58647612810906480e2,-7.88986653788015246e-11
3683,1.66092342112783399e2,1.75882178831196853e2,8.25617149964033246e1,1.81475004568334741e0,3.19615406285364712e0,-9.87585160223269032e-1,9.99994176954490888e-1,1.25890524940124404e1,1.72880897107453602e0,1.67902378198775404e-12,1.58648933136750742e2,-1.41682221510563977e-11
3684,1.65947730551876589e2,1.75685964300809900e2,8.24472260281626887e1,1.80717948051641186e0,3.20411219146691817e0,-9.87588175158554016e-1,9.99849968279695189e-1,1.25850410719082539e1,2.22276671314201613e0,1.27431778237235838e-12,1.58650692431387512e2,-1.10702558231423609e-11
3685,1.65784205256124352e2,1.75462800560571395e2,8.23176220674083226e1,1.79855235954030701e0,3.21115399595388551e0,-9.87591662926781133e-1,9.99668415250529074e-1,1.25807112742052798e1,2.71673368065795495e0,9.44342043798784836e-13,1.58652889713965379e2,-4.83311168864020146e-11
3686,1.65605050087919892e2,1.75216607896964717e2,8.21759922544631110e1,1.78901932796182739e0,3.21720257496166440e0,-9.87595622338328427e-1,9.99448921622276831e-1,1.25763688086876275e1,3.21071190612248092e0,7.69432911482126336e-13,1.58655523760891242e2,-2.44000375460018404e-11
3687,1.65413569215979550e2,1.74951362045484046e2,8.20254580536831384e1,1.77873482770354441e0,3.22220813723585264e0,-9.87600052043926757e-1,9.99190879447800717e-1,1.25722942551465682e1,3.70470341152616855e0,6.77881362154408862e-13,1.58658593107301584e2,-2.45137243837234564e-11
3688,1.65212968600696968e2,1.74670958214795149e2,8.18690586123581880e1,1.76785194427395265e0,3.22614617673509896e0,-9.87604950535933779e-1,9.98893697049090257e-1,1.25687262357419822e1,4.19871020648460469e0,6.04525977887515609e-13,1.58662096048986569e2,-3.64508423444931395e-11
3689,1.65006261104683745e2,1.74379100448401971e2,8.17096584491958566e1,1.75651807209596811e0,3.22901474691811030e0,-9.87610316149750145e-1,9.98556822776923036e-1,1.25658506411401643e1,4.69273428639539247e0,5.43358327081966408e-13,1.58666030644577205e2,-7.45501438359497115e-11
3690,1.64796197150267574e2,1.74079218706462854e2,8.15498794693242246e1,1.74487151339490887e0,3.23083118685054371e0,-9.87616147065383365e-1,9.98179763752073956e-1,1.25637957309465964e1,5.18677763062092101e0,4.94978190379580241e-13,1.58670394718032867e2,-6.13340489508118480e-11
3691,1.64585220243206152e2,1.73774413224069406e2,8.13920567796245535e1,1.73303902885683492e0,3.23162861565900128e0,-9.87622441309149668e-1,9.97762099357005661e-1,1.25626323007226883e1,5.68084220070003720e0,4.54986742726148918e-13,1.58675185861424268e2,-3.18607362714828923e-11
3692,1.64375444797148759e2,1.73467423624317263e2,8.12382159393139602e1,1.72113428323490480e0,3.23145245242367496e0,-9.87629196755514527e-1,9.97303489710754887e-1,1.25623777622408799e1,6.17492993859174089e0,4.12045397801819036e-13,1.58680401437990866e2,-3.66497943105059676e-11
3693,1.64168652566266928e2,1.73160618985975901e2,8.10900681693359644e1,1.70925707860490395e0,3.23035715044448635e0,-9.87636411129068748e-1,9.96803679686155020e-1,1.25630028847298920e1,6.66904276495398651e0,3.75085379422657184e-13,1.58686038585501848e2,-8.06608113634865731e-11
3694,1.63966303533759742e2,1.72856004499405202e2,8.09490195766820761e1,1.69749324053389472e0,3.22840326887855511e0,-9.87644082006634449e-1,9.96262499218074304e-1,1.25644400270247036e1,7.16318257746038523e0,3.34687139114109300e-13,1.58692094219868409e2,-5.12585529577336274e-11
3695,1.63769557161639966e2,1.72555240337923209e2,8.08161904839907947e1,1.68591501399792754e0,3.22565494780558604e0,-9.87652206819496392e-1,9.95679860722967436e-1,1.25665918813960591e1,7.65735124915773646e0,3.03776101495678574e-13,1.58698565039028210e2,-7.08979541741427965e-11
3696,1.63579300308754739e2,1.72259668744925619e2,8.06924413242712717e1,1.67458183140246963e0,3.22217780792929975e0,-9.87660782855761532e-1,9.95055754431036443e-1,1.25693399865511637e1,8.15155062686696930e0,2.77321568487032266e-13,1.58705447527079883e2,-7.86712917033582926e-11
3697,1.63396178720352594e2,1.71970345932651156e2,8.05784021221099351e1,1.66354132955635170e0,3.21803726378130728e0,-9.87669807262831156e-1,9.94390242353521470e-1,1.25725525039571764e1,8.64578252963011984e0,2.48008211189976180e-13,1.58712737958671227e2,-6.22293327978695743e-11
3698,1.63220629650255432e2,1.71688076064756814e2,8.04745032071748483e1,1.65283051165643435e0,3.21329721819318026e0,-9.87679277049991922e-1,9.93683451494820624e-1,1.25760909600677877e1,9.14004874720574989e0,2.26282534376842648e-13,1.58720432403621857e2,-7.44648787076584995e-11
3699,1.63052913817928527e2,1.71413445266699455e2,8.03810054177142632e1,1.64247697102439183e0,3.20801909389339635e0,-9.87689189091116471e-1,9.92935566794475144e-1,1.25798158238982101e1,9.63435103861510278e0,1.91319182718530101e-13,1.58728526731756347e2,-8.24513790576020256e-11
3700,1.62893145471197471e2,1.71146854212954850e2,8.02980285960836682e1,1.63250011326448274e0,3.20226115311200088e0,-9.87699540127467079e-1,9.92146824162698060e-1,1.25835909119816378e1,1.01286911307411209e1,1.74200931457590968e-13,1.58737016617985574e2,-6.92637058818945661e-11
3701,1.62741319795514642e2,1.70888548348451820e2,8.02255776298648158e1,1.62291233133666779e0,3.19607805595113881e0,-9.87710326770603442e-1,9.91317503863698213e-1,1.25872866948111515e1,1.06230707169823653e1,1.53928952917326001e-13,1.58745897547553312e2,-4.32578417530748993e-11
3702,1.62597337279530109e2,1.70638645207102627e2,8.01635656474501843e1,1.61372010311442682e0,3.18952061126779851e0,-9.87721545505381604e-1,9.90447924409653235e-1,1.25907826274056323e1,1.11174914559636555e1,1.33382888067856697e-13,1.58755164821505787e2,-6.85531631461344659e-11
3703,1.62461024918914404e2,1.70397158595839471e2,8.01118342399819738e1,1.60492499315017434e0,3.18263567856876906e0,-9.87733192693048601e-1,9.89538437054658049e-1,1.25939686495053724e1,1.16119549703051650e1,1.15969733816001508e-13,1.58764813562336229e2,-9.71027702689752914e-11
3704,1.62332154330936987e2,1.70164019632090515e2,8.00701707664261022e1,1.59652454975156566e0,3.17546618496655375e0,-9.87745264574417026e-1,9.88589420922951767e-1,1.25967460055514753e1,1.21064628454514178e1,9.92157744850175050e-14,1.58774838719783361e2,-4.96100938107701950e-11
3705,1.62210456974413262e2,1.69939094769099881e2,8.00383229177605813e1,1.58851309539338059e0,3.16805122692548347e0,-9.87757757273125092e-1,9.87601278765905866e-1,1.25990275273312538e1,1.26010166285617018e1,8.30134572193941267e-14,1.58785235076811858e2,-2.04636307898908854e-12
3706,1.62095636740394411e2,1.69722201034066501e2,8.00160107860230454e1,1.58088241334872137e0,3.16042623192751249e0,-9.87770666798966412e-1,9.86574433315452026e-1,1.26007375079120951e1,1.30956178274629611e1,7.49122985865824376e-14,1.58795997255720806e2,-7.72359953771228902e-11
3707,1.61987380212397852e2,1.69513118753231510e2,8.00029367177248361e1,1.57362233662454076e0,3.15262316007518217e0,-9.87783989051292943e-1,9.85509324185361191e-1,1.26018112778774043e1,1.35902679096663821e1,5.91644788716649828e-14,1.58807119724391271e2,-5.57207613383070566e-11
3708,1.61885364902770789e2,1.69311602057948278e2,7.99987932400868971e1,1.56672124720454398e0,3.14467072991900976e0,-9.87797719822480547e-1,9.84406405263797746e-1,1.26021945764093140e1,1.40849683014483524e1,4.47489267862977158e-14,1.58818596802655520e2,-4.50484094471903518e-11
3709,1.61789265757088799e2,1.69117387460087059e2,8.00032693356547355e1,1.56016649455234213e0,3.13659465641209678e0,-9.87811854801451505e-1,9.83266142536277421e-1,1.26018427920345353e1,1.45797203869968097e1,2.97123436965307519e-14,1.58830422668775384e2,-4.47499814981711097e-11
3710,1.61698760200788172e2,1.68930200774011723e2,8.00160553249130260e1,1.55394474260492133e0,3.12841789190888830e0,-9.87826389577253328e-1,9.82089012280481843e-1,1.26007201317764856e1,1.50745255076232052e1,2.40779618465580825e-14,1.58842591366008349e2,-5.45981038158060983e-11
3711,1.61613531972543853e2,1.68749762637205095e2,8.00368465888434315e1,1.54804225427955267e0,3.12016086356633959e0,-9.87841319642681182e-1,9.80875499576861931e-1,1.25987987634855205e1,1.55693849610407966e1,1.48284162726497470e-14,1.58855096809261198e2,-5.23954213349497877e-11
3712,1.61765743560490563e2,1.69070273313856291e2,8.00246009675355481e1,1.55793519969926320e0,-3.11910515243343722e0,-9.87786623499199656e-1,9.79848913479681505e-1,1.30969402814151739e1,-1.55698962329105353e1,9.48546796664118119e-15,1.71569889685358930e2,-2.03641548068844713e-11
3713,1.61857527912784178e2,1.69257927188394660e2,8.00080895391143514e1,1.56448251761112855e0,-3.12680776665850546e0,-9.87773623865851880e-1,9.81065417893896230e-1,1.30976105264446634e1,-1.50750233339289998e1,2.14481210569772429e-14,1.71556447129703372e2,-3.24860138789517805e-11
3714,1.61954693628221548e2,1.69452126761347131e2,7.99998531677185127e1,1.57135693805810051e0,-3.13436333325164629e0,-9.87761038350093323e-1,9.82245552427209567e-1,1.30974539504451961e1,-1.45802045183618390e1,2.34257058195908030e-14,1.71543366685102171e2,-5.17275111633352935e-11
3715,1.62057492130025793e2,1.69653041444072528e2,8.00001666549505046e1,1.57856747012646048e0,-3.14174521903540649e0,-9.87748870963629844e-1,9.83388814582432103e-1,1.30965145793355138e1,-1.40854384935439487e1,3.61551066863086135e-14,1.71530654881516369e2,-1.45234935189364478e-11
3716,1.62166162699726897e2,1.69860811911693219e2,8.00092960124601404e1,1.58612160415143455e0,-3.14892398061343792e0,-9.87737125606371613e-1,9.84494710405336204e-1,1.30948467944745151e1,-1.35907239234851147e1,4.96894192458796624e-14,1.71518318111028549e2,-4.09841049986425787e-11
3717,1.62280925132501807e2,1.70075540701881494e2,8.00274916435076165e1,1.59402485794975557e0,-3.15586720063146453e0,-9.87725806063095457e-1,9.85562756401453632e-1,1.30925161752841550e1,-1.30960594295887205e1,6.10726746952394706e-14,1.71506362620706966e2,-2.86206613964168355e-11
3718,1.62401970761604986e2,1.70297281033903062e2,8.00549799342049226e1,1.60228024932866364e0,-3.16253935203448044e0,-9.87714916000176912e-1,9.86592481879877248e-1,1.30896002054544187e1,-1.26014435914361336e1,7.59600715660724291e-14,1.71494794505574674e2,-5.14859266331768595e-11
3719,1.62529451642470690e2,1.70526023658096705e2,8.00919530378320275e1,1.61088769012047095e0,-3.16890170432161211e0,-9.87704458962401333e-1,9.87583431787342647e-1,1.30861887643945671e1,-1.21068749476362818e1,9.25232113146989832e-14,1.71483619701667010e2,-2.15720774576766416e-11
3720,1.62663467709220271e2,1.70761681580339797e2,8.01385566533035245e1,1.61984329912409919e0,-3.17491228913581391e0,-9.87694438369855043e-1,9.88535170094436588e-1,1.30823843081604156e1,-1.16123519967400739e1,1.01613162328817452e-13,1.71472843979212882e2,-2.80522272078087553e-11
3721,1.62804051755922302e2,1.71004072560943087e2,8.01948756331097883e1,1.62913863455177488e0,-3.18052594619264140e0,-9.87684857514904868e-1,9.89447283786281107e-1,1.30783016266198580e1,-1.11178731982186854e1,1.19987353386363793e-13,1.71462472935938280e2,-4.35420588473789394e-11
3722,1.62951152171673698e2,1.71252899382885630e2,8.02609173260578643e1,1.63875985116456468e0,-3.18569447443365439e0,-9.87675719559270915e-1,9.90319387494312808e-1,1.30740670480022203e1,-1.06234369735050187e1,1.37969496938339375e-13,1.71452511990522481e2,-9.49000877881189808e-11
3723,1.63104613471886807e2,1.71507728019681196e2,8.03365926657200617e1,1.64868679347266389e0,-3.19036691711774090e0,-9.87667027531193176e-1,9.91151128778254953e-1,1.30698169510009556e1,-1.01290417070970804e1,1.61606839021999349e-13,1.71442966376200161e2,-1.53761448018485680e-11
3724,1.63264154836659088e2,1.71767964027089477e2,8.04216951751443787e1,1.65889204440976745e0,-3.19449001296867907e0,-9.87658784322703598e-1,9.91942194027791491e-1,1.30656954421082858e1,-9.63468574772238462e0,1.80628081936085039e-13,1.71433841134541041e2,-3.69908548236708157e-11
3725,1.63429347089143448e2,1.72032827732647462e2,8.05158782711568506e1,1.66933995886296471e0,-3.19800884789345119e0,-9.87650992687003293e-1,9.92692314897471006e-1,1.30618510668193419e1,-9.14036740956166049e0,2.02246205893708009e-13,1.71425141109402801e2,-3.47455397786688991e-11
3726,1.63599588842381081e2,1.72301329121519018e2,8.06186315376228890e1,1.67998572332265095e0,-3.20086774242194583e0,-9.87643655235951656e-1,9.93401275117520077e-1,1.30584324536691234e1,-8.64608497353059846e0,2.30595056938120990e-13,1.71416870941094317e2,-9.62785406954935752e-11
3727,1.63774082891592116e2,1.72572243693405710e2,8.07292569775088964e1,1.69077449633761612e0,-3.20301140785787508e0,-9.87636774437670617e-1,9.94068917433888144e-1,1.30555828461927526e1,-8.15183668861783417e0,2.57729601549350207e-13,1.71409035060720811e2,-1.55182533490005881e-11
3728,1.63951814339870850e2,1.72844090999699119e2,8.08468466585900956e1,1.70164069873698076e0,-3.20438639799488767e0,-9.87630352614269458e-1,9.94695150329941824e-1,1.30534335657522664e1,-7.65762077327730317e0,2.84822512797155980e-13,1.71401637684778734e2,-5.46833689440973103e-11
3729,1.64131532370970234e2,1.73115118010598422e2,8.09702635920972824e1,1.71250753643897369e0,-3.20494287176623427e0,-9.87624391939693647e-1,9.95279954072159301e-1,1.30520965716178363e1,-7.16343541687316243e0,3.13485348790720764e-13,1.71394682809954816e2,-2.77111666946439072e-12
3730,1.64311738001202343e2,1.73383289881486064e2,8.10981281066624149e1,1.72328685032672513e0,-3.20463666408720682e0,-9.87618894437701123e-1,9.95823385517871418e-1,1.30516564431838091e1,-6.66927878117487172e0,3.50684759009567415e-13,1.71388174208184552e2,-4.60147475678240880e-11
3731,1.64490680459501959e2,1.73646290986396025e2,8.12288123107431232e1,1.73387939463729368e0,-3.20343163639561945e0,-9.87613861979970586e-1,9.96325581036033303e-1,1.30521622949774070e1,-6.17514900190041782e0,3.90087268042904611e-13,1.71382115421952335e2,-8.96704932529246435e-12
3732,1.64666365001918109e2,1.73901539200180764e2,8.13604454179161252e1,1.74417564468321529e0,-3.20130224477767200e0,-9.87609296284344684e-1,9.96786756846766431e-1,1.30536203301775799e1,-5.68104419030509611e0,4.27245912260065808e-13,1.71376509759868014e2,-1.47366563396644779e-11
3733,1.64836574836730534e2,1.74146216207551191e2,8.14909326155759146e1,1.75405722326843772e0,-3.19823622305503852e0,-9.87605198913210525e-1,9.97207206101177412e-1,1.30559879124619211e1,-5.18696243481343000e0,4.62460798822394992e-13,1.71371360292499475e2,-5.30633315065642819e-11
3734,1.64998909344225297e2,1.74377316019886308e2,8.16179897129979537e1,1.76339901002083033e0,-3.19423723363986944e0,-9.87601571272023748e-1,9.97587292124954006e-1,1.30591701467846697e1,-4.69290180269146617e0,5.22979229367059872e-13,1.71366669848507854e2,-8.10018718766514212e-11
3735,1.65150839830887094e2,1.74591712801138158e2,8.17391949177443138e1,1.77207195714229493e0,-3.18932729536519499e0,-9.87598414607973485e-1,9.97927437451547217e-1,1.30630199569761878e1,-4.19886034175673650e0,5.80756796819681398e-13,1.71362441011049867e2,-4.12114786740858108e-13
3736,1.65289782654087531e2,1.74786247542160680e2,8.18520577477277698e1,1.77994657887085528e0,-3.18354876221929306e0,-9.87595730008795192e-1,9.98228108579090834e-1,1.30673424833881828e1,-3.70483608212299620e0,6.59782558448673839e-13,1.71358676114507631e2,-5.13153963765944354e-11
3737,1.65413187749157771e2,1.74957831150034679e2,8.19541033416851548e1,1.78689701314721527e0,-3.17696560899994696e0,-9.87593518401732928e-1,9.98489796784150396e-1,1.30719042654307902e1,-3.21082703797665925e0,7.68890376715014590e-13,1.71355377241496626e2,-7.47490958019625396e-11
3738,1.65518638565844640e2,1.75103559333989011e2,8.20429684536595545e1,1.79280547891738751e0,-3.16966378869720344e0,-9.87591780552650178e-1,9.98712995780920987e-1,1.30764471246095155e1,-2.71683120938198064e0,9.63013956772895696e-13,1.71352546220215373e2,-4.10835809816489927e-11
3739,1.65603957432351592e2,1.75220832551127330e2,8.21165034542833041e1,1.79756688081178262e0,-3.16175046923235481e0,-9.87590517065293994e-1,9.98898177467631987e-1,1.30807059762317106e1,-2.22284658411170444e0,1.33830511776789063e-12,1.71350184622098595e2,-8.99973429113742895e-11
3740,1.65667308770291385e2,1.75307472604335601e2,8.21728730617977305e1,1.80109325662386999e0,-3.15335203662544039e0,-9.87589728380712906e-1,9.99045767382531924e-1,1.30844290795619518e1,-1.72887113949999272e0,1.71547525533791156e-12,1.71348293759739306e2,-8.62030447024153545e-11
3741,1.65707291726779772e2,1.75361826624216008e2,8.22106476273833806e1,1.80331773429013587e0,-3.14461086314764771e0,-9.87589414776828822e-1,9.99156121726198720e-1,1.30873986356945853e1,-1.23490284431430375e0,2.39849164292670058e-12,1.71346874685335678e2,-1.79056769411545247e-12
3742,1.65723013942251896e2,1.75382849399237273e2,8.22288768739641256e1,1.80419767362713723e0,-3.13568096975277255e0,-9.87589576368165134e-1,9.99229507830889374e-1,1.30894493170149797e1,-7.40939660642849773e-1,1.73802084649146010e-12,1.71345928188941343e2,-7.33706428945879452e-11
3743,1.65714139455854763e2,1.75370156463862855e2,8.22271391644381708e1,1.80371671816162249e0,-3.12672284230421438e0,-9.87590213105728920e-1,9.99266089756351450e-1,1.30904823810131550e1,-2.46979545794227318e-1,1.98882301788081122e-12,1.71345454798329115e2,-8.64162075231433846e-11
3744,1.65680906070175183e2,1.75324042905102743e2,8.22055615699147211e1,1.80188557080673140e0,3.16528753927914464e0,-9.87591324777053137e-1,9.99265920241670158e-1,1.30904735196251316e1,2.46979545794227318e-1,2.01928583785080697e-12,1.71345454777228213e2,-4.61142235508305021e-11
3745,1.65624110523536132e2,1.75245466147208447e2,8.21648089139655156e1,1.79874142289227223e0,3.17382318689206899e0,-9.87592911006390795e-1,9.99228939663106552e-1,1.30894734522166782e1,7.40939660642849773e-1,1.77694627946384937e-12,1.71345928125640768e2,-5.24664756085257977e-11
3746,1.65545063104265807e2,1.75135994542690185e2,8.21060431486349245e1,1.79434609235561182e0,3.18192327790665930e0,-9.87594971255067233e-1,9.99154981943367271e-1,1.30876013163941423e1,1.23490284431430397e0,2.49485485439085442e-12,1.71346874579880989e2,-3.10507175527163781e-11
3747,1.65445516344709347e2,1.74997726857682977e2,8.20308573510296242e1,1.78878304449645453e0,3.18945649002783771e0,-9.87597504821988159e-1,9.99043786703253334e-1,1.30850319269898812e1,1.72887113949999272e0,1.68946253471455310e-12,1.71348293612163616e2,-7.85149723014910705e-11
3748,1.65327574698430737e2,1.74833190206501143e2,8.19411908675119918e1,1.78215356038137251e0,3.19630982109032891e0,-9.87600510844299451e-1,9.98895016412416847e-1,1.30819787522896256e1,2.22284658411170355e0,1.30411014018921856e-12,1.71350184432498878e2,-4.57021087640896440e-11
3749,1.65193593350514305e2,1.74645225362973463e2,8.18392333922739255e1,1.77457237221538588e0,3.20239089341137095e0,-9.87603988298202395e-1,9.98708276916606019e-1,1.30786748608909118e1,2.71683120938198064e0,9.38355296242754378e-13,1.71352545988701962e2,-3.43902684107888490e-11
3750,1.65046074439184679e2,1.74436868548131116e2,8.17273259507972938e1,1.76616309780978264e0,3.20762902396441874e0,-9.87607935999919251e-1,9.98483139607804993e-1,1.30753540884298154e1,3.21082703797666014e0,7.49813839490132139e-13,1.71355376968199238e2,-8.74678107720683329e-11
3751,1.64887568126831354e2,1.74211237920564599e2,8.16078659958594983e1,1.75705378136163737e0,3.21197515012147550e0,-9.87612352606808797e-1,9.98219163557247047e-1,1.30722343215868939e1,3.70483608212299620e0,6.39328433943431307e-13,1.71358675799579089e2,-1.90425453183706850e-11
3752,1.64720584406713840e2,1.73971431348298125e2,8.14832223638929349e1,1.74737279433302950e0,3.21540078647108851e0,-9.87617236618629657e-1,9.97915916181614571e-1,1.30695042240012071e1,4.19886034175673650e0,5.70944767158687583e-13,1.71362440654668291e2,-4.40536496171262115e-11
3753,1.64547519612670840e2,1.73720439984619389e2,8.13556640100572963e1,1.73724528035134251e0,3.21789623810313419e0,-9.87622586378948064e-1,9.97572991358868233e-1,1.30673140798230900e1,4.69290180269146529e0,5.06234377334324748e-13,1.71366669450870660e2,-5.96855898038484156e-13
3754,1.64370599649285225e2,1.73461080062970069e2,8.12273045682486412e1,1.72679025375922834e0,3.21946831112743359e0,-9.87628400076690838e-1,9.97190024304512534e-1,1.30657708315060148e1,5.18696243481343000e0,4.62739221940289269e-13,1.71371359853831109e2,-6.42899067315738648e-11
3755,1.64191840215655958e2,1.73195943423725993e2,8.11000630973387899e1,1.71611839251320508e0,3.22013774859289370e0,-9.87634675747835034e-1,9.96766702898610246e-1,1.30649369219819071e1,5.68104419030509700e0,4.17155025800308721e-13,1.71376509280409635e2,-8.12008238426642492e-11
3756,1.64013022939662505e2,1.72927365786259401e2,8.09756400568428631e1,1.70533050916136886e0,3.21993658839352470e0,-9.87641411277236703e-1,9.96302775480370828e-1,1.30648322525884417e1,6.17514900190041782e0,3.78893964814164264e-13,1.71382114901971960e2,-2.98427949019242078e-11
3757,1.63835685410935184e2,1.72657410732157160e2,8.08555066450001334e1,1.69451664173062699e0,3.21890559824298395e0,-9.87648604400593433e-1,9.95798055375152424e-1,1.30654384321222778e1,6.66927878117487172e0,3.44791035999936213e-13,1.71388173647969239e2,-7.67101937526604161e-11
3758,1.63661122599466410e2,1.72387866774228058e2,8.07409051326336424e1,1.68375567984617791e0,3.21709189896720993e0,-9.87656252706534787e-1,9.95252422583348451e-1,1.30667044888129826e1,7.16343541687316332e0,3.11473069558587667e-13,1.71394682209815215e2,-9.12621089810272679e-11
3759,1.63490397000247242e2,1.72120254678494234e2,8.06328576690005008e1,1.67311542858518392e0,3.21454684660377144e0,-9.87664353638840975e-1,9.94665823146824168e-1,1.30685533047156337e1,7.65762077327730140e0,2.82975032295240680e-13,1.71401637045044509e2,-5.59339241590350866e-11
3760,1.63324354957098961e2,1.71855842284380600e2,8.05321811304127095e1,1.66265301064719528e0,3.21132420926983819e0,-9.87672904498783089e-1,9.94038266729719289e-1,1.30708881704067199e1,8.15183668861783417e0,2.51965115438679277e-13,1.71409034381741975e2,-6.20303808318567462e-11
3761,1.63163646907022127e2,1.71595664343434350e2,8.04395058485065704e1,1.65241551331367509e0,3.20747864778939284e0,-9.87681902447581916e-1,9.93369822924238699e-1,1.30735990135347571e1,8.64608497353060201e0,2.25458540725753664e-13,1.71416870223240153e2,-3.75166564481332898e-12
3762,1.63008749663343622e2,1.71340545277280654e2,8.03552964093217668e1,1.64244079743922411e0,3.20306448962786572e0,-9.87691344508979996e-1,9.92660616734888923e-1,1.30765680041353409e1,9.14036740956166049e0,1.99278094026311692e-13,1.71425140353065046e2,-4.75779415864963084e-11
3763,1.62859989254697837e2,1.71091123169069334e2,8.02798730920926289e1,1.63275839892475827e0,3.19813477293347370e0,-9.87701227571923912e-1,9.91910823620804294e-1,1.30796743686373134e1,9.63468574772238284e0,1.80112869063719927e-13,1.71433840340128768e2,-6.77005118632223457e-11
3764,1.62717563224711910e2,1.70847873712377378e2,8.02134328860418293e1,1.62339046694905731e0,3.19274053022672799e0,-9.87711548393349958e-1,9.91120664398001727e-1,1.30827983468847986e1,1.01290417070970822e1,1.61020502487119188e-13,1.71442965544141174e2,-2.10746975426445715e-11
3765,1.62581561633309349e2,1.70611133202806087e2,8.01560693446588317e1,1.61435269639366830e0,3.18693027819245334e0,-9.87722303601071383e-1,9.90290400227891499e-1,1.30858243015301809e1,1.06234369735050187e1,1.37043154602167760e-13,1.71452511121262205e2,-4.79758455185219646e-11
3766,1.62451986284230287e2,1.70381119967246690e2,8.01077908090261417e1,1.60565522365182778e0,3.18074967992166036e0,-9.87733489696760003e-1,9.89420327851370573e-1,1.30886430393882325e1,1.11178731982186854e1,1.15553400181767074e-13,1.71462472029939335e2,-8.63735749589977786e-11
3767,1.62328767927929533e2,1.70157953875337626e2,8.00685367478250072e1,1.59730346498901743e0,3.17424134780159939e0,-9.87745103059017193e-1,9.88510775171703826e-1,1.30911534340437665e1,1.16123519967400775e1,1.04877911910605803e-13,1.71472843036956618e2,-5.08890707351383753e-11
3768,1.62211781354964899e2,1.69941673766336692e2,8.00381921219078549e1,1.58929888472281466e0,3.16744475825414717e0,-9.87757139946530138e-1,9.87562097243816495e-1,1.30932634528797234e1,1.21068749476362800e1,8.98760232903583756e-14,1.71483618723649414e2,-6.11208861300838180e-11
3769,1.62100858414033439e2,1.69732252763621830e2,8.00165997967823586e1,1.58163968681233325e0,3.16039625308750827e0,-9.87769596501308911e-1,9.86574672692881793e-1,1.30948906941952128e1,1.26014435914361336e1,7.40588146364018485e-14,1.71494793492306684e2,-3.38218342221807688e-11
3770,1.61995799070348937e2,1.69529611547521569e2,8.00035711058898471e1,1.57432142818705878e0,3.15312910594171303e0,-9.87782468751996268e-1,9.85548900560430541e-1,1.30959625350122977e1,1.30960594295887223e1,6.12114525733176151e-14,1.71506361572717452e2,-3.12070369545836002e-11
3771,1.61896380665282948e2,1.69333629716348497e2,7.99988947122135983e1,1.56733755552666909e0,3.14567363588925941e0,-9.87795752617247391e-1,9.84485197558222169e-1,1.30964159805686400e1,1.35907239234851112e1,4.68861061087011421e-14,1.71518317028858547e2,-5.76676484342897311e-11
3772,1.61802365564922809e2,1.69144155403483637e2,8.00023439425844884e1,1.56067986949642346e0,3.13805735355437898e0,-9.87809443909172802e-1,9.83383995699783631e-1,1.30961972946171077e1,1.40854384935439523e1,3.66616459412938411e-14,1.71530653765724480e2,-8.01492205937393010e-11
3773,1.61713507391823953e2,1.68961013333780130e2,8.00136827764270038e1,1.55433892186460465e0,3.13030512803959260e0,-9.87823538336839446e-1,9.82245740273107959e-1,1.30952614771040015e1,1.45802045183618372e1,2.42167397246362270e-14,1.71543365536254242e2,-3.87103682442102581e-11
3774,1.61629556030804423e2,1.68784011505839516e2,8.00326706683267162e1,1.54830435169613212e0,3.12243936547619771e0,-9.87838031509826298e-1,9.81070888115776807e-1,1.30935716436293319e1,1.50750233339289981e1,1.73056013963446276e-14,1.71556445948381366e2,-5.13580289407400414e-11
3775,1.61550261587395482e2,1.68612946679456883e2,8.00590663728128220e1,1.54256516709877811e0,3.11448019214587868e0,-9.87852918941824143e-1,9.79859906153259574e-1,1.30910983499266784e1,1.55698962329105353e1,4.54497550705923459e-15,1.71569888472157828e2,-2.45847786572994664e-11
3776,1.61689127656620315e2,1.68910208996640904e2,8.00453921847386880e1,1.55173887043175607e0,-3.11282905335767390e0,-9.87798827946408164e-1,9.78792155886067161e-1,1.35899769905862282e1,-1.55704246337526389e1,-2.36616282123236488e-15,1.84775418655639072e2,-8.03055399956065230e-11
3777,1.61773760577687256e2,1.69086824907727532e2,8.00225190463873730e1,1.55804786591755540e0,-3.12022559244176501e0,-9.87785867267670814e-1,9.80005792062769499e-1,1.35913254873779668e1,-1.50755378332926107e1,7.44543315889245605e-15,1.84761012380849792e2,-5.44275735592236742e-11
3778,1.61863055346035480e2,1.69269064958713756e2,8.00072428769796602e1,1.56465380280589494e0,-3.12746592415177194e0,-9.87773319546466411e-1,9.81183316368154812e-1,1.35918720551620513e1,-1.45807048589642143e1,1.88599136308198467e-14,1.84746994323780683e2,-8.22950596557348035e-11
3779,1.61957194922189274e2,1.69457022879620155e2,7.99997718225756671e1,1.57156276044642107e0,-3.13452466531732021e0,-9.87761188774858745e-1,9.82324245944029784e-1,1.35916612349062209e1,-1.40859244233167828e1,2.87790624664552297e-14,1.84733371470200240e2,-1.50350842886837199e-11
3780,1.62056346170509471e2,1.69650760500366886e2,8.00003010506615340e1,1.57877916880294689e0,-3.14137401331473365e0,-9.87749478833593764e-1,9.83428107773689719e-1,1.35907468918842547e1,-1.35911951958558515e1,3.61169427698371237e-14,1.84720150658208439e2,-5.71276359551120549e-12
3781,1.62160653187970695e2,1.69850299319046968e2,8.00090065107316661e1,1.58630539247954294e0,-3.14798364790780782e0,-9.87738193488786109e-1,9.84494440488821398e-1,1.35891927956407805e1,-1.30965158037586225e1,5.46819534097409132e-14,1.84707338570620777e2,-8.62598881212761626e-11
3782,1.62270229356047565e2,1.70055610699293226e2,8.00260374402275403e1,1.59414125613958890e0,-3.15432066647618781e0,-9.87727336388673383e-1,9.85522796519986199e-1,1.35870730411446505e1,-1.26018848326547666e1,6.23112672570869108e-14,1.84694941727449475e2,-3.28839178109774366e-11
3783,1.62385147997363333e2,1.70266604602711311e2,8.00515074887660631e1,1.60228350962530386e0,-3.16034956530883493e0,-9.87716911060447789e-1,9.86512744632141447e-1,1.35844722426476263e1,-1.21073008274716827e1,7.66678387442709663e-14,1.84682966478496866e2,-2.81374923360999674e-11
3784,1.62505431545032792e2,1.70483116799434811e2,8.00854843562019738e1,1.61072523334599582e0,-3.16603228212641508e0,-9.87706920907170050e-1,9.87463872880105398e-1,1.35814854199392840e1,-1.16127622933442023e1,9.23948417774766995e-14,1.84671418996067104e2,-4.77911044072243385e-11
3785,1.62631039185414807e2,1.70704894565726619e2,8.01279778882224036e1,1.61945518767986307e0,-3.17132831759925748e0,-9.87697369204769360e-1,9.88375792010524945e-1,1.35782174861436591e1,-1.11182676965875160e1,1.08257153241808624e-13,1.84660305267825578e2,-7.94244670032639988e-11
3786,1.62761853004933585e2,1.70931580962793532e2,8.01789266380274626e1,1.62845711435611995e0,-3.17619495615357517e0,-9.87688259099134047e-1,9.89248139318751329e-1,1.35747822386937163e1,-1.06238154657328128e1,1.22842708227821618e-13,1.84649631089801375e2,-4.51194637207663618e-11
3787,1.62897662777101061e2,1.71162697913917583e2,8.02381830022507359e1,1.63770900321526924e0,-3.18058760858485901e0,-9.87679593603301376e-1,9.90080582945248366e-1,1.35713007530185052e1,-1.01294039926243968e1,1.41962830380037985e-13,1.84639402059563338e2,-4.98801000503590330e-11
3788,1.63038149663131207e2,1.71397628453364376e2,8.03054971703982119e1,1.64718234444405276e0,-3.18446030055249274e0,-9.87671375594746381e-1,9.90872826561877029e-1,1.35678990848020344e1,-9.63503163357707137e0,1.66715599658751046e-13,1.84629623569571862e2,-5.39017719347612001e-11
3789,1.63182869278775740e2,1.71635598719737942e2,8.03805003000862826e1,1.65684139433666067e0,-3.18776633145049093e0,-9.87663607812777400e-1,9.91624614355078982e-1,1.35647052049985337e1,-9.14069671059261424e0,1.82451276309336663e-13,1.84620300800731087e2,-5.65165692023583688e-11
3790,1.63331234793222393e2,1.71875660499099666e2,8.04626875381217417e1,1.66664249164251776e0,-3.19045912681689758e0,-9.87656292856043172e-1,9.92335736158241444e-1,1.35618451259940738e1,-8.64639751263355549e0,2.09681230711744604e-13,1.84611438716146267e2,-4.98374674862134270e-11
3791,1.63482500974455917e2,1.72116675388778333e2,8.05514017519072354e1,1.67653347122631780e0,-3.19249330364757800e0,-9.87649433180154523e-1,9.93006032522440241e-1,1.35594382310387704e1,-8.15213229695285690e0,2.39731845486090833e-13,1.84603042055101042e2,-3.11217718262923881e-12
3792,1.63635750361794152e2,1.72357301931173112e2,8.06458191004431484e1,1.68645323137349501e0,-3.19382596091100046e0,-9.87643031095423396e-1,9.93635399445648049e-1,1.35575918949274445e1,-7.65789929047741591e0,2.60038518495875337e-13,1.84595115327270520e2,-4.61852778244065121e-12
3793,1.63789883007761432e2,1.72595987332314252e2,8.07449378379254767e1,1.69633151957306083e0,-3.19441819643153435e0,-9.87637088764729332e-1,9.94223792410572238e-1,1.35563955821931543e1,-7.16369669124374386e0,2.91674670527264368e-13,1.84587662807180749e2,-5.64597257834975608e-11
3794,1.63943611455614985e2,1.72830965596377155e2,8.08475719743958763e1,1.70608900757930271e0,-3.19423683548770665e0,-9.87631608201507527e-1,9.94771229319599271e-1,1.35559147263219462e1,-6.66952266988327924e0,3.25408103241109359e-13,1.84580688528931546e2,-3.92503807233879343e-11
3795,1.64095462756152330e2,1.73060264021646503e2,8.09523515690415252e1,1.71563772823014116e0,-3.19325633568688438e0,-9.87626591267872778e-1,9.95277791872361872e-1,1.35561848208169025e1,-6.17537537115553548e0,3.61069681098502571e-13,1.84574196281179638e2,-4.47073489340255037e-11
3796,1.64243789323484918e2,1.73281719957768985e2,8.10577314488783003e1,1.72488194192014888e0,-3.19146080730081794e0,-9.87622039672872876e-1,9.95743624919982806e-1,1.35572062747322732e1,-5.68125291552627854e0,3.99602226308637398e-13,1.84568189602406619e2,-7.01021463100914843e-11
3797,1.64386790230933627e2,1.73493009463198945e2,8.11620099756188154e1,1.73371948787719710e0,-3.18884605959051237e0,-9.87617954970884449e-1,9.96168933364943943e-1,1.35589406788796154e1,-5.18715340078858755e0,4.45261015558084949e-13,1.84562671776490987e2,-6.44035935692954808e-11
3798,1.64522544098621097e2,1.73691688968720001e2,8.12633590693493062e1,1.74204365295659946e0,-3.18542155421351092e0,-9.87614338560142357e-1,9.96553976267269159e-1,1.35613091659586864e1,-4.69307490372383196e0,4.94038403936469805e-13,1.84557645828557696e2,-5.68434188608080149e-14
3799,1.64649054001394518e2,1.73875250228307664e2,8.13598660147077908e1,1.74974555795797260e0,-3.18121212042409507e0,-9.87611191681418421e-1,9.96899057974380942e-1,1.35641934983881391e1,-4.19901548180007111e0,5.53097064676100203e-13,1.84553114521162854e2,-4.66968685941537842e-11
3800,1.64764303836628301e2,1.74041187735484499e2,8.14495866270995066e1,1.75671701931702007e0,-3.17625926843278217e0,-9.87608515416841914e-1,9.97204516311606004e-1,1.35674403567721349e1,-3.70497317490482825e0,6.33822855311549915e-13,1.84549080350781338e2,-4.85300688524148427e-11
3801,1.64866324402952557e2,1.74187076478341481e2,8.15306082047137579e1,1.76285379514768148e0,-3.17062193258848879e0,-9.87606310688866951e-1,9.97470708140860474e-1,1.35708690192066044e1,-3.21094600710937250e0,7.53131714978372280e-13,1.84545545544633143e2,-2.00941485672956333e-11
3802,1.64953266162696309e2,1.74310656521797910e2,8.16011194406307681e1,1.76805907376394966e0,-3.16437649018079625e0,-9.87604578259393406e-1,9.97697992890347662e-1,1.35742822301174950e1,-2.71693198846142181e0,9.55094293583758081e-13,1.84542512057835921e2,-3.29549720845534466e-11
3803,1.65023474476359667e2,1.74409919639780469e2,8.16594832952948195e1,1.77224701661633421e0,-3.15761593807386776e0,-9.87603318729033175e-1,9.97886714942541886e-1,1.35774796001224338e1,-2.22292911680311489e0,1.34062726198092008e-12,1.84539981570909276e2,-8.30198132462101057e-11
3804,1.65075562198636419e2,1.74483192278784344e2,8.17043079203660483e1,1.77534613363861915e0,-3.15044816826588736e0,-9.87602532536535072e-1,9.98037185996957232e-1,1.35802724278868077e1,-1.72893537961107491e0,1.72650213353317539e-12,1.84537955487564915e2,-1.25766064229537733e-11
3805,1.65108474110002646e2,1.74529208726702052e2,8.17345102756299866e1,1.77730225464525926e0,-3.14299336066303159e0,-9.87602219958356842e-1,9.98149668656784783e-1,1.35824984821936834e1,-1.23494875585521324e0,2.28320051125045775e-12,1.84536434933005523e2,-3.13207237923052162e-11
3806,1.65121537863721926e2,1.74547168630518115e2,8.17493672300311829e1,1.77808087101854673e0,-3.13538059812184366e0,-9.87602381108397820e-1,9.98224362486807570e-1,1.35840351168297957e1,-7.40967217873021999e-1,1.69385977412308403e-12,1.84535420752174019e2,-2.46416220761602744e-11
3807,1.65114497012398573e2,1.74536774008911351e2,8.17485497489260240e1,1.77766865935557372e0,-3.12774389281368803e0,-9.87603015937881024e-1,9.98261393651526774e-1,1.35848091746571544e1,-2.46988733255894544e-1,1.93122955981553900e-12,1.84534913509430140e2,-2.25526264330255799e-11
3808,1.65087523157425125e2,1.74498242547624898e2,8.17321371651251667e1,1.77607406035333937e0,3.16296742659304897e0,-9.87604124235394676e-1,9.98260808947066036e-1,1.35848024821782030e1,2.46988733255894544e-1,1.98576997910199140e-12,1.84534913486826042e2,-8.91304807737469673e-11
3809,1.65041206163351376e2,1.74432296054211150e2,8.17006103505810302e1,1.77332686486455948e0,3.17025182787259485e0,-9.87605705627085939e-1,9.98222574674577867e-1,1.35840522943193474e1,7.40967217873021999e-1,1.73583359058121500e-12,1.84535420684351863e2,-6.40909547655610368e-12
3810,1.64976523425707626e2,1.74340125191823347e2,8.16548245821130223e1,1.76947684425789409e0,3.17717149622299466e0,-9.87607759577010191e-1,9.98146580348515888e-1,1.35826467191947664e1,1.23494875585521324e0,2.37472311238016986e-12,1.84536434820016666e2,-2.15152340388158336e-11
3811,1.64894791066495003e2,1.74223333677818658e2,8.15959647339761034e1,1.76459154210137226e0,3.18361465224047402e0,-9.87610285387635733e-1,9.98032646811363056e-1,1.35807158061952595e1,1.72893537961107513e0,1.69403109161886389e-12,1.84537955329443776e2,-6.74731381877791137e-11
3812,1.64797601408050866e2,1.74083866754690462e2,8.15254868873799836e1,1.75875340806350122e0,3.18948366957519092e0,-9.87613282200498266e-1,9.97880537975551429e-1,1.35784194953604107e1,2.22292911680311445e0,1.31267338578794357e-12,1.84539981367764682e2,-1.34718902700114995e-11
3813,1.64686751948512779e2,1.73923929709843662e2,8.14450513259208293e1,1.75205649524225548e0,3.19469702546444356e0,-9.87616748997011573e-1,9.97689975142405205e-1,1.35759339168259849e1,2.71693198846142137e0,9.37861333732969982e-13,1.84542511809782269e2,-7.64686092225019820e-11
3814,1.64564171273050988e2,1.73745902473332620e2,8.13564521314140450e1,1.74460295579815261e0,3.19919035426076181e0,-9.87620684599424203e-1,9.97460652754149080e-1,1.35734375686039392e1,3.21094600710937339e0,7.38692960966513823e-13,1.84545545251808306e2,-8.66720029080170207e-11
3815,1.64431846945262265e2,1.73552255922001507e2,8.12615482536793934e1,1.73649955826384272e0,3.20291664628719941e0,-9.87625087671929802e-1,9.97192254434586478e-1,1.35710987154782678e1,3.70497317490482825e0,6.17025094212797498e-13,1.84549080013350817e2,-2.84074985756888054e-11
3816,1.64291759553835448e2,1.73345474593379606e2,8.11622001190454370e1,1.72785441823948593e0,3.20584569696676880e0,-9.87629956721918445e-1,9.96884468308875227e-1,1.35690650099787593e1,4.19901548180007200e0,5.35365588666403269e-13,1.84553114139313124e2,-1.97530880541307852e-11
3817,1.64145825948009531e2,1.73127989283215697e2,8.10602147611213439e1,1.71877408955923960e0,3.20796295205530679e0,-9.87635290101377850e-1,9.96537000795923333e-1,1.35674559227617273e1,4.69307490372383107e0,4.81968197990623182e-13,1.84557645402505443e2,-7.06990022081299685e-11
3818,1.63995853463976175e2,1.72902121662880916e2,8.09573012806890091e1,1.70936111299355864e0,3.20926791337104023e0,-9.87641086008431812e-1,9.96149588313787748e-1,1.35663581640115609e1,5.18715340078858667e0,4.31387564558960435e-13,1.84562671306471429e2,-9.35216348807443865e-11
3819,1.63843505788716982e2,1.72670041785890874e2,8.08550373297424443e1,1.69971207081088749e0,3.20977226853230491e0,-9.87647342489019975e-1,9.95722006588563135e-1,1.35658239383919081e1,5.68125291552627854e0,3.90304975839139701e-13,1.84568189088682516e2,-4.63984406451345421e-11
3820,1.63690280143334633e2,1.72433738283005226e2,8.07548463809765167e1,1.68991615297904318e0,3.20949789277596986e0,-9.87654057438714483e-1,9.95254077483336164e-1,1.35658716354034130e1,6.17537537115553548e0,3.48084408519078181e-13,1.84574195724033302e2,-2.91464630208793096e-11
3821,1.63537494753589726e2,1.72195000239289584e2,8.06579848472015328e1,1.68005420731637911e0,3.20847484644298220e0,-9.87661228604664987e-1,9.94745673447746892e-1,1.35664884214048023e1,6.66952266988328013e0,3.19981020846515918e-13,1.84580687928674678e2,-1.42676981340628117e-11
3822,1.63386285123627090e2,1.71955409221291688e2,8.05655376692307215e1,1.67019822250579608e0,3.20673946325511228e0,-9.87668853587678974e-1,9.94196719821681008e-1,1.35676341571951422e1,7.16369669124374386e0,2.86010798378200093e-13,1.84587662164141136e2,-1.44950718095060438e-12
3823,1.63237607411276116e2,1.71716339650898902e2,8.04784207698523772e1,1.66041117909173330e0,3.20433259606572829e0,-9.87676929844421569e-1,9.93607195308879976e-1,1.35692460938764672e1,7.65789929047741591e0,2.59471263919230921e-13,1.84595114641800450e2,-4.62705429526977241e-11
3824,1.63092247178913993e2,1.71478965662900293e2,8.03973887372692815e1,1.65074719800334679e0,3.20129806107213799e0,-9.87685454689741671e-1,9.92977130973277777e-1,1.35712438746325503e1,8.15213229695285513e0,2.28643493027647082e-13,1.84603041327576733e2,-7.82449660619022325e-11
3825,1.62950831907408968e2,1.71244272678146899e2,8.03230462013638942e1,1.64125191693143258e0,3.19768130003703677e0,-9.87694425299110779e-1,9.92306608112563326e-1,1.35735344681265229e1,8.64639751263355727e0,2.08780909227712641e-13,1.84611437946964116e2,-4.52473614132031798e-11
3826,1.62813845858863971e2,1.71013072117062023e2,8.02558615492937690e1,1.63196303010598620e0,3.19352826342121610e0,-9.87703838711180726e-1,9.91595755338794738e-1,1.35760167623465939e1,9.14069671059261601e0,1.81453810310649999e-13,1.84620299990307757e2,-6.57109922030940652e-11
3827,1.62681646115058612e2,1.70786017924129482e2,8.01961818532178512e1,1.62291093493816652e0,3.18888450533887946e0,-9.87713691830443441e-1,9.90844745155632811e-1,1.35785856435423167e1,9.63503163357707137e0,1.55955109937266911e-13,1.84629622718344564e2,-2.90043544737272896e-11
3828,1.62554478870794156e2,1.70563623837914605e2,8.01442481215863438e1,1.61411943818088965e0,3.18379447336543819e0,-9.87723981430001063e-1,9.90053790273650924e-1,1.35811354662814168e1,1.01294039926243968e1,1.39672995391748600e-13,1.84639401167989632e2,-1.94688709598267451e-11
3829,1.62432495294468310e2,1.70346280589990641e2,8.01002102069659401e1,1.60560648364331771e0,3.17830097170382952e0,-9.87734704154431098e-1,9.89223139854794709e-1,1.35835628847081846e1,1.06238154657328110e1,1.20119192370538030e-13,1.84649630158359514e2,-9.72164571066969074e-11
3830,1.62315766478666660e2,1.70134272444391229e2,8.00641409042787160e1,1.59738487235973325e0,3.17244477428626448e0,-9.87745856522747712e-1,9.88353075830115557e-1,1.35857690618034468e1,1.11182676965875178e1,1.06723657689045126e-13,1.84660304297009020e2,-4.02593514081672765e-11
3831,1.62204297177989872e2,1.69927792681730068e2,8.00360489403911544e1,1.58946295401128834e0,3.16626436432489600e0,-9.87757434931452072e-1,9.87443909392973218e-1,1.35876613046386279e1,1.16127622933442023e1,8.92549922859586786e-14,1.84671417986390026e2,-1.15107923193136230e-11
3832,1.62098038166775154e2,1.69726957784864084e2,8.00158906861737904e1,1.58184527511447670e0,3.15979577801016509e0,-9.87769435657668282e-1,9.86495977733695018e-1,1.35891541919473458e1,1.21073008274716827e1,7.90686960350228674e-14,1.84682965430490185e2,-5.98561200604308397e-11
3833,1.61996897158707782e2,1.69531820208207648e2,8.00035805276565810e1,1.57453317499663070e0,3.15307253201681092e0,-9.87781854862356257e-1,9.85509641053894714e-1,1.35901702687100183e1,1.26018848326547683e1,5.79675196732409859e-14,1.84694940641661503e2,-5.63460389457759447e-11
3834,1.61900748304913350e2,1.69342379701348023e2,7.99989999052354221e1,1.56752532490714347e0,3.14612561682398928e0,-9.87794688593600756e-1,9.84485279876402553e-1,1.35906403835968490e1,1.30965158037586171e1,5.23470156110761309e-14,1.84707337447614549e2,-1.92983407032443210e-11
3835,1.61809440338444688e2,1.69158593220893664e2,8.00020050799587779e1,1.56081820889758172e0,3.13898354033164129e0,-9.87807932789968257e-1,9.83423292649885927e-1,1.35905037413971179e1,1.35911951958558532e1,3.71716546432310224e-14,1.84720149498565121e2,-3.15623083224636503e-11
3836,1.61722803466909568e2,1.68980383508315498e2,8.00124337192691257e1,1.55440654749643747e0,3.13167240868289332e0,-9.87821583283926552e-1,9.82324093636526841e-1,1.35897077358732865e1,1.40859244233167846e1,2.71623001868448455e-14,1.84733370274513504e2,-2.03357330974540673e-11
3837,1.61640655133330796e2,1.68807646438010153e2,8.00301104129591181e1,1.54828366685577512e0,3.12421603346573429e0,-9.87835635805322854e-1,9.81188111063590274e-1,1.35882076202615014e1,1.45807048589642125e1,2.00880978518114262e-14,1.84746993092659551e2,-4.61426452602609061e-11
3838,1.61562804770572228e2,1.68640257251513106e2,8.00548512359004434e1,1.54244181710463724e0,3.11663605649984499e0,-9.87850085984916193e-1,9.80015785514991355e-1,1.35859660639240580e1,1.50755378332926107e1,6.93889390390722838e-15,1.84761011114916357e2,-4.81321649203891866e-11
3839,1.61489057676194875e2,1.68478075800363570e2,8.00864674762200650e1,1.53687244425331948e0,3.10895208520271371e0,-9.87864929357952115e-1,9.78807568537726769e-1,1.35829526351486045e1,1.55704246337526389e1,2.12330153459561188e-15,1.84775417355528390e2,-4.81605866298195906e-11
3840,1.61615742390037411e2,1.68753737851673861e2,8.00722091444774122e1,1.54533973815242187e0,-3.10677586873073919e0,-9.87811445923604814e-1,9.77699087232518971e-1,1.40824324725221572e1,-1.55709698950245112e1,-6.07153216591882483e-15,1.98471864753209843e2,-4.95816721013397910e-11
3841,1.61693784009972177e2,1.68920032308126252e2,8.00434894105551820e1,1.55140966161538740e0,-3.11389495113013748e0,-9.87798525437329711e-1,9.78909624563142122e-1,1.40844295299122368e1,-1.50760687436956680e1,2.07472927726826128e-15,1.98456469085020217e2,-6.48441300654667430e-11
3842,1.61775859179108011e2,1.69091141021446163e2,8.00217735141929722e1,1.55774839425446321e0,-3.12085145350530091e0,-9.87786016711242554e-1,9.80084292562330761e-1,1.40856433031054813e1,-1.45812211534852469e1,1.09495745803656064e-14,1.98441488458085644e2,-6.27693452770472504e-11
3843,1.61862096310268726e2,1.69267098049970087e2,8.00072162076779989e1,1.56435952967867808e0,-3.12762138547778523e0,-9.87773923717176872e-1,9.81222624930041087e-1,1.40861181073985602e1,-1.40864258423203328e1,2.29746777158368332e-14,1.98426930324323877e2,-6.51567688692011870e-11
3844,1.61952605522734501e2,1.69447904258842101e2,7.99999567999731056e1,1.57124494371400747e0,-3.13417869952013683e0,-9.87762250316144397e-1,9.82324166072147342e-1,1.40859066044623056e1,-1.35916814853734493e1,3.19397286396849722e-14,1.98412801977947083e2,-8.61177795741241425e-11
3845,1.62047472725047953e2,1.69633519913885749e2,8.00001135870468687e1,1.57840441907079754e0,-3.14049524571866145e0,-9.87751000255042033e-1,9.83388472771704825e-1,1.40850701720035794e1,-1.30969867157748112e1,4.28511393035790888e-14,1.98399110547346567e2,-6.75299816066399217e-11
3846,1.62146752720084351e2,1.69823856247112133e2,8.00077773129290080e1,1.58583522459808823e0,-3.14654076251461756e0,-9.87740177163429212e-1,9.84415116132466017e-1,1.40836791059584563e1,-1.26023401253892100e1,5.34086663783739368e-14,1.98385862987097795e2,-5.38591393706155941e-11
3847,1.62250461275162820e2,1.70018765963140680e2,8.00230035951167622e1,1.59353164962691518e0,-3.15228291451341125e0,-9.87729784550383294e-1,9.85403683819229936e-1,1.40818125973558494e1,-1.21077402656570090e1,6.76854405856630592e-14,1.98373066070067296e2,-3.16333625960396603e-11
3848,1.62358566133378275e2,1.70218032698487207e2,8.00458042782153996e1,1.60148449612854504e0,-3.15768739022355405e0,-9.87719825801433360e-1,9.86353782613551777e-1,1.40795584186663980e1,-1.16131856484988223e1,8.36726521402653134e-14,1.98360726379656711e2,-7.49764694774057716e-11
3849,1.62470976988396927e2,1.70421359502528873e2,8.00761377222949164e1,1.60968053434189806e0,-3.16271807429448648e0,-9.87710304175582032e-1,9.87265041292368029e-1,1.40770122491196634e1,-1.11186747472831122e1,9.95800664149726344e-14,1.98348850302191380e2,-8.48245917950407602e-11
3850,1.62587534512699250e2,1.70628356488926016e2,8.01138980961827798e1,1.61810193125718715e0,-3.16733731031520227e0,-9.87701222802418455e-1,9.88137113822339153e-1,1.40742765666294574e1,-1.06242059978557180e1,1.18422632811032713e-13,1.98337444019480813e2,-6.22435436525847763e-12
3851,1.62707998615295452e2,1.70838527905701227e2,8.01589038278482775e1,1.62672566591727774e0,-3.17150627127439133e0,-9.87692584679325747e-1,9.88969682841122966e-1,1.40714590374901380e1,-1.01297777996304497e1,1.31276933768020854e-13,1.98326513501548163e2,-5.22959453519433737e-11
3852,1.62832036215176373e2,1.71051258996395177e2,8.02108854701354801e1,1.63552295091329492e0,-3.17518545507931238e0,-9.87684392668790601e-1,9.89762463369409207e-1,1.40686703461125457e1,-9.63538851673947327e0,1.53052917561957713e-13,1.98316064499558706e2,-1.67688085639383644e-11
3853,1.62959208954255303e2,1.71265803176089946e2,8.02694733736870631e1,1.64445868560676822e0,-3.17833532171252475e0,-9.87676649495817682e-1,9.90515206664478454e-1,1.40660214281513767e1,-9.14103647924210883e0,1.66845703919449306e-13,1.98306102538945424e2,-4.05435685024713166e-11
3854,1.63088961422656212e2,1.71481270207573544e2,8.03341857053069077e1,1.65349097324109939e0,-3.18091708621009905e0,-9.87669357745454501e-1,9.91227704084716499e-1,1.40636201037605595e1,-8.64671998439055400e0,1.88389234767605274e-13,1.98296632912775152e2,-6.89084345140145160e-11
3855,1.63220610642349840e2,1.71696616245667769e2,8.04044175215850316e1,1.66257074083940104e0,-3.18289367721190652e0,-9.87662519860430410e-1,9.91899790791288205e-1,1.40615671551320389e1,-8.15243729795096428e0,2.16807474751057327e-13,1.98287660675327430e2,-7.73070496506989002e-11
3856,1.63353337721189746e2,1.71910636788414450e2,8.04794317746943619e1,1.67164150696406044e0,-3.18423086384384080e0,-9.87656138138912620e-1,9.92531349066344992e-1,1.40599519545019405e1,-7.65818665557791078e0,2.42741590716910594e-13,1.98279190635944360e2,-6.35225205769529566e-11
3857,1.63486182742730136e2,1.72121963724724196e2,8.05583532845641486e1,1.68063934721616737e0,-3.18489854375021819e0,-9.87650214732386234e-1,9.93122310984000611e-1,1.40588478239427044e1,-7.16396626424044491e0,2.74648359610552006e-13,1.98271227353126932e2,-4.62279103885521181e-11
3858,1.63618044066538459e2,1.72329067765427652e2,8.06401668289229150e1,1.68949310970515310e0,-3.18487217196796024e0,-9.87644751643660834e-1,9.93672660135579200e-1,1.40583073920931714e1,-6.66977430369748703e0,3.03120376021759341e-13,1.98263775128918212e2,-3.52429196937009692e-11
3859,1.63747683250394857e2,1.72530267557611978e2,8.07237205519107164e1,1.69812493140492826e0,-3.18413429413534610e0,-9.87639750725003651e-1,9.94182432092355572e-1,1.40583582973250927e1,-6.17560892802051331e0,3.34272540203350843e-13,1.98256838003563900e2,-9.68043423199560493e-11
3860,1.63873736734825002e2,1.72723746673860177e2,8.08077358384496591e1,1.70645110007164780e0,-3.18267612886553142e0,-9.87635213676410384e-1,9.94651713294847806e-1,1.40589996593861315e1,-5.68146826716092246e0,3.71688790856694595e-13,1.98250419750485236e2,-2.07478478841949254e-12
3861,1.63994735223714798e2,1.72907579409700418e2,8.08908246168922602e1,1.71438329413523483e0,-3.18049912425826342e0,-9.87631142044008481e-1,9.95080638096680681e-1,1.40601997862109798e1,-5.18735042855984751e0,4.14179107677270508e-13,1.98244523871548807e2,-8.43272118800086901e-11
3862,1.64109131318540705e2,1.73079765881081755e2,8.09715147022296549e1,1.72183021398309544e0,-3.17761639448685029e0,-9.87627537218601081e-1,9.95469383767453420e-1,1.40618955811699191e1,-4.69325349879758225e0,4.66384743325054529e-13,1.98239153592665161e2,-7.32143234927207232e-11
3863,1.64215335432165972e2,1.73238276306054445e2,8.10482832879792880e1,1.72869959240829152e0,-3.17405392696577859e0,-9.87624400434353289e-1,9.95818163378284660e-1,1.40639940513148094e1,-4.19917554528000991e0,5.30713493984702467e-13,1.98234311859718559e2,-4.87005991089972667e-11
3864,1.64311759310619550e2,1.73381103575118999e2,8.11195980244402506e1,1.73490054068230326e0,-3.16985144205146918e0,-9.87621732767622440e-1,9.96127216648688862e-1,1.40663761775753926e1,-3.70511461795915809e0,6.08673268037707160e-13,1.98230001334834583e2,-2.19131379708414897e-11
3865,1.64396865707673612e2,1.73506322350214617e2,8.11839643597083551e1,1.74034615206513243e0,-3.16506278898459881e0,-9.87619535135933480e-1,9.96396799017872481e-1,1.40689031925601675e1,-3.21106875108493339e0,7.40891939812748923e-13,1.98226224393000223e2,-7.69091457186732441e-11
3866,1.64469221946200548e2,1.73612152050528152e2,8.12399770234863325e1,1.74495625003220356e0,-3.15975577666095164e0,-9.87617808297104660e-1,9.96627169396920864e-1,1.40714250354299057e1,-2.71703596498502931e0,9.61200737059630939e-13,1.98222983119032193e2,-8.80220341059612110e-11
3867,1.64527554384155394e2,1.73697020315841115e2,8.12863728201937334e1,1.74866013857861646e0,-3.15401136728888831e0,-9.87616552848521678e-1,9.96818577239094394e-1,1.40737904487730283e1,-2.22301426786987166e0,1.33117453691988796e-12,1.98220279304918961e2,-1.21218590720673092e-11
3868,1.64570800291370062e2,1.73759623003648699e2,8.13220813745962801e1,1.75139919150519652e0,-3.14792220434988002e0,-9.87615769226564910e-1,9.96971249705336016e-1,1.40758578975979187e1,-1.72900165765943203e0,1.74199082892886881e-12,1.98218114447484737e2,-6.84678980178432539e-11
3869,1.64598153450486507e2,1.73798976595861319e2,8.13462702534568791e1,1.75312911103009528e0,-3.14159050018867436e0,-9.87615457706186306e-1,9.97085379777454595e-1,1.40775062814485121e1,-1.23499612382863844e0,2.17814254046405642e-12,1.98216489746532659e2,-5.11590769747272134e-12
3870,1.64609099997917440e2,1.73814459144103182e2,8.13583810481106013e1,1.75382169641495245e0,-3.13512536708017731e0,-9.87615618400642048e-1,9.97161116161146666e-1,1.40786443287032181e1,-7.40995649268101464e-1,1.66233007719250592e-12,1.98215406103093301e2,-9.41184907787828706e-11
3871,1.64603441621717479e2,1.73805836570478448e2,8.13581535530582869e1,1.75346599123842273e0,-3.12863973094095327e0,-9.87616251261378530e-1,9.97198555723333491e-1,1.40792176402159246e1,-2.46998212156782387e-1,1.91140407097649661e-12,1.98214864118919138e2,-1.55750967678613961e-11
3872,1.64581304212185444e2,1.73773272236185903e2,8.13456360972521964e1,1.75206872151861681e0,3.16093829647414681e0,-9.87617356078070552e-1,9.97197739012631201e-1,1.40792125897820970e1,2.46998212156782387e-1,1.91957255687015375e-12,1.98214864094759236e2,-3.80424580725957640e-11
3873,1.64543131266380499e2,1.73717319030274979e2,8.13211812373876484e1,1.74965399126679344e0,3.16712753551047932e0,-9.87618932478815159e-1,9.97158649176042799e-1,1.40786566595669438e1,7.40995649268101464e-1,1.67549315892821793e-12,1.98215406030627122e2,-4.83879603052628227e-11
3874,1.64489662662368630e2,1.73638894684752302e2,8.12854272897898227e1,1.74626226064884027e0,3.17300874358793505e0,-9.87620979930479148e-1,9.97081214285584383e-1,1.40776152268628127e1,1.23499612382863866e0,2.24537370033944805e-12,1.98216489625808947e2,-8.92157459020381793e-11
3875,1.64421900628792969e2,1.73539242360901881e2,8.12392673563544179e1,1.74194868717993390e0,3.17848617345508666e0,-9.87623497739197553e-1,9.96965312813333782e-1,1.40761852475518481e1,1.72900165765943203e0,1.70809519957001998e-12,1.98218114278543908e2,-3.37365690938895568e-11
3876,1.64341065710823671e2,1.73419879633168478e2,8.11838084618804885e1,1.73678095550752110e0,3.18347514257343889e0,-9.87626485051026348e-1,9.96810781758991404e-1,1.40744866271520408e1,2.22301426786987166e0,1.31171809525376659e-12,1.98220279087875525e2,-9.97175675365724601e-11
3877,1.64248546146550723e2,1.73282539683735507e2,8.11203240358754840e1,1.73083675134708548e0,3.18790367399244712e0,-9.87629940852745247e-1,9.96617426740433188e-1,1.40726522789164630e1,2.71703596498502886e0,9.33332621258498030e-13,1.98222982854005181e2,-5.33759703102987260e-11
3878,1.64145844284121949e2,1.73129108774040503e2,8.10502032100274619e1,1.72420104770583937e0,3.19171347747262013e0,-9.87633863972807946e-1,9.96385033283468280e-1,1.40708179194633001e1,3.21106875108493428e0,7.16384850746321078e-13,1.98226224080137740e2,-9.29532006921363063e-11
3879,1.64034523492489313e2,1.72961563882314721e2,8.09749002568639042e1,1.71696336708079023e0,3.19486028747802164e0,-9.87638253082443685e-1,9.96113378524685067e-1,1.40691125564248356e1,3.70511461795915720e0,5.92943229238418468e-13,1.98230000974312901e2,-4.02593514081672765e-11
3880,1.63916158541888876e2,1.72781913887819229e2,8.08958870584169318e1,1.70921516466162893e0,3.19731362024948851e0,-9.87643106696900697e-1,9.95802242612454647e-1,1.40676504171986831e1,4.19917554528000903e0,5.13932646439840823e-13,1.98234311451738307e2,-6.89084345140145160e-11
3881,1.63792291734467568e2,1.72592146930377879e2,8.08146108395317668e1,1.70104744893667403e0,3.19905604448823011e0,-9.87648423176835655e-1,9.95451419209720911e-1,1.40665248028301058e1,4.69325349879758136e0,4.52903773512369767e-13,1.98239153137454281e2,-2.55653276326484047e-11
3882,1.63664396291195601e2,1.72394185727754348e2,8.07324586646674334e1,1.69254872235989828e0,3.20008207804854017e0,-9.87654200729841558e-1,9.95060724657323870e-1,1.40658040767326682e1,5.18735042855984751e0,4.06240145689462651e-13,1.98244523369360593e2,-2.91322521661641076e-12
3883,1.63533847728711947e2,1.72189851782371278e2,8.06507294569807272e1,1.68380329033597786e0,3.20039682751341381e0,-9.87660437412115511e-1,9.94630005520533045e-1,1.40655297548104130e1,5.68146826716092157e0,3.60557937673089413e-13,1.98250419201597566e2,-3.55413476427202113e-11
3884,1.63401903287872756e2,1.71980838659799844e2,8.05706136506172896e1,1.67488995533943719e0,3.20001448120278109e0,-9.87667131130261167e-1,9.94159144397754435e-1,1.40657164770983538e1,6.17560892802051331e0,3.25686526359003636e-13,1.98256837408280830e2,-1.73656644619768485e-11
3885,1.63269688940209591e2,1.71768693915846484e2,8.04931800669235713e1,1.66588108685063108e0,3.19895675231972643e0,-9.87674279643220965e-1,9.93648064003742837e-1,1.40663535213186304e1,6.66977430369748880e0,2.91041496458532833e-13,1.98263774487566877e2,-2.77822209682199173e-11
3886,1.63138193122514963e2,1.71554808814155734e2,8.04193692365780635e1,1.65684203813834152e0,3.19725135088042434e0,-9.87681880564339254e-1,9.93096729643106246e-1,1.40674074630985100e1,7.16396626424044403e0,2.68850913753837517e-13,1.98271226666062546e2,-5.30491206518490799e-11
3887,1.63008266132358671e2,1.71340414713011455e2,8.03499921725594390e1,1.64783086789391775e0,3.19493054364433426e0,-9.87689931363548657e-1,9.92505150261000058e-1,1.40688255850291508e1,7.65818665557791078e0,2.36092395633491492e-13,1.98279189903541152e2,-1.53477230924181640e-11
3888,1.62880624031053458e2,1.71126584881084597e2,8.02857335079533385e1,1.63889831771021544e0,3.19202984260005662e0,-9.87698429369676001e-1,9.91873378298463004e-1,1.40705396724305754e1,8.15243729795096428e0,2.12217396433622696e-13,1.98287659897985407e2,-3.00275360132218339e-11
3889,1.62755855919462988e2,1.70914240500394357e2,8.02271579234387957e1,1.63008799436728524e0,3.18858684606558374e0,-9.87707371772868048e-1,9.91201508593822389e-1,1.40724698924870655e1,8.64671998439055223e0,1.84834786365328796e-13,1.98296632090916177e2,-4.10267375627881847e-11
3890,1.62634433547248648e2,1.70704159700101741e2,8.01747188746401918e1,1.62143670762502135e0,3.18464024286054537e0,-9.87716755627125909e-1,9.90489676566538524e-1,1.40745285222324288e1,9.14103647924210883e0,1.63995553248419412e-13,1.98306101673015405e2,-9.95328264252748340e-11
3891,1.62516722350774501e2,1.70496988597877305e2,8.01287687538760593e1,1.61297491851318298e0,3.18022897949994565e0,-9.87726577852949705e-1,9.89738055899401892e-1,1.40766233597460779e1,9.63538851673947327e0,1.51609627629945010e-13,1.98316063590022992e2,-8.58619841892505065e-11
3892,1.62402993174640415e2,1.70293253490072857e2,8.00895697706009599e1,1.60472725891663281e0,3.17539158280195100e0,-9.87736835240086597e-1,9.88946855907456568e-1,1.40786607152665617e1,1.01297777996304479e1,1.24292937053738228e-13,1.98326512548896346e2,-5.23243670613737777e-11
3893,1.62293434088507468e2,1.70093373497572259e2,8.00573049826888763e1,1.59671308970279480e0,3.17016562531895740e0,-9.87747524450375836e-1,9.88116318749470479e-1,1.40805479311155768e1,1.06242059978557162e1,1.16431170260611339e-13,1.98337443024220335e2,-4.71516159450402483e-11
3894,1.62188161861430103e2,1.69897673136231532e2,8.00320890536059011e1,1.58894707111660360e0,3.16458731814052197e0,-9.87758642020690081e-1,9.87246716605609920e-1,1.40821954200316828e1,1.11186747472831122e1,9.33246535606002681e-14,1.98348849264849321e2,-8.22524270915891975e-11
3895,1.62087232785800893e2,1.69706394423363150e2,8.00139784343135290e1,1.58143972523041310e0,3.15869121439236800e0,-9.87770184365963311e-1,9.86338348914810648e-1,1.40835182410334667e1,1.16131856484988223e1,7.77919395567039373e-14,1.98360725300781979e2,-9.08073616301408038e-12
3896,1.61990652653759639e2,1.69519708255261634e2,8.00029807746707604e1,1.57419797563558372e0,3.15251000673197490e0,-9.87782147782303888e-1,9.85391539738315836e-1,1.40844372515156433e1,1.21077402656570090e1,6.67729760372992587e-14,1.98373064950226791e2,-3.16759951601852663e-11
3897,1.61898385774310213e2,1.69337724888357940e2,7.99990634511268297e1,1.56722565416393533e0,3.14607440293043172e0,-9.87794528450187004e-1,9.84406635292652821e-1,1.40848798856571360e1,1.26023401253892100e1,5.14900622139435882e-14,1.98385861826874901e2,-6.37356833976809867e-11
3898,1.61810362991242130e2,1.69160503439716138e2,8.00021611667689001e1,1.56052396822693495e0,3.13941306494333139e0,-9.87807322437719293e-1,9.83384001678021979e-1,1.40847806142100307e1,1.30969867157748094e1,3.94545507376165006e-14,1.98399109347341863e2,-7.22621962268021889e-11
3899,1.61726488708095133e2,1.68988060378614051e2,8.00121826245238736e1,1.55409192536537244e0,3.13255259844961564e0,-9.87820525703971830e-1,9.82324022812590569e-1,1.40840811410754672e1,1.35916814853734476e1,2.80782341821605996e-14,1.98412800738781186e2,-5.59481350137502886e-11
3900,1.61646646962868175e2,1.68820377026025739e2,8.00290163098800491e1,1.54792671391802972e0,3.12551758152610981e0,-9.87834134102378525e-1,9.81227098573104972e-1,1.40827303892354259e1,1.40864258423203328e1,2.44006204130897686e-14,1.98426929046630761e2,-1.14681597551680170e-11
3901,1.61570706617477867e2,1.68657406108350159e2,8.00525354414605914e1,1.54202404042342689e0,3.11833062279493634e0,-9.87848143384188138e-1,9.80093643134497206e-1,1.40806843238171773e1,1.45812211534852505e1,1.26079702233994340e-14,1.98441487142513580e2,-4.61142235508305021e-11
3902,1.61498525739142849e2,1.68499077429841122e2,8.00826021600423559e1,1.53637842556884596e0,3.11101244095480345e0,-9.87862549201972362e-1,9.78924083495845365e-1,1.40779056542394567e1,1.50760687436956697e1,5.62050406216485499e-16,1.98456467732230749e2,-1.26902932606753893e-11
3903,1.61429955258867892e2,1.68345302741027155e2,8.01190710348050885e1,1.53098346129898411e0,3.10358195904751843e0,-9.87877347113179205e-1,9.77718858177855421e-1,1.40743634512192788e1,1.55709698950245095e1,-4.98212582300538998e-15,1.98471863363882989e2,-8.41993141875718720e-11
3904,1.61545538519176262e2,1.68600916117185221e2,8.01049886189020839e1,1.53876076702306164e0,-3.10094553884644375e0,-9.87824473444796403e-1,9.76570109653030927e-1,1.45743184464992250e1,-1.55715317414775871e1,-1.53210777398271603e-14,2.12659412214977891e2,-3.47171180692384951e-11
3905,1.61617511835948903e2,1.68757566374630301e2,8.00709028407040222e1,1.54459267263312761e0,-3.10781384818841433e0,-9.87811594368069423e-1,9.77777327601083712e-1,1.45769371889386417e1,-1.50766157965838037e1,-5.39152056333591645e-15,2.12643002459191820e2,-7.49338369132601656e-11
3906,1.61692970944543788e2,1.68918320375406836e2,8.00433027568758462e1,1.55066728271887411e0,-3.11451557423249925e0,-9.87799125817472312e-1,9.78948905410430781e-1,1.45787860333977779e1,-1.45817531402440075e1,1.40859546249316736e-15,2.12627035260377170e2,-7.14948100721812807e-11
3907,1.61772001120588470e2,1.69083165670243972e2,8.00223006175971392e1,1.55698610332339960e0,-3.12102820186174279e0,-9.87787071744038236e-1,9.80084390787684612e-1,1.45799085533168125e1,-1.40869424959233385e1,1.42108547152020037e-14,2.12611518546312965e2,-3.38502559316111729e-11
3908,1.61854668407908491e2,1.69252056647288384e2,8.00079920095259922e1,1.56354890315450445e0,-3.12732748877539324e0,-9.87775435988487271e-1,9.81183342686481441e-1,1.45803557672666173e1,-1.35921825446293134e1,2.33771335622634524e-14,2.12596460076800469e2,-7.44790895623737015e-11
3909,1.61941014463790282e2,1.69424908133000997e2,8.00004509751586852e1,1.57035337944416864e0,-3.13338746188273332e0,-9.87764222277955461e-1,9.82245332833177276e-1,1.45801863447169850e1,-1.30974719256207521e1,3.14921699828829560e-14,2.12581867435053027e2,-9.21147602639393881e-11
3910,1.62031050672282475e2,1.69601588244014749e2,7.99997243986638722e1,1.57739478963123059e0,-3.13918045018625769e0,-9.87753434222799709e-1,9.83269947465466920e-1,1.45794666453777815e1,-1.26028092371806846e1,4.29101199017623003e-14,2.12567748019193232e2,-6.56399379295180552e-11
3911,1.62124751509734665e2,1.69781910501020832e2,8.00058256334551317e1,1.58466555086798988e0,-3.14467716358617100e0,-9.87743075313471053e-1,9.84256789296661494e-1,1.45782705445948828e1,-1.21081930374528977e1,5.56880930258074613e-14,2.12554109033879712e2,-1.73372427525464445e-11
3912,1.62222047179511492e2,1.69965625256242419e2,8.00187273769968783e1,1.59215481141583637e0,-3.14984682821879058e0,-9.87733148917473769e-1,9.85205479712389920e-1,1.45766789933795149e1,-1.16136218453415285e1,7.32816585191642389e-14,2.12540957482067824e2,-6.36788399788201787e-11
3913,1.62322815574846175e2,1.70152410536763711e2,8.00383538376957375e1,1.59984800059397614e0,-3.15465738995988243e0,-9.87723658276409289e-1,9.86115661196284576e-1,1.45747792600222983e1,-1.11190941414730435e1,9.10452269131667435e-14,2.12528300156933796e2,-7.96802623881376348e-11
3914,1.62426873686689191e2,1.70341862473422680e2,8.00645722937163811e1,1.60772636712462935e0,-3.15907579844253572e0,-9.87714606503108272e-1,9.86986999968504919e-1,1.45726638020826122e1,-1.06246083692195974e1,9.63187862801362371e-14,2.12516143633971183e2,-7.32853777662967332e-11
3915,1.62533968641732258e2,1.70533485563248632e2,8.00971842091165769e1,1.61576651946004768e0,-3.16306838415589864e0,-9.87705996578860490e-1,9.87819188802653958e-1,1.45704287242557573e1,-1.01301629357829199e1,1.21565951749502688e-13,2.12504494263273386e2,-5.07469621879863553e-11
3916,1.62643768643097530e2,1.70726683110702680e2,8.01359161572936785e1,1.62393998593935418e0,-3.16660134068370347e0,-9.87697831350744293e-1,9.88611949965663261e-1,1.45681717907270283e1,-9.63575621333741594e0,1.33400235302616466e-13,2.12493358162023497e2,-2.47979414780274965e-11
3917,1.62755854183858446e2,1.70920748299843552e2,8.01804108973934717e1,1.63221281724984735e0,-3.16964132261883780e0,-9.87690113529060443e-1,9.89365038199598534e-1,1.45659899816164362e1,-9.14138654023116537e0,1.57887591889505075e-13,2.12482741207205578e2,-3.19744231092045084e-11
3918,1.62869710011655116e2,1.71114856465036667e2,8.02302190562202497e1,1.64054525842052268e0,-3.17215616685020274e0,-9.87682845684873523e-1,9.90078243635019062e-1,1.45639766132031330e1,-8.64705222224335834e0,1.74854922208034225e-13,2.12472649028547352e2,-5.04343233842519112e-11
3919,1.62984718433853004e2,1.71308059243479164e2,8.02847919796730878e1,1.64889152208228240e0,-3.17411574044814948e0,-9.87676030247670589e-1,9.90751394495396731e-1,1.45622180813472326e1,-8.15275153389650775e0,2.05311462275759027e-13,2.12463087001724574e2,-5.76960701437201351e-11
3920,1.63100154655902486e2,1.71499281396033837e2,8.03434764230857752e1,1.65719969847475834e0,-3.17549291200048156e0,-9.87669669503134506e-1,9.91384359421451089e-1,1.45607903363348079e1,-7.65848271982162654e0,2.20528456607027579e-13,2.12454060241806985e2,-5.41859890290652402e-11
3921,1.63215184928093493e2,1.71687321159446640e2,8.04055118370618374e1,1.66541184001570874e0,-3.17626463480046883e0,-9.87663765591038301e-1,9.91977049218512152e-1,1.45597552530681806e1,-7.16424399617446728e0,2.52808191048004005e-13,2.12445573597019575e2,-8.44693204271607101e-11
3922,1.63328868319383588e2,1.71870855022994164e2,8.04700310563888905e1,1.67346425840764645e0,-3.17641311976714835e0,-9.87658320503267184e-1,9.92529417811582548e-1,1.45591571187666542e1,-6.67003355210065774e0,2.80512592321091603e-13,2.12437631642756628e2,-1.95683469428331591e-11
3923,1.63440162923459326e2,1.72048447786713893e2,8.05360651968364039e1,1.68128806942202447e0,-3.17592706366731869e0,-9.87653336081967592e-1,9.93041462188575585e-1,1.45590195143648611e1,-6.17584955124768964e0,3.12618854414470349e-13,2.12430238675931292e2,-4.62705429526977241e-11
3924,1.63547937206128552e2,1.72218568630147672e2,8.06025534825776901e1,1.68881001388602647e0,-3.17480288474895911e0,-9.87648814017829113e-1,9.93513221124702750e-1,1.45593429063911834e1,-5.68169013332117423e0,3.48484262280290835e-13,2.12423398709628884e2,-9.48290335145429708e-11
3925,1.63650987018377577e2,1.72379613693940172e2,8.06683585588396426e1,1.69595357243495681e0,-3.17304590438417211e0,-9.87644755848500644e-1,9.93944772518254416e-1,1.45601032823286065e1,-5.18755341568311135e0,3.92634709467376553e-13,2.12417115468092675e2,-8.64162075231433846e-11
3926,1.63748058502907554e2,1.72529935329474768e2,8.07322875665554989e1,1.70264037602426566e0,-3.17067140128741398e0,-9.87641162957146213e-1,9.94336229229305535e-1,1.45612521430076782e1,-4.69343749498945328e0,4.42678012302355484e-13,2.12411392382052469e2,-4.73647787657682784e-11
3927,1.63837876727077003e2,1.72667877720013962e2,8.07931188799159798e1,1.70879189435682344e0,-3.16770545627103495e0,-9.87638036571140021e-1,9.94687733401257601e-1,1.45627181010638811e1,-4.19934044886427227e0,5.04607640394727497e-13,2.12406232584400698e2,-9.57527390710311010e-11
3928,1.63919179395498702e2,1.72791818037869717e2,8.08496339455081880e1,1.71433136127534125e0,-3.16418550246463592e0,-9.87635377760906930e-1,9.94999449355689403e-1,1.45644102203239729e1,-3.70526033760773865e0,5.87119762529564326e-13,2.12401638906234950e2,-3.26281224261038005e-11
3929,1.63990754471991607e2,1.72900211722127068e2,8.09006531517075445e1,1.71918587159657421e0,-3.16016050049370056e0,-9.87633187438904381e-1,9.95271555276762476e-1,1.45662230703568998e1,-3.21119520593501395e0,7.29283603992381124e-13,2.12397613873268199e2,-5.30633315065642819e-11
3930,1.64051480019963662e2,1.72991639893220878e2,8.09450741437464814e1,1.72328856032277811e0,-3.15569067177621587e0,-9.87631466358756538e-1,9.95504234029118917e-1,1.45680432765299468e1,-2.71714308474301447e0,9.70199615091260625e-13,2.12394159702616179e2,-3.70050656783860177e-11
3931,1.64100364136674273e2,1.73064856454766812e2,8.09819105649258404e1,1.72658075571478054e0,-3.15084674634865758e0,-9.87630215114532861e-1,9.95697663569841351e-1,1.45697571423392933e1,-2.22310199290198796e0,1.32374981202248998e-12,2.12391278299962067e2,-7.82449660619022325e-11
3932,1.64136582560824650e2,1.73118832125603063e2,8.10103288976279856e1,1.72901398542873252e0,-3.14570871352924852e0,-9.87629434140179452e-1,9.95852007501244363e-1,1.45712587392706752e1,-1.72906993906874562e0,1.75940945840169505e-12,2.12388971257112786e2,-5.73407987758400850e-11
3933,1.64159511456846701e2,1.73152792582507374e2,8.10296809805622331e1,1.73055171254311690e0,-3.14036410173446612e0,-9.87629123709100387e-1,9.95967406354408946e-1,1.45724577346001052e1,-1.23504492351831807e0,2.07967445890223923e-12,2.12387239849950390e2,-7.45785655453801155e-11
3934,1.64168753044772160e2,1.73166248099446307e2,8.10395299143876287e1,1.73117068747910063e0,-3.13490585383902509e0,-9.87629283933892599e-1,9.96043970180728877e-1,1.45732861893872538e1,-7.41024939990770570e-1,1.61272083469728156e-12,2.12386085036725234e2,-7.42375050322152674e-11
3935,1.64164152171994090e2,1.73159012561371298e2,8.10396674591024890e1,1.73086182277452116e0,-3.12942990160214496e0,-9.87629914766230410e-1,9.96081772959678924e-1,1.45737036248908929e1,-2.47007977549857205e-1,1.85645549700594846e-12,2.12385507457320358e2,-7.51612105887033977e-11
3936,1.64145802566849227e2,1.73131210458783954e2,8.10301216308196643e1,1.72963052885279644e0,3.15915273545293962e0,-9.87631015996906725e-1,9.96080849198913043e-1,1.45736998243672318e1,2.47007977549857233e-1,1.88969603955372028e-12,2.12385507431582965e2,-8.38298319649766199e-11
3937,1.64114042310401373e2,1.73083271362641767e2,8.10111539658770425e1,1.72749648717384496e0,3.16437733442609703e0,-9.87632587256023875e-1,9.96041192949112864e-1,1.45732950872616325e1,7.41024939990770570e-1,1.63665897512117048e-12,2.12386084959506746e2,-1.70530256582424045e-12
3938,1.64069438914936768e2,1.73015912331428751e2,8.09832467400511007e1,1.72449287811651075e0,3.16933979351321637e0,-9.87634628013337013e-1,9.95962759254745866e-1,1.45725379447307564e1,1.23504492351831807e0,2.14790460265935901e-12,2.12387239721308305e2,-8.51230197440600023e-11
3939,1.64012765194026542e2,1.72930109591934780e2,8.09470812057232223e1,1.72066511978610914e0,3.17395761555700995e0,-9.87637137578752489e-1,9.95845467878923696e-1,1.45715006320665541e1,1.72906993906874584e0,1.72467319288840959e-12,2.12388971077087746e2,-7.62554464017739519e-11
3940,1.63944967765874992e2,1.72827061570448905e2,8.09035085570946109e1,1.71606920625227333e0,3.17815704755370287e0,-9.87640115102972005e-1,9.95689208983590146e-1,1.45702728489260771e1,2.22310199290198796e0,1.30658992739812740e-12,2.12391278068679213e2,-6.49720277579035610e-11
3941,1.63867130461598919e2,1.72708145837525450e2,8.08535157642842108e1,1.71076975613733473e0,3.18187445782067835e0,-9.87643559578290975e-1,9.95493850305709360e-1,1.45689544880139259e1,2.71714308474301447e0,9.49058756929965774e-13,2.12394159420200822e2,-7.50617346056969836e-11
3942,1.63780435097788086e2,1.72574872748502457e2,8.07981886190745087e1,1.70483789329529278e0,3.18505722241403832e0,-9.87647469839541992e-1,9.95259245313564578e-1,1.45676480621555164e1,3.21119520593501440e0,7.11859390878366582e-13,2.12397613539878762e2,-4.89990270580165088e-11
3943,1.63686122009687296e2,1.72428838504718783e2,8.07386742928389083e1,1.69834908052454892e0,3.18766412377299080e0,-9.87651844565186954e-1,9.94985241799363096e-1,1.45664515118938063e1,3.70526033760773821e0,5.75278106401677647e-13,2.12401638522057880e2,-2.36326513913809322e-11
3944,1.63585452470654985e2,1.72271680072276439e2,8.06761454636549615e1,1.69138101636679394e0,3.18966529780451813e0,-9.87656682278551301e-1,9.94671690398820085e-1,1.45654519516377494e1,4.19934044886427138e0,4.92900425336229020e-13,2.12406232149649867e2,-1.54045665112789720e-11
3945,1.63479674706233425e2,1.72105033941967974e2,8.06117676809288497e1,1.68401168664557987e0,3.19104179070506211e0,-9.87661981349203910e-1,9.94318452598563107e-1,1.45647207415649582e1,4.69343749498945417e0,4.33141803674041981e-13,2.12411391896970230e2,-6.22435436525847763e-12
3946,1.63369994713227698e2,1.71930500167334515e2,8.05466711654132297e1,1.67631763955488933e0,3.19178480250227548e0,-9.87667739994471439e-1,9.93925407888756829e-1,1.45643100868019673e1,5.18755341568311223e0,3.80864610682873916e-13,2.12417114932947527e2,-9.26831944525474682e-11
3947,1.63257552582378224e2,1.71749612550623908e2,8.04819277545583560e1,1.66837252884591525e0,3.19189470080651105e0,-9.87673956281095999e-1,9.93492459826408769e-1,1.45642511923498219e1,5.68169013332117423e0,3.43335603003591672e-13,2.12423398124717465e2,-6.26840801487560384e-11
3948,1.63143404555276419e2,1.71563815321956127e2,8.04185332537742426e1,1.66024594655023727e0,3.19137988689612895e0,-9.87680628127021398e-1,9.93019540882092100e-1,1.45645538610837324e1,6.17584955124769053e0,3.06249817172421501e-13,2.12430238041576189e2,-3.42623707183520310e-11
3949,1.63028510649169107e2,1.71374446206839622e2,8.03573950701855182e1,1.65200254655915058e0,3.19025558894161776e0,-9.87687753303312821e-1,9.92506616038321132e-1,1.45652073228409069e1,6.67003355210065951e0,2.72804348555588660e-13,2.12437630959305437e2,-4.56736870546592399e-11
3950,1.62913727390808901e2,1.71182725438207541e2,8.02993247200608380e1,1.64370144437737165e0,3.18854264602410975e0,-9.87695329436203417e-1,9.91953685186724332e-1,1.45661820265556248e1,7.16424399617446728e0,2.44497130874599122e-13,2.12445572864849680e2,-3.32249783241422847e-11
3951,1.62799805002880163e2,1.70989750033481272e2,8.02450346057980823e1,1.63539586684666016e0,3.18626633357847355e0,-9.87703354009264123e-1,9.91360784429221154e-1,1.45674321098310777e1,7.65848271982162743e0,2.17085030507213617e-13,2.12454059461316888e2,-6.06803496339125559e-12
3952,1.62687388282837588e2,1.70796492524693093e2,8.01951383529757464e1,1.62713301844438574e0,3.18345526760059228e0,-9.87711824365693269e-1,9.90727986426014562e-1,1.45688982728638532e1,8.15275153389650775e0,1.97737659579644287e-13,2.12463086173340230e2,-5.37880850970395841e-11
3953,1.62577020387775889e2,1.70603803283618163e2,8.01501539672568981e1,1.61895412736428823e0,3.18014041256623914e0,-9.87720737710723551e-1,9.90055399952476045e-1,1.45705108166206632e1,8.64705222224335657e0,1.74981557021780532e-13,2.12472648152718534e2,-8.33750846140901558e-11
3954,1.62469148771756693e2,1.70412415604925201e2,8.01105090974750880e1,1.61089463424295287e0,3.17635420724026529e0,-9.87730091114137232e-1,9.89343168831346431e-1,1.45721926495080218e1,9.14138654023116715e0,1.56288176844654458e-13,2.12482740284404230e2,-4.49631443188991398e-11
3955,1.62364132592114061e2,1.70222952775420879e2,8.00765477543315285e1,1.60298448830177276e0,3.17212981375478664e0,-9.87739881512891937e-1,9.88591470398877181e-1,1.45738621149067118e1,9.63575621333741417e0,1.34369945725687501e-13,2.12493357192746231e2,-4.67537120130145922e-12
3956,1.62262250996446653e2,1.70035936453003814e2,8.00485379221818931e1,1.59524851908329324e0,3.16750048857180921e0,-9.87750105713848248e-1,9.87800513648633971e-1,1.45754355383358494e1,1.01301629357829199e1,1.09166148343220470e-13,2.12504493248037960e2,-6.24709173280280083e-11
3957,1.62163711805765871e2,1.69851795786946724e2,8.00266795984563117e1,1.58770685621564400e0,3.16249906908444833e0,-9.87760760396593329e-1,9.86970537176928620e-1,1.45768294340911666e1,1.06246083692195992e1,1.02352154529583572e-13,2.12516142573319996e2,-3.02691205433802679e-12
3958,1.62068660213914029e2,1.69670876822721766e2,8.00111128939227711e1,1.58037537422467045e0,3.15715756640915934e0,-9.87771842116360155e-1,9.86101807032920386e-1,1.45779623451297251e1,1.11190941414730453e1,7.98493215992124306e-14,2.12528299051426728e2,-5.43138867215020582e-11
3959,1.61977187214678509e2,1.69493451834259815e2,8.00019259134588907e1,1.57326614393110975e0,3.15150685307253697e0,-9.87783347307035098e-1,9.85194614554015580e-1,1.45787563162006855e1,1.16136218453415285e1,6.99509894452887693e-14,2.12540956332289028e2,-9.51274614635622129e-11
3960,1.61889337557669307e2,1.69319728325423398e2,7.99991622223660528e1,1.56638787619683306e0,3.14557643352348704e0,-9.87795272284247794e-1,9.84249274248781947e-1,1.45791380190894238e1,1.21081930374528959e1,5.53758428001316361e-14,2.12554107840431186e2,-5.69571056985296309e-11
3961,1.61805117100191694e2,1.69149857517743584e2,8.00028277664708156e1,1.55974634752053176e0,3.13939428539696852e0,-9.87807613248537941e-1,9.83266121771192547e-1,1.45790395612497470e1,1.26028092371806864e1,4.29448143712818364e-14,2.12567746782696702e2,-3.33102434524334967e-11
3962,1.61724499480952943e2,1.68983942208877238e2,8.00128971704853598e1,1.55334480019283183e0,3.13298676000252874e0,-9.87820366288600371e-1,9.82245512015279321e-1,1.45783990161602759e1,1.30974719256207539e1,3.09682834931379602e-14,2.12581866156147669e2,-7.54312168282922357e-11
3963,1.61647432086163690e2,1.68822043939011110e2,8.00293193822075182e1,1.54718431237422038e0,3.12637853140517175e0,-9.87833527384592180e-1,9.81187817347574431e-1,1.45771607166553050e1,1.35921825446293152e1,2.00117700188684466e-14,2.12596458756144358e2,-4.51763071396271698e-11
3964,1.61573841311836532e2,1.68664189442872839e2,8.00520226623316233e1,1.54126413558429975e0,3.11959258455383415e0,-9.87847092411504368e-1,9.80093425985343547e-1,1.45752753523452157e1,1.40869424959233385e1,1.00960906301850173e-14,2.12611517184580180e2,-9.62927515502087772e-11
3965,1.61503637147172242e2,1.68510376392305176e2,8.00809189402665709e1,1.53558199873262113e0,3.11265023407585995e0,-9.87861057142595089e-1,9.78962740520420205e-1,1.45726999100182955e1,1.45817531402440093e1,4.35762537165373942e-15,2.12627033858258670e2,-9.77564695858745836e-11
3966,1.61436717123455509e2,1.68360578459236450e2,8.01159075754804917e1,1.53013437906211136e0,3.10557116653146226e0,-9.87875417252867871e-1,9.77796176585021382e-1,1.45693974923934508e1,1.50766157965838090e1,-4.40619762898109002e-15,2.12643001017393345e2,-8.51798631629208103e-11
3967,1.61372969678407969e2,1.68214749738770109e2,8.01568785696127009e1,1.52491674124963916e0,3.09837350002716416e0,-9.87890168322602236e-1,9.76594161650739423e-1,1.45653370463742657e1,1.55715317414775871e1,-1.60704782814491409e-14,2.12659410734219648e2,-9.58380041993223131e-11
3968,1.61478449197466773e2,1.68451769718463822e2,8.01436520246344060e1,1.53202332994402846e0,-3.09533639439692987e0,-9.87837906417864620e-1,9.75405637083974764e-1,1.50656518100842778e1,-1.55721098914669440e1,-1.64382396583562240e-14,2.27338249388749716e2,-2.05488959181820974e-11
3969,1.61544840674460033e2,1.68599413512732724e2,8.01046468367236173e1,1.53761976804752543e0,-3.10197868834229640e0,-9.87825069946528078e-1,9.76609325041179921e-1,1.50688684279167724e1,-1.50771787171692555e1,-8.47238945667072585e-15,2.27320801847599881e2,-6.97610857969266362e-11
3970,1.61614241062876147e2,1.68750538672289878e2,8.00716751732689858e1,1.54343479715196463e0,-3.10845239053054589e0,-9.87812642731143886e-1,9.77777590625749760e-1,1.50713241696444697e1,-1.45823005514927804e1,-1.17961196366422882e-15,2.27303825046165912e2,-8.45261638460215181e-11
3971,1.61686701810455304e2,1.68905097004610894e2,8.00448156850655863e1,1.54946818901599070e0,-3.11473649593488666e0,-9.87800628701387406e-1,9.78909993448090265e-1,1.50730615275467681e1,-1.40874741235978451e1,7.79237785408781747e-15,2.27287327397179695e2,-8.76383410286507569e-11
3972,1.61762255074331620e2,1.69063008091579718e2,8.00241300174742207e1,1.55571799594031468e0,-3.12080856842168286e0,-9.87789031677142826e-1,9.80006104668652567e-1,1.50741296262423088e1,-1.35926981204916455e1,1.69760039359090342e-14,2.27271317134897316e2,-8.34603497423813678e-11
3973,1.61840909295082866e2,1.69224153836174025e2,8.00096585957697926e1,1.56218025675487548e0,-3.12664476899482624e0,-9.87777855365260082e-1,9.81065508379241447e-1,1.50745843041499370e1,-1.30979711877335969e1,2.44491926704171192e-14,2.27255802305982996e2,-5.07469621879863553e-11
3974,1.61922644234979686e2,1.69388372481526631e2,8.00014158661941792e1,1.56884867799230365e0,-3.13221991956351298e0,-9.87767103356376741e-1,9.82087803148201433e-1,1.50744880359715765e1,-1.26032919302042625e1,3.78655440336217453e-14,2.27240790760505263e2,-4.51478854301967658e-11
3975,1.62007405491907321e2,1.69555452139875541e2,7.99993849958339780e1,1.57571429320130818e0,-3.13750761006308476e0,-9.87756779121822137e-1,9.83072603734607808e-1,1.50739096581200158e1,-1.21086589129372246e1,5.19376208707456044e-14,2.27226290143063409e2,-5.95861138208420016e-11
3976,1.62095098529676960e2,1.69725123904465164e2,8.00035120617684612e1,1.58276510519523339e0,-3.14248035747261945e0,-9.87746886010596237e-1,9.84019542970696715e-1,1.50729238575826958e1,-1.16140706620135532e1,5.31727439856410911e-14,2.27212307884067144e2,-7.18927140042069368e-11
3977,1.62185582301688385e2,1.69897054660555369e2,8.00136997942110071e1,1.58998571826413948e0,-3.14710982577520726e0,-9.87737427246433874e-1,9.84928273802820775e-1,1.50716103855516756e1,-1.11195256655179264e1,7.45653538913870761e-14,2.27198851191182143e2,-7.64117658036411740e-11
3978,1.62278662591152994e2,1.70070839765182853e2,8.00298009826185819e1,1.59735697000962729e0,-3.15136711607672559e0,-9.87728405924962360e-1,9.85798471469962245e-1,1.50700529611670451e1,-1.06250223745557388e1,8.84292639113937184e-14,2.27185927040958006e2,-5.42286215932108462e-11
3979,1.62374085246747313e2,1.70245995828215314e2,8.00516117075424489e1,1.60485557545282176e0,-3.15522313578305535e0,-9.87719825010949903e-1,9.86629835785234111e-1,1.50683378389043376e1,-1.01305592043299946e1,1.05412206741206660e-13,2.27173542170659232e2,-4.61426452602609061e-11
3980,1.62471529556159169e2,1.70421953897657517e2,8.00788646230839163e1,1.61245379933168165e0,-3.15864905475269309e0,-9.87711687335657507e-1,9.87422093468598772e-1,1.50665520264694806e1,-9.63613453527706021e0,1.24369264886681208e-13,2.27161703070313393e2,-4.65689709017169662e-11
3981,1.62570602071281002e2,1.70598053429200121e2,8.01112225851523903e1,1.62011917589930787e0,-3.16161685449804075e0,-9.87703995594290007e-1,9.88175000460514541e-1,1.50647811593797645e1,-9.14174671425955943e0,1.41879563653191099e-13,2.27150415974990153e2,-2.80948597719543613e-11
3982,1.62670831272023690e2,1.70773537497122391e2,8.01482729939151000e1,1.62781429882839856e0,-3.16409997359729189e0,-9.87696752343559137e-1,9.88888344125392948e-1,1.50631070641826756e1,-8.64739405581534903e0,1.62128990788268368e-13,2.27139686857333004e2,-3.39497319146175869e-11
3983,1.62771663526392103e2,1.70947549775427063e2,8.01895232906601905e1,1.63549670670607794e0,-3.16607404832036998e0,-9.87689959999358824e-1,9.89561945232865670e-1,1.50616050743493393e1,-8.15307484346067390e0,1.85662249463369733e-13,2.27129521420357435e2,-5.78808112550177611e-11
3984,1.62872460865372091e2,1.71119133876291187e2,8.02343981129097017e1,1.64311889166424874e0,-3.16751774193756530e0,-9.87683620834555964e-1,9.90195659585895616e-1,1.50603412002021955e1,-7.65878733104573151e0,2.10883394080596531e-13,2.27119925090525982e2,-4.68531879960210063e-11
3985,1.62972501130448762e2,1.71287235664576087e2,8.02822386554962719e1,1.65062845944409209e0,-3.16841364923633639e0,-9.87677736976901421e-1,9.90789379149488836e-1,1.50593692944937398e1,-7.16452974416091593e0,2.37585992546307523e-13,2.27110903011123867e2,-5.12443421030184254e-11
3986,1.63070981058250652e2,1.71450709160342171e2,8.03323047987122862e1,1.65796846810554621e0,-3.16874925454324208e0,-9.87672310407067600e-1,9.91343032525581092e-1,1.50587283946727162e1,-6.67030028159144717e0,2.63302400715925700e-13,2.27102460035940709e2,-9.41042799240676686e-11
3987,1.63167022829833371e2,1.71608326584264091e2,8.03837805365043749e1,1.66507796913288075e0,-3.16851791236792035e0,-9.87667342956812022e-1,9.91856584622079374e-1,1.50584404561624723e1,-6.17609711681833851e0,2.93545569796105354e-13,2.27094600723272436e2,-2.79527512248023413e-11
3988,1.63259684518364850e2,1.71758792980120859e2,8.04357831548422126e1,1.67189276839541412e0,-3.16771981023993376e0,-9.87662836307271919e-1,9.92330035379634157e-1,1.50585087115479475e1,-5.68191839956330380e0,3.32307098505069121e-13,2.27087329330274656e2,-7.95807864051312208e-12
3989,1.63347974707776928e2,1.71900765653735476e2,8.04873764617596237e1,1.67834641501375526e0,-3.16636286426866409e0,-9.87658791987393370e-1,9.92763417450795660e-1,1.50589168911818785e1,-5.18776225737519514e0,3.70044273001468582e-13,2.27080649807645131e2,-4.61142235508305021e-11
3990,1.63430871331729008e2,1.72032878405539122e2,8.05375881605670543e1,1.68437141368460463e0,-3.16446349056767895e0,-9.87655211372499897e-1,9.93156792775534258e-1,1.50596295145953860e1,-4.69362679725538090e0,4.22152764134597902e-13,2.27074565794684247e2,-3.75024455934180878e-11
3991,1.63507344492619438e2,1.72153770201863466e2,8.05854311811724529e1,1.68990064081465197e0,-3.16204719126869094e0,-9.87652095682995945e-1,9.93510248061768353e-1,1.50605934044400769e1,-4.19951010731937213e0,4.85824921958588618e-13,2.27069080614714750e2,-4.60289584225392900e-11
3992,1.63576382686383198e2,1.72262117553172118e2,8.06299284617785048e1,1.69486892780004594e0,-3.15914889378587738e0,-9.87649445983216245e-1,9.93823889258221849e-1,1.50617404844752176e1,-3.70541025849193417e0,5.79530781003034789e-13,2.27064197270894880e2,-9.75717284745769575e-11
3993,1.63637021508609848e2,1.72356669477708323e2,8.06701403309639034e1,1.69921475733829541e0,-3.15581298747431660e0,-9.87647263180418622e-1,9.94097835193290424e-1,1.50629918046934108e1,-3.21132530623278045e0,7.25266418102887833e-13,2.27059918442417398e2,-3.12070369545836002e-11
3994,1.63688373584778958e2,1.72436283564290932e2,8.07051933106519073e1,1.70288200256151012e0,-3.15209301360091887e0,-9.87645548023921460e-1,9.94332210639421010e-1,1.50642626007448523e1,-2.71725329228988688e0,9.84721635829965969e-13,2.27056246481111430e2,-5.15001374878920615e-11
3995,1.63729658193747184e2,1.72499961354064425e2,8.07343088840134442e1,1.70582162607452648e0,-3.14805098264270233e0,-9.87644301104391276e-1,9.94527139137218685e-1,1.50654680581060756e1,-2.22319224647737812e0,1.31942644743948678e-12,2.27053183408422854e2,-4.91695573145989329e-12
3996,1.63760228892677674e2,1.72546881095315513e2,8.07568306017163451e1,1.70799324871021763e0,-3.14375631645160603e0,-9.87643522853275502e-1,9.94682735968981713e-1,1.50665293348509941e1,-1.72914018847483808e0,1.78966401160468580e-12,2.27050730912878237e2,-3.26849658449646086e-12
3997,1.63779597421494060e2,1.72576425908302070e2,8.07722478536438757e1,1.70936649758974779e0,-3.13928443988167727e0,-9.87643213542390708e-1,9.94799101694147425e-1,1.50673793219768672e1,-1.23509512964487667e0,2.00186500948044965e-12,2.27048890347821896e2,-3.07238678942667320e-11
3998,1.63787452305878247e2,1.72588205569531368e2,8.07802147521573062e1,1.70992205088343252e0,-3.13471507431619356e0,-9.87643373283655812e-1,9.94876316649116132e-1,1.50679676047502458e1,-7.41055074865697883e-1,1.56665610660192828e-12,2.27047662729759082e2,-5.39301936441916041e-11
3999,1.63783670874413389e2,1.72582070470086990e2,8.07805628436931187e1,1.70965231243438276e0,-3.13013031088715810e0,-9.87644002028981394e-1,9.94914436762579069e-1,1.50682641416885161e1,-2.47018024375390471e-1,1.81610723333535447e-12,2.27047048737413888e2,-4.41957581642782316e-11
4000,1.63768323843968801e2,1.72558116803410513e2,8.07733067763649757e1,1.70856167201671227e0,3.15757274639249319e0,-9.87645099570307106e-1,9.94913490948681978e-1,1.50682612971925458e1,2.47018024375390471e-1,1.82840443055853809e-12,2.27047048710048330e2,-6.84821088725584559e-11
4001,1.63741672157210616e2,1.72516682638422679e2,8.07586425560620000e1,1.70666633428136727e0,3.16194281593494253e0,-9.87646665539793300e-1,9.94873480238081864e-1,1.50679740349938243e1,7.41055074865697772e-1,1.58832314163005750e-12,2.27047662647678266e2,-2.60058641288196668e-12
4002,1.63704156324538133e2,1.72458335175302665e2,8.07369385692839074e1,1.70399372853461162e0,3.16608825030049745e0,-9.87648699410161979e-1,9.94794378668982238e-1,1.50674382771776862e1,1.23509512964487644e0,2.04516975186794236e-12,2.27048890211072603e2,-2.04778416446060874e-11
4003,1.63656379054017691e2,1.72383850081093044e2,8.07087200675539407e1,1.70058153920229405e0,3.16993757998623549e0,-9.87651200495188841e-1,9.94676135837744502e-1,1.50667076281063945e1,1.72914018847483830e0,1.75971298079988236e-12,2.27050730721517340e2,-5.36459765498875640e-11
4004,1.63599082400806537e2,1.72294184308532095e2,8.06746482491897012e1,1.69647642024986256e0,3.17342631410292597e0,-9.87654167950345663e-1,9.94518680901427143e-1,1.50658488249140081e1,2.22319224647737812e0,1.31054791584900299e-12,2.27053183162576062e2,-3.62234686690499075e-11
4005,1.63533120975012139e2,1.72190444152593926e2,8.06354953815279885e1,1.69173247366568247e0,3.17649809619542900e0,-9.87657600773588884e-1,9.94321927723095467e-1,1.50649363840990329e1,2.71725329228988688e0,9.61438394175839761e-13,2.27056246180909540e2,-1.80335746335913427e-11
4006,1.63459432897054711e2,1.72073850475302493e2,8.05921175662039388e1,1.68640958111237715e0,3.17910549112730223e0,-9.87661497806299749e-1,9.94085780807006270e-1,1.50640469565252140e1,3.21132530623278001e0,7.11548658535732237e-13,2.27059918088031509e2,-8.99831320566590875e-11
4007,1.63379010180609271e2,1.71945703028418023e2,8.05454267550182692e1,1.68057167883476999e0,3.18121039908168335e0,-9.87665857734363550e-1,9.93810141644853706e-1,1.50632538811377898e1,3.70541025849193328e0,5.71915778624365601e-13,2.27064196862522607e2,-6.12487838225206360e-11
4008,1.63292870074777966e2,1.71807345646367054e2,8.04963634939352204e1,1.67428505970153108e0,3.18278411705808351e0,-9.87670679089397874e-1,9.93494915108424914e-1,1.50626223524328147e1,4.19951010731937213e0,4.73644127391148473e-13,2.27069080152580796e2,-7.18216597306309268e-11
4009,1.63202028638225784e2,1.71660133799991939e2,8.04458716340842130e1,1.66761677440475764e0,3.18380708752687891e0,-9.87675960250118501e-1,9.93140015564967227e-1,1.50622055059821651e1,4.69362679725538001e0,4.10550499846396022e-13,2.27074565279046681e2,-6.02113914283108898e-11
4010,1.63107477502983443e2,1.71505405653711023e2,8.03948759531499633e1,1.66063318834657547e0,3.18426838705536408e0,-9.87681699443845318e-1,9.92745372452133790e-1,1.50620416002992652e1,5.18776225737519425e0,3.59493684820577641e-13,2.27080649238788908e2,-4.07851530326297507e-11
4011,1.63010164440868209e2,1.71344457384703531e2,8.03442633035452332e1,1.65339873360161027e0,3.18416501457708367e0,-9.87687894748144113e-1,9.92310935120403914e-1,1.50621523505994350e1,5.68191839956330380e0,3.23818229175376615e-13,2.27087328708513922e2,-7.59570184527547099e-11
4012,1.62910978019570450e2,1.71178523155487738e2,8.02948675921613670e1,1.64597487840491352e0,3.18350104015573310e0,-9.87694544092599380e-1,9.91836676824031205e-1,1.50625423646642069e1,6.17609711681833939e0,2.91948756836468704e-13,2.27094600048949957e2,-4.19646539739915170e-11
4013,1.62810736350292586e2,1.71008759805957567e2,8.02474586218384331e1,1.63841932128072032e0,3.18228667169782709e0,-9.87701645260721128e-1,9.91322597810368467e-1,1.50631995515621018e1,6.67030028159144805e0,2.53378915071600375e-13,2.27102459309425541e2,-5.41717781743500382e-11
4014,1.62710179698118395e2,1.70836236063757809e2,8.02027346006713628e1,1.63078540412699113e0,3.18053729042214339e0,-9.87709195891973812e-1,9.90768727515512038e-1,1.50640963233683269e1,7.16452974416091593e0,2.30714752857963390e-13,2.27110902232815022e2,-5.26654275745386258e-11
4015,1.62609966565486616e2,1.70661925880166734e2,8.01613179673665996e1,1.62312172878757721e0,3.17827249733775963e0,-9.87717193483928502e-1,9.90175125920849886e-1,1.50651913867710263e1,7.65878733104573239e0,2.03439695645180052e-13,2.27119924260847881e2,-1.31308297568466514e-11
4016,1.62510672755455289e2,1.70486705370271807e2,8.01237540772805090e1,1.61547195491375040e0,3.17551520367299478e0,-9.87725635394537504e-1,9.89541884157463802e-1,1.50664319210896185e1,8.15307484346067390e0,1.80884821010529606e-13,2.27129520539760648e2,-4.76632067147875205e-11
4017,1.62412792875772936e2,1.70311352772354894e2,8.00905122457978962e1,1.60787475302187244e0,3.17229078905889450e0,-9.87734518844519793e-1,9.88869124464858751e-1,1.50677559558353824e1,8.64739405581535081e0,1.59573743108154531e-13,2.27139685926293936e2,-1.46087586472276598e-11
4018,1.62316743745295696e2,1.70136550829845021e2,8.00619886423599354e1,1.60036388516746753e0,3.16862634294293510e0,-9.87743840919859450e-1,9.88156999619819287e-1,1.50690947883695827e1,9.14174671425955943e0,1.37348465933939679e-13,2.27150414994010134e2,-9.01394514585263096e-11
4019,1.62222869192027503e2,1.69962891020125596e2,8.00385105516008366e1,1.59296838604705515e0,3.16454999756112043e0,-9.87753598574409586e-1,9.87405691949709174e-1,1.50703753149652364e1,9.63613453527706021e0,1.19713267077159458e-13,2.27161702039919675e2,-5.75397507418529131e-11
4020,1.62131445790658120e2,1.69790879110823909e2,8.00203415714468917e1,1.58571281911881035e0,3.16009035501385949e0,-9.87763788632599726e-1,9.86615412039006934e-1,1.50715221822580201e1,1.01305592043299963e1,1.05013220341731994e-13,2.27173541091402342e2,-7.24753590475302190e-11
4021,1.62042689146988096e2,1.69620941584769440e2,8.00076873727925886e1,1.57861758497208671e0,3.15527600655023654e0,-9.87774407792239129e-1,9.85786397224992172e-1,1.50724596975656997e1,1.06250223745557406e1,8.51714532235092747e-14,2.27185925913409477e2,-8.28492829896276817e-11
4022,1.61956760411337001e2,1.69453432553238372e2,8.00007017153415063e1,1.57169926231843848e0,3.15013513899083053e0,-9.87785452627411020e-1,9.84918909966289724e-1,1.50731134639248658e1,1.11195256655179264e1,7.12555014992233282e-14,2.27198850015940678e2,-3.43618467013584450e-11
4023,1.61873772767937709e2,1.69288640847272347e2,7.99994924752041214e1,1.56497096525571955e0,3.14469522112015376e0,-9.87796919591460765e-1,9.84013236152587067e-1,1.50734117280129851e1,1.16140706620135532e1,5.84809978221301208e-14,2.27212306661749153e2,-7.36406491341767833e-11
4024,1.61793797709989803e2,1.69126797045823622e2,8.00041274991518208e1,1.55844270366389837e0,3.13898276167669854e0,-9.87808805020059522e-1,9.83069683409653061e-1,1.50732864462112612e1,1.21086589129372246e1,4.86277684785818565e-14,2.27226288874308693e2,-6.36788399788201787e-11
4025,1.61716870967348541e2,1.68968080263510586e2,8.00146401549228585e1,1.55212173656601315e0,3.13302313007027999e0,-9.87821105134351507e-1,9.82088579441521725e-1,1.50726740862388695e1,1.26032919302042608e1,3.52565199257526274e-14,2.27240789445971529e2,-1.20081722343456931e-11
4026,1.61642997997058330e2,1.68812624570635649e2,8.00310344882266094e1,1.54601291091795368e0,3.12684043096938691e0,-9.87833816044169088e-1,9.81070270439076686e-1,1.50715161896888752e1,1.30979711877335969e1,2.31724361920981892e-14,2.27255800946350121e2,-4.88995510750100948e-11
4027,1.61572158986110821e2,1.68660524963686925e2,8.00532899346468554e1,1.54011898055745133e0,3.12045742428815043e0,-9.87846933751319489e-1,9.80015119574893179e-1,1.50697597251661666e1,1.35926981204916437e1,1.50608692184306392e-14,2.27271315730862057e2,-4.17372802985482849e-11
4028,1.61504313346493973e2,1.68511842841107864e2,8.00813655642061377e1,1.53444090192661653e0,3.11389548272836558e0,-9.87860454152933443e-1,9.78923505596831611e-1,1.50673572633624424e1,1.40874741235978451e1,1.53696499971545109e-15,2.27287325949458648e2,-7.97371058069984429e-11
4029,1.61439403701755538e2,1.68366610963494594e2,8.01152038549314653e1,1.52897810469290008e0,3.10717457978673117e0,-9.87874373044867027e-1,9.77795821525101028e-1,1.50642670050120078e1,1.45823005514927821e1,-3.42781358853017082e-15,2.27303823555493125e2,-6.35935748505289666e-11
4030,1.61377359383920748e2,1.68224837901627296e2,8.01547340108250097e1,1.52372873658938679e0,3.10031330196706234e0,-9.87888686125159787e-1,9.76632473454248751e-1,1.50604526908996359e1,1.50771787171692591e1,-8.29891710907304514e-15,2.27320800314723044e2,-6.32951469015097246e-11
4031,1.61318099467306979e2,1.68086511987350406e2,8.01998748473444607e1,1.51868988268641769e0,3.09332887975871440e0,-9.87903388997538157e-1,9.75433879456576336e-1,1.50558834204415426e1,1.55721098914669476e1,-1.92276750077269298e-14,2.27338247814432009e2,-1.33439925775746815e-11
4032,1.61414393803392301e2,1.68306299164671145e2,8.01881088665941490e1,1.52514722392592117e0,-3.08994543862420468e0,-9.87851740647973764e-1,9.74206094228674102e-1,1.55564535437842828e1,-1.55727040572646693e1,-2.74086309204335521e-14,2.42508568509020876e2,-2.01509919861564413e-11
4033,1.61475654455989059e2,1.68445535118665248e2,8.01445980715524087e1,1.53051196729547012e0,-3.09638458899956426e0,-9.87838947956176550e-1,9.75406051274822050e-1,1.55602473854028425e1,-1.50777572247372973e1,-1.84574577843932275e-14,2.42490060495905595e2,-2.86348722511320375e-11
4034,1.61539509336117305e2,1.68587708018819001e2,8.01067265127215933e1,1.53607311686233206e0,-3.10265480159515805e0,-9.87826563214639908e-1,9.76570794010407028e-1,1.55632857993130482e1,-1.45828631137161207e1,-1.04291575375725643e-14,2.42472052046722382e2,-7.06421587892691605e-11
4035,1.61605983620819643e2,1.68732742682492699e2,8.00745464850452038e1,1.54182902057323856e0,-3.10873657948663862e0,-9.87814590331138609e-1,9.77699892224019540e-1,1.55656099930710692e1,-1.40880204592107603e1,1.62023172656233783e-15,2.42454552067602634e2,-2.34763319895137101e-11
4036,1.61675083733342717e2,1.68880533232752896e2,8.00480935397560529e1,1.54777635267537228e0,-3.11460925696300173e0,-9.87803033104193262e-1,9.78792927385259581e-1,1.55672670856479129e1,-1.35932279543892509e1,8.87831475004929871e-15,2.42437569275503762e2,-5.83213477511890233e-11
4037,1.61746793586561864e2,1.69030938504566251e2,8.00273828863348058e1,1.55390985768399692e0,-3.12025105134641878e0,-9.87791895219850002e-1,9.79849493888466094e-1,1.55683100973009338e1,-1.30984842512799649e1,1.74513181683266794e-14,2.42421112188565360e2,-3.73034936274052598e-11
4038,1.61821070446241890e2,1.69183777097457607e2,8.00124054012000414e1,1.56022207719219463e0,-3.12563914838812407e0,-9.87781180248531898e-1,9.80869200421519816e-1,1.55687977917724432e1,-1.26037879615363586e1,2.93133572970560863e-14,2.42405189116599189e2,-3.33670868712943047e-11
4039,1.61897840439749046e2,1.69338822124659202e2,8.00031232613036991e1,1.56670306300728668e0,-3.13074982759027920e0,-9.87770891641960636e-1,9.81851671458742192e-1,1.55687943409704701e1,-1.21091376572640677e1,4.08145739427823173e-14,2.42389808151716039e2,-1.13686837721616030e-11
4040,1.61976993763920348e2,1.69495795741931431e2,7.99994652473240393e1,1.57334008170032491e0,-3.13555863417258252e0,-9.87761032730163580e-1,9.82796548873098308e-1,1.55683687825445993e1,-1.16145318719100636e1,5.06990283088981641e-14,2.42374977159107857e2,-4.56594761999440379e-11
4041,1.62058379673837408e2,1.69654363572534777e2,8.00013217878919392e1,1.58011731752001672e0,-3.14004060453025380e0,-9.87751606718559327e-1,9.83703493654255468e-1,1.55675942431243701e1,-1.11199691012128365e1,6.44796716020579197e-14,2.42360703768018936e2,-1.21218590720673092e-11
4042,1.62141801373417678e2,1.69814129189375763e2,8.00085398540172861e1,1.58701558275628618e0,-3.14417055183934346e0,-9.87742616685136632e-1,9.84572187711040825e-1,1.55665469050968497e1,-1.06254478042130369e1,7.97070742741823324e-14,2.42346995362892955e2,-8.91731133378925733e-11
4043,1.62227010967629468e2,1.69974628859308297e2,8.00209178508087291e1,1.59401204696377441e0,-3.14792341781871832e0,-9.87734065577726805e-1,9.85402335724354539e-1,1.55653047033263405e1,-1.01309664043232992e1,9.35154731429577168e-14,2.42333859074747750e2,-5.37454525328939781e-11
4044,1.62313704688076029e2,1.70135326811002500e2,8.00382007045704569e1,1.60107999891502040e0,-3.15127469545063299e0,-9.87725956211373934e-1,9.86193667005951791e-1,1.55639457507367087e1,-9.63652329045626743e0,1.09232067835307589e-13,2.42321301772780373e2,-9.38342736844788305e-11
4045,1.62401518647185867e2,1.70295611334500506e2,8.00600753869212127e1,1.60818865755935314e0,-3.15420092552747411e0,-9.87718291265807458e-1,9.86945937302214360e-1,1.55625465085770660e1,-9.14211681820943411e0,1.28655766595819898e-13,2.42309330056204402e2,-7.79181164034525864e-11
4046,1.62490025431217418e2,1.70454792077104457e2,8.00861671729069542e1,1.61530305047553346e0,-3.15668026714584604e0,-9.87711073283025986e-1,9.87658930469991869e-1,1.55611797385013180e1,-8.64774531110526112e0,1.45687281682960190e-13,2.42297950246365048e2,-9.56958956521702930e-11
4047,1.62578731880611883e2,1.70612098937530817e2,8.01160369702141253e1,1.62238398001142947e0,-3.15869313857725231e0,-9.87704304664988375e-1,9.88332459935772345e-1,1.55599122988102003e1,-8.15340706188511355e0,1.66991420691431358e-13,2.42287168379134073e2,-6.26698692940408364e-11
4048,1.62667078442661932e2,1.70766682992559623e2,8.01491800957033007e1,1.62938809824133335e0,-3.16022292030157104e0,-9.87697987671423361e-1,9.88966369838914727e-1,1.55588028751030816e1,-7.65910033385506139e0,1.93255134117720218e-13,2.42276990197591886e2,-2.53521648119203746e-11
4049,1.62754440492831577e2,1.70917619893633059e2,8.01850268911783246e1,1.63626811165111641e0,-3.16125670641859458e0,-9.87692124417758222e-1,9.89560535750629522e-1,1.55578997640626184e1,-7.16482336228175143e0,2.17395546009413465e-13,2.42267421145037986e2,-8.70272742758970708e-11
4050,1.62840132010582181e2,1.71063916147818503e2,8.02229455654952943e1,1.64297313474466145e0,-3.16178608433916919e0,-9.87686716873171999e-1,9.90114864858429033e-1,1.55572388550700236e1,-6.67057435583637837e0,2.51188826683179656e-13,2.42258466358307828e2,-8.43982661535847001e-11
4051,1.62923411951208664e2,1.71204518635758490e2,8.02622476128891122e1,1.64944920820528296e0,-3.16180791591616250e0,-9.87681766858771626e-1,9.90629295511375241e-1,1.55568419738667654e1,-6.17635149808434658e0,2.75159235674227176e-13,2.42250130661457632e2,-4.40536496171262115e-11
4052,1.63003493567390109e2,1.71338327609097831e2,8.03021960781080395e1,1.65563999158443642e0,-3.16132508650083688e0,-9.87677276045903718e-1,9.91103796036118756e-1,1.55567157609504054e1,-5.68215294901854762e0,3.12458392492942494e-13,2.42242418559773512e2,-3.13349346470204182e-11
4053,1.63079556807513029e2,1.71464213256589744e2,8.03420168214699686e1,1.66148763264729604e0,-3.16034718248379676e0,-9.87673245954594159e-1,9.91538362760277292e-1,1.55568512501707197e1,-5.18797684663369996e0,3.57776308579360602e-13,2.42235334234184677e2,-7.83728637543390505e-11
4054,1.63150763745137482e2,1.71581035725338495e2,8.03809127737620770e1,1.66693380558668047e0,-3.15889105351333033e0,-9.87669677952128566e-1,9.91933017217333957e-1,1.55572242861443009e1,-4.69382130853927393e0,4.07434069121803688e-13,2.42228881536027274e2,-4.26183532908908091e-11
4055,1.63216276786363039e2,1.71687668244347861e2,8.04180809721053862e1,1.67192089874047545e0,-3.15698121368297535e0,-9.87666573251767432e-1,9.92287802555248066e-1,1.55577968704700069e1,-4.19968443360825194e0,4.73540477663458859e-13,2.42223063982216843e2,-8.36450908536789939e-11
4056,1.63275279166963742e2,1.71783022731508765e2,8.04527319403249237e1,1.67639331992557716e0,-3.15465003740711225e0,-9.87663932911604703e-1,9.92602779226476661e-1,1.55585194569176384e1,-3.70556430365909018e0,5.73795785191455465e-13,2.42217884750827579e2,-4.70379291073186323e-12
4057,1.63326997019121393e2,1.71866077005340657e2,8.04841107497339294e1,1.68029887509112141e0,-3.15193771115432542e0,-9.87661757833567022e-1,9.92878020097736513e-1,1.55593341290513294e1,-3.21145898516790584e0,7.29938462104562369e-13,2.42213346677071513e2,-5.42428324479260482e-11
4058,1.63370722065256160e2,1.71935902478844412e2,8.05115188750744579e1,1.68359016492640556e0,-3.14889191200686680e0,-9.87660048762560971e-1,9.93113605174459124e-1,1.55601784983815890e1,-2.71736653100805592e0,1.00436217502497538e-12,2.42209452249720613e2,-5.14006615048856474e-11
4059,1.63405833834963801e2,1.71991691038887325e2,8.05343357952218497e1,1.68622593577672286e0,-3.14556719801522933e0,-9.87658806285763746e-1,9.93309616185461319e-1,1.55609900688315133e1,-2.22328498221397020e0,1.32429288889068797e-12,2.42206203607900903e2,-6.24424956185976043e-11
4060,1.63431820200975920e2,1.72032779713297487e2,8.05520391803524518e1,1.68817231697212522e0,-3.14202411272958404e0,-9.87658030832063716e-1,9.93466131307144673e-1,1.55617107378667985e1,-1.72921236976625647e0,1.83445674015875193e-12,2.42203602538459165e2,-4.23909796154475771e-11
4061,1.63448295036125671e2,1.72058671745747034e2,8.05642225005289134e1,1.68940387753911181e0,-3.13832802574912106e0,-9.87657722671648974e-1,9.93583220319842475e-1,1.55622910595803905e1,-1.23514671639484064e0,1.92888188602947930e-12,2.42201650473468419e2,-4.63415972262737341e-11
4062,1.63455011898263848e2,1.72069052828296236e2,8.05706089796738496e1,1.68990444171942622e0,-3.13454775072894076e0,-9.87657881915745217e-1,9.93660940480567523e-1,1.55626938909719268e1,-7.41086038396959856e-1,1.54603340221139141e-12,2.42200348488673342e2,-5.44133627045084722e-11
4063,1.63451872864516417e2,1.72063801492868720e2,8.05710610143424901e1,1.68966761466484394e0,-3.13075399987532910e0,-9.87658508516503941e-1,9.93699333357594417e-1,1.55628970843783261e1,-2.47028347466767495e-1,1.79941437726711950e-12,2.42199697302255942e2,-3.99325017497176304e-11
4064,1.63438931936328459e2,1.72042993009343121e2,8.05655844573614246e1,1.68869698625130593e0,3.15616755975348839e0,-9.87659602267041858e-1,9.93698422813132698e-1,1.55628949741764782e1,2.47028347466767467e-1,1.81482093587791767e-12,2.42199697273238428e2,-2.51532128459075466e-12
4065,1.63416392797249841e2,1.72006896550751406e2,8.05543275092450841e1,1.68700600068401996e0,3.15977672492465844e0,-9.87661162801629189e-1,9.93658214250314864e-1,1.55626985245089724e1,7.41086038396959745e-1,1.56488647181599744e-12,2.42200348401625632e2,-4.97948349220678210e-11
4066,1.63384601088472266e2,1.71955965823040714e2,8.05375743273405362e1,1.68461750051023240e0,3.16319217664989827e0,-9.87663189596028168e-1,9.93578695144966439e-1,1.55623341404594502e1,1.23514671639484086e0,1.96447770702511126e-12,2.42201650328443975e2,-4.41531256001326256e-11
4067,1.63344031732505016e2,1.71890823773207813e2,8.05157338175428947e1,1.68156297370014629e0,3.16635168388232691e0,-9.87665681967982323e-1,9.93459836799813201e-1,1.55618412789950984e1,1.72921236976625670e0,1.80417210034547471e-12,2.42203602335520173e2,-3.44044792655040510e-11
4068,1.63295272139479039e2,1.71812242337603180e2,8.04893243726661609e1,1.67788154960769798e0,3.16919863556357440e0,-9.87668639077852073e-1,9.93301597184385821e-1,1.55612691093132884e1,2.22328498221397064e0,1.30897972582671995e-12,2.42206203347177308e2,-7.98081600805744529e-11
4069,1.63239002355030493e2,1.71721118450432556e2,8.04589555452859173e1,1.67361880235300453e0,3.17168301203543024e0,-9.87672059929398660e-1,9.93103924650428960e-1,1.55606725502285634e1,2.71736653100805592e0,9.92111991518496161e-13,2.42209451931355431e2,-1.80051529241609387e-11
4070,1.63175973327281270e2,1.71618447672431927e2,8.04253077676384152e1,1.66882542751846263e0,3.17376207631114715e0,-9.87675943370714182e-1,9.92866762278547643e-1,1.55601080474789715e1,3.21145898516790629e0,7.13680200006838739e-13,2.42213346301240904e2,-4.86153339807060547e-11
4071,1.63106984481185890e2,1.71505296818919959e2,8.03891112516353417e1,1.66355585979834975e0,3.17540077806252752e0,-9.87680288095295178e-1,9.92590052590707539e-1,1.55596294454258555e1,3.70556430365908929e0,5.60419332468198306e-13,2.42217884317741664e2,-4.23483470513019711e-12
4072,1.63032861712572014e2,1.71382776886807761e2,8.03511251385186824e1,1.65786689584742497e0,3.17657188108075017e0,-9.87685092643258544e-1,9.92273742365461398e-1,1.55592842618739677e1,4.19968443360825194e0,4.59811008712840419e-13,2.42223063492114875e2,-9.32374177864403464e-11
4073,1.62954436751229082e2,1.71252017402752983e2,8.03121178193130163e1,1.65181637894205346e0,3.17725583973368453e0,-9.87690355402697784e-1,9.91917787317323718e-1,1.55591106025613026e1,4.69382130853927304e0,3.98541009222208586e-13,2.42228880989182215e2,-3.44755335390800610e-11
4074,1.62872528643177986e2,1.71114143093105184e2,8.02728491619357527e1,1.64546199153088346e0,3.17744046068919905e0,-9.87696074611175812e-1,9.91522156439403224e-1,1.55591348660253281e1,5.18797684663369996e0,3.49196366267179314e-13,2.42235333630897827e2,-1.25055521493777633e-11
4075,1.62787927865828465e2,1.70970253512033992e2,8.02340551577746766e1,1.63886018961357083e0,3.17712039259721601e0,-9.87702248357353874e-1,9.91086835854468662e-1,1.55593703026049095e1,5.68215294901854673e0,3.03397931777915630e-13,2.42242417900376523e2,-8.63451532495673746e-11
4076,1.62701383367700544e2,1.70821406011986738e2,8.01964352893183161e1,1.63206530049467657e0,3.17629648877767901e0,-9.87708874582751029e-1,9.90611832070522502e-1,1.55598164133788970e1,6.17635149808434658e0,2.70229151555501090e-13,2.42250129946313024e2,-1.19229071060544811e-11
4077,1.62613592615935772e2,1.70668602201863706e2,8.01606427205301912e1,1.62512879382537756e0,3.17497508684957142e0,-9.87715951083634414e-1,9.90097174585414019e-1,1.55604591126961065e1,6.67057435583637925e0,2.44255136949700358e-13,2.42258465587809155e2,-3.98614474761416204e-11
4078,1.62525194558477409e2,1.70512777833546807e2,8.01272772411624743e1,1.61809872574091318e0,3.17316724548501794e0,-9.87723475513031413e-1,9.89542917827652913e-1,1.55612715348464938e1,7.16482336228175054e0,2.17201256980104063e-13,2.42267420319602451e2,-5.70707925362512469e-11
4079,1.62436765281465426e2,1.70354795906216765e2,8.00968807728384036e1,1.61101934780098333e0,3.17088797298220282e0,-9.87731445382867945e-1,9.88949142457599240e-1,1.55622153414921840e1,7.65910033385506051e0,1.90278348632944017e-13,2.42276989317672673e2,-9.04236685528303497e-11
4080,1.62348816046669526e2,1.70195442661424266e2,8.00699351501041008e1,1.60393086645553429e0,3.16815547593140279e0,-9.87739858066219778e-1,9.88315956078981595e-1,1.55632423795716903e1,8.15340706188511355e0,1.64852506645551955e-13,2.42287167445204943e2,-6.77005118632223457e-11
4081,1.62261793346024177e2,1.70035426078072931e2,8.00468618408537367e1,1.59686933487361893e0,3.16499044961641918e0,-9.87748710799683738e-1,9.87643493429753550e-1,1.55642965459903060e1,8.64774531110526112e0,1.46665665723411109e-13,2.42297949258932931e2,-6.84536871631280519e-11
4082,1.62176080589946139e2,1.69875376444507140e2,8.00280232480251215e1,1.58986665692778861e0,3.16141542546197574e0,-9.87758000685854065e-1,9.86931916130765141e-1,1.55653157314869102e1,9.14211681820943411e0,1.25979088272387685e-13,2.42309329015798198e2,-2.46132003667298704e-11
4083,1.62092001056742475e2,1.69715848588158366e2,8.00137252419206959e1,1.58295068262930250e0,3.15745418517316301e0,-9.87767724695906235e-1,9.86181412074768282e-1,1.55662337377402835e1,9.63652329045626566e0,1.09067269105089792e-13,2.42321300679959194e2,-8.51088088893448003e-11
4084,1.62009821754614194e2,1.69557325363563564e2,8.00042205933125814e1,1.57614537498283513e0,3.15313124640358122e0,-9.87777879672282033e-1,9.85392194535292365e-1,1.55669820857064227e1,1.01309664043232992e1,9.43516098583785379e-14,2.42333857930091767e2,-6.65068000671453774e-11
4085,1.61929757890751773e2,1.69400222041722543e2,7.99997130167384114e1,1.56947102975674846e0,3.14847142092412113e0,-9.87788462331472772e-1,9.84564501070382514e-1,1.55674916568003106e1,1.06254478042130387e1,7.85795040147974078e-14,2.42346994167009598e2,-4.85727014165604487e-11
4086,1.61851977683134578e2,1.69244891286236623e2,8.00003615712087139e1,1.56294453169975656e0,3.14349944330538422e0,-9.87799469266890884e-1,9.83698592286427087e-1,1.55676941300726952e1,1.11199691012128383e1,6.17804418734380079e-14,2.42360702521538940e2,-1.89714910447946750e-11
4087,1.61776607301492106e2,1.69091628455575801e2,8.00062852131079723e1,1.55657963305729830e0,3.13823966601788307e0,-9.87810896951831885e-1,9.82794750518982019e-1,1.55675231969464463e1,1.16145318719100601e1,4.60777249688959500e-14,2.42374975862686284e2,-9.35074240260291845e-12
4088,1.61703735767135413e2,1.68940677018157231e2,8.00175673366713340e1,1.55038724261536864e0,3.13271581545947830e0,-9.87822741742518162e-1,9.81853278476832125e-1,1.55669155499039995e1,1.21091376572640712e1,3.81292220019702199e-14,2.42389806806029156e2,-6.67910171614494175e-12
4089,1.61633419684217330e2,1.68792233914502845e2,8.00342601779241249e1,1.54437571580080890e0,3.12695080262754743e0,-9.87834999881219256e-1,9.80874497886357166e-1,1.55658116527526413e1,1.26037879615363586e1,2.94451962812303236e-14,2.42405187722345062e2,-4.98943109050742351e-11
4090,1.61565687710655880e2,1.68646454741361282e2,8.00563889918459495e1,1.53855113848396474e0,3.12096658182591291e0,-9.87847667499443416e-1,9.79858748164160076e-1,1.55641563080051668e1,1.30984842512799649e1,1.40408518145562766e-14,2.42421110746460670e2,-8.54782911119400524e-11
4091,1.61500544708793058e2,1.68503458669461878e2,8.00839559428806211e1,1.53291759901362745e0,3.11478405082557153e0,-9.87860740621200439e-1,9.78806385138519919e-1,1.55618990419503795e1,1.35932279543892509e1,1.05124242644194510e-14,2.42437567786287815e2,-3.52855522578465752e-11
4092,1.61437975540654179e2,1.68363333036035982e2,8.01169436726626998e1,1.52747744463093915e0,3.10842298617455626e0,-9.87874215166320790e-1,9.77717779833422118e-1,1.55589943306684031e1,1.40880204592107638e1,-3.33066907387546962e-15,2.42454550532031845e2,-7.54596385377226397e-11
4093,1.61377948491504100e2,1.68226137576399310e2,8.01553185269909534e1,1.52223151975760729e0,3.10190200779288228e0,-9.87888086953836786e-1,9.76593317323046106e-1,1.55554016910895783e1,1.45828631137161171e1,-1.08107967022874618e-14,2.42472050465573574e2,-4.89279727844404988e-11
4094,1.61320418323917039e2,1.68091908281324464e2,8.01990334419326274e1,1.51717938475906955e0,3.09523856753663651e0,-9.87902351705411963e-1,9.75433395661725933e-1,1.55510856606907062e1,1.50777572247372973e1,-1.95954363846340129e-14,2.42490058869972415e2,-8.53361825647880323e-11
4095,1.61265328971024303e2,1.67960660876753622e2,8.02480304953616326e1,1.51231951463787029e0,3.08844895699322119e0,-9.87917005048818186e-1,9.74238424888882237e-1,1.55460156879798159e1,1.55727040572646693e1,-2.34048891378790813e-14,2.42508566839111751e2,-7.02016222930978984e-12
