ray_id,u_source,v_source,t_emit,u_hit,v_hit,t_hit,delta_t,status
0,-15.75,-15.75,0.0,-4.135454870055521,-3.659244041267408,168.30629916468865,168.30629916468865,Detected
1,-15.25,-15.75,0.0,-3.6191110456667857,-3.2277006339738565,168.44553511865232,168.44553511865232,Detected
2,-14.75,-15.75,0.0,-3.1166034047824778,-2.7810037597795465,168.58770801882275,168.58770801882275,Detected
3,-14.25,-15.75,0.0,-2.6294321726324434,-2.319219532116843,168.7327426825091,168.7327426825091,Detected
4,-13.75,-15.75,0.0,-2.1591957950683947,-1.8425422984561703,168.8805332327067,168.8805332327067,Detected
5,-13.25,-15.75,0.0,-1.7075874355334832,-1.3513157050780684,169.03093850458558,169.03093850458558,Detected
6,-12.75,-15.75,0.0,-1.2763887043689313,-0.8460553788977224,169.18377709750789,169.18377709750789,Detected
7,-12.25,-15.75,0.0,-0.8674600750791536,-0.32747297287372046,169.3388221247014,169.3388221247014,Detected
8,-11.75,-15.75,0.0,-0.482727411995523,0.20349881269059794,169.49579574192765,169.49579574192765,Detected
9,-11.25,-15.75,0.0,-0.12416402446281842,0.7456807807048251,169.65436357252213,169.65436357252213,Detected
10,-10.75,-15.75,0.0,0.20623231680068765,1.2976220922332133,169.81412918932654,169.81412918932654,Detected
11,-10.25,-15.75,0.0,0.5064679044987542,1.8575763630965352,169.97462885927436,169.97462885927436,Detected
12,-9.75,-15.75,0.0,0.7745875527863333,2.4234801583001397,170.13532681091243,170.13532681091243,Detected
13,-9.25,-15.75,0.0,1.0087152069005751,2.992935259208709,170.29561133447888,170.29561133447888,Detected
14,-8.75,-15.75,0.0,1.2071006790938033,3.5631962824420658,170.4547920770555,170.4547920770555,Detected
15,-8.25,-15.75,0.0,1.3681721649023302,4.131165394473449,170.61209893752024,170.61209893752024,Detected
16,-7.75,-15.75,0.0,1.4905937960970355,4.693395964508121,170.76668299257423,170.76668299257423,Detected
17,-7.25,-15.75,0.0,1.573327020257425,5.246107000080717,170.9176198935912,170.9176198935912,Detected
18,-6.75,-15.75,0.0,1.615694078946373,5.78521008015163,171.06391614778792,171.06391614778792,Detected
19,-6.25,-15.75,0.0,1.6174413182577225,6.3063502104538465,171.20451863572623,171.20451863572623,Detected
20,-5.75,-15.75,0.0,1.5787995500222063,6.804961551237309,171.33832760909849,171.33832760909849,Detected
21,-5.25,-15.75,0.0,1.5005382449267464,7.276338299206926,171.4642132565498,171.4642132565498,Detected
22,-4.75,-15.75,0.0,1.3840100445508094,7.71572015442897,171.58103572530382,171.58103572530382,Detected
23,-4.25,-15.75,0.0,1.2311819934809067,8.118390802919176,171.6876682443217,171.6876682443217,Detected
24,-3.75,-15.75,0.0,1.0446500753658918,8.479786761412193,171.78302273160168,171.78302273160168,Detected
25,-3.25,-15.75,0.0,0.8276341299031662,8.795612852384938,171.86607700537795,171.86607700537795,Detected
26,-2.75,-15.75,0.0,0.5839510442139145,9.061959614219296,171.9359024788691,171.9359024788691,Detected
27,-2.25,-15.75,0.0,0.3179652283360091,9.275417225582768,171.99169103887442,171.99169103887442,Detected
28,-1.75,-15.75,0.0,0.0345167333252099,9.43318014630041,172.03277971333,172.03277971333,Detected
29,-1.25,-15.75,0.0,-0.2611711550918401,9.533136737111723,172.05867174576323,172.05867174576323,Detected
30,-0.75,-15.75,0.0,-0.5636015528729532,9.573938662564808,172.06905282823388,172.06905282823388,Detected
31,-0.25,-15.75,0.0,-0.8671262530581865,9.5550458925652,172.06380149289072,172.06380149289072,Detected
32,0.25,-15.75,0.0,-1.1660750632169317,9.476744527734697,172.04299300944643,172.04299300944643,Detected
33,0.75,-15.75,0.0,-1.4548860680833224,9.340136355838906,172.0068965507485,172.0068965507485,Detected
34,1.25,-15.75,0.0,-1.72823061572549,9.14710083449367,171.95596582308536,171.95596582308536,Detected
35,1.75,-15.75,0.0,-1.9811272566131692,8.900231911013146,171.89082377324496,171.89082377324496,Detected
36,2.25,-15.75,0.0,-2.209039748958389,8.602753564414947,171.8122423375255,171.8122423375255,Detected
37,2.75,-15.75,0.0,-2.4079554642996226,8.258419051229495,171.72111845046027,171.72111845046027,Detected
38,3.25,-15.75,0.0,-2.574441951408411,7.871399476846642,171.6184476724247,171.6184476724247,Detected
39,3.75,-15.75,0.0,-2.705680891132768,7.44616747444463,171.5052968189591,171.5052968189591,Detected
40,4.25,-15.75,0.0,-2.799480056965508,6.9873814873342,171.38277688681333,171.38277688681333,Detected
41,4.75,-15.75,0.0,-2.854265072030633,6.499775500202436,171.25201740278573,171.25201740278573,Detected
42,5.25,-15.75,0.0,-2.8690536469976635,5.98805815641101,171.11414309318874,171.11414309318874,Detected
43,5.75,-15.75,0.0,-2.8434155601637428,5.456824150066605,170.9702535119991,170.9702535119991,Detected
44,6.25,-15.75,0.0,-2.777421906313052,4.910479707439176,170.8214060120322,170.8214060120322,Detected
45,6.75,-15.75,0.0,-2.671587128380352,4.353182961575868,170.66860220192345,170.66860220192345,Detected
46,7.25,-15.75,0.0,-2.526807111642322,3.7887991485555164,170.51277783357264,170.51277783357264,Detected
47,7.75,-15.75,0.0,-2.344296227075107,3.2208698509389624,170.35479590622217,170.35479590622217,Detected
48,8.25,-15.75,0.0,-2.1255257228280486,2.652595000008965,170.1954426614175,170.1954426614175,Detected
49,8.75,-15.75,0.0,-1.8721653378519145,2.0868260187018155,170.03542607806665,170.03542607806665,Detected
50,9.25,-15.75,0.0,-1.586029494568289,1.526068319848455,169.87537644450884,169.87537644450884,Detected
51,9.75,-15.75,0.0,-1.269028952680518,0.9724913437134274,169.71584858811931,169.71584858811931,Detected
52,10.25,-15.75,0.0,-0.9231283936348575,0.4279443904361141,169.55732536355305,169.55732536355305,Detected
53,10.75,-15.75,0.0,-0.5503100665301685,-0.10602335167507823,169.40022204173187,169.40022204173187,Detected
54,11.25,-15.75,0.0,-0.15254336212281747,-0.6281399923368711,169.24489128624018,169.24489128624018,Detected
55,11.75,-15.75,0.0,0.2682400109815178,-1.137386539353228,169.09162845560465,169.09162845560465,Detected
56,12.25,-15.75,0.0,0.7101657037914283,-1.6329718982748085,168.9406770181892,168.9406770181892,Detected
57,12.75,-15.75,0.0,1.1714317901745663,-2.1143080526654376,168.79223391451345,168.79223391451345,Detected
58,13.25,-15.75,0.0,1.650319782259589,-2.580986019972467,168.646454741358,168.646454741358,Detected
59,13.75,-15.75,0.0,2.145202165541768,-3.032753014055099,168.50345866945975,168.50345866945975,Detected
60,14.25,-15.75,0.0,2.654546999251328,-3.4694911065680776,168.36333303603752,168.36333303603752,Detected
61,14.75,-15.75,0.0,3.1769200898784087,-3.8911975651157706,168.2261375764294,168.2261375764294,Detected
62,15.25,-15.75,0.0,3.710985197975856,-4.297966954134095,168.0919082813082,168.0919082813082,Detected
63,15.75,-15.75,0.0,4.255502686903947,-4.689975014214663,167.96066087683087,167.96066087683087,Detected
64,-15.75,-15.25,0.0,-3.7031422445410875,-3.106631041172548,168.45176971844677,168.45176971844677,Detected
65,-15.25,-15.25,0.0,-3.170775990584392,-2.6571090195242597,168.59941351276314,168.59941351276314,Detected
66,-14.75,-15.25,0.0,-2.652192063059645,-2.190610155354271,168.75053867225108,168.75053867225108,Detected
67,-14.25,-15.25,0.0,-2.1490092971947603,-1.7070774286367971,168.90509700455328,168.90509700455328,Detected
68,-13.75,-15.25,0.0,-1.6629662754094203,-1.2065845868272682,169.06300809154132,169.06300809154132,Detected
69,-13.25,-15.25,0.0,-1.195919840740849,-0.6893602929686539,169.2241538361494,169.2241538361494,Detected
70,-12.75,-15.25,0.0,-0.7498406795980981,-0.15581456330362795,169.38837248155198,169.38837248155198,Detected
71,-12.25,-15.25,0.0,-0.32680530000286423,0.39343270198474567,169.55545213987094,169.55545213987094,Detected
72,-11.75,-15.25,0.0,0.07101632927506746,0.9575214456377641,169.72512390442824,169.72512390442824,Detected
73,-11.25,-15.25,0.0,0.441378253233535,1.5353199783462506,169.8970546605018,169.8970546605018,Detected
74,-10.75,-15.25,0.0,0.7819819026669969,2.1253930705003756,170.07083976522568,170.07083976522568,Detected
75,-10.25,-15.25,0.0,1.09050611135336,2.7259706415517924,170.24599582818252,170.24599582818252,Detected
76,-9.75,-15.25,0.0,1.3646444300927802,3.334918369504536,170.42195389766434,170.42195389766434,Detected
77,-9.25,-15.25,0.0,1.6021502157093486,3.949711849237911,170.59805342922436,170.59805342922436,Detected
78,-8.75,-15.25,0.0,1.8008897087883446,4.567416233358982,170.77353749719038,170.77353749719038,Detected
79,-8.25,-15.25,0.0,1.9589029428506148,5.18467356021147,170.94754977536573,170.94754977536573,Detected
80,-7.75,-15.25,0.0,2.074471846554429,5.797700179634589,171.1191338763369,171.1191338763369,Detected
81,-7.25,-15.25,0.0,2.146194309335854,6.402296778907504,171.28723566453,171.28723566453,Detected
82,-6.75,-15.25,0.0,2.173062299904669,6.993873446618883,171.4507091602726,171.4507091602726,Detected
83,-6.25,-15.25,0.0,2.154541386388758,7.56749193399715,171.608326584245,171.608326584245,Detected
84,-5.75,-15.25,0.0,2.0906482655708127,8.117926749052748,171.7587929802079,171.7587929802079,Detected
85,-5.25,-15.25,0.0,1.982022236285993,8.639745913369604,171.90076565374184,171.90076565374184,Detected
86,-4.75,-15.25,0.0,1.8299860427880714,9.127411132569856,172.032878405549,172.032878405549,Detected
87,-4.25,-15.25,0.0,1.6365912641213305,9.575395808196204,172.1537702018486,172.1537702018486,Detected
88,-3.75,-15.25,0.0,1.4046435324659603,9.978317835069808,172.26211755317402,172.26211755317402,Detected
89,-3.25,-15.25,0.0,1.137703399793594,10.331082599853573,172.356669477743,172.356669477743,Detected
90,-2.75,-15.25,0.0,0.8400596754290035,10.62903018621506,172.43628356432995,172.43628356432995,Detected
91,-2.25,-15.25,0.0,0.5166735077423384,10.868079673859118,172.49996135415967,172.49996135415967,Detected
92,-1.75,-15.25,0.0,0.1730932990544418,11.044862773050662,172.54688109534274,172.54688109534274,Detected
93,-1.25,-15.25,0.0,-0.1846574245905096,11.156839000529713,172.5764259083543,172.5764259083543,Detected
94,-0.75,-15.25,0.0,-0.55021501717206,11.20238526053674,172.58820556956033,172.58820556956033,Detected
95,-0.25,-15.25,0.0,-0.9170275778830846,11.18085404160595,172.58207047005243,172.58207047005243,Detected
96,0.25,-15.25,0.0,-1.2785162548086242,11.092596374863314,172.5581168033767,172.5581168033767,Detected
97,0.75,-15.25,0.0,-1.628237760698269,10.938948041292052,172.51668263846904,172.51668263846904,Detected
98,1.25,-15.25,0.0,-1.9600397828794107,10.72218001677337,172.45833517537218,172.45833517537218,Detected
99,1.75,-15.25,0.0,-2.2682015949952556,10.445416531537084,172.38385008113264,172.38385008113264,Detected
100,2.25,-15.25,0.0,-2.547553447413638,10.112526146262445,172.29418430850097,172.29418430850097,Detected
101,2.75,-15.25,0.0,-2.7935700531543057,9.72799271176136,172.19044415262533,172.19044415262533,Detected
102,3.25,-15.25,0.0,-3.002435490543131,9.296773870754167,172.07385047530823,172.07385047530823,Detected
103,3.75,-15.25,0.0,-3.1710788852581073,8.82415486115732,171.94570302840236,171.94570302840236,Detected
104,4.25,-15.25,0.0,-3.297182105021183,8.315604853312513,171.80734564629813,171.80734564629813,Detected
105,4.75,-15.25,0.0,-3.3791622416715104,7.776642033842599,171.66013379997352,171.66013379997352,Detected
106,5.25,-15.25,0.0,-3.4161327701806887,7.212712304137058,171.5054056537664,171.5054056537664,Detected
107,5.75,-15.25,0.0,-3.4078479290409898,6.629084968121454,171.34445738469276,171.34445738469276,Detected
108,6.25,-15.25,0.0,-3.354635084851314,6.030767302796222,171.1785231554814,171.1785231554814,Detected
109,6.75,-15.25,0.0,-3.257319691030919,5.422438562157076,171.00875980598926,171.00875980598926,Detected
110,7.25,-15.25,0.0,-3.1171470157211014,4.808402845511088,170.8362360637254,170.8362360637254,Detected
111,7.75,-15.25,0.0,-2.935704194124665,4.192559407560053,170.66192588020522,170.66192588020522,Detected
112,8.25,-15.25,0.0,-2.714845446432623,3.5783884054930017,170.48670537027346,170.48670537027346,Detected
113,8.75,-15.25,0.0,-2.4566225730117845,2.9689497505158604,170.3113527723942,170.3113527723942,Detected
114,9.25,-15.25,0.0,-2.16322214951477,2.3668926151748493,170.1365508297513,170.1365508297513,Detected
115,9.75,-15.25,0.0,-1.8369102372119042,1.7744732014896931,169.9628910200808,169.9628910200808,Detected
116,10.25,-15.25,0.0,-1.4799849174383488,1.1935785474429772,169.79087911083653,169.79087911083653,Detected
117,10.75,-15.25,0.0,-1.0947365617077054,0.6257543992684005,169.62094158474164,169.62094158474164,Detected
118,11.25,-15.25,0.0,-0.6834154560396078,0.07223546568389255,169.45343255330485,169.45343255330485,Detected
119,11.75,-15.25,0.0,-0.2482061988308722,-0.46602333087517794,169.2886408472474,169.2886408472474,Detected
120,12.25,-15.25,0.0,0.2087918271184793,-0.9883157014684515,169.12679704578298,169.12679704578298,Detected
121,12.75,-15.25,0.0,0.6855786638616069,-1.4941537683924575,168.9680802635183,168.9680802635183,Detected
122,13.25,-15.25,0.0,1.1802634303558723,-1.9832393727744642,168.81262457066578,168.81262457066578,Detected
123,13.75,-15.25,0.0,1.6910701508006702,-2.4554373153117854,168.66052496370054,168.66052496370054,Detected
124,14.25,-15.25,0.0,2.2163404407421283,-2.9107507721490617,168.511842841065,168.511842841065,Detected
125,14.75,-15.25,0.0,2.754533667170372,-3.349299000594637,168.36661096352466,168.36661096352466,Detected
126,15.25,-15.25,0.0,3.3042251262653775,-3.7712973511538466,168.22483790161957,168.22483790161957,Detected
127,15.75,-15.25,0.0,3.864102708980175,-4.17703953019142,168.08651198743314,168.08651198743314,Detected
128,-15.75,-14.75,0.0,-3.253561208387485,-2.5657692333385747,168.60091611719997,168.60091611719997,Detected
129,-15.25,-14.75,0.0,-2.7033326847970094,-2.097910145363591,168.75756637462723,168.75756637462723,Detected
130,-14.75,-14.75,0.0,-2.1666958920000816,-1.6110863678068057,168.9183203753869,168.9183203753869,Detected
131,-14.25,-14.75,0.0,-1.645388087837083,-1.1050907258841294,169.0831656702294,169.0831656702294,Detected
132,-13.75,-14.75,0.0,-1.141290601817818,-0.5798467365879176,169.2520566472973,169.2520566472973,Detected
133,-13.25,-14.75,0.0,-0.6564300680619437,-0.035435986666996204,169.42490813294938,169.42490813294938,Detected
134,-12.75,-14.75,0.0,-0.19297664657927527,0.5278713777770048,169.60158824399232,169.60158824399232,Detected
135,-12.25,-14.75,0.0,0.24676158229249245,1.1095831496863642,169.7819105010326,169.7819105010326,Detected
136,-11.75,-14.75,0.0,0.6603489672199137,1.7089488183868484,169.9656252562326,169.9656252562326,Detected
137,-11.25,-14.75,0.0,1.0452383799357539,2.3249210761008348,170.1524105367612,170.1524105367612,Detected
138,-10.75,-14.75,0.0,1.3987941097632743,2.9561158380001706,170.34186247344897,170.34186247344897,Detected
139,-10.25,-14.75,0.0,1.718322620888465,3.6007718683169694,170.53348556325247,170.53348556325247,Detected
140,-9.75,-14.75,0.0,2.001112173057164,4.256711484581726,170.7266831106837,170.7266831106837,Detected
141,-9.25,-14.75,0.0,2.2444821520554776,4.921304230643972,170.920748299822,170.920748299822,Detected
142,-8.75,-14.75,0.0,2.4458426852620914,5.5914358468538765,171.11485646507123,171.11485646507123,Detected
143,-8.25,-14.75,0.0,2.602764705863685,6.263485289070377,171.30805924344546,171.30805924344546,Detected
144,-7.75,-14.75,0.0,2.7130600602559656,6.933312911869803,171.49928139605038,171.49928139605038,Detected
145,-7.25,-14.75,0.0,2.7748705193970413,7.5962631745879134,171.68732115937092,171.68732115937092,Detected
146,-6.75,-14.75,0.0,2.7867636695881965,8.247185284911625,171.87085502303327,171.87085502303327,Detected
147,-6.25,-14.75,0.0,2.747832653485309,8.880474982426511,172.04844778672418,172.04844778672418,Detected
148,-5.75,-14.75,0.0,2.657795676104712,9.490140118594043,172.2185686301179,172.2185686301179,Detected
149,-5.25,-14.75,0.0,2.5170901765983054,10.06989174859654,172.37961369390172,172.37961369390172,Detected
150,-4.75,-14.75,0.0,2.3269557235344807,10.613261097813991,172.52993532943535,172.52993532943535,Detected
151,-4.25,-14.75,0.0,2.089499164252345,11.113741025271645,172.66787772000856,172.66787772000856,Detected
152,-3.75,-14.75,0.0,1.807735498710769,11.564948570965907,172.79181803790343,172.79181803790343,Detected
153,-3.25,-14.75,0.0,1.4855984836578766,11.960803004691762,172.90021172207497,172.90021172207497,Detected
154,-2.75,-14.75,0.0,1.1279161818993562,12.295711712153198,172.99163989322466,172.99163989322466,Detected
155,-2.25,-14.75,0.0,0.7403485548780326,12.564754531438735,173.06485645477764,173.06485645477764,Detected
156,-1.75,-14.75,0.0,0.3292866547448945,12.763856059995122,173.11883212559385,173.11883212559385,Detected
157,-1.25,-14.75,0.0,-0.09828419787684144,12.88993522372762,173.15279258248353,173.15279258248353,Detected
158,-0.75,-14.75,0.0,-0.5349519532400654,12.941022180426636,173.16624809947496,173.16624809947496,Detected
159,-0.25,-14.75,0.0,-0.9730681423016557,12.91633443421892,173.1590125613099,173.1590125613099,Detected
160,0.25,-14.75,0.0,-1.4049509605956472,12.816306730896725,173.13121045875968,173.13121045875968,Detected
161,0.75,-14.75,0.0,-1.8230899584877007,12.64257261102008,173.08327136269403,173.08327136269403,Detected
162,1.25,-14.75,0.0,-2.220341039441409,12.397899048674093,173.01591233143444,173.01591233143444,Detected
163,1.75,-14.75,0.0,-2.590101389634152,12.086078976494319,172.93010959193776,172.93010959193776,Detected
164,2.25,-14.75,0.0,-2.9264558131877503,11.711789316390098,172.82706157040172,172.82706157040172,Detected
165,2.75,-14.75,0.0,-3.2242884628341786,11.280424103901945,172.708145837526,172.708145837526,Detected
166,3.25,-14.75,0.0,-3.479356812651642,10.797913259536966,172.5748727485001,172.5748727485001,Detected
167,3.75,-14.75,0.0,-3.688327574569897,10.27053751592889,172.4288385047647,172.4288385047647,Detected
168,4.25,-14.75,0.0,-3.8487768083406957,9.704749076224275,172.27168007231106,172.27168007231106,Detected
169,4.75,-14.75,0.0,-3.959158496168309,9.107005981609012,172.10503394206265,172.10503394206265,Detected
170,5.25,-14.75,0.0,-4.018747225337986,8.483626164558077,171.93050016733397,171.93050016733397,Detected
171,5.75,-14.75,0.0,-4.027561324537388,7.840665030445897,171.7496125505714,171.7496125505714,Detected
172,6.25,-14.75,0.0,-3.986272891619309,7.183818368138284,171.56381532199208,171.56381532199208,Detected
173,6.75,-14.75,0.0,-3.896110749420487,6.518350611812831,171.37444620682052,171.37444620682052,Detected
174,7.25,-14.75,0.0,-3.7587616156733232,5.849047062591644,171.18272543818924,171.18272543818924,Detected
175,7.75,-14.75,0.0,-3.576273817177576,5.180187664747081,170.98975003355815,170.98975003355815,Detected
176,8.25,-14.75,0.0,-3.350966848666103,4.515539309480922,170.79649252468113,170.79649252468113,Detected
177,8.75,-14.75,0.0,-3.0853490734890796,3.85836335756674,170.60380328360714,170.60380328360714,Detected
178,9.25,-14.75,0.0,-2.7820449581372206,3.2114350648465093,170.41241560490198,170.41241560490198,Detected
179,9.75,-14.75,0.0,-2.4437324687221182,2.577071790447572,170.22295277542648,170.22295277542648,Detected
180,10.25,-14.75,0.0,-2.0730906497957453,1.9571671931924777,170.03593645298994,170.03593645298994,Detected
181,10.75,-14.75,0.0,-1.6727569552174717,1.3532290213994502,169.85179578698006,169.85179578698006,Detected
182,11.25,-14.75,0.0,-1.245293591480937,0.7664185243304931,169.67087682268905,169.67087682268905,Detected
183,11.75,-14.75,0.0,-0.793161945769226,0.19758992665876604,169.49345183420908,169.49345183420908,Detected
184,12.25,-14.75,0.0,-0.3187040806875399,-0.35267121222320497,169.31972832536917,169.31972832536917,Detected
185,12.75,-14.75,0.0,0.17586973874260042,-0.884011598517463,169.14985751773963,169.14985751773963,Detected
186,13.25,-14.75,0.0,0.6884884838749683,-1.3962763269572562,168.98394220886954,168.98394220886954,Detected
187,13.75,-14.75,0.0,1.2172236929413514,-1.8894778593471948,168.82204393903413,168.82204393903413,Detected
188,14.25,-14.75,0.0,1.7602895272091954,-2.363768011597809,168.6641894428283,168.6641894428283,Detected
189,14.75,-14.75,0.0,2.316040284832354,-2.8194129651342728,168.51037639221389,168.51037639221389,Detected
190,15.25,-14.75,0.0,2.8829660010192977,-3.2567712189262568,168.36057845922522,168.36057845922522,Detected
191,15.75,-14.75,0.0,3.459686664060836,-3.6762743299996186,168.2147497387004,168.2147497387004,Detected
192,-15.75,-14.25,0.0,-2.7864688067839682,-2.0381451406822224,168.75373785172332,168.75373785172332,Detected
193,-15.25,-14.25,0.0,-2.2163830012305206,-1.55167912683394,168.92003230815754,168.92003230815754,Detected
194,-14.75,-14.25,0.0,-1.6595339893136238,-1.044089076218479,169.0911410214343,169.0911410214343,Detected
195,-14.25,-14.25,0.0,-1.1177741783839679,-0.5149866623624404,169.26709804995374,169.26709804995374,Detected
196,-13.75,-14.25,0.0,-0.5931271930451264,0.03588933292952302,169.44790425875308,169.44790425875308,Detected
197,-13.25,-14.25,0.0,-0.08779266494091294,0.6086423745240198,169.63351991384158,169.63351991384158,Detected
198,-12.75,-14.25,0.0,0.3958519446493865,1.2031834315937504,169.8238562471591,169.8238562471591,Detected
199,-12.25,-14.25,0.0,0.8552534540816588,1.819192089430228,170.01876596320437,170.01876596320437,Detected
200,-11.75,-14.25,0.0,1.287690120597507,2.4560736469160283,170.21803269842997,170.21803269842997,Detected
201,-11.25,-14.25,0.0,1.690285112577811,3.1129125759248293,170.4213595024639,170.4213595024639,Detected
202,-10.75,-14.25,0.0,2.060027678247432,3.7884230380234603,170.62835648898107,170.62835648898107,Detected
203,-10.25,-14.25,0.0,2.393803468716261,4.4808975538359945,170.83852790569767,170.83852790569767,Detected
204,-9.75,-14.25,0.0,2.688435473843076,5.188155402054951,171.05125899645975,171.05125899645975,Detected
205,-9.25,-14.25,0.0,2.9407369237543737,5.9074928816779035,171.26580317612977,171.26580317612977,Detected
206,-8.75,-14.25,0.0,3.147577259617931,6.635638183270309,171.48127020755635,171.48127020755635,Detected
207,-8.25,-14.25,0.0,3.3059618454226842,7.368714245849338,171.6966162456106,171.6966162456106,Detected
208,-7.75,-14.25,0.0,3.4131254443876164,8.102213571131747,171.91063678839987,171.91063678839987,Detected
209,-7.25,-14.25,0.0,3.4666385953175363,8.830989447839434,172.12196372475782,172.12196372475782,Detected
210,-6.75,-14.25,0.0,3.464524893584361,9.549268307794954,172.32906776543794,172.32906776543794,Detected
211,-6.25,-14.25,0.0,3.405385837296436,10.250687878052275,172.5302675575387,172.5302675575387,Detected
212,-5.75,-14.25,0.0,3.288528413304341,10.928365291773629,172.72374667387516,172.72374667387516,Detected
213,-5.25,-14.25,0.0,3.1140890915912642,11.574998271577046,172.90757940968632,172.90757940968632,Detected
214,-4.75,-14.25,0.0,2.883146542288434,12.183000836629738,173.0797658810698,173.0797658810698,Detected
215,-4.25,-14.25,0.0,2.597814402875723,12.744672713093761,173.23827630607494,173.23827630607494,Detected
216,-3.75,-14.25,0.0,2.2613050375736483,13.252398840103425,173.38110357511886,173.38110357511886,Detected
217,-3.25,-14.25,0.0,1.8779556664927368,13.698872270295565,173.50632235023585,173.50632235023585,Detected
218,-2.75,-14.25,0.0,1.4532096533652608,14.07733067798042,173.61215205052508,173.61215205052508,Detected
219,-2.25,-14.25,0.0,0.993548172926316,14.381794014947086,173.6970203158491,173.6970203158491,Detected
220,-1.75,-14.25,0.0,0.5063708231047296,14.607289020408116,173.7596230035915,173.7596230035915,Detected
221,-1.25,-14.25,0.0,-0.00017227209110912587,14.750045690543773,173.79897659586607,173.79897659586607,Detected
222,-0.75,-14.25,0.0,-0.5173901342084067,14.807651700253754,173.81445914402408,173.81445914402408,Detected
223,-0.25,-14.25,0.0,-1.036291768286944,14.779153202969482,173.80583657049496,173.80583657049496,Detected
224,0.25,-14.25,0.0,-1.547844531178399,14.665094233836966,173.77327223618946,173.77327223618946,Detected
225,0.75,-14.25,0.0,-2.0432346565232438,14.467491691115992,173.7173190302551,173.7173190302551,Detected
226,1.25,-14.25,0.0,-2.5141143733628555,14.189747992304476,173.63889468470086,173.63889468470086,Detected
227,1.75,-14.25,0.0,-2.952821437208017,13.836508345484827,173.53924236097382,173.53924236097382,Detected
228,2.25,-14.25,0.0,-3.352559637517744,13.413473549585055,173.4198796331487,173.4198796331487,Detected
229,2.75,-14.25,0.0,-3.7075325393921594,12.927181902605568,173.28253968372826,173.28253968372826,Detected
230,3.25,-14.25,0.0,-4.0130268444150925,12.38477493871428,173.12910877399625,173.12910877399625,Detected
231,3.75,-14.25,0.0,-4.265445791075764,11.793761363336182,172.9615638822953,172.9615638822953,Detected
232,4.25,-14.25,0.0,-4.462296507239126,11.161791937634414,172.78191388782872,172.78191388782872,Detected
233,4.75,-14.25,0.0,-4.602137870423581,10.496455549177556,172.59214693042483,172.59214693042483,Detected
234,5.25,-14.25,0.0,-4.6844970835366215,9.80510371799333,172.39418572778345,172.39418572778345,Detected
235,5.75,-14.25,0.0,-4.709763845033605,9.094707724385753,172.18985178236085,172.18985178236085,Detected
236,6.25,-14.25,0.0,-4.6790708151025395,8.371749735651054,171.98083865985876,171.98083865985876,Detected
237,6.75,-14.25,0.0,-4.594168255238417,7.642146970669416,171.76869391584734,171.76869391584734,Detected
238,7.25,-14.25,0.0,-4.457299476146104,6.9112061871226835,171.55480881415758,171.55480881415758,Detected
239,7.75,-14.25,0.0,-4.2710822835488855,6.183604622114874,171.34041471309897,171.34041471309897,Detected
240,8.25,-14.25,0.0,-4.038400143954096,5.463392913309416,171.12658488114172,171.12658488114172,Detected
241,8.75,-14.25,0.0,-3.7623054322457126,4.7540153767181526,170.91424050041317,170.91424050041317,Detected
242,9.25,-14.25,0.0,-3.44593595348646,4.058343209172718,170.70415970001451,170.70415970001451,Detected
243,9.75,-14.25,0.0,-3.0924449912225396,3.378716605797926,170.49698859788487,170.49698859788487,Detected
244,10.25,-14.25,0.0,-2.7049444290723685,2.7169923362794157,170.29325349011268,170.29325349011268,Detected
245,10.75,-14.25,0.0,-2.2864600053944497,2.074593930682815,170.09337349753557,170.09337349753557,Detected
246,11.25,-14.25,0.0,-1.839897460228605,1.4525622252110546,169.8976731361653,169.8976731361653,Detected
247,11.75,-14.25,0.0,-1.3680181850931858,0.8516045741064229,169.7063944233637,169.7063944233637,Detected
248,12.25,-14.25,0.0,-0.8734229523401827,0.2721415219719244,169.5197082552824,169.5197082552824,Detected
249,12.75,-14.25,0.0,-0.3585423478169572,-0.2856498593826008,169.3377248883114,169.3377248883114,Detected
250,13.25,-14.25,0.0,0.17436736784478016,-0.8217964327052161,169.16050343964875,169.16050343964875,Detected
251,13.75,-14.25,0.0,0.7232241125764964,-1.3364934605989316,168.98806037859018,168.98806037859018,Detected
252,14.25,-14.25,0.0,1.286116547907888,-1.830073084958634,168.82037702606095,168.82037702606095,Detected
253,14.75,-14.25,0.0,1.8612982055593397,-2.30297669271473,168.657406108306,168.657406108306,Detected
254,15.25,-14.25,0.0,2.447179884625659,-2.7557309464247837,168.49907742988418,168.49907742988418,Detected
255,15.75,-14.25,0.0,3.0423208993632014,-3.1889272005332243,168.34530274100595,168.34530274100595,Detected
256,-15.75,-13.75,0.0,-2.3017228263210585,-1.5253692324387806,168.91020899658432,168.91020899658432,Detected
257,-15.25,-13.75,0.0,-1.7096250769400108,-1.020136320192012,169.08682490777514,169.08682490777514,Detected
258,-14.75,-13.75,0.0,-1.1302135395459922,-0.4914433182515693,169.26906495866317,169.26906495866317,Detected
259,-14.25,-13.75,0.0,-0.5654484777605994,0.06131451123913309,169.4570228796363,169.4570228796363,Detected
260,-13.75,-13.75,0.0,-0.017491222269289484,0.6386229810585113,169.65076050045147,169.65076050045147,Detected
261,-13.25,-13.75,0.0,0.5112865065913517,1.2408151934948835,169.8502993190297,169.8502993190297,Detected
262,-12.75,-13.75,0.0,1.0182960202846387,1.868032503823972,170.05561069934626,170.05561069934626,Detected
263,-12.25,-13.75,0.0,1.5007289380116615,2.520179968316759,170.26660460274468,170.26660460274468,Detected
264,-11.75,-13.75,0.0,1.9555596473851302,3.1968761902685445,170.4831167994006,170.4831167994006,Detected
265,-11.25,-13.75,0.0,2.379554503841631,3.897397735926354,170.70489456573128,170.70489456573128,Detected
266,-10.75,-13.75,0.0,2.769289534643161,4.6206186492993355,170.93158096278498,170.93158096278498,Detected
267,-10.25,-13.75,0.0,3.121178588171713,5.364946065832132,171.16269791391386,171.16269791391386,Detected
268,-9.75,-13.75,0.0,3.4315139714675347,6.12825351836301,171.3976284533093,171.3976284533093,Detected
269,-9.25,-13.75,0.0,3.6965216075183824,6.90781424970233,171.63559871974755,171.63559871974755,Detected
270,-8.75,-13.75,0.0,3.9124325619585623,7.700237676641089,171.87566049910708,171.87566049910708,Detected
271,-8.25,-13.75,0.0,4.075572380527978,8.501413060306712,172.11667538882625,172.11667538882625,Detected
272,-7.75,-13.75,0.0,4.182468980085464,9.306465360071913,172.35730193124945,172.35730193124945,Detected
273,-7.25,-13.75,0.0,4.22997879834315,10.109729090121794,172.59598733229086,172.59598733229086,Detected
274,-6.75,-13.75,0.0,4.2154294991916315,10.904746623086991,172.83096559638926,172.83096559638926,Detected
275,-6.25,-13.75,0.0,4.136775761967669,11.68429762807942,173.0602640216844,173.0602640216844,Detected
276,-5.75,-13.75,0.0,3.9927626233561826,12.440466005533528,173.28171995770194,173.28171995770194,Detected
277,-5.25,-13.75,0.0,3.783088632468291,13.164749602554386,173.49300946321068,173.49300946321068,Detected
278,-4.75,-13.75,0.0,3.508558952790193,13.848216017704948,173.69168896877238,173.69168896877238,Detected
279,-4.25,-13.75,0.0,3.1712168090269297,14.481704878469447,173.87525022829573,173.87525022829573,Detected
280,-3.75,-13.75,0.0,2.774440693563796,15.056073171190935,174.04118773549894,174.04118773549894,Detected
281,-3.25,-13.75,0.0,2.3229948850765534,15.562475782294358,174.18707647833017,174.18707647833017,Detected
282,-2.75,-13.75,0.0,1.8230223837919974,15.992668807224563,174.31065652186774,174.31065652186774,Detected
283,-2.25,-13.75,0.0,1.281972474218777,16.339319004286942,174.4099196396915,174.4099196396915,Detected
284,-1.75,-13.75,0.0,0.7084596933544586,16.59629970477968,174.4831922788171,174.4831922788171,Detected
285,-1.25,-13.75,0.0,0.11205663914230878,16.758952180925196,174.52920872677225,174.52920872677225,Detected
286,-0.75,-13.75,0.0,-0.4969708300899144,16.824292398075354,174.54716863050987,174.54716863050987,Detected
287,-0.25,-13.75,0.0,-1.1079716949476277,16.791146377938837,174.53677400894063,174.53677400894063,Detected
288,0.25,-13.75,0.0,-1.7102423072177686,16.660202840366466,174.49824254753344,174.49824254753344,Detected
289,0.75,-13.75,0.0,-2.2933618599400885,16.433978737229857,174.4322960542499,174.4322960542499,Detected
290,1.25,-13.75,0.0,-2.8475090223309536,16.116700818724585,174.34012519181258,174.34012519181258,Detected
291,1.75,-13.75,0.0,-3.363740076824028,15.714113452433752,174.22333367776042,174.22333367776042,Detected
292,2.25,-13.75,0.0,-3.834213046169813,15.233228599736139,174.08386675477658,174.08386675477658,Detected
293,2.75,-13.75,0.0,-4.252347813972456,14.68203748187853,173.92392970986296,173.92392970986296,Detected
294,3.25,-13.75,0.0,-4.612918293546071,14.069204744205797,173.745902473333,173.745902473333,Detected
295,3.75,-13.75,0.0,-4.912078466716049,13.403764961219336,173.5522559220688,173.5522559220688,Detected
296,4.25,-13.75,0.0,-5.147328923367093,12.694838545043076,173.34547459338657,173.34547459338657,Detected
297,4.75,-13.75,0.0,-5.317433965927128,11.951380147386539,173.1279892832402,173.1279892832402,Detected
298,5.25,-13.75,0.0,-5.422301250655557,11.181968155779455,172.90212166285758,172.90212166285758,Detected
299,5.75,-13.75,0.0,-5.462836411712942,10.39463948675055,172.67004178592194,172.67004178592194,Detected
300,6.25,-13.75,0.0,-5.440784412796333,9.596770022635512,172.4337382829808,172.4337382829808,Detected
301,6.75,-13.75,0.0,-5.358567843430457,8.794998006073948,172.19500023930894,172.19500023930894,Detected
302,7.25,-13.75,0.0,-5.219130378771391,7.995185592382361,171.95540922137423,171.95540922137423,Detected
303,7.75,-13.75,0.0,-5.025791470840787,7.202412535306154,171.71633965088532,171.71633965088532,Detected
304,8.25,-13.75,0.0,-4.782116276295985,6.420995515264215,171.4789656629159,171.4789656629159,Detected
305,8.75,-13.75,0.0,-4.4918030126299815,5.654526741787818,171.24427267818334,171.24427267818334,Detected
306,9.25,-13.75,0.0,-4.1585884564116835,4.905925992755533,171.0130721170656,171.0130721170656,Detected
307,9.75,-13.75,0.0,-3.7861711757691867,4.177501024140314,170.78601792412726,170.78601792412726,Detected
308,10.25,-13.75,0.0,-3.378151308835039,3.4710121647161163,170.56362383799353,170.56362383799353,Detected
309,10.75,-13.75,0.0,-2.937985213314628,2.7877377957913745,170.34628058995332,170.34628058995332,Detected
310,11.25,-13.75,0.0,-2.4689530658574035,2.1285382425785175,170.134272444436,170.134272444436,Detected
311,11.75,-13.75,0.0,-1.9741374231445588,1.4939163284757313,169.92779268173112,169.92779268173112,Detected
312,12.25,-13.75,0.0,-1.4564108195731869,0.8840734528403392,169.7269577848559,169.7269577848559,Detected
313,12.75,-13.75,0.0,-0.9184306204413595,0.2989605402424162,169.53182020820378,169.53182020820378,Detected
314,13.25,-13.75,0.0,-0.3626395425616273,-0.26167641306262757,169.3423797014269,169.3423797014269,Detected
315,13.75,-13.75,0.0,0.20872953428595453,-0.7982561924405606,169.1585932209332,169.1585932209332,Detected
316,14.25,-13.75,0.0,0.7936456272738086,-1.3113274187551356,168.98038350834298,168.98038350834298,Detected
317,14.75,-13.75,0.0,1.3902695419552826,-1.8015384757133794,168.80764643796493,168.80764643796493,Detected
318,15.25,-13.75,0.0,1.996942370776186,-2.2696119068369547,168.64025725150742,168.64025725150742,Detected
319,15.75,-13.75,0.0,2.6121732124770785,-2.716322841652981,168.47807580039816,168.47807580039816,Detected
320,-15.75,-13.25,0.0,-1.7993033979327138,-1.029178190782862,169.07027331388923,169.07027331388923,Detected
321,-15.25,-13.25,0.0,-1.182877145256083,-0.5051524542330208,169.25792718846247,169.25792718846247,Detected
322,-14.75,-13.25,0.0,-0.578355702636978,0.044848816390309076,169.45212676134128,169.45212676134128,Detected
323,-14.25,-13.25,0.0,0.012205235741625825,0.6216865042338566,169.65304144405806,169.65304144405806,Detected
324,-13.75,-13.25,0.0,0.5865166700347668,1.2261166560438752,169.8608119117102,169.8608119117102,Detected
325,-13.25,-13.25,0.0,1.142041332870522,1.8587539193867721,170.07554070193953,170.07554070193953,Detected
326,-12.75,-13.25,0.0,1.675981002890064,2.5200284141504157,170.2972810339188,170.2972810339188,Detected
327,-12.25,-13.25,0.0,2.1852673315513838,3.2101354763075283,170.52602365813223,170.52602365813223,Detected
328,-11.75,-13.25,0.0,2.6665577191718373,3.9289778666654334,170.7616815803154,170.7616815803154,Detected
329,-11.25,-13.25,0.0,3.1162380999171377,4.676100289794399,171.0040725609025,171.0040725609025,Detected
330,-10.75,-13.25,0.0,3.530434828327655,5.450616445128471,171.2528993828332,171.2528993828332,Detected
331,-10.25,-13.25,0.0,3.9050381760302098,6.25112936193447,171.50772801970797,171.50772801970797,Detected
332,-9.75,-13.25,0.0,4.235740205621626,7.075646476522044,171.76796402710107,171.76796402710107,Detected
333,-9.25,-13.25,0.0,4.518089934293185,7.921491811026274,172.0328277326436,172.0328277326436,Detected
334,-8.75,-13.25,0.0,4.747568660804709,8.78521871029438,172.3013291215171,172.3013291215171,Detected
335,-8.25,-13.25,0.0,4.919688017363722,9.662527860426753,172.57224369342512,172.57224369342512,Detected
336,-7.75,-13.25,0.0,5.03011262679093,10.54819668914965,172.84409099970864,172.84409099970864,Detected
337,-7.25,-13.25,0.0,5.07480809594336,11.43602761821056,173.11511801067425,173.11511801067425,Detected
338,-6.75,-13.25,0.0,5.050213383914691,12.318823833893585,173.383289881533,173.383289881533,Detected
339,-6.25,-13.25,0.0,4.953434311090716,13.188402023353934,173.6462909864946,173.6462909864946,Detected
340,-5.75,-13.25,0.0,4.782452168765828,14.035651609920563,173.90153920021334,173.90153920021334,Detected
341,-5.25,-13.25,0.0,4.536338199871692,14.850649096593942,174.146216207561,174.146216207561,Detected
342,-4.75,-13.25,0.0,4.2154614398053845,15.622833912552256,174.37731601989944,174.37731601989944,Detected
343,-4.25,-13.25,0.0,3.8216744671506757,16.341248473617974,174.5917128011633,174.5917128011633,Detected
344,-3.75,-13.25,0.0,3.358459570640357,16.994840021336252,174.78624754214047,174.78624754214047,Detected
345,-3.25,-13.25,0.0,2.8310172976504195,17.57281547852115,174.95783114998102,174.95783114998102,Detected
346,-2.75,-13.25,0.0,2.2462808541780332,18.065033653749694,175.10355933396826,175.10355933396826,Detected
347,-2.25,-13.25,0.0,1.6128437102977224,18.462412543429163,175.22083255103226,175.22083255103226,Detected
348,-1.75,-13.25,0.0,0.9407940085519352,18.757324324512236,175.30747260430152,175.30747260430152,Detected
349,-1.25,-13.25,0.0,0.24145749781995374,18.943948005017337,175.36182662426557,175.36182662426557,Detected
350,-0.75,-13.25,0.0,-0.4729402164145122,19.01855046018553,175.38284939916957,175.38284939916957,Detected
351,-0.25,-13.25,0.0,-1.189672587491752,18.97967107852011,175.3701564638569,175.3701564638569,Detected
352,0.25,-13.25,0.0,-1.8959456931513654,18.82819316685653,175.32404290507634,175.32404290507634,Detected
353,0.75,-13.25,0.0,-2.5793358703305302,18.567295625171038,175.24546614724028,175.24546614724028,Detected
354,1.25,-13.25,0.0,-3.2282004216016755,18.202289703325818,175.13599454270908,175.13599454270908,Detected
355,1.75,-13.25,0.0,-3.8320336905676164,17.740356203223325,174.9977268576106,174.9977268576106,Detected
356,2.25,-13.25,0.0,-4.381747210715144,17.190206756491563,174.8331902065214,174.8331902065214,Detected
357,2.75,-13.25,0.0,-4.869861025154899,16.561697760653544,174.64522536297,174.64522536297,Detected
358,3.25,-13.25,0.0,-5.290602290052864,15.8654268095403,174.43686854810568,174.43686854810568,Detected
359,3.75,-13.25,0.0,-5.639915608301509,15.112339296783297,174.21123792060618,174.21123792060618,Detected
360,4.25,-13.25,0.0,-5.915396184209454,14.313368102034586,173.97143134829366,173.97143134829366,Detected
361,4.75,-13.25,0.0,-6.116161284454852,13.479122951398354,173.72043998466842,173.72043998466842,Detected
362,5.25,-13.25,0.0,-6.242677526495863,12.619639268319958,173.46108006294804,173.46108006294804,Detected
363,5.75,-13.25,0.0,-6.2965614548837605,11.74419000746779,173.19594342370613,173.19594342370613,Detected
364,6.25,-13.25,0.0,-6.28036920339418,10.861158717890032,172.92736578627589,172.92736578627589,Detected
365,6.75,-13.25,0.0,-6.197388360913015,9.977968227609587,172.65741073209028,172.65741073209028,Detected
366,7.25,-13.25,0.0,-6.051442016179048,9.101056923092752,172.38786677414396,172.38786677414396,Detected
367,7.75,-13.25,0.0,-5.846711802669845,8.23589346577215,172.12025467849892,172.12025467849892,Detected
368,8.25,-13.25,0.0,-5.587583914959265,7.387020683914986,171.85584228439637,171.85584228439637,Detected
369,8.75,-13.25,0.0,-5.278519702363436,6.558120006125996,171.59566434343333,171.59566434343333,Detected
370,9.25,-13.25,0.0,-4.923950632321816,5.752088881208018,171.3405452772567,171.3405452772567,Detected
371,9.75,-13.25,0.0,-4.528196140982156,4.971124923077956,171.0911231690379,171.0911231690379,Detected
372,10.25,-13.25,0.0,-4.095402088325264,4.216811852722279,170.84787371237692,170.84787371237692,Detected
373,10.75,-13.25,0.0,-3.6294971197540717,3.4902035601115826,170.61113320283866,170.61113320283866,Detected
374,11.25,-13.25,0.0,-3.134164113078151,2.791903710176872,170.38111996721892,170.38111996721892,Detected
375,11.75,-13.25,0.0,-2.612823971716998,2.122139235669363,170.15795387537574,170.15795387537574,Detected
376,12.25,-13.25,0.0,-2.068629236915334,1.4808267906167512,169.94167376632606,169.94167376632606,Detected
377,12.75,-13.25,0.0,-1.5044652779565264,0.8676317962777947,169.73225276368697,169.73225276368697,Detected
378,13.25,-13.25,0.0,-0.9229571338993114,0.2820201158118598,169.5296115475771,169.5296115475771,Detected
379,13.75,-13.25,0.0,-0.3264803964112497,-0.27669732682249676,169.33362971637715,169.33362971637715,Detected
380,14.25,-13.25,0.0,0.28282518112397315,-0.8093264913368865,169.1441554034412,169.1441554034412,Detected
381,14.75,-13.25,0.0,0.9030403959378529,-1.3167581357211866,168.96101333376907,168.96101333376907,Detected
382,15.25,-13.25,0.0,1.5324504460264652,-1.799941065087754,168.78401150584094,168.78401150584094,Detected
383,15.75,-13.25,0.0,2.169528537935854,-2.259860075841289,168.61294667946908,168.61294667946908,Detected
384,-15.75,-12.75,0.0,-1.2793371790554757,-0.5514350597209366,169.23383876029555,169.23383876029555,Detected
385,-15.25,-12.75,0.0,-0.6361046611422269,-0.008751735817779592,169.4332852250645,169.4332852250645,Detected
386,-14.75,-12.75,0.0,-0.0037256109386550424,0.5626012925255423,169.64032397802345,169.64032397802345,Detected
387,-14.25,-12.75,0.0,0.6156677073262243,1.1637853549674817,169.8552194687702,169.8552194687702,Detected
388,-13.75,-12.75,0.0,1.2196756843244805,1.7958784742240173,170.0782131574001,170.0782131574001,Detected
389,-13.25,-12.75,0.0,1.8056095522514783,2.4598367157993484,170.3095133162813,170.3095133162813,Detected
390,-12.75,-12.75,0.0,2.3704710551777,3.1564475257268483,170.5492825783761,170.5492825783761,Detected
391,-12.25,-12.75,0.0,2.9109349265302247,3.8862741001616596,170.79762291498838,170.79762291498838,Detected
392,-11.75,-12.75,0.0,3.4233358830548988,4.649589931679149,171.05455773403924,171.05455773403924,Detected
393,-11.25,-12.75,0.0,3.9036622882519976,5.446302890657921,171.32001083599192,171.32001083599192,Detected
394,-10.75,-12.75,0.0,4.347559124359909,6.275868562373729,171.5937820450247,171.5937820450247,Detected
395,-10.25,-12.75,0.0,4.750343418234009,7.137193119016468,171.87551947918217,171.87551947918217,Detected
396,-9.75,-12.75,0.0,5.107035747901574,8.028526804721109,172.1646886388924,172.1646886388924,Detected
397,-9.25,-12.75,0.0,5.412411849683098,8.947350195681558,172.46053880614815,172.46053880614815,Detected
398,-8.75,-12.75,0.0,5.661078556559865,9.890256793015794,172.76206766174013,172.76206766174013,Detected
399,-8.25,-12.75,0.0,5.847578207532716,10.852837216353715,173.06798556291716,173.06798556291716,Detected
400,-7.75,-12.75,0.0,5.966525125286792,11.829572242065275,173.37668156123559,173.37668156123559,Detected
401,-7.25,-12.75,0.0,6.012776602281906,12.813744055945559,173.68619395293516,173.68619395293516,Detected
402,-6.75,-12.75,0.0,5.98163890718643,13.797377162161323,173.99418889392044,173.99418889392044,Detected
403,-6.25,-12.75,0.0,5.8691060022274115,14.771222084765062,174.29795124869335,174.29795124869335,Detected
404,-5.75,-12.75,0.0,5.672124927772737,15.724795901700261,174.59439227106841,174.59439227106841,Detected
405,-5.25,-12.75,0.0,5.388877283658628,16.646493251442685,174.8800787262878,174.8800787262878,Detected
406,-4.75,-12.75,0.0,5.019061257238677,17.523779236169602,175.15128748576896,175.15128748576896,Detected
407,-4.25,-12.75,0.0,4.564153801852364,18.34347119172341,175.40408828770632,175.40408828770632,Detected
408,-3.75,-12.75,0.0,4.027628685111517,19.092109431440896,175.63445517232822,175.63445517232822,Detected
409,-3.25,-12.75,0.0,3.415104194966856,19.756408039814097,175.83840413351646,175.83840413351646,Detected
410,-2.75,-12.75,0.0,2.7343952934824447,20.323766369456614,176.01215102715165,176.01215102715165,Detected
411,-2.25,-12.75,0.0,1.9954496688667558,20.78281142790909,176.15228021155784,176.15228021155784,Detected
412,-1.75,-12.75,0.0,1.2101556444300337,21.1239326054613,176.25591138448885,176.25591138448885,Detected
413,-1.25,-12.75,0.0,0.3920216921140037,21.33976510070902,176.32085031375868,176.32085031375868,Detected
414,-0.75,-12.75,0.0,-0.44425902590369787,21.425578524600297,176.34570918931917,176.34570918931917,Detected
415,-0.25,-12.75,0.0,-1.2833321615735527,21.379533289031027,176.32998443226228,176.32998443226228,Detected
416,0.25,-12.75,0.0,-2.1097558025701293,21.202779144416382,176.27408382690857,176.27408382690857,Detected
417,0.75,-12.75,0.0,-2.9085798389745534,20.899386051491327,176.17930022464404,176.17930022464404,Detected
418,1.25,-12.75,0.0,-3.6658860648489666,20.47611495016284,176.04773488986893,176.04773488986893,Detected
419,1.75,-12.75,0.0,-4.369249276893144,19.942052069321843,175.88217883125375,175.88217883125375,Detected
420,2.25,-12.75,0.0,-5.00808975891633,19.308142657291803,175.68596430084148,175.68596430084148,Detected
421,2.75,-12.75,0.0,-5.573900584147179,18.58666676843329,175.46280056056918,175.46280056056918,Detected
422,3.25,-12.75,0.0,-6.060346832197291,17.790700549082697,175.2166078969539,175.2166078969539,Detected
423,3.75,-12.75,0.0,-6.463245997024665,16.93360201850655,174.95136204548066,174.95136204548066,Detected
424,4.25,-12.75,0.0,-6.780448040166736,16.02855212800031,174.6709582148611,174.6709582148611,Detected
425,4.75,-12.75,0.0,-7.011639010415512,15.088171759670153,174.3791004483935,174.3791004483935,Detected
426,5.25,-12.75,0.0,-7.1580939544199405,14.124225053141398,174.0792187064301,174.0792187064301,Detected
427,5.75,-12.75,0.0,-7.222403597573384,13.14741038269507,173.77441322405514,173.77441322405514,Detected
428,6.25,-12.75,0.0,-7.208195899276188,12.167233270094025,173.46742362431536,173.46742362431536,Detected
429,6.75,-12.75,0.0,-7.119869050090572,11.191950799572638,173.16061898599227,173.16061898599227,Detected
430,7.25,-12.75,0.0,-6.962347625981663,10.228574585354073,172.85600449938673,172.85600449938673,Detected
431,7.75,-12.75,0.0,-6.74086907054541,9.282918652660515,172.55524033785716,172.55524033785716,Detected
432,8.25,-12.75,0.0,-6.4608038214409005,8.359679241839508,172.25966874484837,172.25966874484837,Detected
433,8.75,-12.75,0.0,-6.12750940374203,7.462535047111868,171.97034593268927,171.97034593268927,Detected
434,9.25,-12.75,0.0,-5.7462166886710655,6.594258333381695,171.6880760647393,171.6880760647393,Detected
435,9.75,-12.75,0.0,-5.321945172505767,5.756829420312435,171.41344526664756,171.41344526664756,Detected
436,10.25,-12.75,0.0,-4.85944342263639,4.951548961521217,171.14685421288823,171.14685421288823,Detected
437,10.75,-12.75,0.0,-4.363150612526758,4.179144154950926,170.88854834846236,170.88854834846236,Detected
438,11.25,-12.75,0.0,-3.837175175408854,3.4398664364160805,170.63864520711135,170.63864520711135,Detected
439,11.75,-12.75,0.0,-3.285286926855881,2.7335793264309745,170.3971585957409,170.3971585957409,Detected
440,12.25,-12.75,0.0,-2.7109194403676597,2.0598359396465415,170.16401963213085,170.16401963213085,Detected
441,12.75,-12.75,0.0,-2.11717993816108,1.4179462650149488,169.93909476910952,169.93909476910952,Detected
442,13.25,-12.75,0.0,-1.5068644346743172,0.8070347271511614,169.72220103402142,169.72220103402142,Detected
443,13.75,-12.75,0.0,-0.8824763100222344,0.2260887846213009,169.51311875319053,169.51311875319053,Detected
444,14.25,-12.75,0.0,-0.2462468840319404,-0.3260005473074562,169.31160205795265,169.31160205795265,Detected
445,14.75,-12.75,0.0,0.39984310358527386,-0.8504053166665635,169.11738746004679,169.11738746004679,Detected
446,15.25,-12.75,0.0,1.054041920059269,-1.3483334750446807,168.9302007740031,168.9302007740031,Detected
447,15.75,-12.75,0.0,1.7148057590409675,-1.8210070646194478,168.74976263719395,168.74976263719395,Detected
448,-15.75,-12.25,0.0,-0.742124109479775,-0.09412667360661148,169.4007713919594,169.4007713919594,Detected
449,-15.25,-12.25,0.0,-0.06945083222172008,0.4668877664210365,169.61280096169065,169.61280096169065,Detected
450,-14.75,-12.25,0.0,0.5937332508589714,1.0594398185557166,169.8336087718446,169.8336087718446,Detected
451,-14.25,-12.25,0.0,1.245246096712623,1.6850400481419447,170.06357757055105,170.06357757055105,Detected
452,-13.75,-12.25,0.0,1.8826034281117814,2.345146454822553,170.30307636105348,170.30307636105348,Detected
453,-13.25,-12.25,0.0,2.5029888006116936,3.0411248625468255,170.55244975182254,170.55244975182254,Detected
454,-12.75,-12.25,0.0,3.103223953778192,3.774199781515017,170.81200453550906,170.81200453550906,Detected
455,-12.25,-12.25,0.0,3.6797407798521977,4.545394283405972,171.08199300373633,171.08199300373633,Detected
456,-11.75,-12.25,0.0,4.228556722244487,5.3554574379355175,171.3625924806673,171.3625924806673,Detected
457,-11.25,-12.25,0.0,4.745255992703944,6.204777981248875,171.6538805632555,171.6538805632555,Detected
458,-10.75,-12.25,0.0,5.224979667141222,7.0932831791213635,171.95580561134253,171.95580561134253,Detected
459,-10.25,-12.25,0.0,5.662428467866551,8.020322375301486,172.26815215483958,172.26815215483958,Detected
460,-9.75,-12.25,0.0,6.051882825864747,8.98453555402248,172.59050110797406,172.59050110797406,Detected
461,-9.25,-12.25,0.0,6.387245571980499,9.98370847742866,172.92218503640447,172.92218503640447,Detected
462,-8.75,-12.25,0.0,6.662113220409923,11.014617657281267,173.26223923982207,173.26223923982207,Detected
463,-8.25,-12.25,0.0,6.869882124916476,12.07287063742493,173.6093501224694,173.6093501224694,Detected
464,-7.75,-12.25,0.0,7.003895597696986,13.152749798212488,173.9618032398512,173.9618032398512,Detected
465,-7.25,-12.25,0.0,7.057637124211157,14.247071054682559,174.3174345086467,174.3174345086467,Detected
466,-6.75,-12.25,0.0,7.024972804384196,15.347072190735172,174.67358930410478,174.67358930410478,Detected
467,-6.25,-12.25,0.0,6.900442831698927,16.442348749926406,175.0270953929004,175.0270953929004,Detected
468,-5.75,-12.25,0.0,6.679597016834845,17.52085780112032,175.3742566768841,175.3742566768841,Detected
469,-5.25,-12.25,0.0,6.35936308644429,18.569010723778984,175.7108752512754,175.7108752512754,Detected
470,-4.75,-12.25,0.0,5.93842906773869,19.571874509924506,176.03230896681964,176.03230896681964,Detected
471,-4.25,-12.25,0.0,5.417613246242379,20.513496092215362,176.333570177985,176.333570177985,Detected
472,-3.75,-12.25,0.0,4.800188159094999,21.37735530406143,176.60946840532625,176.60946840532625,Detected
473,-3.25,-12.25,0.0,4.092120450317586,22.14693927476661,176.85479519169715,176.85479519169715,Detected
474,-2.75,-12.25,0.0,3.3021879156232714,22.80641527598804,177.06454380471885,177.06454380471885,Detected
475,-2.25,-12.25,0.0,2.4419401916730212,23.3413622171522,177.2341503303846,177.2341503303846,Detected
476,-1.75,-12.25,0.0,1.5254810127377676,23.739506026916597,177.35973721277315,177.35973721277315,Detected
477,-1.25,-12.25,0.0,0.5690672181394179,23.991394389263927,177.43833668845627,177.43833668845627,Detected
478,-0.75,-12.25,0.0,-0.40945930114168133,24.090944707652625,177.46807097594564,177.46807097594564,Detected
479,-0.25,-12.25,0.0,-1.3913691409815345,24.035807446751345,177.44826914645523,177.44826914645523,Detected
480,0.25,-12.25,0.0,-2.3578170644415786,23.827504821744945,177.37950716142925,177.37950716142925,Detected
481,0.75,-12.25,0.0,-3.2906219762796334,23.47132960514181,177.2635665878116,177.2635665878116,Detected
482,1.25,-12.25,0.0,-4.172988340411888,22.976016288882096,177.10331733273946,177.10331733273946,Detected
483,1.75,-12.25,0.0,-4.990110869206612,22.353221983940223,176.90253849763155,176.90253849763155,Detected
484,2.25,-12.25,0.0,-5.72962075184892,21.616872900106223,176.66569756353815,176.66569756353815,Detected
485,2.75,-12.25,0.0,-6.381852444666584,20.782441377204123,176.39771072227856,176.39771072227856,Detected
486,3.25,-12.25,0.0,-6.93993115119275,19.866217785842654,176.10370624102808,176.10370624102808,Detected
487,3.75,-12.25,0.0,-7.399699108885093,18.884632742544728,175.78880901541302,175.78880901541302,Detected
488,4.25,-12.25,0.0,-7.759511402604056,17.85367084191344,175.45795905268508,175.45795905268508,Detected
489,4.75,-12.25,0.0,-8.019938445807,16.788400754593376,175.11577076202357,175.11577076202357,Detected
490,5.25,-12.25,0.0,-8.183412989628527,15.702630922839893,174.76643459287664,174.76643459287664,Detected
491,5.75,-12.25,0.0,-8.25385586554474,14.608687190382293,174.4136583901233,174.4136583901233,Detected
492,6.25,-12.25,0.0,-8.236308306772093,13.51729950858613,174.06064308067238,174.06064308067238,Detected
493,6.75,-12.25,0.0,-8.136591210933968,12.437579464946102,173.7100858933185,173.7100858933185,Detected
494,7.25,-12.25,0.0,-7.961004354570798,11.377068295137953,173.36420401759653,173.36420401759653,Detected
495,7.75,-12.25,0.0,-7.716072161363231,10.341835458239164,173.02477208184965,173.02477208184965,Detected
496,8.25,-12.25,0.0,-7.4083375677978065,9.33660991632351,172.6931677676596,172.6931677676596,Detected
497,8.75,-12.25,0.0,-7.044201909513624,8.364929195691412,172.37042101653913,172.37042101653913,Detected
498,9.25,-12.25,0.0,-6.629806443465174,7.429294518347617,172.05726342412555,172.05726342412555,Detected
499,9.75,-12.25,0.0,-6.170949895091159,6.531323375726068,171.75417545332309,171.75417545332309,Detected
500,10.25,-12.25,0.0,-5.673036007106914,5.671893630994286,171.46142996260807,171.46142996260807,Detected
501,10.75,-12.25,0.0,-5.141045214930489,4.851275474528808,171.17913122478,171.17913122478,Detected
502,11.25,-12.25,0.0,-4.579525070275307,4.069249302740433,170.90724911773842,170.90724911773842,Detected
503,11.75,-12.25,0.0,-3.9925947125055563,3.3252088792943537,170.64564851764013,170.64564851764013,Detected
504,12.25,-12.25,0.0,-3.3839594309246945,2.618250038037275,170.3941141556067,170.3941141556067,Detected
505,12.75,-12.25,0.0,-2.7569320904772976,1.9472457716402451,170.15237133147704,170.15237133147704,Detected
506,13.25,-12.25,0.0,-2.1144588632437653,1.3109088932985273,169.9201029441547,169.9201029441547,Detected
507,13.75,-12.25,0.0,-1.4591472939825583,0.7078436238909285,169.69696331334038,169.69696331334038,Detected
508,14.25,-12.25,0.0,-0.7932952230986474,0.13658749824477098,169.4825892541007,169.4825892541007,Detected
509,14.75,-12.25,0.0,-0.1189194963130778,-0.40435505708455555,169.27660883357683,169.27660883357683,Detected
510,15.25,-12.25,0.0,0.5622162857621449,-0.9164862143219127,169.07864819438745,169.07864819438745,Detected
511,15.75,-12.25,0.0,1.248575471590408,-1.4012941622775066,168.88833678349357,168.88833678349357,Detected
512,-15.75,-11.75,0.0,-0.18816662659610447,0.3406423203653943,169.57088868151988,169.57088868151988,Detected
513,-15.25,-11.75,0.0,0.5167294422328701,0.919437275215359,169.7963241743823,169.7963241743823,Detected
514,-14.75,-11.75,0.0,1.2138601098572896,1.5328010627061324,170.03187838550286,170.03187838550286,Detected
515,-14.25,-11.75,0.0,1.9010299575079965,2.182646444022038,170.2780801288976,170.2780801288976,Detected
516,-13.75,-11.75,0.0,2.575707014454102,2.8708755639292254,170.5354583742273,170.5354583742273,Detected
517,-13.25,-11.75,0.0,3.2349834683194487,3.599341080202248,170.80453174739569,170.80453174739569,Detected
518,-12.75,-11.75,0.0,3.8755349656182116,4.3697962854764985,171.0857947321647,171.0857947321647,Detected
519,-12.25,-11.75,0.0,4.493579728169075,5.183832151590903,171.37969985857566,171.37969985857566,Detected
520,-11.75,-11.75,0.0,5.084839274491737,6.0427990819753195,171.6866350775733,171.6866350775733,Detected
521,-11.25,-11.75,0.0,5.644503248690759,6.947711119390856,172.00689546331185,172.00689546331185,Detected
522,-10.75,-11.75,0.0,6.167201734094339,7.8991304901137385,172.34064836859864,172.34064836859864,Detected
523,-10.25,-11.75,0.0,6.646989466948398,8.897030763111164,172.6878912260069,172.6878912260069,Detected
524,-9.75,-11.75,0.0,7.0773475410230064,9.940637674500106,173.0484013674061,173.0484013674061,Detected
525,-9.25,-11.75,0.0,7.451209449115487,11.028247950213085,173.42167759223167,173.42167759223167,Detected
526,-8.75,-11.75,0.0,7.761019526647716,12.157028397969679,173.80687380491503,173.80687380491503,Detected
527,-8.25,-11.75,0.0,7.998832859637373,13.322800271904686,174.20272593270235,174.20272593270235,Detected
528,-7.75,-11.75,0.0,8.15646621720995,14.519817533240841,174.60747458061093,174.60747458061093,Detected
529,-7.25,-11.75,0.0,8.225709193317002,15.740552136540964,175.018787512697,175.018787512697,Detected
530,-6.75,-11.75,0.0,8.198603027570286,16.97550468371501,175.43368801956552,175.43368801956552,Detected
531,-6.25,-11.75,0.0,8.067791017911162,18.21306427773879,175.84849742658366,175.84849742658366,Detected
532,-5.75,-11.75,0.0,7.82693857776967,19.439446391220546,176.2588021204609,176.2588021204609,Detected
533,-5.25,-11.75,0.0,7.471212578311815,20.63874087966586,176.6594570921398,176.6594570921398,Detected
534,-4.75,-11.75,0.0,6.9977988167656875,21.793102408169073,177.0446385057031,177.0446385057031,Detected
535,-4.25,-11.75,0.0,6.40642407683926,22.883110859316698,177.4079564908828,177.4079564908828,Detected
536,-3.75,-11.75,0.0,5.699836947342012,23.888318331959212,177.74263560533512,177.74263560533512,Detected
537,-3.25,-11.75,0.0,4.884191830867354,24.787981489008697,178.04176386274088,178.04176386274088,Detected
538,-2.75,-11.75,0.0,3.969276470740968,25.5619540755853,178.29860212911993,178.29860212911993,Detected
539,-2.25,-11.75,0.0,2.9685278320502717,26.19168712725535,178.5069350965274,178.5069350965274,Detected
540,-1.75,-11.75,0.0,1.8987962232093853,26.661258394528936,178.66143483852113,178.66143483852113,Detected
541,-1.25,-11.75,0.0,0.7798429817357266,26.958333746642356,178.7580005415103,178.7580005415103,Detected
542,-0.75,-11.75,0.0,-0.36641004870906246,27.074957550685703,178.79403577633687,178.79403577633687,Detected
543,-0.25,-11.75,0.0,-1.5168262336453746,27.008079941399032,178.76862907357096,178.76862907357096,Detected
544,0.25,-11.75,0.0,-2.6481124533568408,26.75975654181422,178.68261454690168,178.68261454690168,Detected
545,0.75,-11.75,0.0,-3.737889700721173,26.336996293711476,178.53850500947408,178.53850500947408,Detected
546,1.25,-11.75,0.0,-4.765674048764375,25.751277883045127,178.34030722551225,178.34030722551225,Detected
547,1.75,-11.75,0.0,-5.71368083055612,25.017795747307606,178.0932439881407,178.0932439881407,Detected
548,2.25,-11.75,0.0,-6.567392395125049,24.154525076657254,177.8034176327198,177.8034176327198,Detected
549,2.75,-11.75,0.0,-7.315863726622269,23.18120723775598,177.4774529266989,177.4774529266989,Detected
550,3.25,-11.75,0.0,-7.951773479864173,22.11835254268363,177.12215427083626,177.12215427083626,Detected
551,3.75,-11.75,0.0,-8.471254793225949,20.98633978062898,176.74420449636855,176.74420449636855,Detected
552,4.25,-11.75,0.0,-8.873557252119609,19.804666962275657,176.3499225467673,176.3499225467673,Detected
553,4.75,-11.75,0.0,-9.16059799254213,18.591381084287036,175.94508727889632,175.94508727889632,Detected
554,5.25,-11.75,0.0,-9.336457701386587,17.36269100325381,175.5348261527868,175.5348261527868,Detected
555,5.75,-11.75,0.0,-9.406868929887988,16.132749476487245,175.12356157765478,175.12356157765478,Detected
556,6.25,-11.75,0.0,-9.378732665993269,14.913578993933598,174.71500428565497,174.71500428565497,Detected
557,6.75,-11.75,0.0,-9.259687045087354,13.715110701083425,174.31218195312712,174.31218195312712,Detected
558,7.25,-11.75,0.0,-9.057741181320532,12.545305203336554,173.9174917824299,173.9174917824299,Detected
559,7.75,-11.75,0.0,-8.780978332226264,11.410326784434966,173.53276725359913,173.53276725359913,Detected
560,8.25,-11.75,0.0,-8.437326267466952,10.314747112075421,173.15935121292196,173.15935121292196,Detected
561,8.75,-11.75,0.0,-8.034388649143617,9.261759690640984,172.7981694798802,172.7981694798802,Detected
562,9.25,-11.75,0.0,-7.5793290595317435,8.253391367825772,172.44980098807798,172.44980098807798,Detected
563,9.75,-11.75,0.0,-7.078798557936332,7.2907016441569885,172.11454199435224,172.11454199435224,Detected
564,10.25,-11.75,0.0,-6.5388978616189855,6.373964169377045,171.79246307159187,171.79246307159187,Detected
565,10.75,-11.75,0.0,-5.965166043358265,5.5028276018329025,171.48345845192262,171.48345845192262,Detected
566,11.25,-11.75,0.0,-5.362588732845912,4.676455030821882,171.18728786890168,171.18728786890168,Detected
567,11.75,-11.75,0.0,-4.735619995394614,3.893642535545605,170.903611405871,170.903611405871,Detected
568,12.25,-11.75,0.0,-4.088213210761531,3.152918314504617,170.63201805381485,170.63201805381485,Detected
569,12.75,-11.75,0.0,-3.423857313409561,2.4526242939580594,170.37204876407637,170.37204876407637,Detected
570,13.25,-11.75,0.0,-2.74561564914544,1.7909823235964248,170.12321478719088,170.12321478719088,Detected
571,13.75,-11.75,0.0,-2.056165442508668,1.1661470802392406,169.8850120423145,169.8850120423145,Detected
572,14.25,-11.75,0.0,-1.3578364650256227,0.5762476969022043,169.65693219744304,169.65693219744304,Detected
573,14.75,-11.75,0.0,-0.6526479591090613,0.019419962364970136,169.43847105724817,169.43847105724817,Detected
574,15.25,-11.75,0.0,0.05765677291167546,-0.5061692676255288,169.22913477170343,169.22913477170343,Detected
575,15.75,-11.75,0.0,0.7715784404896247,-1.0023040183252037,169.02844430301215,169.02844430301215,Detected
576,-15.75,-11.25,0.0,0.3817989187769955,0.7506596084770357,169.74395229518632,169.74395229518632,Detected
577,-15.25,-11.25,0.0,1.121832375950598,1.346424928571233,169.98364360427774,169.98364360427774,Detected
578,-14.75,-11.25,0.0,1.8562333948196912,1.9799365133388145,170.23496439922437,170.23496439922437,Detected
579,-14.25,-11.25,0.0,2.5828410344385775,2.65356581857101,170.498622466806,170.498622466806,Detected
580,-13.75,-11.25,0.0,3.2991260689798647,3.3697290299451486,170.77534575692027,170.77534575692027,Detected
581,-13.25,-11.25,0.0,4.002141270508802,4.1308513544629974,171.0658729963965,171.0658729963965,Detected
582,-12.75,-11.25,0.0,4.6884680198438655,4.939319031361763,171.37094053886634,171.37094053886634,Detected
583,-12.25,-11.25,0.0,5.354160193279543,5.797416286733242,171.69126446720063,171.69126446720063,Detected
584,-11.75,-11.25,0.0,5.9946868943105915,6.707244092452171,172.02751678829827,172.02751678829827,Detected
585,-11.25,-11.25,0.0,6.604876430168974,7.670617296626295,172.3802943949768,172.3802943949768,Detected
586,-10.75,-11.25,0.0,7.17886500886959,8.688936544777906,172.75007932955376,172.75007932955376,Detected
587,-10.25,-11.25,0.0,7.710054986102634,9.763031522036844,173.13718881800062,173.13718881800062,Detected
588,-9.75,-11.25,0.0,8.191089130861949,10.892972568652008,173.54171360030523,173.54171360030523,Detected
589,-9.25,-11.25,0.0,8.613849277128665,12.077848855452656,173.96344334689718,173.96344334689718,Detected
590,-8.75,-11.25,0.0,8.969489793837921,13.31551329816315,174.40177852825806,174.40177852825806,Detected
591,-8.25,-11.25,0.0,9.248518344843431,14.602297512357534,174.85562911477658,174.85562911477658,Detected
592,-7.75,-11.25,0.0,9.440938098587983,15.932704632608715,175.32330207115493,175.32330207115493,Detected
593,-7.25,-11.25,0.0,9.536466380296975,17.29909392489457,175.80238188482863,175.80238188482863,Detected
594,-6.75,-11.25,0.0,9.524844043322778,18.691378808444803,176.28961139455248,176.28961139455248,Detected
595,-6.25,-11.25,0.0,9.396246700468286,20.096768816665854,176.78078387714908,176.78078387714908,Detected
596,-5.75,-11.25,0.0,9.141802455495096,21.499595277048318,177.27066140364892,177.27066140364892,Detected
597,-5.25,-11.25,0.0,8.754210096132663,22.88126847753784,177.7529382646329,177.7529382646329,Detected
598,-4.75,-11.25,0.0,8.228436516663237,24.220418431818313,178.22027078832954,178.22027078832954,Detected
599,-4.25,-11.25,0.0,7.562453032604854,25.49326905131791,178.66439479498467,178.66439479498467,Detected
600,-3.75,-11.25,0.0,6.7579492578561355,26.674283479304354,179.07634781772734,179.07634781772734,Detected
601,-3.25,-11.25,0.0,5.820944068299597,27.737094296316556,179.4468039277528,179.4468039277528,Detected
602,-2.75,-11.25,0.0,4.76220114265772,28.655696217566092,179.7665143710806,179.7665143710806,Detected
603,-2.25,-11.25,0.0,3.5973574974012177,29.405834155602005,180.0268285892706,180.0268285892706,Detected
604,-1.75,-11.25,0.0,2.3466920060121765,29.966473575646184,180.2202508070964,180.2202508070964,Detected
605,-1.25,-11.25,0.0,1.0344984233251349,30.3212036136068,180.34097192061859,180.34097192061859,Detected
606,-0.75,-11.25,0.0,-0.31191994131115897,30.45940785443418,180.38530995308795,180.38530995308795,Detected
607,-0.25,-11.25,0.0,-1.663558418064133,30.37705121652762,180.35199841222487,180.35199841222487,Detected
608,0.25,-11.25,0.0,-2.9911954936592005,30.076975418449614,180.2422808805437,180.2422808805437,Detected
609,0.75,-11.25,0.0,-4.266896124835701,29.5686627415725,180.059798631313,180.059798631313,Detected
610,1.25,-11.25,0.0,-5.46537359693631,28.867503790731053,179.8102894572121,179.8102894572121,Detected
611,1.75,-11.25,0.0,-6.56507578750426,27.993672487971292,179.50114274637542,179.50114274637542,Detected
612,2.25,-11.25,0.0,-7.548909450985195,26.97075627077248,179.1408722814835,179.1408722814835,Detected
613,2.75,-11.25,0.0,-8.404573310741439,25.824304218061357,178.73857177277688,178.73857177277688,Detected
614,3.25,-11.25,0.0,-9.12452433495813,24.580441892345117,178.30341000408433,178.30341000408433,Detected
615,3.75,-11.25,0.0,-9.705641723148746,23.2646670350401,177.84420659857568,177.84420659857568,Detected
616,4.25,-11.25,0.0,-10.148675177373068,21.900895894371455,177.3691106755182,177.3691106755182,Detected
617,4.75,-11.25,0.0,-10.457568466800158,20.510786270425683,176.88538732493637,176.88538732493637,Detected
618,5.25,-11.25,0.0,-10.638740156959438,19.11332761929989,176.399303564308,176.399303564308,Detected
619,5.75,-11.25,0.0,-10.700386173891696,17.72466421022328,175.91609724358366,175.91609724358366,Detected
620,6.25,-11.25,0.0,-10.651848822868503,16.358104509773373,175.44000887922942,175.44000887922942,Detected
621,6.75,-11.25,0.0,-10.50307787830189,15.024266683954009,174.97435651181337,174.97435651181337,Detected
622,7.25,-11.25,0.0,-10.264193692433835,13.731313480670185,174.52163607490743,174.52163607490743,Detected
623,7.75,-11.25,0.0,-9.945150809588995,12.485236927474258,174.08363325391235,174.08363325391235,Detected
624,8.25,-11.25,0.0,-9.555493202141223,11.290161938311256,173.66153651559026,173.66153651559026,Detected
625,8.75,-11.25,0.0,-9.104188301210959,10.148646478324405,173.25604437192456,173.25604437192456,Detected
626,9.25,-11.25,0.0,-8.599525609085749,9.061963457595668,172.867462720613,172.867462720613,Detected
627,9.75,-11.25,0.0,-8.049066012182616,8.030355613402383,172.49579022470598,172.49579022470598,Detected
628,10.25,-11.25,0.0,-7.459629255852777,7.053259235362396,172.1407911856012,172.1407911856012,Detected
629,10.75,-11.25,0.0,-6.837308871237132,6.129495835862852,171.8020563417753,171.8020563417753,Detected
630,11.25,-11.25,0.0,-6.187505798896061,5.257433000987372,171.4790525997196,171.4790525997196,Detected
631,11.75,-11.25,0.0,-5.514973813997234,4.43511692895252,171.1711629869255,171.1711629869255,Detected
632,12.25,-11.25,0.0,-4.823871506898501,3.6603798082941945,170.87771820797474,170.87771820797474,Detected
633,12.75,-11.25,0.0,-4.1178169609570965,2.9309253996487676,170.59802114549242,170.59802114549242,Detected
634,13.25,-11.25,0.0,-3.399942395171622,2.2443961182206396,170.33136554205134,170.33136554205134,Detected
635,13.75,-11.25,0.0,-2.672946922381382,1.5984246808414686,170.07704995760295,170.07704995760295,Detected
636,14.25,-11.25,0.0,-1.9391462464987872,0.9906730618232757,169.83438794199716,169.83438794199716,Detected
637,14.75,-11.25,0.0,-1.200518622128824,0.4188611507097811,169.60271521557357,169.60271521557357,Detected
638,15.25,-11.25,0.0,-0.4587467596447318,-0.11921284474098949,169.38139451255552,169.38139451255552,Detected
639,15.75,-11.25,0.0,0.28474438949006486,-0.625658534086445,169.16981862252052,169.16981862252052,Detected
640,-15.75,-10.75,0.0,0.9667690878992979,1.1336203498766628,169.91966041863594,169.91966041863594,Detected
641,-15.25,-10.75,0.0,1.7449652008986007,1.7452489176077723,170.17447732587814,170.17447732587814,Detected
642,-14.75,-10.75,0.0,2.520122852303607,2.397922271713638,170.44262079734864,170.44262079734864,Detected
643,-14.25,-10.75,0.0,3.2901768265473845,3.0945295652901574,170.7250162786454,170.7250162786454,Detected
644,-13.75,-10.75,0.0,4.052667213921016,3.838075740457989,171.02263728022518,171.02263728022518,Detected
645,-13.25,-10.75,0.0,4.804678561065058,4.631652295328741,171.3364985710499,171.3364985710499,Detected
646,-12.75,-10.75,0.0,5.542772478449116,5.478394955505572,171.66764532391375,171.66764532391375,Detected
647,-12.25,-10.75,0.0,6.262914146708733,6.381424717246893,172.01713692842574,172.01713692842574,Detected
648,-11.75,-10.75,0.0,6.960393789143386,7.343768070922245,172.38602388672373,172.38602388672373,Detected
649,-11.25,-10.75,0.0,7.62974507028358,8.368251550427987,172.77531587712636,172.77531587712636,Detected
650,-10.75,-10.75,0.0,8.26466361159257,9.457365161550458,173.18593872760684,173.18593872760684,Detected
651,-10.25,-10.75,0.0,8.857930463337508,10.613088845022252,173.61867773437984,173.61867773437984,Detected
652,-9.75,-10.75,0.0,9.401347502274838,11.836676113546284,174.07410454848284,174.07410454848284,Detected
653,-9.25,-10.75,0.0,9.88569437996276,13.128389638720462,174.55248485411363,174.55248485411363,Detected
654,-8.75,-10.75,0.0,10.30071979930849,14.48718521662907,175.0536644193267,175.0536644193267,Detected
655,-8.25,-10.75,0.0,10.635183413969155,15.910343679643674,175.5769320449276,175.5769320449276,Detected
656,-7.75,-10.75,0.0,10.876968200224308,17.39305548141317,176.12085971829976,176.12085971829976,Detected
657,-7.25,-10.75,0.0,11.013286159104933,18.927970410766832,176.68312321591645,176.68312321591645,Detected
658,-6.75,-10.75,0.0,11.031001721653181,20.504735585034155,177.26031074705895,177.26031074705895,Detected
659,-6.25,-10.75,0.0,10.917095905748441,22.109558546870268,177.84773312575706,177.84773312575706,Detected
660,-5.75,-10.75,0.0,10.659288397633551,23.72484820967578,178.4392562123395,178.4392562123395,Detected
661,-5.25,-10.75,0.0,10.246822444558317,25.329002655163908,179.02718423271216,179.02718423271216,Detected
662,-4.75,-10.75,0.0,9.6713972337796,26.896425921987273,179.60222956016074,179.60222956016074,Detected
663,-4.25,-10.75,0.0,8.92820394032438,28.397860811413484,180.15360823163607,180.15360823163607,Detected
664,-3.75,-10.75,0.0,8.01698672722623,29.801115121269603,180.6692978110896,180.6692978110896,Detected
665,-3.25,-10.75,0.0,6.9430137949178246,31.072228699192678,181.13648216433748,181.13648216433748,Detected
666,-2.75,-10.75,0.0,5.717814830378911,32.17707528830214,181.54218455367578,181.54218455367578,Detected
667,-2.25,-10.75,0.0,4.359531179127947,33.08331933324499,181.87405735524345,181.87405735524345,Detected
668,-1.75,-10.75,0.0,2.892744576936946,33.76256511014377,182.12125896080852,182.12125896080852,Detected
669,-1.25,-10.75,0.0,1.3477050454189703,34.19246321881588,182.27531534783947,182.27531534783947,Detected
670,-0.75,-10.75,0.0,-0.24103547248460988,34.35850087449961,182.3308465192235,182.3308465192235,Detected
671,-0.25,-10.75,0.0,-1.8364758312538547,34.2552164399414,182.28604534566577,182.28604534566577,Detected
672,0.25,-10.75,0.0,-3.4013049028104727,33.886650881795006,182.14283047985128,182.14283047985128,Detected
673,0.75,-10.75,0.0,-4.900070641647506,33.26596663172211,181.90664920893963,181.90664920893963,Detected
674,1.25,-10.75,0.0,-6.301117578199995,32.41429916905759,181.58596635859163,181.58596635859163,Detected
675,1.75,-10.75,0.0,-7.578079695237394,31.35902396874994,181.1915254305455,181.1915254305455,Detected
676,2.25,-10.75,0.0,-8.71080210612877,30.131693418967558,180.73549587944075,180.73549587944075,Detected
677,2.75,-10.75,0.0,-9.685664764301553,28.76591300829352,180.23062172475872,180.23062172475872,Detected
678,3.25,-10.75,0.0,-10.495369751316659,27.29538943833552,179.6894658069093,179.6894658069093,Detected
679,3.75,-10.75,0.0,-11.138313608935372,25.75231381606884,179.12381048144323,179.12381048144323,Detected
680,4.25,-10.75,0.0,-11.617692039192637,24.166163085459967,178.54423984763326,178.54423984763326,Detected
681,4.75,-10.75,0.0,-11.940480243331958,22.56293102677986,177.95989869752964,177.95989869752964,Detected
682,5.25,-10.75,0.0,-12.116407931548695,20.964747446604953,177.37840326611465,177.37840326611465,Detected
683,5.75,-10.75,0.0,-12.157014445471114,19.38981367799145,176.80586894741953,176.80586894741953,Detected
684,6.25,-10.75,0.0,-12.074835344196092,17.852571606452752,176.24701848602433,176.24701848602433,Detected
685,6.75,-10.75,0.0,-11.882742792479485,16.364026719393365,175.70533791732336,175.70533791732336,Detected
686,7.25,-10.75,0.0,-11.5934405912395,14.932157291602635,175.18325400851577,175.18325400851577,Detected
687,7.75,-10.75,0.0,-11.219100841998387,13.562356885642533,174.68231410218914,174.68231410218914,Detected
688,8.25,-10.75,0.0,-10.771121862933372,12.257872477306394,174.2033558049472,174.2033558049472,Detected
689,8.75,-10.75,0.0,-10.259984405503877,11.020213779654071,173.74665929296037,173.74665929296037,Detected
690,9.25,-10.75,0.0,-9.69518380894126,9.849519914496778,173.31207896644906,173.31207896644906,Detected
691,9.75,-10.75,0.0,-9.085218115481256,8.744877381764557,172.89915389242546,172.89915389242546,Detected
692,10.25,-10.75,0.0,-8.437615357090598,7.704588618929632,172.50719816139468,172.50719816139468,Detected
693,10.75,-10.75,0.0,-7.758986560979731,6.726393802669141,172.1353732063445,172.1353732063445,Detected
694,11.25,-10.75,0.0,-7.055094125473261,5.807650421919441,171.782744527663,171.782744527663,Detected
695,11.75,-10.75,0.0,-6.330927901554793,4.945475985185093,171.44832531644536,171.44832531644536,Detected
696,12.25,-10.75,0.0,-5.590783520972131,4.1368593743656445,171.1311093235615,171.1311093235615,Detected
697,12.75,-10.75,0.0,-4.838339250409829,3.378746087166967,170.83009506605478,170.83009506605478,Detected
698,13.25,-10.75,0.0,-4.076728977760157,2.668102113510542,170.54430317129376,170.54430317129376,Detected
699,13.75,-10.75,0.0,-3.308609916903927,2.00196059537463,170.27278836627488,170.27278836627488,Detected
700,14.25,-10.75,0.0,-2.536224320399482,1.3774548063830945,170.0146473492186,170.0146473492186,Detected
701,14.75,-10.75,0.0,-1.7614549760920095,0.791840404590785,169.76902353835652,169.76902353835652,Detected
702,15.25,-10.75,0.0,-0.9858745886939332,0.24250938633514252,169.53510949193466,169.53510949193466,Detected
703,15.75,-10.75,0.0,-0.21078935122340098,-0.27300229078433114,169.31214762015424,169.31214762015424,Detected
704,-15.75,-10.25,0.0,1.5654390883598146,1.4871481688243129,170.0976397734849,170.0976397734849,Detected
705,-15.25,-10.25,0.0,2.3849037931458517,2.1131972677623128,170.36846247537858,170.36846247537858,Detected
706,-14.75,-10.25,0.0,3.204437786375978,2.7836762236387873,170.65451093104326,170.65451093104326,Detected
707,-14.25,-10.25,0.0,4.0221481806180295,3.5020518620585213,170.9569733141877,170.9569733141877,Detected
708,-13.75,-10.25,0.0,4.83572990947134,4.271995905120063,171.27712383088164,171.27712383088164,Detected
709,-13.25,-10.25,0.0,5.642393685973818,5.097366588530519,171.6163206394611,171.6163206394611,Detected
710,-12.75,-10.25,0.0,6.4387839633254895,5.982177181292808,171.97599980975727,171.97599980975727,Detected
711,-12.25,-10.25,0.0,7.220886551520447,6.930547153217942,172.35766374694816,172.35766374694816,Detected
712,-11.75,-10.25,0.0,7.983926082611852,7.946630710490332,172.76286204425338,172.76286204425338,Detected
713,-11.25,-10.25,0.0,8.722254365186474,9.034516264170573,173.19316216658012,173.19316216658012,Detected
714,-10.75,-10.25,0.0,9.429231942109924,10.198089167233324,173.65010672565836,173.65010672565836,Detected
715,-10.25,-10.25,0.0,10.097106998318349,11.440848859284374,174.13515339965437,174.13515339965437,Detected
716,-9.75,-10.25,0.0,10.716898315268573,12.765670593083764,174.64959285804912,174.64959285804912,Detected
717,-9.25,-10.25,0.0,11.278292384557698,14.174501496457573,175.19443947660582,175.19443947660582,Detected
718,-8.75,-10.25,0.0,11.769569197817475,15.667981336229074,175.77028939488153,175.77028939488153,Detected
719,-8.25,-10.25,0.0,12.177576636690535,17.244980685357923,176.37714088182298,176.37714088182298,Detected
720,-7.75,-10.25,0.0,12.48777961297021,18.902054175281553,177.01417350419038,177.01417350419038,Detected
721,-7.25,-10.25,0.0,12.68441661604616,20.63281526410609,177.67948583975198,177.67948583975198,Detected
722,-6.75,-10.25,0.0,12.750802027180999,22.427252653623107,178.36979714552177,178.36979714552177,Detected
723,-6.25,-10.25,0.0,12.669815616414342,24.27102808248438,179.0801271499191,179.0801271499191,Detected
724,-5.75,-10.25,0.0,12.424618298571426,26.144820821346222,179.80348030831993,179.80348030831993,Detected
725,-5.25,-10.25,0.0,11.999621908799686,28.023814233415507,180.53057598608896,180.53057598608896,Detected
726,-4.75,-10.25,0.0,11.381716557687035,29.87744991550015,181.2496822032351,181.2496822032351,Detected
727,-4.25,-10.25,0.0,10.561719043779945,31.669597202783645,181.94662387861416,181.94662387861416,Detected
728,-3.75,-10.25,0.0,9.535949822180548,33.35928844377345,182.60504083570802,182.60504083570802,Detected
729,-3.25,-10.25,0.0,8.307779779805454,34.902139695895414,183.20695875438005,183.20695875438005,Detected
730,-2.75,-10.25,0.0,6.88892500887868,36.25250113963625,183.73370140409625,183.73370140409625,Detected
731,-2.25,-10.25,0.0,5.300229075094192,37.36625997436323,184.1671135295324,184.1671135295324,Detected
732,-1.75,-10.25,0.0,3.5716823117376206,38.20406623828739,184.49098839710499,184.49098839710499,Detected
733,-1.25,-10.25,0.0,1.741504447398901,38.734604311489434,184.69252071924228,184.69252071924228,Detected
734,-0.75,-10.25,0.0,-0.14573986709539738,38.937438812172026,184.76355999052166,184.76355999052166,Detected
735,-0.25,-10.25,0.0,-2.041839718269319,38.8049683555813,184.70144418821752,184.70144418821752,Detected
736,0.25,-10.25,0.0,-3.898123569949459,38.34314313629604,184.5092577744851,184.5092577744851,Detected
737,0.75,-10.25,0.0,-5.668694512976091,37.57082009555533,184.19546747368472,184.19546747368472,Detected
738,1.25,-10.25,0.0,-7.313269028932999,36.51788252671969,183.7730121164823,183.7730121164823,Detected
739,1.75,-10.25,0.0,-8.799268025586493,35.222465139930534,183.25802120396403,183.25802120396403,Detected
740,2.25,-10.25,0.0,-10.102973666533941,33.72774356432217,182.6683839779015,182.6683839779015,Detected
741,2.75,-10.25,0.0,-11.20974707032118,32.078749986955955,182.02238079540916,182.02238079540916,Detected
742,3.25,-10.25,0.0,-12.113450782891503,30.319584650284508,181.33753531638004,181.33753531638004,Detected
743,3.75,-10.25,0.0,-12.815307236602974,28.49125051743109,180.6297734568052,180.6297734568052,Detected
744,4.25,-10.25,0.0,-13.32244650101607,26.63019207815067,179.91290610959965,179.91290610959965,Detected
745,4.75,-10.25,0.0,-13.646368391565577,24.76750209921748,179.19840182276138,179.19840182276138,Detected
746,5.25,-10.25,0.0,-13.801487916347428,22.928686413160836,178.49538754511318,178.49538754511318,Detected
747,5.75,-10.25,0.0,-13.803869873394907,21.13384521092688,177.81080741960585,177.81080741960585,Detected
748,6.25,-10.25,0.0,-13.670202320325245,19.398129527242006,177.14967515315124,177.14967515315124,Detected
749,6.75,-10.25,0.0,-13.417016439365275,17.73235102428871,176.5153681412849,176.5153681412849,Detected
750,7.25,-10.25,0.0,-13.060133160134754,16.143650813736457,175.90992615163896,175.90992615163896,Detected
751,7.75,-10.25,0.0,-12.614302632155724,14.636161287108978,175.33433080492625,175.33433080492625,Detected
752,8.25,-10.25,0.0,-12.092997831853928,13.211619480752503,174.7887528610733,174.7887528610733,Detected
753,8.75,-10.25,0.0,-11.508324830458923,11.869909678203909,174.27276208729793,174.27276208729793,Detected
754,9.25,-10.25,0.0,-10.871016771920504,10.609526671435164,173.78549957830631,173.78549957830631,Detected
755,9.75,-10.25,0.0,-10.190484451492697,9.427960110987788,173.32581537699136,173.32581537699136,Detected
756,10.25,-10.25,0.0,-9.474902319482434,8.322005720429134,172.89237571272687,172.89237571272687,Detected
757,10.75,-10.25,0.0,-8.73131409272177,7.288011862737901,172.4837446484827,172.4837446484827,Detected
758,11.25,-10.25,0.0,-7.965746650397838,6.322070895578144,172.09844479923532,172.09844479923532,Detected
759,11.75,-10.25,0.0,-7.183324467961841,5.420164610922473,171.7350013384006,171.7350013384006,Detected
760,12.25,-10.25,0.0,-6.388379573426264,4.578272301828335,171.39197292746698,171.39197292746698,Detected
761,12.75,-10.25,0.0,-5.584554019574882,3.792448957938782,171.06797259289442,171.06797259289442,Detected
762,13.25,-10.25,0.0,-4.774893296324882,3.0588799688964485,170.76168100763803,170.76168100763803,Detected
763,13.75,-10.25,0.0,-3.9619300886554734,2.373917629344086,170.471854131006,170.471854131006,Detected
764,14.25,-10.25,0.0,-3.147758430817239,1.7341037548460878,170.19732673267706,170.19732673267706,Detected
765,14.75,-10.25,0.0,-2.3340987105586333,1.136181863025236,169.93701298172203,169.93701298172203,Detected
766,15.25,-10.25,0.0,-1.52235420509169,0.5771016502399181,169.68990499242412,169.68990499242412,Detected
767,15.75,-10.25,0.0,-0.7136599436854986,0.05401789823314119,169.45507000486433,169.45507000486433,Detected
768,-15.75,-9.75,0.0,2.1761683514846673,1.8088228546515688,170.27743752671384,170.27743752671384,Detected
769,-15.25,-9.75,0.0,3.0400489656161316,2.4474754399930854,170.56514454458915,170.56514454458915,Detected
770,-14.75,-9.75,0.0,3.9076723034730096,3.1339841599470386,170.8701935574292,170.8701935574292,Detected
771,-14.25,-9.75,0.0,4.777411614951797,3.8724523395184844,171.19408743831443,171.19408743831443,Detected
772,-13.75,-9.75,0.0,5.647223997599281,4.667297549675181,171.53846571205298,171.53846571205298,Detected
773,-13.25,-9.75,0.0,6.514568122257887,5.523249666692582,171.9051102496213,171.9051102496213,Detected
774,-12.75,-9.75,0.0,7.376308060267552,6.445337122961299,172.2959477531236,172.2959477531236,Detected
775,-12.25,-9.75,0.0,8.228601762028685,7.438856557276389,172.71304726042686,172.71304726042686,Detected
776,-11.75,-9.75,0.0,9.066773055434862,8.509319635796261,173.15861024475095,173.15861024475095,Detected
777,-11.25,-9.75,0.0,9.885166667655508,9.66236906755874,173.63495004309416,173.63495004309416,Detected
778,-10.75,-9.75,0.0,10.676986876918505,10.903653777959875,174.14445628822634,174.14445628822634,Detected
779,-10.25,-9.75,0.0,11.434122177544277,12.238650881132024,174.689538736022,174.689538736022,Detected
780,-9.75,-9.75,0.0,12.146961050497506,13.67241964846527,175.27254338785286,175.27254338785286,Detected
781,-9.25,-9.75,0.0,12.804207892575414,15.209270405083533,175.89563221303027,175.89563221303027,Detected
782,-8.75,-9.75,0.0,13.392713714985572,16.852329729358267,176.56061627204264,176.56061627204264,Detected
783,-8.25,-9.75,0.0,13.897343705677313,18.602983368440125,177.26873104383162,177.26873104383162,Detected
784,-7.75,-9.75,0.0,14.300913338661713,20.460181261895062,178.0203429298083,178.0203429298083,Detected
785,-7.25,-9.75,0.0,14.584236239850739,22.41959690489172,178.81457829216336,178.81457829216336,Detected
786,-6.75,-9.75,0.0,14.726339622443394,24.472648463525555,179.6488724358999,179.6488724358999,Detected
787,-6.25,-9.75,0.0,14.704914760374034,26.605414381557615,180.51844745409653,180.51844745409653,Detected
788,-5.75,-9.75,0.0,14.497076918041177,28.79751411333436,181.4157466029682,181.4157466029682,Detected
789,-5.25,-9.75,0.0,14.080505444482663,31.021075711802194,182.3298798391671,182.3298798391671,Detected
790,-4.75,-9.75,0.0,13.43501226712429,33.23997281914402,183.2461691048966,183.2461691048966,Detected
791,-4.25,-9.75,0.0,12.544536825118792,35.409573642893264,184.14591762026197,184.14591762026197,Detected
792,-3.75,-9.75,0.0,11.399481081614715,37.477283679358514,185.00655375462554,185.00655375462554,Detected
793,-3.25,-9.75,0.0,9.99918148179632,39.38415295657116,185.8023000947469,185.8023000947469,Detected
794,-2.75,-9.75,0.0,8.35418290603823,41.067725249202304,186.50547298496906,186.50547298496906,Detected
795,-2.25,-9.75,0.0,6.487870370744655,42.46611093552167,187.08841466091513,187.08841466091513,Detected
796,-1.75,-9.75,0.0,4.436981190747603,43.522979726287986,187.52590594485258,187.52590594485258,Detected
797,-1.25,-9.75,0.0,2.250615142316865,44.19285656537675,187.7977379683025,187.7977379683025,Detected
798,-0.75,-9.75,0.0,-0.012398012610480954,44.44587040318938,187.89099758467577,187.89099758467577,Detected
799,-0.25,-9.75,0.0,-2.287566223687608,44.27106548829045,187.80160662941535,187.80160662941535,Detected
800,0.25,-9.75,0.0,-4.50967866818804,43.677599853521876,187.53478089954228,187.53478089954228,Detected
801,0.75,-9.75,0.0,-6.617836493687205,42.693586679112116,187.1043129771738,187.1043129771738,Detected
802,1.25,-9.75,0.0,-8.559765312422316,41.36284416302814,186.53085285858208,186.53085285858208,Detected
803,1.75,-9.75,0.0,-10.294803709785986,39.74023488115824,185.83956596654656,185.83956596654656,Detected
804,2.25,-9.75,0.0,-11.795296401947716,37.88647028459162,185.05762663264034,185.05762663264034,Detected
805,2.75,-9.75,0.0,-13.046467120919603,35.863203933483916,184.21195231507016,184.21195231507016,Detected
806,3.25,-9.75,0.0,-14.045101581219363,33.72900575517505,183.32744493041767,183.32744493041767,Detected
807,3.75,-9.75,0.0,-14.797488475789912,31.536509687412426,182.42584397714265,182.42584397714265,Detected
808,4.25,-9.75,0.0,-15.317057539545194,29.330756985732148,181.5251622967274,181.5251622967274,Detected
809,4.75,-9.75,0.0,-15.622063264005941,27.148572439550083,180.63959327593994,180.63959327593994,Detected
810,5.25,-9.75,0.0,-15.733541412511908,25.018721002416594,179.77974754188855,179.77974754188855,Detected
811,5.75,-9.75,0.0,-15.673651009705367,22.962579060565574,178.95308359905644,178.95308359905644,Detected
812,6.25,-9.75,0.0,-15.464426770209975,20.995088470680678,178.16442314099024,178.16442314099024,Detected
813,6.75,-9.75,0.0,-15.126910769796542,19.125815909564512,177.41647403746873,177.41647403746873,Detected
814,7.25,-9.75,0.0,-14.680603380018182,17.3599964487542,176.71031364490477,176.71031364490477,Detected
815,7.75,-9.75,0.0,-14.14316446524666,15.699488574385814,176.04580830789342,176.04580830789342,Detected
816,8.25,-9.75,0.0,-13.530298965615847,14.143604470399563,175.42196102779363,175.42196102779363,Detected
817,8.75,-9.75,0.0,-12.855770256936472,12.68980446706939,174.8371892394061,174.8371892394061,Detected
818,9.25,-9.75,0.0,-12.131496031588402,11.334260104418817,174.2895399780526,174.2895399780526,Detected
819,9.75,-9.75,0.0,-11.367692506483333,10.072298734398137,173.7768519363531,173.7768519363531,Detected
820,10.25,-9.75,0.0,-10.573042368667215,8.898746248781906,173.29687420971013,173.29687420971013,Detected
821,10.75,-9.75,0.0,-9.754869617345156,7.808185170046511,172.8473507776612,172.8473507776612,Detected
822,11.25,-9.75,0.0,-8.919310388329713,6.795144285164628,172.42607854902892,172.42607854902892,Detected
823,11.75,-9.75,0.0,-8.071473185864617,5.854234109223084,172.030945447046,172.030945447046,Detected
824,12.25,-9.75,0.0,-7.215585003001334,4.980240288037419,171.65995372787825,171.65995372787825,Detected
825,12.75,-9.75,0.0,-6.355121879865656,4.168184902101983,171.31123259378705,171.31123259378705,Detected
826,13.25,-9.75,0.0,-5.492923787990727,3.41336368405618,170.98304321501695,170.98304321501695,Detected
827,13.75,-9.75,0.0,-4.631294546159933,2.7113654768492386,170.67377850719458,170.67377850719458,Detected
828,14.25,-9.75,0.0,-3.7720879301001675,2.058078853682069,170.38195940878472,170.38195940878472,Detected
829,14.75,-9.75,0.0,-2.9167813514885133,1.44968967481416,170.10622893034483,170.10622893034483,Detected
830,15.25,-9.75,0.0,-2.0665385405482195,0.882672442172305,169.84534489528946,169.84534489528946,Detected
831,15.75,-9.75,0.0,-1.222262627256853,0.35377759220975913,169.59817201978413,169.59817201978413,Detected
832,-15.75,-9.25,0.0,2.796947194468185,2.0962155642529394,170.45851337429886,170.45851337429886,Detected
833,-15.25,-9.25,0.0,3.708382762429539,2.745242914464682,170.7639665415095,170.7639665415095,Detected
834,-14.75,-9.25,0.0,4.6278489236446125,3.4455364788669303,171.08910825827672,171.08910825827672,Detected
835,-14.25,-9.25,0.0,5.55409764417557,4.201890967610615,171.43581532920115,171.43581532920115,Detected
836,-13.75,-9.25,0.0,6.485479942295893,5.019546756186286,171.80616749645586,171.80616749645586,Detected
837,-13.25,-9.25,0.0,7.419855839188004,5.904211311462893,172.20246512407653,172.20246512407653,Detected
838,-12.75,-9.25,0.0,8.354486377245944,6.862072004128122,172.6272455180296,172.6272455180296,Detected
839,-12.25,-9.25,0.0,9.285904851498184,7.899795396172635,173.08329615333452,173.08329615333452,Detected
840,-11.75,-9.25,0.0,10.209764329333753,9.024506268973248,173.5736622497649,173.5736622497649,Detected
841,-11.25,-9.25,0.0,11.120658716663659,10.243737291733355,174.10164499612395,174.10164499612395,Detected
842,-10.75,-9.25,0.0,12.011915238874515,11.565337219203306,174.6707851813637,174.6707851813637,Detected
843,-10.25,-9.25,0.0,12.875357495780749,12.997321770579441,175.28482494581672,175.28482494581672,Detected
844,-9.75,-9.25,0.0,13.70104058668805,14.54764686605244,175.9476377406111,175.9476377406111,Detected
845,-9.25,-9.25,0.0,14.476963684655505,16.22387881281139,176.66311334507157,176.66311334507157,Detected
846,-8.75,-9.25,0.0,15.188771519954656,18.03273073133278,177.43498101623277,177.43498101623277,Detected
847,-8.25,-9.25,0.0,15.81946531905285,19.97942985794544,178.26654988089723,178.26654988089723,Detected
848,-7.75,-9.25,0.0,16.349156708740843,22.06687794595105,179.1603422738713,179.1603422738713,Detected
849,-7.25,-9.25,0.0,16.75491568706518,24.294569518035836,180.1175943456286,180.1175943456286,Detected
850,-6.75,-9.25,0.0,17.010786177722633,26.657244383249175,181.1376013864015,181.1376013864015,Detected
851,-6.25,-9.25,0.0,17.088068781076696,29.143277514995788,182.21689669843948,182.21689669843948,Detected
852,-5.75,-9.25,0.0,16.95599639059164,31.73285836320116,183.34827748249322,183.34827748249322,Detected
853,-5.25,-9.25,0.0,16.582946374445555,34.39609000433434,184.51973443654148,184.51973443654148,Detected
854,-4.75,-9.25,0.0,15.938329117364033,37.09124925210497,185.71340690784308,185.71340690784308,Detected
855,-4.25,-9.25,0.0,14.995246668908374,39.763584126826906,186.90476924170684,186.90476924170684,Detected
856,-3.75,-9.25,0.0,13.733903886255161,42.34515687122308,188.06234019581174,188.06234019581174,Detected
857,-3.25,-9.25,0.0,12.145561865916834,44.7563128748928,189.1482611164519,189.1482611164519,Detected
858,-2.75,-9.25,0.0,10.236559467944122,46.9092869424207,190.1200580728498,190.1200580728498,Detected
859,-2.25,-9.25,0.0,8.031650768366642,48.71416724207707,190.9337361515419,190.9337361515419,Detected
860,-1.75,-9.25,0.0,5.575728322932041,50.08689799986089,191.54803408660237,191.54803408660237,Detected
861,-1.25,-9.25,0.0,2.9330671132079718,50.95830874948389,191.92925500238672,191.92925500238672,Detected
862,-0.75,-9.25,0.0,0.18362819693344726,51.28254963144744,192.05573525369738,192.05573525369738,Detected
863,-0.25,-9.25,0.0,-2.5833400710130006,51.04309853587291,191.9209077470373,191.9209077470373,Detected
864,0.25,-9.25,0.0,-5.277395124666582,50.25489520616366,191.5341756753882,191.5341756753882,Detected
865,0.75,-9.25,0.0,-7.815157642343362,48.96208900448627,190.91938148498235,190.91938148498235,Detected
866,1.25,-9.25,0.0,-10.127168768025276,47.232013550315415,190.11130800581805,190.11130800581805,Detected
867,1.75,-9.25,0.0,-12.162243609685037,45.14687026229302,189.15111228278522,189.15111228278522,Detected
868,2.25,-9.25,0.0,-13.888952043279614,42.794912584698174,188.0817080626854,188.0817080626854,Detected
869,2.75,-9.25,0.0,-15.294556730576547,40.262664085959344,186.9439041402272,186.9439041402272,Detected
870,3.25,-9.25,0.0,-16.38217663009385,37.629103325151014,185.77372840367056,185.77372840367056,Detected
871,3.75,-9.25,0.0,-17.16706254507898,34.96209748046052,184.6009965130895,184.6009965130895,Detected
872,4.25,-9.25,0.0,-17.672744956281385,32.31687265618109,183.4489296184514,183.4489296184514,Detected
873,4.75,-9.25,0.0,-17.92757113580439,29.736044868987648,182.33451297840844,182.33451297840844,Detected
874,5.25,-9.25,0.0,-17.961897791846194,27.25067235697456,181.26928562123683,181.26928562123683,Detected
875,5.75,-9.25,0.0,-17.806009077434034,24.881853306010555,180.2603106830648,180.2603106830648,Detected
876,6.25,-9.25,0.0,-17.488705528707026,22.64251122970312,179.31115451004743,179.31115451004743,Detected
877,6.75,-9.25,0.0,-17.03644852496339,20.5391333381828,178.42277430337992,178.42277430337992,Detected
878,7.25,-9.25,0.0,-16.47292826942424,18.5733298253987,177.59426829689815,177.59426829689815,Detected
879,7.75,-9.25,0.0,-15.818932429982253,16.743156247783514,176.82347802774314,176.82347802774314,Detected
880,8.25,-9.25,0.0,-15.092413401867836,15.044188978956544,176.10745252535614,176.10745252535614,Detected
881,8.75,-9.25,0.0,-14.308675801883565,13.470370923733856,175.44279372400237,175.44279372400237,Detected
882,9.25,-9.25,0.0,-13.480627567173702,12.014657574941575,174.82590512939154,174.82590512939154,Detected
883,9.75,-9.25,0.0,-12.619055971330152,10.669497411647344,174.2531647748956,174.2531647748956,Detected
884,10.25,-9.25,0.0,-11.732903623989502,9.427179452127122,173.72104076051835,173.72104076051835,Detected
885,10.75,-9.25,0.0,-10.829529512252458,8.280077090822193,173.22616439888222,173.22616439888222,Detected
886,11.25,-9.25,0.0,-9.914947070208909,7.2208127524839325,172.76537281302882,172.76537281302882,Detected
887,11.75,-9.25,0.0,-8.994035862140054,6.242363291520989,172.3357300572379,172.3357300572379,Detected
888,12.25,-9.25,0.0,-8.070726369835521,5.338121893983526,171.93453354142605,171.93453354142605,Detected
889,12.75,-9.25,0.0,-7.148159097021587,4.501928682637153,171.5593107251577,171.5593107251577,Detected
890,13.25,-9.25,0.0,-6.228820131061879,3.7280793096067484,171.20780965586687,171.20780965586687,Detected
891,13.75,-9.25,0.0,-5.314655710935883,3.011318494857688,170.8779858760651,170.8779858760651,Detected
892,14.25,-9.25,0.0,-4.407168437350434,2.346823651897564,170.5679874479656,170.5679874479656,Detected
893,14.75,-9.25,0.0,-3.507497659188388,1.7301823465555386,170.2761392817405,170.2761392817405,Detected
894,15.25,-9.25,0.0,-2.6164863663787092,1.1573662762070902,170.0009275465418,170.0009275465418,Detected
895,15.75,-9.25,0.0,-1.7347366703877884,0.6247036642872792,169.74098465802962,169.74098465802962,Detected
896,-15.75,-8.75,0.0,3.4253661436305265,2.3469321864003723,170.64023215992748,170.64023215992748,Detected
897,-15.25,-8.75,0.0,4.387426534652684,3.0036598191910513,170.9642584335383,170.9642584335383,Detected
898,-14.75,-8.75,0.0,5.362462493974244,3.714977072008596,171.31056069360386,171.31056069360386,Detected
899,-14.25,-8.75,0.0,6.349737095099775,4.4864174632833755,171.68145627413583,171.68145627413583,Detected
900,-13.75,-8.75,0.0,7.3481536264553675,5.324114835698143,172.07955082729052,172.07955082729052,Detected
901,-13.25,-8.75,0.0,8.356162308322554,6.234856441121753,172.50777367918084,172.50777367918084,Detected
902,-12.75,-8.75,0.0,9.371645478664481,7.226133267177947,172.96941537642792,172.96941537642792,Detected
903,-12.25,-8.75,0.0,10.39177679802489,8.306183333838653,173.4681662160117,173.4681662160117,Detected
904,-11.75,-8.75,0.0,11.412849385460941,9.484021637957058,174.00815365452678,174.00815365452678,Detected
905,-11.25,-8.75,0.0,12.430067248544676,10.76944758536121,174.59397514965568,174.59397514965568,Detected
906,-10.75,-8.75,0.0,13.437294063107057,12.173016875481848,175.23072101770302,175.23072101770302,Detected
907,-10.25,-8.75,0.0,14.426753544749081,13.705959598907462,175.92397905840804,175.92397905840804,Detected
908,-9.75,-8.75,0.0,15.388676736116267,15.380019456514658,176.6798087033204,176.6798087033204,Detected
909,-9.25,-8.75,0.0,16.31089413851524,17.20718023206271,177.50466696313666,177.50466696313666,Detected
910,-8.75,-8.75,0.0,17.178375677081014,19.19923483047716,178.40526116727295,178.40526116727295,Detected
911,-8.25,-8.75,0.0,17.97273035879463,21.367139627714554,179.38829428056212,179.38829428056212,Detected
912,-7.75,-8.75,0.0,18.671692012083753,23.720083706424457,180.46005776774723,180.46005776774723,Detected
913,-7.25,-8.75,0.0,19.24864003891549,26.26419149497887,181.62581587228945,181.62581587228945,Detected
914,-6.75,-8.75,0.0,19.672237278867502,29.000773790247745,182.88891694238487,182.88891694238487,Detected
915,-6.25,-8.75,0.0,19.906312962240357,31.924055660321145,184.2495682452557,184.2495682452557,Detected
916,-5.75,-8.75,0.0,19.910177074985477,35.018355421599374,185.70323110953467,185.70323110953467,Detected
917,-5.25,-8.75,0.0,19.6396172245787,38.25478778291711,187.2386486984603,187.2386486984603,Detected
918,-4.75,-8.75,0.0,19.04888289542583,41.58773993397966,188.83562766220558,188.83562766220558,Detected
919,-4.25,-8.75,0.0,18.093969316228858,44.951636809046526,190.46287082469678,190.46287082469678,Detected
920,-3.75,-8.75,0.0,16.737416636541955,48.25885386033593,192.07639235226986,192.07639235226986,Detected
921,-3.25,-8.75,0.0,14.954569420599222,51.39996794940224,193.61928301152182,193.61928301152182,Detected
922,-2.75,-8.75,0.0,12.740749412206329,54.24767729633433,195.02370487900103,195.02370487900103,Detected
923,-2.25,-8.75,0.0,10.118126797844154,56.66540762254953,196.2157999945556,196.2157999945556,Detected
924,-1.75,-8.75,0.0,7.14044710162425,58.52063291578385,197.12354659704874,197.12354659704874,Detected
925,-1.25,-8.75,0.0,3.8935695219061097,59.70132718541101,197.68653583460096,197.68653583460096,Detected
926,-0.75,-8.75,0.0,0.49038707713830537,60.13225614749186,197.86554572020964,197.86554572020964,Detected
927,-0.25,-8.75,0.0,-2.9398059727149657,59.78693016589761,197.64927730151453,197.64927730151453,Detected
928,0.25,-8.75,0.0,-6.265561746647062,58.691746697292984,197.05617544997548,197.05617544997548,Detected
929,0.75,-8.75,0.0,-9.367863837277786,56.92111858629629,196.1307929331331,196.1307929331331,Detected
930,1.25,-8.75,0.0,-12.151697137263445,54.585201556025154,194.93594406002552,194.93594406002552,Detected
931,1.75,-8.75,0.0,-14.552453379534684,51.813834719085726,193.54304148633284,193.54304148633284,Detected
932,2.25,-8.75,0.0,-16.536810896403658,48.740697047061964,192.02307420181967,192.02307420181967,Detected
933,2.75,-8.75,0.0,-18.09922708951263,45.49064639517656,190.43988304139828,190.43988304139828,Detected
934,3.25,-8.75,0.0,-19.255892821430557,42.171564013576486,188.84630348847884,188.84630348847884,Detected
935,3.75,-8.75,0.0,-20.037936570273118,38.8705824396241,187.28288088240416,187.28288088240416,Detected
936,4.25,-8.75,0.0,-20.48515834396661,35.653729011462545,185.77842689637228,185.77842689637228,Detected
937,4.75,-8.75,0.0,-20.640968240895,32.56776608992151,184.3516248036512,184.3516248036512,Detected
938,5.25,-8.75,0.0,-20.548717472036596,29.643143537226813,183.0130433117075,183.0130433117075,Detected
939,5.75,-8.75,0.0,-20.249308960644658,26.897273997483975,181.76713652864535,181.76713652864535,Detected
940,6.25,-8.75,0.0,-19.779837858912575,24.337644759397204,180.6140028319648,180.6140028319648,Detected
941,6.75,-8.75,0.0,-19.172984933408234,21.964520376628624,179.55081512635152,179.55081512635152,Detected
942,7.25,-8.75,0.0,-18.45691615619822,19.773152059530208,178.57291926579973,178.57291926579973,Detected
943,7.75,-8.75,0.0,-17.655493953858496,17.755504441046824,177.67463964629226,177.67463964629226,Detected
944,8.25,-8.75,0.0,-16.788658975582283,15.901556935561095,176.8498461913945,176.8498461913945,Detected
945,8.75,-8.75,0.0,-15.872886727578567,14.200253437837414,176.09233717488837,176.09233717488837,Detected
946,9.25,-8.75,0.0,-14.921658358410514,12.640173886464915,175.39608556093992,175.39608556093992,Detected
947,9.75,-8.75,0.0,-13.945909892788617,11.209992990077023,174.75538750908947,174.75538750908947,Detected
948,10.25,-8.75,0.0,-12.95444114948028,9.898780364423112,174.16494282705074,174.16494282705074,Detected
949,10.75,-8.75,0.0,-11.954276474237728,8.696185216637499,173.61988949588422,173.61988949588422,Detected
950,11.25,-8.75,0.0,-10.950976052871674,7.592538826134971,173.11580825054727,173.11580825054727,Detected
951,11.75,-8.75,0.0,-9.948900326374611,6.578899847018254,172.64870848409544,172.64870848409544,Detected
952,12.25,-8.75,0.0,-8.95143192610419,5.6470609056604655,172.21500324726057,172.21500324726057,Detected
953,12.75,-8.75,0.0,-7.961160288493157,4.789529901760062,171.81147858551205,171.81147858551205,Detected
954,13.25,-8.75,0.0,-6.980034167742506,3.999495588681353,171.43526065591846,171.43526065591846,Detected
955,13.75,-8.75,0.0,-6.009486952118736,3.2707841600673047,171.0837828157919,171.0837828157919,Detected
956,14.25,-8.75,0.0,-5.050539195367307,2.5978114804836023,170.75475401386944,170.75475401386944,Detected
957,14.75,-8.75,0.0,-4.103882217604008,1.9755340854224726,170.44612923457626,170.44612923457626,Detected
958,15.25,-8.75,0.0,-3.169946077257568,1.3994009942919472,170.15608236511173,170.15608236511173,Detected
959,15.75,-8.75,0.0,-2.2489547008549358,0.8653076147617759,169.88298160488577,169.88298160488577,Detected
960,-15.75,-8.25,0.0,4.058589844089908,2.558665299475454,170.82185748101642,170.82185748101642,Detected
961,-15.25,-8.25,0.0,5.074203062697173,3.2199444516129394,171.16522741705523,171.16522741705523,Detected
962,-14.75,-8.25,0.0,6.108426996582204,3.9389658287433527,171.53370831970435,171.53370831970435,Detected
963,-14.25,-8.25,0.0,7.161188267796391,4.722037458146601,171.93013175999636,171.93013175999636,Detected
964,-13.75,-8.25,0.0,8.2321286642265,5.576245738451635,172.35772587176794,172.35772587176794,Detected
965,-13.25,-8.25,0.0,9.320515926193856,6.509549753330587,172.82017586075426,172.82017586075426,Detected
966,-12.75,-8.25,0.0,10.425130752842955,7.530882213267658,173.3216928045515,173.3216928045515,Detected
967,-12.25,-8.25,0.0,11.544124062839956,8.650254621846505,173.86709092820732,173.86709092820732,Detected
968,-11.75,-8.25,0.0,12.674837211426933,9.878862369118092,174.4618728562978,174.4618728562978,Detected
969,-11.25,-8.25,0.0,13.81357634372414,11.229182609375139,175.11232113417492,175.11232113417492,Detected
970,-10.75,-8.25,0.0,14.95533041703258,12.715053575869042,175.82559231373722,175.82559231373722,Detected
971,-10.25,-8.25,0.0,16.093420793547637,14.351717853134003,176.6098066805688,176.6098066805688,Detected
972,-9.75,-8.25,0.0,17.219068977351505,16.15580330912328,177.47412164547904,177.47412164547904,Detected
973,-9.25,-8.25,0.0,18.320868586207546,18.14520290948515,178.4287690906476,178.4287690906476,Detected
974,-8.75,-8.25,0.0,19.384148952314515,20.33879731426824,179.4850253996493,179.4850253996493,Detected
975,-8.25,-8.25,0.0,20.390222449594656,22.755940752340525,180.6550661494889,180.6550661494889,Detected
976,-7.75,-8.25,0.0,21.315518378930093,25.415600247233474,181.95163407852314,181.95163407852314,Detected
977,-7.25,-8.25,0.0,22.13062717028443,28.335001109503818,183.38741817013684,183.38741817013684,Detected
978,-6.75,-8.25,0.0,22.79931602382494,31.527591031943512,184.97400472060363,184.97400472060363,Detected
979,-6.25,-8.25,0.0,23.27763955447198,35.000100881889146,186.72022409507986,186.72022409507986,Detected
980,-5.75,-8.25,0.0,23.51336686187954,38.748474239231015,188.62969513414944,188.62969513414944,Detected
981,-5.25,-8.25,0.0,23.446088113163754,42.75250163192164,190.69739475213504,190.69739475213504,Detected
982,-4.75,-8.25,0.0,23.008545829213315,46.96919810757769,192.90520778478432,192.90520778478432,Detected
983,-4.25,-8.25,0.0,22.129923054538867,51.32539700292267,195.21671677104743,195.21671677104743,Detected
984,-3.75,-8.25,0.0,20.741912772493198,55.71078061874938,197.57204108892267,197.57204108892267,Detected
985,-3.25,-8.25,0.0,18.7881971124135,59.973605023895466,199.88431346981847,199.88431346981847,Detected
986,-2.75,-8.25,0.0,16.237215756346167,63.92240144292407,202.0401580116397,202.0401580116397,Detected
987,-2.25,-8.25,0.0,13.096618428383138,67.33722256224647,203.9067500016398,203.9067500016398,Detected
988,-1.75,-8.25,0.0,9.425809841241673,69.99251483785554,205.34692511084762,205.34692511084762,Detected
989,-1.25,-8.25,0.0,5.3414810386948846,71.68981438656434,206.24094994708963,206.24094994708963,Detected
990,-0.75,-8.25,0.0,1.0114966897449458,72.29313479995635,206.50976655064943,206.50976655064943,Detected
991,-0.25,-8.25,0.0,-3.3640942619495853,71.7561217644441,206.13203204053883,206.13203204053883,Detected
992,0.25,-8.25,0.0,-7.580907270319213,70.1311423713603,205.1484319569697,205.1484319569697,Detected
993,0.75,-8.25,0.0,-11.45884116788913,67.55701357464834,203.65166703434218,203.65166703434218,Detected
994,1.25,-8.25,0.0,-14.863214467373844,64.23046829817946,201.76635344169782,201.76635344169782,Detected
995,1.75,-8.25,0.0,-17.71389660837958,60.37166378337589,199.6262571210638,199.6262571210638,Detected
996,2.25,-8.25,0.0,-19.982897550318512,56.19371750082455,197.35547397161878,197.35547397161878,Detected
997,2.75,-8.25,0.0,-21.684288218399004,51.882033238013754,195.05686929957324,195.05686929957324,Detected
998,3.25,-8.25,0.0,-22.861124898231058,47.58435976230525,192.8077429790204,192.8077429790204,Detected
999,3.75,-8.25,0.0,-23.57297097104535,43.40938366368215,190.66075825761757,190.66075825761757,Detected
1000,4.25,-8.25,0.0,-23.885927007987515,39.43061898828464,188.64775483828242,188.64775483828242,Detected
1001,4.75,-8.25,0.0,-23.865681143181448,35.69272077387842,186.784540556495,186.784540556495,Detected
1002,5.25,-8.25,0.0,-23.573268958253248,32.21825282691102,185.07548537599885,185.07548537599885,Detected
1003,5.75,-8.25,0.0,-23.062906949036332,29.013821908225594,183.51736493562683,183.51736493562683,Detected
1004,6.25,-8.25,0.0,-22.38124220190646,26.07512970704485,182.10230803446214,182.10230803446214,Detected
1005,6.75,-8.25,0.0,-21.56747559383316,23.390875320312364,180.81991642038517,180.81991642038517,Detected
1006,7.25,-8.25,0.0,-20.65396365680831,20.945628874481123,179.6587094583725,179.6587094583725,Detected
1007,7.75,-8.25,0.0,-19.66703656542954,18.721864846815585,178.6070586077708,178.6070586077708,Detected
1008,8.25,-8.25,0.0,-18.627870906540654,16.70134772590386,177.65375651272205,177.65375651272205,Detected
1009,8.75,-8.25,0.0,-17.553326293185133,14.866038458808783,176.78833527395744,176.78833527395744,Detected
1010,9.25,-8.25,0.0,-16.456700582509825,13.198657357214206,176.00121895209463,176.00121895209463,Detected
1011,9.75,-8.25,0.0,-15.348386359475878,11.683007307862399,175.28377070424497,175.28377070424497,Detected
1012,10.25,-8.25,0.0,-14.236427306382666,10.3041340509455,174.62827603561888,174.62827603561888,Detected
1013,10.75,-8.25,0.0,-13.1269814197584,9.0483788137391,174.02788982953112,174.02788982953112,Detected
1014,11.25,-8.25,0.0,-12.024701761464147,7.9033622942780735,173.47656511210707,173.47656511210707,Detected
1015,11.75,-8.25,0.0,-10.933046482501709,6.857926983447268,172.96897484036253,172.96897484036253,Detected
1016,12.25,-8.25,0.0,-9.854529476764998,5.902056162219812,172.50043355353654,172.50043355353654,Detected
1017,12.75,-8.25,0.0,-8.790921940335245,5.026781775103396,172.06682279508385,172.06682279508385,Detected
1018,13.25,-8.25,0.0,-7.743413770545363,4.224089095904264,171.66452234032346,171.66452234032346,Detected
1019,13.75,-8.25,0.0,-6.7127423705666684,3.4868231467216972,171.29034808865435,171.29034808865435,Detected
1020,14.25,-8.25,0.0,-5.699295152111491,2.8085998212478125,170.94149676493313,170.94149676493313,Detected
1021,14.75,-8.25,0.0,-4.70319090607912,2.1837233189331537,170.6154971702209,170.6154971702209,Detected
1022,15.25,-8.25,0.0,-3.724344247967216,1.6071106120666534,170.31016749938678,170.31016749938678,Detected
1023,15.75,-8.25,0.0,-2.762516540381751,1.0742231024019335,170.02357814863717,170.02357814863717,Detected
1024,-15.75,-7.75,0.0,4.693337817362313,2.729254816253354,171.00254682507676,171.00254682507676,Detected
1025,-15.25,-7.75,0.0,5.765205489063109,3.3914421839794158,171.36594969455967,171.36594969455967,Detected
1026,-14.75,-7.75,0.0,6.862028558828879,4.114255849460288,171.75754740862544,171.75754740862544,Detected
1027,-14.25,-7.75,0.0,7.9845687868170225,4.904797386464218,172.18076584301576,172.18076584301576,Detected
1028,-13.75,-7.75,0.0,9.13342051806079,5.771146884484312,172.63956252665565,172.63956252665565,Detected
1029,-13.25,-7.75,0.0,10.308936335022233,6.7225090645776255,173.13852191181348,173.13852191181348,Detected
1030,-12.75,-7.75,0.0,11.51112939015264,7.769379875550013,173.68296868730735,173.68296868730735,Detected
1031,-12.25,-7.75,0.0,12.73954553277385,8.923734865228523,174.27910217061583,174.27910217061583,Detected
1032,-11.75,-7.75,0.0,13.993096366249238,10.199239613108912,174.93415491609292,174.93415491609292,Detected
1033,-11.25,-7.75,0.0,15.269841863466361,11.611480663332376,175.65657842449065,175.65657842449065,Detected
1034,-10.75,-7.75,0.0,16.566708020156103,13.178212212100227,176.45625790408673,176.45625790408673,Detected
1035,-10.25,-7.75,0.0,17.87912113726258,14.919608516447354,177.34475587948842,177.34475587948842,Detected
1036,-9.75,-7.75,0.0,19.200535632245884,16.85850342674528,178.3355801574767,178.3355801574767,Detected
1037,-9.25,-7.75,0.0,20.5218268361583,19.02058482428406,179.44446376974093,179.44446376974093,Detected
1038,-8.75,-7.75,0.0,21.830514343016482,21.434490407234346,180.68963067518555,180.68963067518555,Detected
1039,-8.25,-7.75,0.0,23.10977598188449,24.13171833071795,182.09199760879005,182.09199760879005,Detected
1040,-7.75,-7.75,0.0,24.337209292633794,27.146216217683037,183.67522415801636,183.67522415801636,Detected
1041,-7.25,-7.75,0.0,25.483300533875653,30.513437935202745,185.46546263885193,185.46546263885193,Detected
1042,-6.75,-7.75,0.0,26.50957872399017,34.26855141560456,187.4905678843402,187.4905678843402,Detected
1043,-6.25,-7.75,0.0,27.366479184496736,38.44333756861423,189.77839751772078,189.77839751772078,Detected
1044,-5.75,-7.75,0.0,27.991044631279316,43.06114709310653,192.35366858881338,192.35366858881338,Detected
1045,-5.25,-7.75,0.0,28.30479636715628,48.12911980379398,195.23266917608086,195.23266917608086,Detected
1046,-4.75,-7.75,0.0,28.212475048435156,53.62683663320788,198.4150529715897,198.4150529715897,Detected
1047,-4.25,-7.75,0.0,27.6029361396039,59.49092299369705,201.87219100333303,201.87219100333303,Detected
1048,-3.75,-7.75,0.0,26.354260898975863,65.59629798810805,205.53249698509708,205.53249698509708,Detected
1049,-3.25,-7.75,0.0,24.34581628376637,71.73731302446684,209.26623287278355,209.26623287278355,Detected
1050,-2.75,-7.75,0.0,21.479758048875247,77.61610770908763,212.87563502489118,212.87563502489118,Detected
1051,-2.25,-7.75,0.0,17.71196844898657,82.8498080084556,216.09960691682863,216.09960691682863,Detected
1052,-1.75,-7.75,0.0,13.086635679080347,87.0087457953751,218.64240958425296,218.64240958425296,Detected
1053,-1.25,-7.75,0.0,7.761140128003587,89.68918901121893,220.2284478994239,220.2284478994239,Detected
1054,-0.75,-7.75,0.0,2.0044440815300235,90.60496163015475,220.6700061091339,220.6700061091339,Detected
1055,-0.25,-7.75,0.0,-3.8401990212124995,89.6631668541618,219.92053596176473,219.92053596176473,Detected
1056,0.25,-7.75,0.0,-9.419342547504048,86.98826721507099,218.08710899648682,218.08710899648682,Detected
1057,0.75,-7.75,0.0,-14.435440055442342,82.88309493500884,215.39597454797055,215.39597454797055,Detected
1058,1.25,-7.75,0.0,-18.689883890604147,77.74798362992235,212.12998945394017,212.12998945394017,Detected
1059,1.75,-7.75,0.0,-22.0928544020439,71.99489835814789,208.5666252190365,208.5666252190365,Detected
1060,2.25,-7.75,0.0,-24.64661423722513,65.9849323126964,204.9365604176806,204.9365604176806,Detected
1061,2.75,-7.75,0.0,-26.416512659236513,59.998090372207294,201.40723397121184,201.40723397121184,Detected
1062,3.25,-7.75,0.0,-27.502027146674095,54.22937046281651,198.08499826204604,198.08499826204604,Detected
1063,3.75,-7.75,0.0,-28.014308874259438,48.79999781426394,195.02671293015325,195.02671293015325,Detected
1064,4.25,-7.75,0.0,-28.06165675353003,43.774246367700485,192.25368710586065,192.25368710586065,Detected
1065,4.75,-7.75,0.0,-27.741666795856737,39.176027619492494,189.76410908003695,189.76410908003695,Detected
1066,5.25,-7.75,0.0,-27.138025651760504,35.00266273061207,187.54258677958018,187.54258677958018,Detected
1067,5.75,-7.75,0.0,-26.32011461516887,31.235240082375288,185.566794108138,185.566794108138,Detected
1068,6.25,-7.75,0.0,-25.344093702560443,27.84590142394941,183.81176687401538,183.81176687401538,Detected
1069,6.75,-7.75,0.0,-24.25461915659283,24.802707840913577,182.252491305484,182.252491305484,Detected
1070,7.25,-7.75,0.0,-23.086708449041037,22.072738156824272,180.86533923141968,180.86533923141968,Detected
1071,7.75,-7.75,0.0,-21.867502727441497,19.623959495881774,179.6287662552802,179.6287662552802,Detected
1072,8.25,-7.75,0.0,-20.61781769279075,17.426276229833764,178.52356208347382,178.52356208347382,Detected
1073,8.75,-7.75,0.0,-19.35345197118921,15.452046555998386,177.53284352544398,177.53284352544398,Detected
1074,9.25,-7.75,0.0,-18.086261608891398,13.676265264813953,176.64191067467098,176.64191067467098,Detected
1075,9.75,-7.75,0.0,-16.82502677322431,12.076545397420979,175.83803975339407,175.83803975339407,Detected
1076,10.25,-7.75,0.0,-15.576142222067826,10.632985518697343,175.11025567596377,175.11025567596377,Detected
1077,10.75,-7.75,0.0,-14.344162570902315,9.327978072003612,174.4491082899458,174.4491082899458,Detected
1078,11.25,-7.75,0.0,-13.132230169173376,8.145993427826728,173.84646458189007,173.84646458189007,Detected
1079,11.75,-7.75,0.0,-11.942409282264766,7.073360543649615,173.29532221142742,173.29532221142742,Detected
1080,12.25,-7.75,0.0,-10.775946152542955,6.098056289232481,172.7896457743411,172.7896457743411,Detected
1081,12.75,-7.75,0.0,-9.633470787146742,5.20950984769235,172.32422505016075,172.32422505016075,Detected
1082,13.25,-7.75,0.0,-8.515153130565082,4.398425078308032,171.8945534253721,171.8945534253721,Detected
1083,13.75,-7.75,0.0,-7.420823641266134,3.6566215866746408,171.49672425996815,171.49672425996815,Detected
1084,14.25,-7.75,0.0,-6.350066150876976,2.9768939982623754,171.12734288876325,171.12734288876325,Detected
1085,14.75,-7.75,0.0,-5.302289175377263,2.352888251145697,170.78345206729836,170.78345206729836,Detected
1086,15.25,-7.75,0.0,-4.276780494140924,1.7789933983787913,170.4624688742966,170.4624688742966,Detected
1087,15.75,-7.75,0.0,-3.272748749542277,1.250247303264477,170.16213132091542,170.16213132091542,Detected
1088,-15.75,-7.25,0.0,5.325874616476649,2.856756948251975,171.18134886012882,171.18134886012882,Detected
1089,-15.25,-7.25,0.0,6.456376293489137,3.515705717999192,171.56536457494482,171.56536457494482,Detected
1090,-14.75,-7.25,0.0,7.61888869428638,4.2377858888288555,171.98090241360327,171.98090241360327,Detected
1091,-14.25,-7.25,0.0,8.815197056246419,5.03088948940459,172.43206760659726,172.43206760659726,Detected
1092,-13.75,-7.25,0.0,10.047088234750094,5.904106125493908,172.92366294953356,172.92366294953356,Detected
1093,-13.25,-7.25,0.0,11.316306223258763,6.867931959012506,173.46133085074712,173.46133085074712,Detected
1094,-12.75,-7.25,0.0,12.624489414065629,7.934518384860093,174.05172823606384,174.05172823606384,Detected
1095,-12.25,-7.25,0.0,13.973083246445414,9.117967940977636,174.7027424821633,174.7027424821633,Detected
1096,-11.75,-7.25,0.0,15.363219712205487,10.434686087951588,175.42375853468084,175.42375853468084,Detected
1097,-11.25,-7.25,0.0,16.795552250810385,11.903798465691722,176.22598970290636,176.22598970290636,Detected
1098,-10.75,-7.25,0.0,18.27003057860214,13.547643779363257,177.12288719349064,177.12288719349064,Detected
1099,-10.25,-7.25,0.0,19.785594572294436,15.392352041641026,178.13064599373703,178.13064599373703,Detected
1100,-9.75,-7.25,0.0,21.33975889765074,17.468515494239238,179.2688265444634,179.2688265444634,Detected
1101,-9.25,-7.25,0.0,22.928049851595247,19.811953338438098,180.56111137090443,180.56111137090443,Detected
1102,-8.75,-7.25,0.0,24.54324172562445,22.464558151757107,182.0362106318719,182.0362106318719,Detected
1103,-8.25,-7.25,0.0,26.17432032061109,25.475185718457393,183.72891503633772,183.72891503633772,Detected
1104,-7.75,-7.25,0.0,27.80507393164267,28.900500534262623,185.68125866931814,185.68125866931814,Detected
1105,-7.25,-7.25,0.0,29.412174794112893,32.80559809752325,187.94367975948597,187.94367975948597,Detected
1106,-6.75,-7.25,0.0,30.962565187362408,37.26406052781954,190.57592247050047,190.57592247050047,Detected
1107,-6.25,-7.25,0.0,32.409905666667456,42.35681142750536,193.6471548192432,193.6471548192432,Detected
1108,-5.75,-7.25,0.0,33.68979787435467,48.16863890046217,197.2343079342398,197.2343079342398,Detected
1109,-5.25,-7.25,0.0,34.71352360732816,54.78045073722813,201.4168739867783,201.4168739867783,Detected
1110,-4.75,-7.25,0.0,35.36030674047273,62.25414893208169,206.26528237893444,206.26528237893444,Detected
1111,-4.25,-7.25,0.0,35.46895781366517,70.60564101217527,211.81869808338183,211.81869808338183,Detected
1112,-3.75,-7.25,0.0,34.831822178314525,79.76088499924167,218.04756516506046,218.04756516506046,Detected
1113,-3.25,-7.25,0.0,33.19790744097068,89.49262581015094,224.79888118494785,224.79888118494785,Detected
1114,-2.75,-7.25,0.0,30.297521059686087,99.34658860721187,231.73238232505275,231.73238232505275,Detected
1115,-2.25,-7.25,0.0,25.90343605463072,108.5899377730397,238.27706571216854,238.27706571216854,Detected
1116,-1.75,-7.25,0.0,19.932868516946293,116.24464203887639,243.6623109294203,243.6623109294203,Detected
1117,-1.25,-7.25,0.0,12.560237033788649,121.26894385788827,247.07490830763237,247.07490830763237,Detected
1118,-0.75,-7.25,0.0,4.267929137416117,122.87299153173956,247.9231380302871,247.9231380302871,Detected
1119,-0.25,-7.25,0.0,-4.234273324236256,120.8202441304291,246.0760286167347,246.0760286167347,Detected
1120,0.25,-7.25,0.0,-12.206058747291326,115.51615975629203,241.91429185573662,241.91429185573662,Detected
1121,0.75,-7.25,0.0,-19.07920076310026,107.82458389254785,236.15767636417726,236.15767636417726,Detected
1122,1.25,-7.25,0.0,-24.557857626668866,98.75070891446909,229.5978541146993,229.5978541146993,Detected
1123,1.75,-7.25,0.0,-28.59891529558627,89.17900817520255,222.89376568704412,222.89376568704412,Detected
1124,2.25,-7.25,0.0,-31.327650888408265,79.751928462131,216.49064789199198,216.49064789199198,Detected
1125,2.75,-7.25,0.0,-32.94917394110257,70.86569212392538,210.63331432718286,210.63331432718286,Detected
1126,3.25,-7.25,0.0,-33.68537066091201,62.72263793826281,205.41935377147064,205.41935377147064,Detected
1127,3.75,-7.25,0.0,-33.740413185630736,55.39404902855212,200.8546318309307,200.8546318309307,Detected
1128,4.25,-7.25,0.0,-33.286824799411455,48.87223717084029,196.89580277086327,196.89580277086327,Detected
1129,4.75,-7.25,0.0,-32.463234127494744,43.107060665096306,193.47799073954323,193.47799073954323,Detected
1130,5.25,-7.25,0.0,-31.377562961294014,38.02906466574718,190.53086569887395,190.53086569887395,Detected
1131,5.75,-7.25,0.0,-30.112074453052774,33.56308132569032,187.9870247565937,187.9870247565937,Detected
1132,6.25,-7.25,0.0,-28.728532809107225,29.635661996270574,185.7857602708592,185.7857602708592,Detected
1133,6.75,-7.25,0.0,-27.27275752162118,26.17876205537344,183.87426922459872,183.87426922459872,Detected
1134,7.25,-7.25,0.0,-25.778370768299283,23.131255037361246,182.20755267683484,182.20755267683484,Detected
1135,7.75,-7.25,0.0,-24.269764757345783,20.439247253215715,180.74771773754696,180.74771773754696,Detected
1136,8.25,-7.25,0.0,-22.76439928848249,18.05576935175914,179.46306685418568,179.46306685418568,Detected
1137,8.75,-7.25,0.0,-21.274556740808038,15.940176940879818,178.32716966088486,178.32716966088486,Detected
1138,9.25,-7.25,0.0,-19.808671417574327,14.0574458171268,177.31800750674927,177.31800750674927,Detected
1139,9.75,-7.25,0.0,-18.372331163790562,12.377461297129427,176.4172247797062,176.4172247797062,Detected
1140,10.25,-7.25,0.0,-16.969029452805497,10.874351534621544,175.60949280153912,175.60949280153912,Detected
1141,10.75,-7.25,0.0,-15.600728751372717,9.525886676574592,174.88197884037393,174.88197884037393,Detected
1142,11.25,-7.25,0.0,-14.26828172144511,8.31295031029258,174.22390756072437,174.22390756072437,Detected
1143,11.75,-7.25,0.0,-12.971745573255648,7.219081559682315,173.62620104875634,173.62620104875634,Detected
1144,12.25,-7.25,0.0,-11.71061621298967,6.230082275436912,173.08118429563442,173.08118429563442,Detected
1145,12.75,-7.25,0.0,-10.484002220842418,5.33368218896036,172.58234453519253,172.58234453519253,Detected
1146,13.25,-7.25,0.0,-9.290753704436343,4.5192545991707345,172.12413456022483,172.12413456022483,Detected
1147,13.75,-7.25,0.0,-8.129557317914243,3.7775755151797834,171.70181180038824,171.70181180038824,Detected
1148,14.25,-7.25,0.0,-6.999005919264865,3.100619834400905,171.31130641863442,171.31130641863442,Detected
1149,14.75,-7.25,0.0,-5.897649227084711,2.481388899258686,170.9491129427426,170.9491129427426,Detected
1150,15.25,-7.25,0.0,-4.824030255257257,1.9137645401400551,170.61220099422212,170.61220099422212,Detected
1151,15.75,-7.25,0.0,-3.776711117772111,1.3923854251724808,170.2979415341123,170.2979415341123,Detected
1152,-15.75,-6.75,0.0,5.952012123290514,2.9395205340784876,171.35720356438637,171.35720356438637,Detected
1153,-15.25,-6.75,0.0,7.143099922950439,3.5905859443213184,171.7622718317135,171.7622718317135,Detected
1154,-14.75,-6.75,0.0,8.373942461581454,4.306787721535563,172.20241893425455,172.20241893425455,Detected
1155,-14.25,-6.75,0.0,9.64754929418259,5.096777410604218,172.68251735323724,172.68251735323724,Detected
1156,-13.75,-6.75,0.0,10.967161246465864,5.970636608412593,173.20833751966566,173.20833751966566,Detected
1157,-13.25,-6.75,0.0,12.33625559373849,6.940159547206452,173.7867512449676,173.7867512449676,Detected
1158,-12.75,-6.75,0.0,13.758545106481423,8.01920066643832,174.42598958586635,174.42598958586635,Detected
1159,-12.25,-6.75,0.0,15.23796790141833,9.224104257637947,175.13597186933816,175.13597186933816,Detected
1160,-11.75,-6.75,0.0,16.778663838842142,10.574238339158464,175.9287283596339,175.9287283596339,Detected
1161,-11.25,-6.75,0.0,18.384931550373043,12.092661671866123,176.81894696065086,176.81894696065086,Detected
1162,-10.75,-6.75,0.0,20.061157871331314,13.806961872271115,177.82468525793084,177.82468525793084,Detected
1163,-10.25,-6.75,0.0,21.811708179684516,15.750314747045028,178.96830426232694,178.96830426232694,Detected
1164,-9.75,-6.75,0.0,23.640761400963417,17.962831376203013,180.27770096085868,180.27770096085868,Detected
1165,-9.25,-6.75,0.0,25.552066325004624,20.493281528905424,181.78794513129176,181.78794513129176,Detected
1166,-8.75,-6.75,0.0,27.548584726097104,23.401311316391006,183.5434639765869,183.5434639765869,Detected
1167,-8.25,-6.75,0.0,29.631968353316257,26.760310842641246,185.60096762120304,185.60096762120304,Detected
1168,-7.75,-6.75,0.0,31.801784715746436,30.66113323302877,188.0333683450682,188.0333683450682,Detected
1169,-7.25,-6.75,0.0,34.054347753085935,35.21691232011299,190.93500742270854,190.93500742270854,Detected
1170,-6.75,-6.75,0.0,36.38089782719153,40.56924603394022,194.42853447944563,194.42853447944563,Detected
1171,-6.25,-6.75,0.0,38.76465945470709,46.89593049455252,198.6736999917237,198.6736999917237,Detected
1172,-5.75,-6.75,0.0,41.175887551920034,54.42004818908478,203.87790806254174,203.87790806254174,Detected
1173,-5.25,-6.75,0.0,43.56322638548963,63.41904704486076,210.3071303010256,210.3071303010256,Detected
1174,-4.75,-6.75,0.0,45.83831984756541,74.22937820674389,218.29259040095164,218.29259040095164,Detected
1175,-4.25,-6.75,0.0,47.84852187906977,87.2349528142987,228.22127023046593,228.22127023046593,Detected
1176,-3.75,-6.75,0.0,49.33062192917889,102.81212217113205,240.48317890036898,240.48317890036898,Detected
1177,-3.25,-6.75,0.0,49.841141552285556,121.17656463162324,255.32299743659124,255.32299743659124,Detected
1178,-2.75,-6.75,0.0,48.67926653138256,142.04905421678475,272.5202660685088,272.5202660685088,Detected
1186,1.25,-6.75,0.0,-35.04275285928591,137.89309075759544,264.8956744820521,264.8956744820521,Detected
1187,1.75,-6.75,0.0,-39.496186217972195,118.41564116147569,249.3020887446805,249.3020887446805,Detected
1188,2.25,-6.75,0.0,-41.8072389127779,101.27428155675591,236.0619059977843,236.0619059977843,Detected
1189,2.75,-6.75,0.0,-42.59250417408591,86.60643684448827,225.13144886309308,225.13144886309308,Detected
1190,3.25,-6.75,0.0,-42.33420785199023,74.21454334851616,216.21600950987687,216.21600950987687,Detected
1191,3.75,-6.75,0.0,-41.38284847989206,63.79008055722231,208.96443677994472,208.96443677994472,Detected
1192,4.25,-6.75,0.0,-39.98443148441452,55.01729511127631,203.05146773014965,203.05146773014965,Detected
1193,4.75,-6.75,0.0,-38.3087336060964,47.613235257310386,198.20365208293455,198.20365208293455,Detected
1194,5.25,-6.75,0.0,-36.471891734838884,41.33837886261401,194.2010897535078,194.2010897535078,Detected
1195,5.75,-6.75,0.0,-34.552840664989446,35.995218347578025,190.8705669470218,190.8705669470218,Detected
1196,6.25,-6.75,0.0,-32.604824823676545,31.42275676619802,188.07679683550995,188.07679683550995,Detected
1197,6.75,-6.75,0.0,-30.663345996784294,27.490267822751047,185.71430087797023,185.71430087797023,Detected
1198,7.25,-6.75,0.0,-28.75163478896358,24.091581126636235,183.70067115354632,183.70067115354632,Detected
1199,7.75,-6.75,0.0,-26.884426570625457,21.140258039263056,181.9712494011559,181.9712494011559,Detected
1200,8.25,-6.75,0.0,-25.070579222298374,18.5656674838695,180.47502388377674,180.47502388377674,Detected
1201,8.75,-6.75,0.0,-23.314896907682805,16.309848777399203,179.1714997560454,179.1714997560454,Detected
1202,9.25,-6.75,0.0,-21.61940623935536,14.325022211000377,178.02832112470458,178.02832112470458,Detected
1203,9.75,-6.75,0.0,-19.984252166091466,12.571617742305332,177.01946379176084,177.01946379176084,Detected
1204,10.25,-6.75,0.0,-18.408328030232163,11.01671257316887,176.1238580095767,176.1238580095767,Detected
1205,10.75,-6.75,0.0,-16.889718704492644,9.632789628649848,175.3243345533543,175.3243345533543,Detected
1206,11.25,-6.75,0.0,-15.42601164791741,8.396747585172145,174.6068141385904,174.6068141385904,Detected
1207,11.75,-6.75,0.0,-14.01451427499726,7.289108334758481,173.95968053632353,173.95968053632353,Detected
1208,12.25,-6.75,0.0,-12.652404695507597,6.29337982814656,173.37329293958751,173.37329293958751,Detected
1209,12.75,-6.75,0.0,-11.336835000247492,5.395541621876011,172.83960440389563,172.83960440389563,Detected
1210,13.25,-6.75,0.0,-10.065000746657363,4.583627702804854,172.3518615197353,172.3518615197353,Detected
1211,13.75,-6.75,0.0,-8.83418640413628,3.8473867486794457,171.90436663906453,171.90436663906453,Detected
1212,14.25,-6.75,0.0,-7.641793755028935,3.1780042877673087,171.49228854258615,171.49228854258615,Detected
1213,14.75,-6.75,0.0,-6.485358277416627,2.567874545362296,171.1115108329164,171.1115108329164,Detected
1214,15.25,-6.75,0.0,-5.362557123563519,2.0104123393723037,170.7585098712364,170.7585098712364,Detected
1215,15.75,-6.75,0.0,-4.27121129402076,1.4998973886690463,170.4302559800155,170.4302559800155,Detected
1216,-15.75,-6.25,0.0,6.56712678236137,2.976269070327364,171.52894591228088,171.52894591228088,Detected
1217,-15.25,-6.25,0.0,7.820212906224351,3.614331766259974,171.95533333441733,171.95533333441733,Detected
1218,-14.75,-6.25,0.0,9.121436721684658,4.318907012129544,172.4205617048982,172.4205617048982,Detected
1219,-14.25,-6.25,0.0,10.475239050535077,5.099341526054622,172.930358494761,172.930358494761,Detected
1220,-13.75,-6.25,0.0,11.886590271037376,5.9666497912816965,173.49158688507433,173.49158688507433,Detected
1221,-13.25,-6.25,0.0,13.361070039018015,6.933879537766346,174.11252776646865,174.11252776646865,Detected
1222,-12.75,-6.25,0.0,14.904963073977743,8.016573882819056,174.8032464555678,174.8032464555678,Detected
1223,-12.25,-6.25,0.0,16.525375833503624,9.23336077580686,175.57607428535522,175.57607428535522,Detected
1224,-11.75,-6.25,0.0,18.230381052283544,10.606712039520795,176.44624778554612,176.44624778554612,Detected
1225,-11.25,-6.25,0.0,20.029200506210316,12.163931256897984,177.43276676415329,177.43276676415329,Detected
1226,-10.75,-6.25,0.0,21.932441791557554,13.938454911812997,178.55956060235408,178.55956060235408,Detected
1227,-10.25,-6.25,0.0,23.95241375684056,15.971589306169813,179.85709493575828,179.85709493575828,Detected
1228,-9.75,-6.25,0.0,26.103559864244335,18.314864840829884,181.36461773692324,181.36461773692324,Detected
1229,-9.25,-6.25,0.0,28.403073305376868,21.033283066969627,183.13335015150898,183.13335015150898,Detected
1230,-8.75,-6.25,0.0,30.87179937318431,24.20988495060403,185.2311003468181,185.2311003468181,Detected
1231,-8.25,-6.25,0.0,33.53560217059076,27.952325616965485,187.74906656208674,187.74906656208674,Detected
1232,-7.75,-6.25,0.0,36.42749699461713,32.40258501753282,190.81208765691858,190.81208765691858,Detected
1233,-7.25,-6.25,0.0,39.59106763930418,37.75173694091448,194.5944648231078,194.5944648231078,Detected
1234,-6.75,-6.25,0.0,43.086073584139825,44.26316241374132,199.3450479407059,199.3450479407059,Detected
1235,-6.25,-6.25,0.0,46.997840443623616,52.31039081133448,205.42822588650802,205.42822588650802,Detected
1236,-5.75,-6.25,0.0,51.45326285810764,62.441296378043646,213.39319445079357,213.39319445079357,Detected
1237,-5.25,-6.25,0.0,56.648467808653024,75.4917902618401,224.09548240035676,224.09548240035676,Detected
1238,-4.75,-6.25,0.0,62.89711186095076,92.79655481774554,238.91917178963246,238.91917178963246,Detected
1239,-4.25,-6.25,0.0,70.71483392804527,116.59845706804377,260.2017480365527,260.2017480365527,Detected
1252,2.25,-6.25,0.0,-61.21846237142629,141.82781514737002,275.85884795852513,275.85884795852513,Detected
1253,2.75,-6.25,0.0,-58.49732894022922,112.47758209886675,250.9048775084672,250.9048775084672,Detected
1254,3.25,-6.25,0.0,-55.35853315351764,91.1490094030814,233.49121162776333,233.49121162776333,Detected
1255,3.75,-6.25,0.0,-52.09337057584879,75.1045735811221,220.90216758724085,220.90216758724085,Detected
1256,4.25,-6.25,0.0,-48.84690684698037,62.69659442911058,211.52673345507517,211.52673345507517,Detected
1257,4.75,-6.25,0.0,-45.692686517440364,52.88460453097678,204.36673840766468,204.36673840766468,Detected
1258,5.25,-6.25,0.0,-42.667047941087766,44.98309317562417,198.7796006765629,198.7796006765629,Detected
1259,5.75,-6.25,0.0,-39.78602568353129,38.52348696124547,194.33765070390413,194.33765070390413,Detected
1260,6.25,-6.25,0.0,-37.05421834642418,33.17522936405164,190.7479065883505,190.7479065883505,Detected
1261,6.75,-6.25,0.0,-34.46970119348554,28.698764919314694,187.80454177997044,187.80454177997044,Detected
1262,7.25,-6.25,0.0,-32.0268705271817,24.916459157652763,185.35973936124174,185.35973936124174,Detected
1263,7.75,-6.25,0.0,-29.718145445322207,21.693989332105254,183.30526448604823,183.30526448604823,Detected
1264,8.25,-6.25,0.0,-27.53500728586517,18.928064950122838,181.56049088152164,181.56049088152164,Detected
1265,8.75,-6.25,0.0,-25.468639591276112,16.538099594768518,180.06442916423478,180.06442916423478,Detected
1266,9.25,-6.25,0.0,-23.51031960741418,14.460422862251592,178.77030272871164,178.77030272871164,Detected
1267,9.75,-6.25,0.0,-21.65165188211808,12.64416957529625,177.64178438330222,177.64178438330222,Detected
1268,10.25,-6.25,0.0,-19.884700243129565,11.048303759401913,176.65033903192895,176.65033903192895,Detected
1269,10.75,-6.25,0.0,-18.20205411520513,9.639427353156082,175.77331735260972,175.77331735260972,Detected
1270,11.25,-6.25,0.0,-16.59685262161927,8.390142381707456,174.99256840447887,174.99256840447887,Detected
1271,11.75,-6.25,0.0,-15.06278196059148,7.277810425443654,174.2934165614528,174.2934165614528,Detected
1272,12.25,-6.25,0.0,-13.594056362481549,6.283601815717019,173.66389796966266,173.66389796966266,Detected
1273,12.75,-6.25,0.0,-12.185389494429447,5.391759118804138,173.0941843508079,173.0941843508079,Detected
1274,13.25,-6.25,0.0,-10.831960865765302,4.589021131180203,172.57614370778904,172.57614370778904,Detected
1275,13.75,-6.25,0.0,-9.529380223225461,3.86416848281716,172.10300221001432,172.10300221001432,Detected
1276,14.25,-6.25,0.0,-8.273651859722639,3.2076623267964166,171.66908164057287,171.66908164057287,Detected
1277,14.75,-6.25,0.0,-7.061140037784311,2.611354951663495,171.2695938259575,171.2695938259575,Detected
1278,15.25,-6.25,0.0,-5.88853623954008,2.068256440154881,170.90047842987715,170.90047842987715,Detected
1279,15.75,-6.25,0.0,-4.75282862562747,1.5723453448040703,170.5582740262874,170.5582740262874,Detected
1280,-15.75,-5.75,0.0,7.166194409506174,2.9661859851795187,171.6953138094761,171.6953138094761,Detected
1281,-15.25,-5.75,0.0,8.482035252814304,3.585696187789953,172.14307999274695,172.14307999274695,Detected
1282,-14.75,-5.75,0.0,9.854953881655936,4.272334887341696,172.63361913485775,172.63361913485775,Detected
1283,-14.25,-5.75,0.0,11.291026735985778,5.036041385946397,173.17359735768045,173.17359735768045,Detected
1284,-13.75,-5.75,0.0,12.797232660773508,5.888654680229196,173.77109325450996,173.77109325450996,Detected
1285,-13.25,-5.75,0.0,14.381636981107802,6.8443682591622075,174.43597793869495,174.43597793869495,Detected
1286,-12.75,-5.75,0.0,16.053627303517967,7.920319260220206,175.18042084180615,175.18042084180615,Detected
1287,-12.25,-5.75,0.0,17.824220716504335,9.137360661388183,176.01957148922003,176.01957148922003,Detected
1288,-11.75,-5.75,0.0,19.706471714953533,10.521086751820038,176.97249141773798,176.97249141773798,Detected
1289,-11.25,-5.75,0.0,21.716025612443342,12.10321532104231,178.06344783888443,178.06344783888443,Detected
1290,-10.75,-5.75,0.0,23.87188752183821,13.923482414506102,179.32374057506124,179.32374057506124,Detected
1291,-10.25,-5.75,0.0,26.1975195907022,16.032290593146147,180.79433215876662,180.79433215876662,Detected
1292,-9.75,-5.75,0.0,28.722452950159013,18.49449420283947,182.52971716552898,182.52971716552898,Detected
1293,-9.25,-5.75,0.0,31.4847325731413,21.394952588866015,184.60375679946358,184.60375679946358,Detected
1294,-8.75,-5.75,0.0,34.534756740215435,24.846928968182567,187.1187296561898,187.1187296561898,Detected
1295,-8.25,-5.75,0.0,37.941540875712754,29.00525644339732,190.21984100837528,190.21984100837528,Detected
1296,-7.75,-5.75,0.0,41.803377071255944,34.08787008329406,194.11940013290086,194.11940013290086,Detected
1297,-7.25,-5.75,0.0,46.2668597550109,40.41284338632124,199.13901214468456,199.13901214468456,Detected
1298,-6.75,-5.75,0.0,51.562780752879824,48.46608020263962,205.78745848998577,205.78745848998577,Detected
1299,-6.25,-5.75,0.0,58.07855118525067,59.03456899372847,214.91484348211037,214.91484348211037,Detected
1300,-5.75,-5.75,0.0,66.51728803066699,73.49430290854012,228.04618469779888,228.04618469779888,Detected
1301,-5.25,-5.75,0.0,78.28938091149902,94.51283702667673,248.19440984624367,248.19440984624367,Detected
1302,-4.75,-5.75,0.0,96.64636587615358,128.07891038647617,282.2025409713123,282.2025409713123,Detected
1318,3.25,-5.75,0.0,-77.56973130812347,119.83779542998158,265.0821918122346,265.0821918122346,Detected
1319,3.75,-5.75,0.0,-68.2542461167422,91.70059560861101,239.95914859651782,239.95914859651782,Detected
1320,4.25,-5.75,0.0,-61.10239969335903,72.79096526975792,223.79066274664905,223.79066274664905,Detected
1321,4.75,-5.75,0.0,-55.2633047894712,59.220412091280565,212.65066108779092,212.65066108779092,Detected
1322,5.25,-5.75,0.0,-50.30797215388309,49.03243445621901,204.59244868836495,204.59244868836495,Detected
1323,5.75,-5.75,0.0,-45.99339787401178,41.12990103832793,198.54517755559976,198.54517755559976,Detected
1324,6.25,-5.75,0.0,-42.169009926676445,34.8467605971997,193.8736175666438,193.8736175666438,Detected
1325,6.75,-5.75,0.0,-38.73458495974229,29.753482787078113,190.17869053149866,190.17869053149866,Detected
1326,7.25,-5.75,0.0,-35.61944338104256,25.559676368690347,187.19810388545372,187.19810388545372,Detected
1327,7.75,-5.75,0.0,-32.771365448628686,22.06149021984091,184.7530683243472,184.7530683243472,Detected
1328,8.25,-5.75,0.0,-30.150307846525138,19.11139567958038,182.7179930712931,182.7179930712931,Detected
1329,8.75,-5.75,0.0,-27.724645087227415,16.599918057437876,181.0023984885086,181.0023984885086,Detected
1330,9.25,-5.75,0.0,-25.4688111390261,14.444108779167726,179.53967811778165,179.53967811778165,Detected
1331,9.75,-5.75,0.0,-23.361754321972885,12.580001865498161,178.27987513935537,178.27987513935537,Detected
1332,10.25,-5.75,0.0,-21.38588460667155,10.957521978557832,177.18490221260117,177.18490221260117,Detected
1333,10.75,-5.75,0.0,-19.526330669783313,9.536954317887087,176.22529758358147,176.22529758358147,Detected
1334,11.25,-5.75,0.0,-17.770398878994015,8.286440173886222,175.3779747520895,175.3779747520895,Detected
1335,11.75,-5.75,0.0,-16.10716837119595,7.180164142069764,174.62463079184673,174.62463079184673,Detected
1336,12.25,-5.75,0.0,-14.52718073158401,6.197018770029354,173.95060094443946,173.95060094443946,Detected
1337,12.75,-5.75,0.0,-13.022197323141443,5.319605607873986,173.34402151896697,173.34402151896697,Detected
1338,13.25,-5.75,0.0,-11.585006250743064,4.53347764345817,172.795209521621,172.795209521621,Detected
1339,13.75,-5.75,0.0,-10.209266582583526,3.826557763875367,172.2961970453215,172.2961970453215,Detected
1340,14.25,-5.75,0.0,-8.88938110626043,3.188687446414713,171.84037775354705,171.84037775354705,Detected
1341,14.75,-5.75,0.0,-7.6203913231576745,2.6112730505589505,171.42223561218034,171.42223561218034,Detected
1342,15.25,-5.75,0.0,-6.397890036794858,2.0870061143728664,171.03713468965995,171.03713468965995,Detected
1343,15.75,-5.75,0.0,-5.21794804246827,1.6096403586711567,170.68115479976686,170.68115479976686,Detected
1344,-15.75,-5.25,0.0,7.743844799368652,2.9089998542297844,171.85496088863718,171.85496088863718,Detected
1345,-15.25,-5.25,0.0,9.122426566399898,3.5040447948378923,172.3239249831448,172.3239249831448,Detected
1346,-14.75,-5.25,0.0,10.567466291676626,4.1659458023289835,172.83971591716306,172.83971591716306,Detected
1347,-14.25,-5.25,0.0,12.086866795848346,4.905090477858076,173.41001323068164,173.41001323068164,Detected
1348,-13.75,-5.25,0.0,13.689883286512513,5.733978496930002,174.0442244511807,174.0442244511807,Detected
1349,-13.25,-5.25,0.0,15.387445693652763,6.667767616463242,174.75398429030753,174.75398429030753,Detected
1350,-12.75,-5.25,0.0,17.192585314051474,7.7249964947459455,175.5538333081706,175.5538333081706,Detected
1351,-12.25,-5.25,0.0,19.121010044905404,8.928555481147589,176.4621549040097,176.4621549040097,Detected
1352,-11.75,-5.25,0.0,21.1918961957029,10.307011906823744,177.50249135481226,177.50249135481226,Detected
1353,-11.25,-5.25,0.0,23.429004069270864,11.896453350669708,178.70542813833097,178.70542813833097,Detected
1354,-10.75,-5.25,0.0,25.86229128262755,13.743106849619755,180.11135116610618,180.11135116610618,Detected
1355,-10.25,-5.25,0.0,28.53031540137258,15.907154331187037,181.77458234129318,181.77458234129318,Detected
1356,-9.75,-5.25,0.0,31.483932389957157,18.468454453659902,183.7697614142844,183.7697614142844,Detected
1357,-9.25,-5.25,0.0,34.792207129170585,21.535422582983287,186.20202539035412,186.20202539035412,Detected
1358,-8.75,-5.25,0.0,38.55227236012249,25.259385921111875,189.223890044093,189.223890044093,Detected
1359,-8.25,-5.25,0.0,42.90661047905048,29.858957018023386,193.06458040507738,193.06458040507738,Detected
1360,-7.75,-5.25,0.0,48.07517755320325,35.66396794403877,198.08396163305127,198.08396163305127,Detected
1361,-7.25,-5.25,0.0,54.41952987162599,43.20075706188314,204.87895048274711,204.87895048274711,Detected
1362,-6.75,-5.25,0.0,62.58286930392813,53.374077995210804,214.51333156987192,214.51333156987192,Detected
1363,-6.25,-5.25,0.0,73.83444141234774,67.90633092596448,229.0775621519952,229.0775621519952,Detected
1364,-5.75,-5.25,0.0,91.07063859174518,90.59821768744533,253.30437990591196,253.30437990591196,Detected
1365,-5.25,-5.25,0.0,122.58596680400011,132.0415730107013,300.6259058974675,300.6259058974675,Detected
1383,3.75,-5.25,0.0,-95.83556626404994,119.62326099145545,274.57105249215147,274.57105249215147,Detected
1384,4.25,-5.25,0.0,-79.18449802591488,87.0796472058922,242.8186329319234,242.8186329319234,Detected
1385,4.75,-5.25,0.0,-68.09973260572347,67.1238533303916,224.2182759241173,224.2182759241173,Detected
1386,5.25,-5.25,0.0,-59.89300924679189,53.58050556792872,212.12183509013977,212.12183509013977,Detected
1387,5.75,-5.25,0.0,-53.40568007557415,43.78047228805889,203.6981221550573,203.6981221550573,Detected
1388,6.25,-5.25,0.0,-48.05089595716265,36.37113880360056,197.5397819684752,197.5397819684752,Detected
1389,6.75,-5.25,0.0,-43.49598369265564,30.58835405442078,192.86979146515796,192.86979146515796,Detected
1390,7.25,-5.25,0.0,-39.53581785383672,25.96496314191959,189.22520263013027,189.22520263013027,Detected
1391,7.75,-5.25,0.0,-36.03537887570669,22.197827441251373,186.3137807226271,186.3137807226271,Detected
1392,8.25,-5.25,0.0,-32.90104905419925,19.080906661885308,183.94248686581264,183.94248686581264,Detected
1393,8.75,-5.25,0.0,-30.06513543282143,16.4689027962561,181.9790512593258,181.9790512593258,Detected
1394,9.25,-5.25,0.0,-27.476990265796967,14.256251435048677,180.3300644438409,180.3300644438409,Detected
1395,9.75,-5.25,0.0,-25.097644257423426,12.364350479223539,178.9278656366088,178.9278656366088,Detected
1396,10.25,-5.25,0.0,-22.896414887887143,10.73346108277962,177.72237262997734,177.72237262997734,Detected
1397,10.75,-5.25,0.0,-20.84867823663463,9.317384983404969,176.67581420586183,176.67581420586183,Detected
1398,11.25,-5.25,0.0,-18.934354626715205,8.079858546366989,175.75923327613702,175.75923327613702,Detected
1399,11.75,-5.25,0.0,-17.136848217762008,6.992045271553999,174.95010606848,174.95010606848,Detected
1400,12.25,-5.25,0.0,-15.442284683817748,6.030752363462539,174.23068492599003,174.23068492599003,Detected
1401,12.75,-5.25,0.0,-13.838950338369585,5.177137114916041,173.58682206469953,173.58682206469953,Detected
1402,13.25,-5.25,0.0,-12.31687096698683,4.415752268939006,173.0071200897588,173.0071200897588,Detected
1403,13.75,-5.25,0.0,-10.867489834972389,3.733830731390752,172.48230888500913,172.48230888500913,Detected
1404,14.25,-5.25,0.0,-9.48341758922842,3.1207423243918258,172.00478209719287,172.00478209719287,Detected
1405,14.75,-5.25,0.0,-8.158235269977078,2.5675761773867722,171.56824792268344,171.56824792268344,Detected
1406,15.25,-5.25,0.0,-6.8863372273783625,2.066816182472186,171.16746294091243,171.16746294091243,Detected
1407,15.75,-5.25,0.0,-5.662804479516394,1.612086273030097,170.798027072886,170.798027072886,Detected
1408,-15.75,-4.75,0.0,8.294437636721291,2.8050654452866826,172.00647460967198,172.00647460967198,Detected
1409,-15.25,-4.75,0.0,9.734869517711639,3.369461567920196,172.49618405622505,172.49618405622505,Detected
1410,-14.75,-4.75,0.0,11.251425677261379,3.999435568514225,173.03683506143778,173.03683506143778,Detected
1411,-14.25,-4.75,0.0,12.853999526348504,4.705636062476425,173.6371808927417,173.6371808927417,Detected
1412,-13.75,-4.75,0.0,14.554361838086614,5.501000538756687,174.30805433525046,174.30805433525046,Detected
1413,-13.25,-4.75,0.0,16.366657671396947,6.401388242990492,175.06300762792503,175.06300762792503,Detected
1414,-12.75,-4.75,0.0,18.308080117973137,7.426434664605346,175.91919974328266,175.91919974328266,Detected
1415,-12.25,-4.75,0.0,20.399802448542207,8.600724935192954,176.89864893400474,176.89864893400474,Detected
1416,-11.75,-4.75,0.0,22.668297477436926,9.955436596928024,178.03003702660084,178.03003702660084,Detected
1417,-11.25,-4.75,0.0,25.147253731305202,11.53069116437159,179.35136872015752,179.35136872015752,Detected
1418,-10.75,-4.75,0.0,27.880441027707803,13.37900820291282,180.91399501314527,180.91399501314527,Detected
1419,-10.25,-4.75,0.0,30.926141599195333,15.570534376808116,182.7888873142897,182.7888873142897,Detected
1420,-9.75,-4.75,0.0,34.36427110577697,18.201247614441304,185.07677287098113,185.07677287098113,Detected
1421,-9.25,-4.75,0.0,38.30834718832885,21.406391755626807,187.92520690909905,187.92520690909905,Detected
1422,-8.75,-4.75,0.0,42.92669973047595,25.383648017713,191.55881255626636,191.55881255626636,Detected
1423,-8.25,-4.75,0.0,48.482536747539974,30.43573923479682,196.33625554226109,196.33625554226109,Detected
1424,-7.75,-4.75,0.0,55.415851921170145,37.055326895718125,202.8662557753414,202.8662557753414,Detected
1425,-7.25,-4.75,0.0,64.5287425670489,46.11275418336643,212.2688744517396,212.2688744517396,Detected
1426,-6.75,-4.75,0.0,77.46613590965015,59.33389542548509,226.85038391199524,226.85038391199524,Detected
1427,-6.25,-4.75,0.0,98.23598625467784,80.78960387041536,252.2299703792149,252.2299703792149,Detected
1428,-5.75,-4.75,0.0,139.84859367844493,123.33821843183735,306.6053348343474,306.6053348343474,Detected
1448,4.25,-4.75,0.0,-108.76572952928728,109.77897546687859,275.6548146412109,275.6548146412109,Detected
1449,4.75,-4.75,0.0,-86.15255465695445,77.51398841532998,241.20585265699833,241.20585265699833,Detected
1450,5.25,-4.75,0.0,-72.1680495572448,58.759220622628696,222.1029925300248,222.1029925300248,Detected
1451,5.75,-4.75,0.0,-62.31519700889878,46.4149719266201,210.06311426857354,210.06311426857354,Detected
1452,6.25,-4.75,0.0,-54.80596773013796,37.65492257459245,201.84088791584676,201.84088791584676,Detected
1453,6.75,-4.75,0.0,-48.780210941671456,31.118941275226206,195.90590919966064,195.90590919966064,Detected
1454,7.25,-4.75,0.0,-43.768168909607965,26.065452023496437,191.44332913017826,191.44332913017826,Detected
1455,7.75,-4.75,0.0,-39.488705130472624,22.052712860798135,187.98028816790702,187.98028816790702,Detected
1456,8.25,-4.75,0.0,-35.76148002182552,18.79969519539746,185.22415377774138,185.22415377774138,Detected
1457,8.75,-4.75,0.0,-32.464353444467264,16.11834482618255,182.9845557194041,182.9845557194041,Detected
1458,9.25,-4.75,0.0,-29.510926452867164,13.877708218353868,181.13260587637765,181.13260587637765,Detected
1459,9.75,-4.75,0.0,-26.837883789599967,11.983622769775508,179.5781430884458,179.5781430884458,Detected
1460,10.25,-4.75,0.0,-24.397457377635728,10.366577096516968,178.2563525241147,178.2563525241147,Detected
1461,10.75,-4.75,0.0,-22.152726952511326,8.974121371165465,177.11954883735487,177.11954883735487,Detected
1462,11.25,-4.75,0.0,-20.074571991794077,7.765940127951676,176.1319429299729,176.1319429299729,Detected
1463,11.75,-4.75,0.0,-18.139626254313445,6.710549681311086,175.26620368362637,175.26620368362637,Detected
1464,12.25,-4.75,0.0,-16.32886385461024,5.783023095190635,174.50113756178402,174.50113756178402,Detected
1465,12.75,-4.75,0.0,-14.626596187449993,4.963385538955076,173.82008556215402,173.82008556215402,Detected
1466,13.25,-4.75,0.0,-13.019743881333817,4.235458978870442,173.20979270780492,173.20979270780492,Detected
1467,13.75,-4.75,0.0,-11.497297606312845,3.5860152517213395,172.6595960830361,172.6595960830361,Detected
1468,14.25,-4.75,0.0,-10.04991154633256,3.0041452422482755,172.1608320509868,172.1608320509868,Detected
1469,14.75,-4.75,0.0,-8.669591987376698,2.480782324755998,171.70639707896007,171.70639707896007,Detected
1470,15.25,-4.75,0.0,-7.349455363625406,2.008337754831312,171.2904180071924,171.2904180071924,Detected
1471,15.75,-4.75,0.0,-6.083537871776387,1.580418512641984,170.90800146981218,170.90800146981218,Detected
1472,-15.75,-4.25,0.0,8.812160173847529,2.655435790271287,172.1483998597996,172.1483998597996,Detected
1473,-15.25,-4.25,0.0,10.312582061096718,3.182845878020094,172.65810340926302,172.65810340926302,Detected
1474,-14.75,-4.25,0.0,11.898890522651234,3.7734517344304312,173.22285034301518,173.22285034301518,Detected
1475,-14.25,-4.25,0.0,13.583092930805677,4.4379342886412605,173.85250747202028,173.85250747202028,Detected
1476,-13.75,-4.25,0.0,15.379665892176513,5.189387196006321,174.5594028858352,174.5594028858352,Detected
1477,-13.25,-4.25,0.0,17.306262897272386,6.044024537199496,175.35912708817676,175.35912708817676,Detected
1478,-12.75,-4.25,0.0,19.38469311379734,7.022153590343879,176.27166409498085,176.27166409498085,Detected
1479,-12.25,-4.25,0.0,21.6423054463411,8.149538042973418,177.32302136840377,177.32302136840377,Detected
1480,-11.75,-4.25,0.0,24.113995304108062,9.459351186296665,178.54763362447764,178.54763362447764,Detected
1481,-11.25,-4.25,0.0,26.84519861571884,10.995047246689102,179.9920031049823,179.9920031049823,Detected
1482,-10.75,-4.25,0.0,29.896508005309023,12.814711252612064,181.72038361808407,181.72038361808407,Detected
1483,-10.25,-4.25,0.0,33.35106658899543,14.99788739971852,183.82397895792323,183.82397895792323,Detected
1484,-9.75,-4.25,0.0,37.326952594785475,17.656764871926974,186.43647300212137,186.43647300212137,Detected
1485,-9.25,-4.25,0.0,41.999059082941955,20.955476272736778,189.76162299702312,189.76162299702312,Detected
1486,-8.75,-4.25,0.0,47.64033311671114,25.14559646493775,194.12545978600866,194.12545978600866,Detected
1487,-8.25,-4.25,0.0,54.706033386439636,30.636955844682344,200.0831603257118,200.0831603257118,Detected
1488,-7.75,-4.25,0.0,64.02476480197326,38.15463781405728,208.66157704951402,208.66157704951402,Detected
1489,-7.25,-4.25,0.0,77.29718543936562,49.140835866408196,221.99255112140895,221.99255112140895,Detected
1490,-6.75,-4.25,0.0,98.69457998335089,67.02253057465123,245.34313036128822,245.34313036128822,Detected
1491,-6.25,-4.25,0.0,142.0427501473636,102.84264227841514,296.23992307749006,296.23992307749006,Detected
1507,1.75,-4.25,0.0,-90.00266905602108,-131.97337139504592,304.2746965908136,304.2746965908136,Detected
1513,4.75,-4.25,0.0,-113.36636765476912,92.26442751039693,267.97763631294396,267.97763631294396,Detected
1514,5.25,-4.25,0.0,-88.29673655394235,64.75892685695749,235.69779916923878,235.69779916923878,Detected
1515,5.75,-4.25,0.0,-73.08821336965005,48.92984064982496,217.98221687715196,217.98221687715196,Detected
1516,6.25,-4.25,0.0,-62.533551501242655,38.5681897765743,206.8724849485996,206.8724849485996,Detected
1517,6.75,-4.25,0.0,-54.59127051532371,31.2399344081691,199.30299852289536,199.30299852289536,Detected
1518,7.25,-4.25,0.0,-48.28733258454429,25.784282679084356,193.84319320073357,193.84319320073357,Detected
1519,7.75,-4.25,0.0,-43.092927275673865,21.57215897733326,189.7367818648269,189.7367818648269,Detected
1520,8.25,-4.25,0.0,-38.693234912903456,18.23050264762424,186.54711397739166,186.54711397739166,Detected
1521,8.75,-4.25,0.0,-34.88738587463552,15.52281895482256,184.0049686669178,184.0049686669178,Detected
1522,9.25,-4.25,0.0,-31.54011622783525,13.291322455640007,181.93568445429898,181.93568445429898,Detected
1523,9.75,-4.25,0.0,-28.556337683487623,11.42641673702726,180.22124309923825,180.22124309923825,Detected
1524,10.25,-4.25,0.0,-25.866827451482397,9.849469588078357,178.77920191020957,178.77920191020957,Detected
1525,10.75,-4.25,0.0,-23.41971899940239,8.502544707795488,177.55034845972995,177.55034845972995,Detected
1526,11.25,-4.25,0.0,-21.175203850967918,7.341997458239892,176.49114143796035,176.49114143796035,Detected
1527,11.75,-4.25,0.0,-19.102101384602108,6.334326541331348,175.56890790008512,175.56890790008512,Detected
1528,12.25,-4.25,0.0,-17.175562336313437,5.453399378973273,174.75869415043198,174.75869415043198,Detected
1529,12.75,-4.25,0.0,-15.3754859899653,4.678544646148401,174.0411439961266,174.0411439961266,Detected
1530,13.25,-4.25,0.0,-13.685401223181401,3.9932094696351244,173.40103490225226,173.40103490225226,Detected
1531,13.75,-4.25,0.0,-12.091657628459489,3.3839943962900185,172.82624675336282,172.82624675336282,Detected
1532,14.25,-4.25,0.0,-10.582829140507926,2.8399471529647333,172.30702179411202,172.30702179411202,Detected
1533,14.75,-4.25,0.0,-9.14926657328113,2.352037435782318,171.8354246656157,171.8354246656157,Detected
1534,15.25,-4.25,0.0,-7.782756599971231,1.9127607034725709,171.4049425254806,171.4049425254806,Detected
1535,15.75,-4.25,0.0,-6.476258191512896,1.515835434994246,171.01018488561752,171.01018488561752,Detected
1536,-15.75,-3.75,0.0,9.29114578278319,2.4619200272693105,172.2792679089249,172.2792679089249,Detected
1537,-15.25,-3.75,0.0,10.848658040874168,2.945993697955408,172.8078951630879,172.8078951630879,Detected
1538,-14.75,-3.75,0.0,12.50169212287681,3.4897071093439163,173.3955695804244,173.3955695804244,Detected
1539,-14.25,-3.75,0.0,14.26443730841355,4.10350847863929,174.05328476376476,174.05328476376476,Detected
1540,-13.75,-3.75,0.0,16.154195920703604,4.800312354803797,174.7948983858475,174.7948983858475,Detected
1541,-13.25,-3.75,0.0,18.192334144195783,5.596261370637279,175.63811177570196,175.63811177570196,Detected
1542,-12.75,-3.75,0.0,20.40562006288659,6.5117904371090995,176.6058760627221,176.6058760627221,Detected
1543,-12.25,-3.75,0.0,22.82815231695278,7.5731458567818395,177.72845711090142,177.72845711090142,Detected
1544,-11.75,-3.75,0.0,25.50421727502233,8.814608482349191,179.04654774778382,179.04654774778382,Detected
1545,-11.25,-3.75,0.0,28.492657348652898,10.281843089861185,180.61610118831194,180.61610118831194,Detected
1546,-10.75,-3.75,0.0,31.873799051614025,12.03712041804897,182.51610461860875,182.51610461860875,Detected
1547,-10.25,-3.75,0.0,35.76092481959498,14.167799345934624,184.86160890629301,184.86160890629301,Detected
1548,-9.75,-3.75,0.0,40.32027141059013,16.80080658899607,187.8266797058012,187.8266797058012,Detected
1549,-9.25,-3.75,0.0,45.808142237391564,20.128919376421685,191.68735792918287,191.68735792918287,Detected
1550,-8.75,-3.75,0.0,52.645357491575815,24.462316871375727,196.90844717193096,196.90844717193096,Detected
1551,-8.25,-3.75,0.0,61.58234357893329,30.34041300886934,204.33704298491446,204.33704298491446,Detected
1552,-7.75,-3.75,0.0,74.11802810021875,38.80992305604115,215.6958012835798,215.6958012835798,Detected
1553,-7.25,-3.75,0.0,93.79004887195029,52.266450925810226,235.10774152968145,235.10774152968145,Detected
1554,-6.75,-3.75,0.0,131.60077923174373,77.94562918038802,275.52720994399243,275.52720994399243,Detected
1578,5.25,-3.75,0.0,-110.18420582025448,71.86096528296373,254.82181607641112,254.82181607641112,Detected
1579,5.75,-3.75,0.0,-86.17012033583178,51.149844357689645,227.8805449862513,227.8805449862513,Detected
1580,6.25,-3.75,0.0,-71.30447350872849,38.9340393744995,212.71493298547367,212.71493298547367,Detected
1581,6.75,-3.75,0.0,-60.89545912064199,30.8245113704408,203.05407312723182,203.05407312723182,Detected
1582,7.25,-3.75,0.0,-53.034257235773836,25.037199140325193,196.39830108174866,196.39830108174866,Detected
1583,7.75,-3.75,0.0,-46.78838473211942,20.701584760851198,191.55608088345022,191.55608088345022,Detected
1584,8.25,-3.75,0.0,-41.64335560569415,17.33843461692657,187.8882350981077,187.8882350981077,Detected
1585,8.75,-3.75,0.0,-37.2894032286607,14.660327632596873,185.02176187119193,185.02176187119193,Detected
1586,9.25,-3.75,0.0,-33.527333551334955,12.483536009019575,182.72478142591012,182.72478142591012,Detected
1587,9.75,-3.75,0.0,-30.22231236266406,10.68470682079141,180.8458594410491,180.8458594410491,Detected
1588,10.25,-3.75,0.0,-27.279249470726306,9.177743873294398,179.28210740949893,179.28210740949893,Detected
1589,10.75,-3.75,0.0,-24.62880412886547,7.900638979925495,177.96131152964594,177.96131152964594,Detected
1590,11.25,-3.75,0.0,-22.21899344847798,6.8075628959998395,176.8313901039607,176.8313901039607,Detected
1591,11.75,-3.75,0.0,-20.009931859277966,5.8639026594621235,175.8539020479509,175.8539020479509,Detected
1592,12.25,-3.75,0.0,-17.97040684174799,5.043031265732756,174.99990287212813,174.99990287212813,Detected
1593,12.75,-3.75,0.0,-16.075576804869605,4.324138403500472,174.24721631849303,174.24721631849303,Detected
1594,13.25,-3.75,0.0,-14.305379474355686,3.690734252582867,173.57858944346964,173.57858944346964,Detected
1595,13.75,-3.75,0.0,-12.643404287704426,3.1295933383412464,172.98041564171064,172.98041564171064,Detected
1596,14.25,-3.75,0.0,-11.076076165711118,2.6299937847579975,172.44183240419193,172.44183240419193,Detected
1597,14.75,-3.75,0.0,-9.592053327931287,2.183159502252192,171.95407207939536,171.95407207939536,Detected
1598,15.25,-3.75,0.0,-8.181775434519215,1.7818446687367404,171.50998698171935,171.50998698171935,Detected
1599,15.75,-3.75,0.0,-6.837119352092809,1.420019814243814,171.10369686740913,171.10369686740913,Detected
1600,-15.75,-3.25,0.0,9.725610889883074,2.2271216504277507,172.39763016737012,172.39763016737012,Detected
1601,-15.25,-3.25,0.0,11.336233674323031,2.6616556836328487,172.94377990693874,172.94377990693874,Detected
1602,-14.75,-3.25,0.0,13.05163712872663,3.1510663595825363,173.5527883542686,173.5527883542686,Detected
1603,-14.25,-3.25,0.0,14.888191430414066,3.7052767846507906,174.23675703453264,174.23675703453264,Detected
1604,-13.75,-3.25,0.0,16.866053417573042,4.336644324467391,175.0110626767089,175.0110626767089,Detected
1605,-13.25,-3.25,0.0,19.01038516419261,5.06074684035581,175.89552691014094,175.89552691014094,Detected
1606,-12.75,-3.25,0.0,21.353094887025318,5.89749714669736,176.91612055117994,176.91612055117994,Detected
1607,-12.25,-3.25,0.0,23.935389158512475,6.872760497143986,178.1075095376394,178.1075095376394,Detected
1608,-11.75,-3.25,0.0,26.811627307927335,8.020767495544868,179.51696877283553,179.51696877283553,Detected
1609,-11.25,-3.25,0.0,30.055346601805798,9.387831550825439,181.21060262376258,181.21060262376258,Detected
1610,-10.75,-3.25,0.0,33.7690698683168,11.038300116053026,183.28362666333686,183.28362666333686,Detected
1611,-10.25,-3.25,0.0,38.101058341287114,13.064533426311268,185.87817661235417,185.87817661235417,Detected
1612,-9.75,-3.25,0.0,43.27564834663879,15.604615317228971,189.21596264394663,189.21596264394663,Detected
1613,-9.25,-3.25,0.0,49.6523051204192,18.876111671934872,193.66254075550316,193.66254075550316,Detected
1614,-8.75,-3.25,0.0,57.85167830739669,23.246615035402424,199.86583650694473,199.86583650694473,Detected
1615,-8.25,-3.25,0.0,69.05968146791903,29.400455365139976,209.09310299038603,209.09310299038603,Detected
1616,-7.75,-3.25,0.0,85.89856799941553,38.8073869090003,224.20308809288295,224.20308809288295,Detected
1617,-7.25,-3.25,0.0,115.67918548528563,55.44503145907619,253.29719484866223,253.29719484866223,Detected
1642,5.25,-3.25,0.0,-141.12878706988386,80.48714026301256,282.79682203166266,282.79682203166266,Detected
1643,5.75,-3.25,0.0,-102.06564233684807,52.7825580092972,240.25127515614093,240.25127515614093,Detected
1644,6.25,-3.25,0.0,-81.12263182302031,38.51940661786925,219.40318642058216,219.40318642058216,Detected
1645,6.75,-3.25,0.0,-67.600855952172,29.727771023769417,207.11422469560668,207.11422469560668,Detected
1646,7.25,-3.25,0.0,-57.91078203101569,23.73820197167516,199.0586158500291,199.0586158500291,Detected
1647,7.75,-3.25,0.0,-50.49049719258539,19.390756262622926,193.39717375836653,193.39717375836653,Detected
1648,8.25,-3.25,0.0,-44.54316114487699,16.0946845324633,189.216316425759,189.216316425759,Detected
1649,8.75,-3.25,0.0,-39.61563976624219,13.514957258913508,186.0116726969256,186.0116726969256,Detected
1650,9.25,-3.25,0.0,-35.42905164953938,11.446241664955098,183.48257774088057,183.48257774088057,Detected
1651,9.75,-3.25,0.0,-31.801114158292386,9.755123947947796,181.4390200225837,181.4390200225837,Detected
1652,10.25,-3.25,0.0,-28.60691724057689,8.35089291357202,179.7552637055458,179.7552637055458,Detected
1653,10.75,-3.25,0.0,-25.757548449751972,7.169598293491329,178.34494966345392,178.34494966345392,Detected
1654,11.25,-3.25,0.0,-23.18771476787995,6.164807057728499,177.14690921237028,177.14690921237028,Detected
1655,11.75,-3.25,0.0,-20.84820700009142,5.3019707523181765,176.11667853956268,176.11667853956268,Detected
1656,12.25,-3.25,0.0,-18.70111624582487,4.554848782605728,175.22121283424033,175.22121283424033,Detected
1657,12.75,-3.25,0.0,-16.71668754986663,3.9031569865539897,174.43547841580994,174.43547841580994,Detected
1658,13.25,-3.25,0.0,-14.87118625151424,3.330975330262148,173.74018981321058,173.74018981321058,Detected
1659,13.75,-3.25,0.0,-13.145412233185802,2.8256418342183567,173.12026811437445,173.12026811437445,Detected
1660,14.25,-3.25,0.0,-11.523641056650625,2.3769670522565565,172.5637668193449,172.5637668193449,Detected
1661,14.75,-3.25,0.0,-9.99285374738517,1.9766652718052227,172.0611084052037,172.0611084052037,Detected
1662,15.25,-3.25,0.0,-8.542166284083427,1.617935522462393,171.60453202563122,171.60453202563122,Detected
1663,15.75,-3.25,0.0,-7.162400116375907,1.2951481955090924,171.18768755534853,171.18768755534853,Detected
1664,-15.75,-2.75,0.0,10.110006060877332,1.9544521511745214,172.5020957323646,172.5020957323646,Detected
1665,-15.25,-2.75,0.0,11.76867495912632,2.3335650132331724,173.06403510663753,173.06403510663753,Detected
1666,-14.75,-2.75,0.0,13.540740982309023,2.7615955653636988,173.6923527962644,173.6923527962644,Detected
1667,-14.25,-2.75,0.0,15.444674355382297,3.2476348004074125,174.40020290463076,174.40020290463076,Detected
1668,-13.75,-2.75,0.0,17.503406622804533,3.8030786964390666,175.20441836663488,175.20441836663488,Detected
1669,-13.25,-2.75,0.0,19.745829378799446,4.442401631277174,176.1268744178714,176.1268744178714,Detected
1670,-12.75,-2.75,0.0,22.208963570461627,5.184266713906867,177.19650153526237,177.19650153526237,Detected
1671,-12.25,-2.75,0.0,24.94118717074881,6.053161034967125,178.45233837337966,178.45233837337966,Detected
1672,-11.75,-2.75,0.0,28.007193191482287,7.081876876540786,179.94830845746475,179.94830845746475,Detected
1673,-11.25,-2.75,0.0,31.49589501758528,8.315411513490053,181.760971078242,181.760971078242,Detected
1674,-10.75,-2.75,0.0,35.53360040447944,9.817360966615992,184.00265329748007,184.00265329748007,Detected
1675,-10.25,-2.75,0.0,40.307164421393544,11.68095580808455,186.84488832335632,186.84488832335632,Detected
1676,-9.75,-2.75,0.0,46.10742503801258,14.049366184594087,190.56301864172679,190.56301864172679,Detected
1677,-9.25,-2.75,0.0,53.4176730471687,17.156229011685546,195.62823654340667,195.62823654340667,Detected
1678,-8.75,-2.75,0.0,63.114233151525575,21.415677591694433,202.91873144807562,202.91873144807562,Detected
1679,-8.25,-2.75,0.0,76.99301053845114,27.65410019119476,214.27980116117763,214.27980116117763,Detected
1680,-7.75,-2.75,0.0,99.48443439328815,37.851796011143236,234.36468190902755,234.36468190902755,Detected
1681,-7.25,-2.75,0.0,145.6676633526339,58.55941028700704,279.3002343129325,279.3002343129325,Detected
1707,5.75,-2.75,0.0,-121.25330197374608,53.35111501539406,255.5807829117048,255.5807829117048,Detected
1708,6.25,-2.75,0.0,-91.86359439301575,37.03354956232186,226.8770913568071,226.8770913568071,Detected
1709,6.75,-2.75,0.0,-74.53327496633698,27.79745552614927,211.38244942782651,211.38244942782651,Detected
1710,7.25,-2.75,0.0,-62.77165201152108,21.809296678526707,201.74469830866224,201.74469830866224,Detected
1711,7.75,-2.75,0.0,-54.08794527908025,17.600725349761134,195.20370334915637,195.20370334915637,Detected
1712,8.25,-2.75,0.0,-47.3086449438939,14.481144956858419,190.49202566238358,190.49202566238358,Detected
1713,8.75,-2.75,0.0,-41.8024698676091,12.079876744254136,186.94706449709062,186.94706449709062,Detected
1714,9.25,-2.75,0.0,-37.196614874696806,10.178722586265435,184.18938192876587,184.18938192876587,Detected
1715,9.75,-2.75,0.0,-33.255111775819984,8.640210674232222,181.98646943368362,181.98646943368362,Detected
1716,10.25,-2.75,0.0,-29.82039181683497,7.373111243179758,180.18818493087426,180.18818493087426,Detected
1717,10.75,-2.75,0.0,-26.782669116934485,6.314355307347851,178.69343130148675,178.69343130148675,Detected
1718,11.25,-2.75,0.0,-24.062764677392583,5.418881487854961,177.4317654544963,177.4317654544963,Detected
1719,11.75,-2.75,0.0,-21.601921315231063,4.653610545844526,176.35268212227135,176.35268212227135,Detected
1720,12.25,-2.75,0.0,-19.35548047811988,3.9937030789257695,175.4190834887553,175.4190834887553,Detected
1721,12.75,-2.75,0.0,-17.28880204446297,3.42014515683409,174.60314689397177,174.60314689397177,Detected
1722,13.25,-2.75,0.0,-15.374543273746495,2.918139697576885,173.88362464223152,173.88362464223152,Detected
1723,13.75,-2.75,0.0,-13.590791839779001,2.4760047023618053,173.2440299846755,173.2440299846755,Detected
1724,14.25,-2.75,0.0,-11.919752757345051,2.0844004109127927,172.6713885961796,172.6713885961796,Detected
1725,14.75,-2.75,0.0,-10.346804573837312,1.7357757619918044,172.1553607545498,172.1553607545498,Detected
1726,15.25,-2.75,0.0,-8.859807808159283,1.4239645863411248,171.68761236906604,171.68761236906604,Detected
1727,15.75,-2.75,0.0,-7.448589471138181,1.1438861970709604,171.26135662682023,171.26135662682023,Detected
1728,-15.75,-2.25,0.0,10.439175295273182,1.6481159011918265,172.5913712561906,172.5913712561906,Detected
1729,-15.25,-2.25,0.0,12.139778557715427,1.9664288465713007,173.1670474683104,173.1670474683104,Detected
1730,-14.75,-2.25,0.0,13.96148298871841,2.3265656374757158,173.8122290071375,173.8122290071375,Detected
1731,-14.25,-2.25,0.0,15.924691560709858,2.736479584134753,174.54102823903955,174.54102823903955,Detected
1732,-13.75,-2.25,0.0,18.05491039434337,3.206196892007814,175.3716142980287,175.3716142980287,Detected
1733,-13.25,-2.25,0.0,20.384523982348195,3.748534596286421,176.32776390228685,176.32776390228685,Detected
1734,-12.75,-2.25,0.0,22.955393250642537,4.38014249150576,177.44117681521223,177.44117681521223,Detected
1735,-12.25,-2.25,0.0,25.822770237604495,5.123056984258429,178.75503362904587,178.75503362904587,Detected
1736,-11.75,-2.25,0.0,29.061399819033987,6.007093525151809,180.329647708331,180.329647708331,Detected
1737,-11.25,-2.25,0.0,32.77541706341186,7.073672515766804,182.2518029733864,182.2518029733864,Detected
1738,-10.75,-2.25,0.0,37.11518368350922,8.38222389441392,184.65092063918527,184.65092063918527,Detected
1739,-10.25,-2.25,0.0,42.30763331541771,10.021527936237751,187.72868905541264,187.72868905541264,Detected
1740,-9.75,-2.25,0.0,48.715037515024456,12.131264391077357,191.81735480172952,191.81735480172952,Detected
1741,-9.25,-2.25,0.0,56.959759118241905,14.946863892838895,197.50529408333531,197.50529408333531,Detected
1742,-8.75,-2.25,0.0,68.22350352869758,18.904987838381935,205.942300043022,205.942300043022,Detected
1743,-8.25,-2.25,0.0,85.0998817628244,24.93843293277888,219.71988708204228,219.71988708204228,Detected
1744,-7.75,-2.25,0.0,114.76173364703811,35.5536022949936,246.17577273993206,246.17577273993206,Detected
1771,5.75,-2.25,0.0,-143.95451118265288,52.113645340195106,274.1417123528692,274.1417123528692,Detected
1772,6.25,-2.25,0.0,-103.18939500865254,34.146534403044065,234.91107488117365,234.91107488117365,Detected
1773,6.75,-2.25,0.0,-81.4140992509391,24.895584014880058,215.6841136301871,215.6841136301871,Detected
1774,7.25,-2.25,0.0,-67.4210639984799,19.194803724561208,204.3445012618265,204.3445012618265,Detected
1775,7.75,-2.25,0.0,-57.44431009539766,15.312435532626344,196.9043792475294,196.9043792475294,Detected
1776,8.25,-2.25,0.0,-49.84312419387893,12.49548821967246,191.66900618246848,191.66900618246848,Detected
1777,8.75,-2.25,0.0,-43.779890512875944,10.360341467703542,187.79696704954847,187.79696704954847,Detected
1778,9.25,-2.25,0.0,-38.7782810018421,8.689438787241661,184.82395036881277,184.82395036881277,Detected
1779,9.75,-2.25,0.0,-34.5453393228223,7.349488139253955,182.4732792723655,182.4732792723655,Detected
1780,10.25,-2.25,0.0,-30.88983741970069,6.2539318861564315,180.57014965456025,180.57014965456025,Detected
1781,10.75,-2.25,0.0,-27.680982156203726,5.343958359461355,178.99890460930084,178.99890460930084,Detected
1782,11.25,-2.25,0.0,-24.82589036069726,4.57813751386053,177.68010683028226,177.68010683028226,Detected
1783,11.75,-2.25,0.0,-22.25653491510251,3.9264107200721936,176.55748180620478,176.55748180620478,Detected
1784,12.25,-2.25,0.0,-19.92179459916892,3.366428998026538,175.59011146291482,175.59011146291482,Detected
1785,12.75,-2.25,0.0,-17.782407302845115,2.881228653320701,174.74757345813236,174.74757345813236,Detected
1786,13.25,-2.25,0.0,-15.807651718966563,2.4577039886488854,174.00680857367922,174.00680857367922,Detected
1787,13.75,-2.25,0.0,-13.973098719651277,2.0855737509260983,173.35004119922993,173.35004119922993,Detected
1788,14.25,-2.25,0.0,-12.259047213701152,1.7566637126741005,172.7633629419685,172.7633629419685,Detected
1789,14.75,-2.25,0.0,-10.649410939420056,1.4643975645303984,172.23574589450828,172.23574589450828,Detected
1790,15.25,-2.25,0.0,-9.130910035553114,1.2034285580006112,171.75834136744692,171.75834136744692,Detected
1791,15.75,-2.25,0.0,-7.692473328568832,0.9693683747377172,171.32397255229068,171.32397255229068,Detected
1792,-15.75,-1.75,0.0,10.70851610312407,1.3130635277249059,172.6643012530948,172.6643012530948,Detected
1793,-15.25,-1.75,0.0,12.443976455252026,1.5658790353550267,173.25136670131096,173.25136670131096,Detected
1794,-14.75,-1.75,0.0,14.307070313241828,1.8524026886525589,173.91057560683828,173.91057560683828,Detected
1795,-14.25,-1.75,0.0,16.319878745187992,2.17916419593245,174.65686527825758,174.65686527825758,Detected
1796,-13.75,-1.75,0.0,18.510158513405113,2.5544331682067303,175.5095627959779,175.5095627959779,Detected
1797,-13.25,-1.75,0.0,20.913371443821408,2.988837186353421,176.4941053323688,176.4941053323688,Detected
1798,-12.75,-1.75,0.0,23.575681227672977,3.4962667763113098,177.64463248406898,177.64463248406898,Detected
1799,-12.25,-1.75,0.0,26.558515706873933,4.095238942331557,179.00801232083248,179.00801232083248,Detected
1800,-11.75,-1.75,0.0,29.945763912798764,4.811021995555033,180.65031804335786,180.65031804335786,Detected
1801,-11.25,-1.75,0.0,33.85561732304542,5.679082562414965,182.66768937394352,182.66768937394352,Detected
1802,-10.75,-1.75,0.0,38.46106237170449,6.750956985059108,185.20548012064518,185.20548012064518,Detected
1803,-10.25,-1.75,0.0,44.02760967444883,8.104874170268939,188.4941432327118,188.4941432327118,Detected
1804,-9.75,-1.75,0.0,50.988368973279684,9.866501813072539,192.92185417270375,192.92185417270375,Detected
1805,-9.25,-1.75,0.0,60.10925043943773,12.253721085308852,199.19687943649672,199.19687943649672,Detected
1806,-8.75,-1.75,0.0,72.90554719600699,15.687369810300755,208.76307875642146,208.76307875642146,Detected
1807,-8.25,-1.75,0.0,92.92118464619968,21.12515347381788,225.09280804068376,225.09280804068376,Detected
1808,-7.75,-1.75,0.0,131.130818600026,31.44943994678487,259.20841570123355,259.20841570123355,Detected
1836,6.25,-1.75,0.0,-114.45665631325092,29.545695099458815,243.0367946056213,243.0367946056213,Detected
1837,6.75,-1.75,0.0,-87.85101984755123,20.932987416119776,219.7621382109695,219.7621382109695,Detected
1838,7.25,-1.75,0.0,-71.61817930955641,15.87922567069979,206.71582961321292,206.71582961321292,Detected
1839,7.75,-1.75,0.0,-60.40479863868964,12.535877219483218,198.4163549609348,198.4163549609348,Detected
1840,8.25,-1.75,0.0,-52.0426889050161,10.155924825369356,192.69649136077388,192.69649136077388,Detected
1841,8.75,-1.75,0.0,-45.47555522371219,8.376197973821576,188.5288908206046,188.5288908206046,Detected
1842,9.25,-1.75,0.0,-40.1221365458431,6.9973488810032825,185.36471266332174,185.36471266332174,Detected
1843,9.75,-1.75,0.0,-35.63359825836725,5.900143530112648,182.88467478444613,182.88467478444613,Detected
1844,10.25,-1.75,0.0,-31.786546067082913,5.0085685142379,180.89076334691075,180.89076334691075,Detected
1845,10.75,-1.75,0.0,-28.430518695831424,4.2717243213772,179.2538849770726,179.2538849770726,Detected
1846,11.25,-1.75,0.0,-25.460015162727014,3.6541757228529863,177.8864333031966,177.8864333031966,Detected
1847,11.75,-1.75,0.0,-22.798591088683324,3.1304630381246095,176.72696256326228,176.72696256326228,Detected
1848,12.25,-1.75,0.0,-20.389325486146863,2.6818109381084234,175.73116819433733,175.73116819433733,Detected
1849,12.75,-1.75,0.0,-18.188849745877363,2.2940670717947564,174.86634502515864,174.86634502515864,Detected
1850,13.25,-1.75,0.0,-16.163466708716477,1.9563629316763076,174.10785598893148,174.10785598893148,Detected
1851,13.75,-1.75,0.0,-14.286547133672176,1.6602164888965956,173.43681076730817,173.43681076730817,Detected
1852,14.25,-1.75,0.0,-12.536734704905125,1.3989146131450594,172.83849809099644,172.83849809099644,Detected
1853,14.75,-1.75,0.0,-10.89667861104412,1.1670780957444993,172.30130173801732,172.30130173801732,Detected
1854,15.25,-1.75,0.0,-9.352119661647988,0.9603490149445831,171.81593522001543,171.81593522001543,Detected
1855,15.75,-1.75,0.0,-7.891218957137457,0.7751619794602286,171.37489136348523,171.37489136348523,Detected
1856,-15.75,-1.25,0.0,10.914131897151483,0.9549129093456196,172.71990667160546,172.71990667160546,Detected
1857,-15.25,-1.25,0.0,12.676532999062434,1.13838022322896,173.31575761698994,173.31575761698994,Detected
1858,-14.75,-1.25,0.0,14.571695455868124,1.3465818092965192,173.98581506791993,173.98581506791993,Detected
1859,-14.25,-1.25,0.0,16.62304218648093,1.5843763258003538,174.7456717621043,174.7456717621043,Detected
1860,-13.75,-1.25,0.0,18.860139357577335,1.8579387653123942,175.61557965523573,175.61557965523573,Detected
1861,-13.25,-1.25,0.0,21.320938177901404,2.1752370304978967,176.6223102701624,176.6223102701624,Detected
1862,-12.75,-1.25,0.0,24.055108086794547,2.546734468014474,177.80197786115144,177.80197786115144,Detected
1863,-12.25,-1.25,0.0,27.129151282593067,2.9864567266410584,179.2044600615383,179.2044600615383,Detected
1864,-11.75,-1.25,0.0,30.634545666962943,3.5136697118446296,180.90057835024692,180.90057835024692,Detected
1865,-11.25,-1.25,0.0,34.70129037377162,4.155631918942461,182.99427952918052,182.99427952918052,Detected
1866,-10.75,-1.25,0.0,39.52166305666696,4.952346198571373,185.64441407966012,185.64441407966012,Detected
1867,-10.25,-1.25,0.0,45.394695370499015,5.965302824430967,189.10627046956853,189.10627046956853,Detected
1868,-9.75,-1.25,0.0,52.816592052529735,7.294928428219456,193.817530072728,193.817530072728,Detected
1869,-9.25,-1.25,0.0,62.68550598783597,9.119353134738182,200.59623523973028,200.59623523973028,Detected
1870,-8.75,-1.25,0.0,76.83942298247699,11.79431883053466,211.16897528944168,211.16897528944168,Detected
1871,-8.25,-1.25,0.0,99.81549746129596,16.174171463233343,229.9228819675966,229.9228819675966,Detected
1872,-7.75,-1.25,0.0,147.1805694887581,25.10865560188118,272.2996018025223,272.2996018025223,Detected
1895,3.75,-1.25,0.0,83.92604647366915,-33.57419373508798,240.54276125401177,240.54276125401177,Detected
1900,6.25,-1.25,0.0,-124.66993156268477,23.044369537451008,250.50080612827833,250.50080612827833,Detected
1901,6.75,-1.25,0.0,-93.35751072495971,15.913298040384037,223.2887125198032,223.2887125198032,Detected
1902,7.25,-1.25,0.0,-75.09582657021974,11.905265850114231,208.69742313276876,208.69742313276876,Detected
1903,7.75,-1.25,0.0,-62.80900719505067,9.31775634883966,199.65222999493352,199.65222999493352,Detected
1904,8.25,-1.25,0.0,-53.804510638181675,7.504518637519021,193.52350351195335,193.52350351195335,Detected
1905,8.75,-1.25,0.0,-46.820208760919215,6.163278380681633,189.11136170668402,189.11136170668402,Detected
1906,9.25,-1.25,0.0,-41.17971549855132,5.132430806403844,185.79133494704095,185.79133494704095,Detected
1907,9.75,-1.25,0.0,-36.48491716175915,4.317150230096311,183.20702321655585,183.20702321655585,Detected
1908,10.25,-1.25,0.0,-32.484643721082115,3.6578564159802216,181.1405987038269,181.1405987038269,Detected
1909,10.75,-1.25,0.0,-29.011730894213414,3.115106145248768,179.45167950527338,179.45167950527338,Detected
1910,11.25,-1.25,0.0,-25.950105768571973,2.661690767299665,178.04588422592707,178.04588422592707,Detected
1911,11.75,-1.25,0.0,-23.216349730922097,2.2782081828745007,176.85752375733762,176.85752375733762,Detected
1912,12.25,-1.25,0.0,-20.74878114825202,1.950440157591272,175.83953937361366,175.83953937361366,Detected
1913,12.75,-1.25,0.0,-18.500687458373164,1.6677264630000848,174.95738332004268,174.95738332004268,Detected
1914,13.25,-1.25,0.0,-16.435964851421986,1.4219178425157046,174.18515321168988,174.18515321168988,Detected
1915,13.75,-1.25,0.0,-14.526215410077588,1.20667962671573,173.503069830585,173.503069830585,Detected
1916,14.25,-1.25,0.0,-12.748759145073285,1.0170155816787594,172.8957848080146,172.8957848080146,Detected
1917,14.75,-1.25,0.0,-11.085238672127735,0.848934452404215,172.3512170960704,172.3512170960704,Detected
1918,15.25,-1.25,0.0,-9.520618470610378,0.6992115000273326,171.85973562331847,171.85973562331847,Detected
1919,15.75,-1.25,0.0,-8.042453293586279,0.5652147981298049,171.4135740772035,171.4135740772035,Detected
1920,-15.75,-0.75,0.0,11.052967824205346,0.5798391370055506,172.75741941970247,172.75741941970247,Detected
1921,-15.25,-0.75,0.0,12.833722122058282,0.6910965446989277,173.35924723681862,173.35924723681862,Detected
1922,-14.75,-0.75,0.0,14.750770240159154,0.8174649834967906,174.03669896692566,174.03669896692566,Detected
1923,-14.25,-0.75,0.0,16.828471767851745,0.9619406208322012,174.80582282763322,174.80582282763322,Detected
1924,-13.75,-0.75,0.0,19.097660855128304,1.1283404251960933,175.68751597310106,175.68751597310106,Detected
1925,-13.25,-0.75,0.0,21.59804105498105,1.321603127483934,176.7094849224696,176.7094849224696,Detected
1926,-12.75,-0.75,0.0,24.381762505407888,1.5482349048142539,177.90923480224203,177.90923480224203,Detected
1927,-12.25,-0.75,0.0,27.518940164482146,1.816989795385714,179.33877612446884,179.33877612446884,Detected
1928,-11.75,-0.75,0.0,31.106494647523075,2.139946589833674,181.07232033675072,181.07232033675072,Detected
1929,-11.25,-0.75,0.0,35.28296915941245,2.5342885965009194,183.21943821559117,183.21943821559117,Detected
1930,-10.75,-0.75,0.0,40.25475551218712,3.025404777385481,185.94881183154789,185.94881183154789,Detected
1931,-10.25,-0.75,0.0,46.34575818575237,3.65266215332714,189.53407994368007,189.53407994368007,Detected
1932,-9.75,-0.75,0.0,54.09987647085849,4.481100241012166,194.4501937352734,194.4501937352734,Detected
1933,-9.25,-0.75,0.0,64.51782596537498,5.627946121698733,201.59999655979158,201.59999655979158,Detected
1934,-8.75,-0.75,0.0,79.69751001768488,7.332971963276687,212.936906962278,212.936906962278,Detected
1935,-8.25,-0.75,0.0,105.02708314742758,10.195239083399787,233.6285802808325,233.6285802808325,Detected
1964,6.25,-0.75,0.0,-132.5677717795878,14.729040272347648,256.3286064587817,256.3286064587817,Detected
1965,6.75,-0.75,0.0,-97.41483910656363,9.973576502632872,225.90804950505157,225.90804950505157,Detected
1966,7.25,-0.75,0.0,-77.59373505779821,7.3860231597301,210.12975387516406,210.12975387516406,Detected
1967,7.75,-0.75,0.0,-64.5090953196637,5.745005220001408,200.5303907681704,200.5303907681704,Detected
1968,8.25,-0.75,0.0,-55.03728666701812,4.607834460226444,194.10428065175506,194.10428065175506,Detected
1969,8.75,-0.75,0.0,-47.753983280928644,3.7731042685582694,189.51692349694503,189.51692349694503,Detected
1970,9.25,-0.75,0.0,-41.90995545857458,3.1351185757058757,186.0864602555116,186.0864602555116,Detected
1971,9.75,-0.75,0.0,-37.07012646615579,2.6326798883041342,183.4288839923482,183.4288839923482,Detected
1972,10.25,-0.75,0.0,-32.962816792249406,2.227721643986108,181.31185172667895,181.31185172667895,Detected
1973,10.75,-0.75,0.0,-29.408679672829884,1.8952398914586686,179.5868094339935,179.5868094339935,Detected
1974,11.25,-0.75,0.0,-26.28400759405133,1.6180944658995968,178.15451761647486,178.15451761647486,Detected
1975,11.75,-0.75,0.0,-23.500386402574673,1.3841256618994122,176.9462681464154,176.9462681464154,Detected
1976,12.25,-0.75,0.0,-20.992747717644974,1.184460717409257,175.91305554504663,175.91305554504663,Detected
1977,12.75,-0.75,0.0,-18.712013842328115,1.0124712725829097,175.01903682256128,175.01903682256128,Detected
1978,13.25,-0.75,0.0,-16.62038724635469,0.8631059402246329,174.23742434358948,174.23742434358948,Detected
1979,13.75,-0.75,0.0,-14.68823065755799,0.7324486393087666,173.54781952990263,173.54781952990263,Detected
1980,14.25,-0.75,0.0,-12.891940069448843,0.6174179292291962,172.93443168165618,172.93443168165618,Detected
1981,14.75,-0.75,0.0,-11.21245778765952,0.5155572559980907,172.3848580363349,172.3848580363349,Detected
1982,15.25,-0.75,0.0,-9.634209774426543,0.4248854597467645,171.8892296910117,171.8892296910117,Detected
1983,15.75,-0.75,0.0,-8.144331294052726,0.3437882070516574,171.43960191510817,171.43960191510817,Detected
1984,-15.75,-0.25,0.0,11.12292152911761,0.1944371352603941,172.77631061377215,172.77631061377215,Detected
1985,-15.25,-0.25,0.0,12.912972867116183,0.2317214667859273,173.38116363376633,173.38116363376633,Detected
1986,-14.75,-0.25,0.0,14.841119482101382,0.27408867445732565,174.06236226534037,174.06236226534037,Detected
1987,-14.25,-0.25,0.0,16.932202446877426,0.3225513019926446,174.83618824377126,174.83618824377126,Detected
1988,-13.75,-0.25,0.0,19.21770924482396,0.3784008259932729,175.7238702791324,175.7238702791324,Detected
1989,-13.25,-0.25,0.0,21.738248792453078,0.44331058254379535,176.75359666803678,176.75359666803678,Detected
1990,-12.75,-0.25,0.0,24.547256969159555,0.519488538551324,177.9635914855315,177.9635914855315,Detected
1991,-12.25,-0.25,0.0,27.716728224100176,0.6099111502417417,179.40697187719027,179.40697187719027,Detected
1992,-11.75,-0.25,0.0,31.34642735004503,0.7186946661611542,181.1597160946249,181.1597160946249,Detected
1993,-11.25,-0.25,0.0,35.579386757735726,0.8517111201499014,183.33434221585816,183.33434221585816,Detected
1994,-10.75,-0.25,0.0,40.62946453576388,1.0176667008874207,186.10472012317734,186.10472012317734,Detected
1995,-10.25,-0.25,0.0,46.83383747828919,1.2301208894947024,189.7542568650225,189.7542568650225,Detected
1996,-9.75,-0.25,0.0,54.76215034714651,1.5116086255966332,194.77797548664776,194.77797548664776,Detected
1997,-9.25,-0.25,0.0,65.47137950461573,1.9030848910115379,202.12513345534765,202.12513345534765,Detected
1998,-8.75,-0.25,0.0,81.20547248010766,2.489369322342887,213.8763192054321,213.8763192054321,Detected
1999,-8.25,-0.25,0.0,107.8503213210229,3.48688176407567,235.65463033501416,235.65463033501416,Detected
2028,6.25,-0.25,0.0,-136.9106466402313,5.07533601600153,259.55195086369974,259.55195086369974,Detected
2029,6.75,-0.25,0.0,-99.57487738977923,3.400126779668246,227.30937622492442,227.30937622492442,Detected
2030,7.25,-0.25,0.0,-78.90175446179937,2.504426243219289,210.88270233923598,210.88270233923598,Detected
2031,7.75,-0.25,0.0,-65.39051976271612,1.941687632219999,200.9870398689543,200.9870398689543,Detected
2032,8.25,-0.25,0.0,-55.6722071985307,1.553997007362294,194.4040710006633,194.4040710006633,Detected
2033,8.75,-0.25,0.0,-48.2326414797896,1.2705423167149794,189.72515808679307,189.72515808679307,Detected
2034,9.25,-0.25,0.0,-42.282959196677794,1.0545176573852586,186.23738377581446,186.23738377581446,Detected
2035,9.75,-0.25,0.0,-37.368229398814805,0.8847582729694581,183.54198597246682,183.54198597246682,Detected
2036,10.25,-0.25,0.0,-33.205862404977736,0.7481665977459697,181.39893611291475,181.39893611291475,Detected
2037,10.75,-0.25,0.0,-29.61007973325807,0.6361738181777462,179.65538463240765,179.65538463240765,Detected
2038,11.25,-0.25,0.0,-26.45316759838517,0.542924744981571,178.2095533426068,178.2095533426068,Detected
2039,11.75,-0.25,0.0,-23.64410345551294,0.46427636096634833,176.99116400408775,176.99116400408775,Detected
2040,12.25,-0.25,0.0,-21.116057896586604,0.3972121144754219,175.9502027101576,175.9502027101576,Detected
2041,12.75,-0.25,0.0,-18.81872774113409,0.33948262497652787,175.05015778735282,175.05015778735282,Detected
2042,13.25,-0.25,0.0,-16.71344051697804,0.28937634952536007,174.2637858894867,174.2637858894867,Detected
2043,13.75,-0.25,0.0,-14.76992040409992,0.2455682099400603,173.570370394879,173.570370394879,Detected
2044,14.25,-0.25,0.0,-12.964088409644942,0.20701677277959424,172.95389395565198,172.95389395565198,Detected
2045,14.75,-0.25,0.0,-11.27652757629948,0.17289265733756412,172.4017892775277,172.4017892775277,Detected
2046,15.25,-0.25,0.0,-9.69138809989182,0.1425275985015032,171.90406602949594,171.90406602949594,Detected
2047,15.75,-0.25,0.0,-8.195590775225469,0.11537750995161616,171.45268852303067,171.45268852303067,Detected
2048,-15.75,0.25,0.0,11.122921529118715,-0.19443713526041215,172.77631061377642,172.77631061377642,Detected
2049,-15.25,0.25,0.0,12.912972867121258,-0.23172146678587066,173.3811636337819,173.3811636337819,Detected
2050,-14.75,0.25,0.0,14.84111948211199,-0.27408867445766544,174.06236226537013,174.06236226537013,Detected
2051,-14.25,0.25,0.0,16.932202446894017,-0.3225513019931347,174.83618824381693,174.83618824381693,Detected
2052,-13.75,0.25,0.0,19.217709244822235,-0.37840082599342556,175.7238702791275,175.7238702791275,Detected
2053,-13.25,0.25,0.0,21.738248792463775,-0.4433105825440638,176.75359666806224,176.75359666806224,Detected
2054,-12.75,0.25,0.0,24.547256969162813,-0.5194885385516026,177.96359148553947,177.96359148553947,Detected
2055,-12.25,0.25,0.0,27.716728224105164,-0.6099111502417016,179.4069718772022,179.4069718772022,Detected
2056,-11.75,0.25,0.0,31.346427350006213,-0.7186946661604361,181.15971609454485,181.15971609454485,Detected
2057,-11.25,0.25,0.0,35.57938675772889,-0.8517111201497989,183.33434221584398,183.33434221584398,Detected
2058,-10.75,0.25,0.0,40.62946453577142,-1.017666700887503,186.1047201231911,186.1047201231911,Detected
2059,-10.25,0.25,0.0,46.833837478322025,-1.2301208894957483,189.75425686507901,189.75425686507901,Detected
2060,-9.75,0.25,0.0,54.76215034719074,-1.5116086255978334,194.7779754867175,194.7779754867175,Detected
2061,-9.25,0.25,0.0,65.47137950454865,-1.903084891009582,202.12513345524962,202.12513345524962,Detected
2062,-8.75,0.25,0.0,81.2054724801474,-2.4893693223444844,213.8763192054851,213.8763192054851,Detected
2063,-8.25,0.25,0.0,107.85032132103501,-3.4868817640758683,235.65463033502945,235.65463033502945,Detected
2092,6.25,0.25,0.0,-136.91064664023244,-5.07533601600138,259.55195086370003,259.55195086370003,Detected
2093,6.75,0.25,0.0,-99.57487738977846,-3.400126779667756,227.30937622492254,227.30937622492254,Detected
2094,7.25,0.25,0.0,-78.90175446185835,-2.50442624322078,210.88270233931615,210.88270233931615,Detected
2095,7.75,0.25,0.0,-65.39051976263902,-1.941687632217807,200.9870398688397,200.9870398688397,Detected
2096,8.25,0.25,0.0,-55.67220719847808,-1.5539970073607168,194.40407100057962,194.40407100057962,Detected
2097,8.75,0.25,0.0,-48.23264147975806,-1.2705423167143692,189.72515808673845,189.72515808673845,Detected
2098,9.25,0.25,0.0,-42.28295919670804,-1.054517657385924,186.2373837758711,186.2373837758711,Detected
2099,9.75,0.25,0.0,-37.36822939883232,-0.8847582729699216,183.5419859725015,183.5419859725015,Detected
2100,10.25,0.25,0.0,-33.205862404949066,-0.7481665977453227,181.39893611285493,181.39893611285493,Detected
2101,10.75,0.25,0.0,-29.610079733285964,-0.636173818178355,179.6553846324696,179.6553846324696,Detected
2102,11.25,0.25,0.0,-26.453167598362047,-0.542924744981429,178.2095533425525,178.2095533425525,Detected
2103,11.75,0.25,0.0,-23.64410345550408,-0.464276360966091,176.99116400406578,176.99116400406578,Detected
2104,12.25,0.25,0.0,-21.11605789662404,-0.3972121144762833,175.95020271025453,175.95020271025453,Detected
2105,12.75,0.25,0.0,-18.818727741133774,-0.33948262497657006,175.0501577873523,175.0501577873523,Detected
2106,13.25,0.25,0.0,-16.71344051699553,-0.28937634952558644,174.26378588953463,174.26378588953463,Detected
2107,13.75,0.25,0.0,-14.769920404117338,-0.24556820994051118,173.57037039493204,173.57037039493204,Detected
2108,14.25,0.25,0.0,-12.964088409615366,-0.20701677277910632,172.95389395555986,172.95389395555986,Detected
2109,14.75,0.25,0.0,-11.276527576291048,-0.17289265733746315,172.40178927750114,172.40178927750114,Detected
2110,15.25,0.25,0.0,-9.691388099861403,-0.14252759850101768,171.90406602939464,171.90406602939464,Detected
2111,15.75,0.25,0.0,-8.195590775235988,-0.11537750995179624,171.4526885230649,171.4526885230649,Detected
2112,-15.75,0.75,0.0,11.052967824197465,-0.5798391370051258,172.75741941967854,172.75741941967854,Detected
2113,-15.25,0.75,0.0,12.833722122050137,-0.6910965446986823,173.35924723679435,173.35924723679435,Detected
2114,-14.75,0.75,0.0,14.750770240153923,-0.8174649834966423,174.03669896691144,174.03669896691144,Detected
2115,-14.25,0.75,0.0,16.82847176784014,-0.9619406208313703,174.80582282760236,174.80582282760236,Detected
2116,-13.75,0.75,0.0,19.097660855125145,-1.1283404251958389,175.68751597309378,175.68751597309378,Detected
2117,-13.25,0.75,0.0,21.59804105497675,-1.321603127483853,176.70948492245918,176.70948492245918,Detected
2118,-12.75,0.75,0.0,24.38176250542702,-1.5482349048152868,177.90923480228813,177.90923480228813,Detected
2119,-12.25,0.75,0.0,27.51894016448133,-1.8169897953857668,179.33877612446776,179.33877612446776,Detected
2120,-11.75,0.75,0.0,31.106494647484713,-2.1399465898311685,181.07232033667069,181.07232033667069,Detected
2121,-11.25,0.75,0.0,35.28296915942024,-2.5342885965015953,183.21943821560654,183.21943821560654,Detected
2122,-10.75,0.75,0.0,40.25475551215334,-3.025404777383109,185.94881183148425,185.94881183148425,Detected
2123,-10.25,0.75,0.0,46.34575818579339,-3.652662153330201,189.53407994375107,189.53407994375107,Detected
2124,-9.75,0.75,0.0,54.099876470816604,-4.481100241008867,194.45019373520637,194.45019373520637,Detected
2125,-9.25,0.75,0.0,64.51782596541123,-5.627946121702018,201.5999965598452,201.5999965598452,Detected
2126,-8.75,0.75,0.0,79.69751001770365,-7.332971963278395,212.93690696230385,212.93690696230385,Detected
2127,-8.25,0.75,0.0,105.02708314739185,-10.195239083396574,233.62858028078807,233.62858028078807,Detected
2156,6.25,0.75,0.0,-132.56777177951759,-14.72904027233986,256.32860645870056,256.32860645870056,Detected
2157,6.75,0.75,0.0,-97.41483910657693,-9.973576502633845,225.90804950506785,225.90804950506785,Detected
2158,7.25,0.75,0.0,-77.59373505782271,-7.386023159732675,210.12975387519694,210.12975387519694,Detected
2159,7.75,0.75,0.0,-64.50909531968529,-5.745005220003105,200.53039076820238,200.53039076820238,Detected
2160,8.25,0.75,0.0,-55.037286667021355,-4.607834460226877,194.1042806517603,194.1042806517603,Detected
2161,8.75,0.75,0.0,-47.75398328092535,-3.773104268557995,189.5169234969391,189.5169234969391,Detected
2162,9.25,0.75,0.0,-41.9099554585964,-3.135118575707041,186.08646025555242,186.08646025555242,Detected
2163,9.75,0.75,0.0,-37.07012646616451,-2.6326798883049873,183.4288839923659,183.4288839923659,Detected
2164,10.25,0.75,0.0,-32.96281679220841,-2.22772164398324,181.311851726594,181.311851726594,Detected
2165,10.75,0.75,0.0,-29.408679672841863,-1.8952398914594608,179.58680943401973,179.58680943401973,Detected
2166,11.25,0.75,0.0,-26.284007594041814,-1.6180944658989027,178.15451761645215,178.15451761645215,Detected
2167,11.75,0.75,0.0,-23.50038640254837,-1.384125661897795,176.94626814634984,176.94626814634984,Detected
2168,12.25,0.75,0.0,-20.99274771763699,-1.1844607174087833,175.9130555450252,175.9130555450252,Detected
2169,12.75,0.75,0.0,-18.712013842332013,-1.012471272583235,175.0190368225711,175.0190368225711,Detected
2170,13.25,0.75,0.0,-16.620387246327553,-0.8631059402231839,174.23742434351215,174.23742434351215,Detected
2171,13.75,0.75,0.0,-14.688230657557126,-0.7324486393086895,173.54781952989907,173.54781952989907,Detected
2172,14.25,0.75,0.0,-12.89194006945675,-0.6174179292297516,172.93443168167934,172.93443168167934,Detected
2173,14.75,0.75,0.0,-11.212457787670429,-0.5155572559985443,172.38485803636934,172.38485803636934,Detected
2174,15.25,0.75,0.0,-9.63420977440656,-0.4248854597458003,171.88922969094682,171.88922969094682,Detected
2175,15.75,0.75,0.0,-8.144331294061315,-0.3437882070521124,171.43960191513887,171.43960191513887,Detected
2176,-15.75,1.25,0.0,10.914131897149634,-0.9549129093455356,172.71990667160048,172.71990667160048,Detected
2177,-15.25,1.25,0.0,12.676532999083514,-1.1383802232308533,173.31575761705363,173.31575761705363,Detected
2178,-14.75,1.25,0.0,14.571695455876714,-1.3465818092973865,173.9858150679443,173.9858150679443,Detected
2179,-14.25,1.25,0.0,16.62304218648631,-1.5843763258008192,174.74567176211917,174.74567176211917,Detected
2180,-13.75,1.25,0.0,18.860139357565707,-1.857938765311361,175.61557965520475,175.61557965520475,Detected
2181,-13.25,1.25,0.0,21.320938177907962,-2.1752370304985083,176.62231027017967,176.62231027017967,Detected
2182,-12.75,1.25,0.0,24.05510808677173,-2.5467344680121475,177.801977861096,177.801977861096,Detected
2183,-12.25,1.25,0.0,27.129151282585667,-2.986456726640146,179.20446006152184,179.20446006152184,Detected
2184,-11.75,1.25,0.0,30.634545666980717,-3.5136697118467715,180.90057835028338,180.90057835028338,Detected
2185,-11.25,1.25,0.0,34.70129037375834,-4.155631918940689,182.9942795291528,182.9942795291528,Detected
2186,-10.75,1.25,0.0,39.52166305667501,-4.952346198572566,185.64441407967522,185.64441407967522,Detected
2187,-10.25,1.25,0.0,45.39469537046418,-5.965302824426548,189.1062704695075,189.1062704695075,Detected
2188,-9.75,1.25,0.0,52.8165920525183,-7.2949284282180065,193.8175300727093,193.8175300727093,Detected
2189,-9.25,1.25,0.0,62.685505987807076,-9.119353134733899,200.59623523968696,200.59623523968696,Detected
2190,-8.75,1.25,0.0,76.83942298243446,-11.794318830527821,211.16897528938296,211.16897528938296,Detected
2191,-8.25,1.25,0.0,99.81549746127935,-16.17417146323111,229.92288196757667,229.92288196757667,Detected
2192,-7.75,1.25,0.0,147.18056948879388,-25.10865560188678,272.29960180256154,272.29960180256154,Detected
2215,3.75,1.25,0.0,83.92604647364291,33.57419373507881,240.54276125397823,240.54276125397823,Detected
2220,6.25,1.25,0.0,-124.66993156269828,-23.044369537453335,250.50080612829547,250.50080612829547,Detected
2221,6.75,1.25,0.0,-93.35751072499748,-15.913298040390263,223.28871251985217,223.28871251985217,Detected
2222,7.25,1.25,0.0,-75.09582657023508,-11.905265850116496,208.69742313279033,208.69742313279033,Detected
2223,7.75,1.25,0.0,-62.80900719505009,-9.317756348839454,199.6522299949317,199.6522299949317,Detected
2224,8.25,1.25,0.0,-53.80451063820393,-7.504518637521997,193.52350351198987,193.52350351198987,Detected
2225,8.75,1.25,0.0,-46.82020876090825,-6.163278380680185,189.11136170666515,189.11136170666515,Detected
2226,9.25,1.25,0.0,-41.17971549856824,-5.1324308064058695,185.79133494707378,185.79133494707378,Detected
2227,9.75,1.25,0.0,-36.484917161720944,-4.317150230091479,183.20702321647906,183.20702321647906,Detected
2228,10.25,1.25,0.0,-32.48464372107466,-3.65785641597922,181.1405987038105,181.1405987038105,Detected
2229,10.75,1.25,0.0,-29.01173089424472,-3.115106145252422,179.45167950534315,179.45167950534315,Detected
2230,11.25,1.25,0.0,-25.950105768562217,-2.6616907672987624,178.04588422590408,178.04588422590408,Detected
2231,11.75,1.25,0.0,-23.21634973092569,-2.278208182875036,176.85752375734623,176.85752375734623,Detected
2232,12.25,1.25,0.0,-20.748781148250103,-1.9504401575910952,175.83953937360795,175.83953937360795,Detected
2233,12.75,1.25,0.0,-18.500687458369562,-1.667726462999686,174.95738332003256,174.95738332003256,Detected
2234,13.25,1.25,0.0,-16.435964851415534,-1.4219178425151164,174.18515321167146,174.18515321167146,Detected
2235,13.75,1.25,0.0,-14.526215410064419,-1.2066796267144924,173.50306983054588,173.50306983054588,Detected
2236,14.25,1.25,0.0,-12.748759145066856,-1.0170155816781752,172.89578480799514,172.89578480799514,Detected
2237,14.75,1.25,0.0,-11.085238672130249,-0.8489344524043855,172.351217096078,172.351217096078,Detected
2238,15.25,1.25,0.0,-9.520618470611725,-0.699211500027392,171.8597356233226,171.8597356233226,Detected
2239,15.75,1.25,0.0,-8.042453293588403,-0.5652147981302194,171.41357407721102,171.41357407721102,Detected
2240,-15.75,1.75,0.0,10.708516103141607,-1.3130635277268055,172.66430125315063,172.66430125315063,Detected
2241,-15.25,1.75,0.0,12.44397645524987,-1.565879035354691,173.25136670130334,173.25136670130334,Detected
2242,-14.75,1.75,0.0,14.307070313243939,-1.8524026886529594,173.91057560684467,173.91057560684467,Detected
2243,-14.25,1.75,0.0,16.319878745186124,-2.1791641959324317,174.656865278253,174.656865278253,Detected
2244,-13.75,1.75,0.0,18.51015851340782,-2.5544331682069563,175.5095627959835,175.5095627959835,Detected
2245,-13.25,1.75,0.0,20.91337144383394,-2.9888371863551257,176.49410533240115,176.49410533240115,Detected
2246,-12.75,1.75,0.0,23.575681227670067,-3.4962667763108373,177.64463248406184,177.64463248406184,Detected
2247,-12.25,1.75,0.0,26.558515706865695,-4.095238942330381,179.00801232081346,179.00801232081346,Detected
2248,-11.75,1.75,0.0,29.945763912795446,-4.811021995554511,180.65031804335064,180.65031804335064,Detected
2249,-11.25,1.75,0.0,33.85561732307998,-5.679082562420702,182.66768937401298,182.66768937401298,Detected
2250,-10.75,1.75,0.0,38.461062371705964,-6.750956985059334,185.20548012064708,185.20548012064708,Detected
2251,-10.25,1.75,0.0,44.02760967447439,-8.104874170273803,188.49414323275715,188.49414323275715,Detected
2252,-9.75,1.75,0.0,50.98836897329119,-9.866501813074768,192.92185417272324,192.92185417272324,Detected
2253,-9.25,1.75,0.0,60.10925043942836,-12.253721085307063,199.19687943648216,199.19687943648216,Detected
2254,-8.75,1.75,0.0,72.90554719600878,-15.687369810301561,208.76307875642328,208.76307875642328,Detected
2255,-8.25,1.75,0.0,92.92118464613932,-21.12515347380414,225.09280804060612,225.09280804060612,Detected
2256,-7.75,1.75,0.0,131.1308185999779,-31.449439946774017,259.2084157011765,259.2084157011765,Detected
2284,6.25,1.75,0.0,-114.45665631325564,-29.545695099459447,243.03679460562586,243.03679460562586,Detected
2285,6.75,1.75,0.0,-87.85101984753729,-20.93298741611633,219.76213821095052,219.76213821095052,Detected
2286,7.25,1.75,0.0,-71.6181793095725,-15.879225670703622,206.7158296132361,206.7158296132361,Detected
2287,7.75,1.75,0.0,-60.40479863868842,-12.535877219482975,198.41635496093332,198.41635496093332,Detected
2288,8.25,1.75,0.0,-52.04268890503467,-10.155924825373166,192.69649136080545,192.69649136080545,Detected
2289,8.75,1.75,0.0,-45.47555522368274,-8.376197973816204,188.52889082055216,188.52889082055216,Detected
2290,9.25,1.75,0.0,-40.122136545873474,-6.997348881008758,185.36471266337898,185.36471266337898,Detected
2291,9.75,1.75,0.0,-35.633598258364486,-5.900143530112247,182.88467478444053,182.88467478444053,Detected
2292,10.25,1.75,0.0,-31.7865460670976,-5.008568514240385,180.890763346943,180.890763346943,Detected
2293,10.75,1.75,0.0,-28.430518695837403,-4.271724321378179,179.25388497708707,179.25388497708707,Detected
2294,11.25,1.75,0.0,-25.46001516271881,-3.6541757228521123,177.88643330317845,177.88643330317845,Detected
2295,11.75,1.75,0.0,-22.798591088706953,-3.1304630381278007,176.72696256332145,176.72696256332145,Detected
2296,12.25,1.75,0.0,-20.389325486137466,-2.6818109381072124,175.73116819431263,175.73116819431263,Detected
2297,12.75,1.75,0.0,-18.188849745862168,-2.294067071792725,174.86634502511677,174.86634502511677,Detected
2298,13.25,1.75,0.0,-16.163466708703822,-1.9563629316746836,174.10785598889473,174.10785598889473,Detected
2299,13.75,1.75,0.0,-14.286547133664936,-1.660216488895931,173.43681076728708,173.43681076728708,Detected
2300,14.25,1.75,0.0,-12.536734704911616,-1.3989146131458687,172.83849809101565,172.83849809101565,Detected
2301,14.75,1.75,0.0,-10.896678611052355,-1.1670780957454214,172.30130173804457,172.30130173804457,Detected
2302,15.25,1.75,0.0,-9.352119661625691,-0.9603490149422111,171.81593521994057,171.81593521994057,Detected
2303,15.75,1.75,0.0,-7.891218957141713,-0.7751619794605148,171.3748913634998,171.3748913634998,Detected
2304,-15.75,2.25,0.0,10.439175295270015,-1.6481159011915225,172.5913712561819,172.5913712561819,Detected
2305,-15.25,2.25,0.0,12.139778557716205,-1.9664288465713782,173.1670474683125,173.1670474683125,Detected
2306,-14.75,2.25,0.0,13.961482988728427,-2.3265656374773536,173.8122290071665,173.8122290071665,Detected
2307,-14.25,2.25,0.0,15.924691560713553,-2.7364795841354543,174.54102823905123,174.54102823905123,Detected
2308,-13.75,2.25,0.0,18.054910394363063,-3.2061968920112642,175.37161429808143,175.37161429808143,Detected
2309,-13.25,2.25,0.0,20.384523982335555,-3.748534596284223,176.32776390225402,176.32776390225402,Detected
2310,-12.75,2.25,0.0,22.95539325062677,-4.380142491502926,177.44117681517395,177.44117681517395,Detected
2311,-12.25,2.25,0.0,25.82277023759268,-5.123056984256257,178.75503362901912,178.75503362901912,Detected
2312,-11.75,2.25,0.0,29.06139981901518,-6.007093525147959,180.32964770829133,180.32964770829133,Detected
2313,-11.25,2.25,0.0,32.775417063376565,-7.073672515759251,182.251802973313,182.251802973313,Detected
2314,-10.75,2.25,0.0,37.115183683513784,-8.382223894415064,184.65092063919417,184.65092063919417,Detected
2315,-10.25,2.25,0.0,42.30763331537136,-10.02152793622714,187.72868905532852,187.72868905532852,Detected
2316,-9.75,2.25,0.0,48.71503751500778,-12.131264391073394,191.81735480170065,191.81735480170065,Detected
2317,-9.25,2.25,0.0,56.95975911829051,-14.946863892851647,197.50529408341302,197.50529408341302,Detected
2318,-8.75,2.25,0.0,68.2235035287002,-18.90498783838245,205.94230004302628,205.94230004302628,Detected
2319,-8.25,2.25,0.0,85.09988176285164,-24.9384329327865,219.71988708207897,219.71988708207897,Detected
2320,-7.75,2.25,0.0,114.7617336470253,-35.553602294989254,246.17577273991563,246.17577273991563,Detected
2347,5.75,2.25,0.0,-143.95451118276557,-52.113645340236495,274.1417123530045,274.1417123530045,Detected
2348,6.25,2.25,0.0,-103.18939500869901,-34.14653440306011,234.91107488123458,234.91107488123458,Detected
2349,6.75,2.25,0.0,-81.41409925096127,-24.895584014886698,215.6841136302173,215.6841136302173,Detected
2350,7.25,2.25,0.0,-67.42106399851764,-19.194803724572083,204.3445012618823,204.3445012618823,Detected
2351,7.75,2.25,0.0,-57.444310095431184,-15.312435532635725,196.90437924758416,196.90437924758416,Detected
2352,8.25,2.25,0.0,-49.843124193904934,-12.49548821967945,191.66900618251384,191.66900618251384,Detected
2353,8.75,2.25,0.0,-43.77989051282461,-10.360341467690848,187.79696704945334,187.79696704945334,Detected
2354,9.25,2.25,0.0,-38.77828100184257,-8.689438787241661,184.82395036881235,184.82395036881235,Detected
2355,9.75,2.25,0.0,-34.54533932282955,-7.349488139255668,182.4732792723801,182.4732792723801,Detected
2356,10.25,2.25,0.0,-30.889837419710943,-6.253931886158766,180.57014965458336,180.57014965458336,Detected
2357,10.75,2.25,0.0,-27.680982156192904,-5.343958359459307,178.99890460927585,178.99890460927585,Detected
2358,11.25,2.25,0.0,-24.82589036069723,-4.578137513860617,177.68010683028118,177.68010683028118,Detected
2359,11.75,2.25,0.0,-22.25653491510126,-3.9264107200719143,176.55748180620154,176.55748180620154,Detected
2360,12.25,2.25,0.0,-19.921794599149074,-3.3664289980229127,175.59011146286156,175.59011146286156,Detected
2361,12.75,2.25,0.0,-17.782407302861607,-2.8812286533235607,174.74757345817713,174.74757345817713,Detected
2362,13.25,2.25,0.0,-15.807651718964976,-2.45770398864883,174.00680857367473,174.00680857367473,Detected
2363,13.75,2.25,0.0,-13.973098719662836,-2.085573750927698,173.35004119926597,173.35004119926597,Detected
2364,14.25,2.25,0.0,-12.259047213701107,-1.7566637126741071,172.76336294196838,172.76336294196838,Detected
2365,14.75,2.25,0.0,-10.64941093944349,-1.4643975645338712,172.23574589458497,172.23574589458497,Detected
2366,15.25,2.25,0.0,-9.130910035546144,-1.2034285579998076,171.75834136742384,171.75834136742384,Detected
2367,15.75,2.25,0.0,-7.692473328577368,-0.9693683747387897,171.3239725523226,171.3239725523226,Detected
2368,-15.75,2.75,0.0,10.11000606088205,-1.9544521511754684,172.50209573238118,172.50209573238118,Detected
2369,-15.25,2.75,0.0,11.768674959134437,-2.3335650132345567,173.06403510666303,173.06403510666303,Detected
2370,-14.75,2.75,0.0,13.540740982298976,-2.7615955653617807,173.6923527962334,173.6923527962334,Detected
2371,-14.25,2.75,0.0,15.444674355382553,-3.2476348004075577,174.4002029046322,174.4002029046322,Detected
2372,-13.75,2.75,0.0,17.503406622816133,-3.8030786964413092,175.20441836666572,175.20441836666572,Detected
2373,-13.25,2.75,0.0,19.745829378788727,-4.442401631275216,176.1268744178431,176.1268744178431,Detected
2374,-12.75,2.75,0.0,22.20896357045845,-5.184266713905831,177.19650153525373,177.19650153525373,Detected
2375,-12.25,2.75,0.0,24.941187170746392,-6.053161034966782,178.4523383733739,178.4523383733739,Detected
2376,-11.75,2.75,0.0,28.00719319147031,-7.081876876537768,179.9483084574377,179.9483084574377,Detected
2377,-11.25,2.75,0.0,31.49589501757929,-8.315411513488806,181.76097107823057,181.76097107823057,Detected
2378,-10.75,2.75,0.0,35.533600404491985,-9.817360966619251,184.00265329750468,184.00265329750468,Detected
2379,-10.25,2.75,0.0,40.30716442140401,-11.680955808087612,186.84488832337567,186.84488832337567,Detected
2380,-9.75,2.75,0.0,46.10742503798308,-14.049366184585327,190.56301864167474,190.56301864167474,Detected
2381,-9.25,2.75,0.0,53.417673047224575,-17.15622901170323,195.62823654349782,195.62823654349782,Detected
2382,-8.75,2.75,0.0,63.11423315152605,-21.415677591694266,202.91873144807664,202.91873144807664,Detected
2383,-8.25,2.75,0.0,76.99301053848791,-27.65410019120834,214.27980116123078,214.27980116123078,Detected
2384,-7.75,2.75,0.0,99.48443439324062,-37.851796011125224,234.36468190896628,234.36468190896628,Detected
2385,-7.25,2.75,0.0,145.66766335272385,-58.5594102870434,279.3002343130404,279.3002343130404,Detected
2411,5.75,2.75,0.0,-121.25330197379702,-53.35111501541721,255.580782911768,255.580782911768,Detected
2412,6.25,2.75,0.0,-91.86359439303823,-37.03354956233134,226.87709135683744,226.87709135683744,Detected
2413,6.75,2.75,0.0,-74.53327496637426,-27.797455526163127,211.3824494278805,211.3824494278805,Detected
2414,7.25,2.75,0.0,-62.77165201153516,-21.80929667853138,201.74469830868347,201.74469830868347,Detected
2415,7.75,2.75,0.0,-54.087945279100104,-17.600725349767686,195.20370334918934,195.20370334918934,Detected
2416,8.25,2.75,0.0,-47.30864494392254,-14.481144956867249,190.49202566243488,190.49202566243488,Detected
2417,8.75,2.75,0.0,-41.8024698675762,-12.079876744244677,186.94706449702855,186.94706449702855,Detected
2418,9.25,2.75,0.0,-37.19661487469734,-10.178722586265884,184.18938192876792,184.18938192876792,Detected
2419,9.75,2.75,0.0,-33.25511177577182,-8.640210674219325,181.9864694335806,181.9864694335806,Detected
2420,10.25,2.75,0.0,-29.820391816844268,-7.3731112431822305,180.18818493089537,180.18818493089537,Detected
2421,10.75,2.75,0.0,-26.782669116935217,-6.314355307348055,178.69343130148854,178.69343130148854,Detected
2422,11.25,2.75,0.0,-24.062764677408445,-5.418881487858677,177.43176545453588,177.43176545453588,Detected
2423,11.75,2.75,0.0,-21.60192131521371,-4.653610545840735,176.35268212222624,176.35268212222624,Detected
2424,12.25,2.75,0.0,-19.3554804781019,-3.9937030789220134,175.41908348870692,175.41908348870692,Detected
2425,12.75,2.75,0.0,-17.288802044467456,-3.4201451568351837,174.603146893985,174.603146893985,Detected
2426,13.25,2.75,0.0,-15.374543273761201,-2.9181396975798353,173.8836246422739,173.8836246422739,Detected
2427,13.75,2.75,0.0,-13.590791839783158,-2.47600470236264,173.2440299846883,173.2440299846883,Detected
2428,14.25,2.75,0.0,-11.919752757354862,-2.084400410914616,172.6713885962131,172.6713885962131,Detected
2429,14.75,2.75,0.0,-10.34680457384408,-1.7357757619929437,172.1553607545735,172.1553607545735,Detected
2430,15.25,2.75,0.0,-8.859807808168183,-1.4239645863426509,171.68761236909626,171.68761236909626,Detected
2431,15.75,2.75,0.0,-7.448589471127398,-1.14388619706933,171.26135662678087,171.26135662678087,Detected
2432,-15.75,3.25,0.0,9.72561088986082,-2.227121650422954,172.39763016729668,172.39763016729668,Detected
2433,-15.25,3.25,0.0,11.336233674319605,-2.661655683632205,172.94377990692746,172.94377990692746,Detected
2434,-14.75,3.25,0.0,13.051637128715052,-3.1510663595799886,173.55278835423366,173.55278835423366,Detected
2435,-14.25,3.25,0.0,14.888191430394832,-3.7052767846462182,174.23675703447668,174.23675703447668,Detected
2436,-13.75,3.25,0.0,16.866053417558685,-4.336644324463979,175.01106267667052,175.01106267667052,Detected
2437,-13.25,3.25,0.0,19.010385164177134,-5.060746840351794,175.89552691009814,175.89552691009814,Detected
2438,-12.75,3.25,0.0,21.3530948870265,-5.897497146697616,176.91612055118318,176.91612055118318,Detected
2439,-12.25,3.25,0.0,23.935389158533848,-6.872760497150069,178.107509537691,178.107509537691,Detected
2440,-11.75,3.25,0.0,26.811627307959462,-8.02076749555435,179.51696877290956,179.51696877290956,Detected
2441,-11.25,3.25,0.0,30.05534660182248,-9.387831550830368,181.21060262379942,181.21060262379942,Detected
2442,-10.75,3.25,0.0,33.769069868309785,-11.038300116050836,183.28362666332168,183.28362666332168,Detected
2443,-10.25,3.25,0.0,38.101058341315934,-13.064533426321047,185.8781766124102,185.8781766124102,Detected
2444,-9.75,3.25,0.0,43.27564834659812,-15.604615317214312,189.21596264387168,189.21596264387168,Detected
2445,-9.25,3.25,0.0,49.65230512045362,-18.876111671947765,193.66254075556236,193.66254075556236,Detected
2446,-8.75,3.25,0.0,57.85167830743785,-23.246615035418795,199.86583650701084,199.86583650701084,Detected
2447,-8.25,3.25,0.0,69.0596814679239,-29.400455365141713,209.0931029903934,209.0931029903934,Detected
2448,-7.75,3.25,0.0,85.89856799940736,-38.8073869089965,224.2030880928715,224.2030880928715,Detected
2449,-7.25,3.25,0.0,115.67918548527419,-55.44503145907055,253.29719484864765,253.29719484864765,Detected
2474,5.25,3.25,0.0,-141.12878706982718,-80.48714026297874,282.79682203159024,282.79682203159024,Detected
2475,5.75,3.25,0.0,-102.06564233683142,-52.7825580092891,240.25127515611874,240.25127515611874,Detected
2476,6.25,3.25,0.0,-81.12263182301581,-38.519406617867055,219.40318642057574,219.40318642057574,Detected
2477,6.75,3.25,0.0,-67.60085595217481,-29.727771023770497,207.11422469561117,207.11422469561117,Detected
2478,7.25,3.25,0.0,-57.91078203101566,-23.73820197167536,199.05861585002904,199.05861585002904,Detected
2479,7.75,3.25,0.0,-50.49049719255827,-19.390756262612424,193.3971737583193,193.3971737583193,Detected
2480,8.25,3.25,0.0,-44.54316114488508,-16.09468453246648,189.21631642577432,189.21631642577432,Detected
2481,8.75,3.25,0.0,-39.615639766246325,-13.514957258915127,186.01167269693346,186.01167269693346,Detected
2482,9.25,3.25,0.0,-35.42905164956249,-11.44624166496261,183.48257774092775,183.48257774092775,Detected
2483,9.75,3.25,0.0,-31.80111415828135,-9.755123947944297,181.43902002255908,181.43902002255908,Detected
2484,10.25,3.25,0.0,-28.606917240571736,-8.350892913570409,179.75526370553334,179.75526370553334,Detected
2485,10.75,3.25,0.0,-25.75754844973943,-7.169598293487898,178.34494966342388,178.34494966342388,Detected
2486,11.25,3.25,0.0,-23.187714767864467,-6.164807057724553,177.14690921233165,177.14690921233165,Detected
2487,11.75,3.25,0.0,-20.848207000078855,-5.301970752314776,176.11667853952858,176.11667853952858,Detected
2488,12.25,3.25,0.0,-18.701116245856195,-4.5548487826135835,175.22121283432708,175.22121283432708,Detected
2489,12.75,3.25,0.0,-16.716687549864197,-3.9031569865534514,174.43547841580343,174.43547841580343,Detected
2490,13.25,3.25,0.0,-14.871186251535894,-3.330975330267147,173.74018981327592,173.74018981327592,Detected
2491,13.75,3.25,0.0,-13.145412233185,-2.8256418342181266,173.1202681143729,173.1202681143729,Detected
2492,14.25,3.25,0.0,-11.523641056658409,-2.376967052258148,172.56376681936877,172.56376681936877,Detected
2493,14.75,3.25,0.0,-9.99285374737007,-1.9766652718019229,172.06110840515126,172.06110840515126,Detected
2494,15.25,3.25,0.0,-8.542166284086505,-1.6179355224630543,171.60453202564236,171.60453202564236,Detected
2495,15.75,3.25,0.0,-7.162400116373929,-1.295148195508802,171.18768755534072,171.18768755534072,Detected
2496,-15.75,3.75,0.0,9.291145782797349,-2.461920027272802,172.2792679089726,172.2792679089726,Detected
2497,-15.25,3.75,0.0,10.84865804088401,-2.94599369795798,172.80789516311964,172.80789516311964,Detected
2498,-14.75,3.75,0.0,12.501692122900288,-3.4897071093500305,173.39556958049604,173.39556958049604,Detected
2499,-14.25,3.75,0.0,14.264437308413516,-4.103508478639213,174.05328476376553,174.05328476376553,Detected
2500,-13.75,3.75,0.0,16.15419592071922,-4.8003123548082804,174.79489838589265,174.79489838589265,Detected
2501,-13.25,3.75,0.0,18.192334144198604,-5.596261370637997,175.63811177570958,175.63811177570958,Detected
2502,-12.75,3.75,0.0,20.40562006288564,-6.511790437108678,176.6058760627184,176.6058760627184,Detected
2503,-12.25,3.75,0.0,22.828152316950106,-7.573145856781072,177.72845711089488,177.72845711089488,Detected
2504,-11.75,3.75,0.0,25.50421727500058,-8.814608482341782,179.04654774773235,179.04654774773235,Detected
2505,-11.25,3.75,0.0,28.492657348650877,-10.281843089860114,180.61610118830663,180.61610118830663,Detected
2506,-10.75,3.75,0.0,31.873799051610764,-12.037120418047495,182.51610461860167,182.51610461860167,Detected
2507,-10.25,3.75,0.0,35.76092481958039,-14.167799345929003,184.86160890626329,184.86160890626329,Detected
2508,-9.75,3.75,0.0,40.32027141055675,-16.800806588982393,187.82667970573706,187.82667970573706,Detected
2509,-9.25,3.75,0.0,45.80814223733587,-20.12891937639769,191.68735792908308,191.68735792908308,Detected
2510,-8.75,3.75,0.0,52.645357491567964,-24.462316871372035,196.90844717191735,196.90844717191735,Detected
2511,-8.25,3.75,0.0,61.58234357892264,-30.340413008863912,204.3370429848969,204.3370429848969,Detected
2512,-7.75,3.75,0.0,74.11802810016226,-38.80992305601175,215.69580128349529,215.69580128349529,Detected
2513,-7.25,3.75,0.0,93.79004887199008,-52.26645092583317,235.10774152973678,235.10774152973678,Detected
2514,-6.75,3.75,0.0,131.60077923173952,-77.94562918038474,275.527209943986,275.527209943986,Detected
2538,5.25,3.75,0.0,-110.18420582022621,-71.8609652829446,254.82181607637295,254.82181607637295,Detected
2539,5.75,3.75,0.0,-86.17012033583646,-51.14984435769253,227.88054498625846,227.88054498625846,Detected
2540,6.25,3.75,0.0,-71.30447350875077,-38.93403937451141,212.71493298550791,212.71493298550791,Detected
2541,6.75,3.75,0.0,-60.89545912063449,-30.824511370436532,203.05407312721843,203.05407312721843,Detected
2542,7.25,3.75,0.0,-53.03425723577468,-25.037199140325765,196.39830108175042,196.39830108175042,Detected
2543,7.75,3.75,0.0,-46.78838473215656,-20.70158476086791,191.556080883519,191.556080883519,Detected
2544,8.25,3.75,0.0,-41.64335560568735,-17.338434616924005,187.88823509809475,187.88823509809475,Detected
2545,8.75,3.75,0.0,-37.28940322869602,-14.660327632611065,185.0217618712628,185.0217618712628,Detected
2546,9.25,3.75,0.0,-33.52733355130976,-12.483536009010024,182.7247814258558,182.7247814258558,Detected
2547,9.75,3.75,0.0,-30.22231236266852,-10.684706820793043,180.8458594410578,180.8458594410578,Detected
2548,10.25,3.75,0.0,-27.27924947068859,-9.17774387328134,179.28210740940986,179.28210740940986,Detected
2549,10.75,3.75,0.0,-24.6288041288792,-7.900638979930246,177.96131152968044,177.96131152968044,Detected
2550,11.25,3.75,0.0,-22.21899344849776,-6.807562896006249,176.83139010401212,176.83139010401212,Detected
2551,11.75,3.75,0.0,-20.00993185928858,-5.863902659465073,175.8539020479786,175.8539020479786,Detected
2552,12.25,3.75,0.0,-17.97040684174157,-5.043031265731007,174.9999028721102,174.9999028721102,Detected
2553,12.75,3.75,0.0,-16.075576804858535,-4.32413840349756,174.24721631846148,174.24721631846148,Detected
2554,13.25,3.75,0.0,-14.305379474363425,-3.690734252585031,173.57858944349337,173.57858944349337,Detected
2555,13.75,3.75,0.0,-12.643404287717985,-3.1295933383449674,172.98041564175514,172.98041564175514,Detected
2556,14.25,3.75,0.0,-11.076076165741508,-2.6299937847655572,172.44183240429123,172.44183240429123,Detected
2557,14.75,3.75,0.0,-9.592053327927724,-2.1831595022512458,171.95407207938322,171.95407207938322,Detected
2558,15.25,3.75,0.0,-8.18177543451841,-1.7818446687363445,171.5099869817154,171.5099869817154,Detected
2559,15.75,3.75,0.0,-6.837119352105057,-1.4200198142465317,171.1036968674545,171.1036968674545,Detected
2560,-15.75,4.25,0.0,8.812160173842365,-2.6554357902699297,172.14839985978332,172.14839985978332,Detected
2561,-15.25,4.25,0.0,10.312582061109694,-3.1828458780237154,172.658103409306,172.658103409306,Detected
2562,-14.75,4.25,0.0,11.898890522642407,-3.773451734428047,173.22285034298804,173.22285034298804,Detected
2563,-14.25,4.25,0.0,13.583092930816411,-4.437934288644715,173.8525074720537,173.8525074720537,Detected
2564,-13.75,4.25,0.0,15.379665892185113,-5.189387196009117,174.55940288586135,174.55940288586135,Detected
2565,-13.25,4.25,0.0,17.306262897282956,-6.044024537203014,175.3591270882064,175.3591270882064,Detected
2566,-12.75,4.25,0.0,19.384693113819775,-7.022153590351979,176.27166409504233,176.27166409504233,Detected
2567,-12.25,4.25,0.0,21.642305446316083,-8.149538042964098,177.32302136833854,177.32302136833854,Detected
2568,-11.75,4.25,0.0,24.113995304118117,-9.459351186300673,178.54763362450254,178.54763362450254,Detected
2569,-11.25,4.25,0.0,26.845198615721984,-10.995047246690497,179.99200310498992,179.99200310498992,Detected
2570,-10.75,4.25,0.0,29.896508005319472,-12.81471125261617,181.72038361810743,181.72038361810743,Detected
2571,-10.25,4.25,0.0,33.35106658903594,-14.997887399736276,183.82397895800878,183.82397895800878,Detected
2572,-9.75,4.25,0.0,37.32695259482465,-17.656764871945175,186.4364730022004,186.4364730022004,Detected
2573,-9.25,4.25,0.0,41.99905908294306,-20.955476272737286,189.7616229970252,189.7616229970252,Detected
2574,-8.75,4.25,0.0,47.640333116731995,-25.14559646494838,194.12545978604643,194.12545978604643,Detected
2575,-8.25,4.25,0.0,54.706033386404435,-30.636955844662957,200.08316032565256,200.08316032565256,Detected
2576,-7.75,4.25,0.0,64.02476480199678,-38.154637814071364,208.66157704955205,208.66157704955205,Detected
2577,-7.25,4.25,0.0,77.29718543938435,-49.14083586641975,221.99255112143675,221.99255112143675,Detected
2578,-6.75,4.25,0.0,98.69457998332554,-67.02253057463338,245.343130361252,245.343130361252,Detected
2579,-6.25,4.25,0.0,142.04275014737735,-102.84264227842534,296.23992307750945,296.23992307750945,Detected
2595,1.75,4.25,0.0,-90.00266905620984,131.97337139498518,304.27469659087984,304.27469659087984,Detected
2601,4.75,4.25,0.0,-113.36636765484312,-92.26442751045765,267.9776363130529,267.9776363130529,Detected
2602,5.25,4.25,0.0,-88.29673655400697,-64.75892685700565,235.69779916933643,235.69779916933643,Detected
2603,5.75,4.25,0.0,-73.08821336962444,-48.929840649807375,217.98221687711143,217.98221687711143,Detected
2604,6.25,4.25,0.0,-62.5335515012575,-38.568189776583424,206.87248494862402,206.87248494862402,Detected
2605,6.75,4.25,0.0,-54.591270515286986,-31.23993440814793,199.30299852283184,199.30299852283184,Detected
2606,7.25,4.25,0.0,-48.287332584550406,-25.78428267908783,193.84319320074573,193.84319320074573,Detected
2607,7.75,4.25,0.0,-43.09292727572361,-21.572158977358526,189.73678186492225,189.73678186492225,Detected
2608,8.25,4.25,0.0,-38.693234912898035,-18.230502647621456,186.5471139773799,186.5471139773799,Detected
2609,8.75,4.25,0.0,-34.88738587466078,-15.522818954834076,184.00496866697182,184.00496866697182,Detected
2610,9.25,4.25,0.0,-31.540116227865425,-13.291322455653058,181.93568445436716,181.93568445436716,Detected
2611,9.75,4.25,0.0,-28.556337683480127,-11.426416737024006,180.22124309922012,180.22124309922012,Detected
2612,10.25,4.25,0.0,-25.8668274515054,-9.849469588087619,178.77920191026695,178.77920191026695,Detected
2613,10.75,4.25,0.0,-23.419718999413742,-8.502544707799649,177.55034845975894,177.55034845975894,Detected
2614,11.25,4.25,0.0,-21.175203850941838,-7.341997458230462,176.4911414378901,176.4911414378901,Detected
2615,11.75,4.25,0.0,-19.10210138457966,-6.3343265413239145,175.5689079000242,175.5689079000242,Detected
2616,12.25,4.25,0.0,-17.175562336290803,-5.453399378965975,174.75869415036706,174.75869415036706,Detected
2617,12.75,4.25,0.0,-15.375485989933662,-4.678544646138382,174.0411439960309,174.0411439960309,Detected
2618,13.25,4.25,0.0,-13.685401223186883,-3.99320946963693,173.40103490226932,173.40103490226932,Detected
2619,13.75,4.25,0.0,-12.091657628477837,-3.3839943962953316,172.82624675342203,172.82624675342203,Detected
2620,14.25,4.25,0.0,-10.582829140503513,-2.839947152963239,172.30702179409727,172.30702179409727,Detected
2621,14.75,4.25,0.0,-9.149266573305148,-2.3520374357889873,171.8354246657006,171.8354246657006,Detected
2622,15.25,4.25,0.0,-7.782756599990083,-1.9127607034777012,171.40494252554953,171.40494252554953,Detected
2623,15.75,4.25,0.0,-6.476258191536607,-1.515835435000241,171.0101848857056,171.0101848857056,Detected
2624,-15.75,4.75,0.0,8.294437636727974,-2.805065445288725,172.00647460969643,172.00647460969643,Detected
2625,-15.25,4.75,0.0,9.734869517728567,-3.369461567925897,172.49618405628203,172.49618405628203,Detected
2626,-14.75,4.75,0.0,11.25142567724846,-3.999435568510147,173.03683506139697,173.03683506139697,Detected
2627,-14.25,4.75,0.0,12.853999526340209,-4.705636062473389,173.63718089271558,173.63718089271558,Detected
2628,-13.75,4.75,0.0,14.554361838086987,-5.5010005387565695,174.30805433525077,174.30805433525077,Detected
2629,-13.25,4.75,0.0,16.36665767139105,-6.4013882429882365,175.06300762790698,175.06300762790698,Detected
2630,-12.75,4.75,0.0,18.308080117949505,-7.426434664596289,175.91919974321675,175.91919974321675,Detected
2631,-12.25,4.75,0.0,20.399802448512247,-8.600724935180958,176.89864893392576,176.89864893392576,Detected
2632,-11.75,4.75,0.0,22.668297477425654,-9.955436596923226,178.03003702657196,178.03003702657196,Detected
2633,-11.25,4.75,0.0,25.14725373130022,-11.530691164369443,179.3513687201459,179.3513687201459,Detected
2634,-10.75,4.75,0.0,27.880441027684334,-13.379008202901728,180.91399501309039,180.91399501309039,Detected
2635,-10.25,4.75,0.0,30.926141599187268,-15.570534376804101,182.78888731427145,182.78888731427145,Detected
2636,-9.75,4.75,0.0,34.36427110580394,-18.201247614455465,185.07677287103894,185.07677287103894,Detected
2637,-9.25,4.75,0.0,38.308347188309234,-21.40639175561598,187.92520690905977,187.92520690905977,Detected
2638,-8.75,4.75,0.0,42.92669973045112,-25.38364801769869,191.55881255621875,191.55881255621875,Detected
2639,-8.25,4.75,0.0,48.48253674749219,-30.435739234766856,196.33625554217346,196.33625554217346,Detected
2640,-7.75,4.75,0.0,55.41585192119291,-37.05532689573292,202.86625577538146,202.86625577538146,Detected
2641,-7.25,4.75,0.0,64.52874256699637,-46.11275418332941,212.26887445165335,212.26887445165335,Detected
2642,-6.75,4.75,0.0,77.46613590961213,-59.33389542545654,226.85038391193655,226.85038391193655,Detected
2643,-6.25,4.75,0.0,98.2359862546146,-80.78960387036393,252.22997037912023,252.22997037912023,Detected
2644,-5.75,4.75,0.0,139.84859367856401,-123.33821843194406,306.60533483452076,306.60533483452076,Detected
2664,4.25,4.75,0.0,-108.76572952932776,-109.77897546691993,275.6548146412756,275.6548146412756,Detected
2665,4.75,4.75,0.0,-86.15255465695323,-77.51398841532854,241.20585265699665,241.20585265699665,Detected
2666,5.25,4.75,0.0,-72.16804955729144,-58.7592206226668,222.10299253010106,222.10299253010106,Detected
2667,5.75,4.75,0.0,-62.315197008924464,-46.414971926639375,210.0631142686181,210.0631142686181,Detected
2668,6.25,4.75,0.0,-54.80596773011572,-37.65492257457733,201.84088791580723,201.84088791580723,Detected
2669,6.75,4.75,0.0,-48.780210941672806,-31.118941275227204,195.90590919966306,195.90590919966306,Detected
2670,7.25,4.75,0.0,-43.76816890957607,-26.065452023476823,191.44332913011493,191.44332913011493,Detected
2671,7.75,4.75,0.0,-39.4887051304733,-22.052712860798707,187.9802881679088,187.9802881679088,Detected
2672,8.25,4.75,0.0,-35.76148002181667,-18.79969519539255,185.2241537777215,185.2241537777215,Detected
2673,8.75,4.75,0.0,-32.464353444478405,-16.11834482618857,182.98455571942986,182.98455571942986,Detected
2674,9.25,4.75,0.0,-29.51092645287434,-13.877708218357423,181.1326058763953,181.1326058763953,Detected
2675,9.75,4.75,0.0,-26.837883789576367,-11.983622769764743,179.57814308838917,179.57814308838917,Detected
2676,10.25,4.75,0.0,-24.39745737763856,-10.366577096518375,178.25635252412235,178.25635252412235,Detected
2677,10.75,4.75,0.0,-22.152726952488795,-8.97412137115635,177.11954883729655,177.11954883729655,Detected
2678,11.25,4.75,0.0,-20.074571991801616,-7.765940127954837,176.13194292999395,176.13194292999395,Detected
2679,11.75,4.75,0.0,-18.139626254315303,-6.710549681311805,175.26620368363285,175.26620368363285,Detected
2680,12.25,4.75,0.0,-16.32886385461736,-5.783023095192936,174.50113756180394,174.50113756180394,Detected
2681,12.75,4.75,0.0,-14.626596187442821,-4.96338553895234,173.82008556213188,173.82008556213188,Detected
2682,13.25,4.75,0.0,-13.019743881348926,-4.235458978875698,173.20979270785287,173.20979270785287,Detected
2683,13.75,4.75,0.0,-11.497297606338224,-3.5860152517297683,172.65959608312147,172.65959608312147,Detected
2684,14.25,4.75,0.0,-10.049911546317635,-3.004145242243425,172.1608320509369,172.1608320509369,Detected
2685,14.75,4.75,0.0,-8.669591987370579,-2.480782324754068,171.70639707893866,171.70639707893866,Detected
2686,15.25,4.75,0.0,-7.349455363635119,-2.008337754834187,171.2904180072288,171.2904180072288,Detected
2687,15.75,4.75,0.0,-6.083537871787173,-1.5804185126452042,170.9080014698524,170.9080014698524,Detected
2688,-15.75,5.25,0.0,7.743844799373489,-2.908999854231543,171.8549608886543,171.8549608886543,Detected
2689,-15.25,5.25,0.0,9.122426566382535,-3.504044794831785,172.3239249830861,172.3239249830861,Detected
2690,-14.75,5.25,0.0,10.567466291682363,-4.165945802331259,172.83971591718262,172.83971591718262,Detected
2691,-14.25,5.25,0.0,12.086866795859759,-4.905090477862354,173.41001323071842,173.41001323071842,Detected
2692,-13.75,5.25,0.0,13.689883286532522,-5.733978496937854,174.04422445124277,174.04422445124277,Detected
2693,-13.25,5.25,0.0,15.387445693668987,-6.667767616469982,174.75398429035602,174.75398429035602,Detected
2694,-12.75,5.25,0.0,17.19258531404824,-7.724996494744623,175.55383330816028,175.55383330816028,Detected
2695,-12.25,5.25,0.0,19.121010044891733,-8.92855548114149,176.46215490397174,176.46215490397174,Detected
2696,-11.75,5.25,0.0,21.1918961957164,-10.30701190683004,177.50249135484842,177.50249135484842,Detected
2697,-11.25,5.25,0.0,23.429004069250144,-11.896453350659506,178.70542813827876,178.70542813827876,Detected
2698,-10.75,5.25,0.0,25.862291282657353,-13.743106849635115,180.1113511661782,180.1113511661782,Detected
2699,-10.25,5.25,0.0,28.53031540133002,-15.907154331164016,181.774582341194,181.774582341194,Detected
2700,-9.75,5.25,0.0,31.48393238996589,-18.46845445366478,183.76976141430364,183.76976141430364,Detected
2701,-9.25,5.25,0.0,34.79220712918929,-21.53542258299507,186.20202539039485,186.20202539039485,Detected
2702,-8.75,5.25,0.0,38.55227236012706,-25.25938592111452,189.223890044101,189.223890044101,Detected
2703,-8.25,5.25,0.0,42.90661047900554,-29.85895701799267,193.0645804049883,193.0645804049883,Detected
2704,-7.75,5.25,0.0,48.07517755320963,-35.66396794404363,198.08396163306398,198.08396163306398,Detected
2705,-7.25,5.25,0.0,54.41952987161522,-43.2007570618748,204.878950482728,204.878950482728,Detected
2706,-6.75,5.25,0.0,62.58286930392591,-53.374077995208346,214.51333156986675,214.51333156986675,Detected
2707,-6.25,5.25,0.0,73.83444141243447,-67.90633092604224,229.07756215213982,229.07756215213982,Detected
2708,-5.75,5.25,0.0,91.0706385917782,-90.59821768747753,253.3043799059656,253.3043799059656,Detected
2709,-5.25,5.25,0.0,122.58596680388027,-132.0415730105716,300.62590589727563,300.62590589727563,Detected
2727,3.75,5.25,0.0,-95.83556626407136,-119.62326099148159,274.57105249218944,274.57105249218944,Detected
2728,4.25,5.25,0.0,-79.184498025897,-87.07964720587223,242.8186329318903,242.8186329318903,Detected
2729,4.75,5.25,0.0,-68.09973260571547,-67.12385333038314,224.2182759241028,224.2182759241028,Detected
2730,5.25,5.25,0.0,-59.89300924681271,-53.58050556794797,212.1218350901788,212.1218350901788,Detected
2731,5.75,5.25,0.0,-53.405680075563794,-43.78047228804982,203.69812215503686,203.69812215503686,Detected
2732,6.25,5.25,0.0,-48.05089595715966,-36.37113880359817,197.53978196846936,197.53978196846936,Detected
2733,6.75,5.25,0.0,-43.495983692671516,-30.58835405443139,192.86979146518843,192.86979146518843,Detected
2734,7.25,5.25,0.0,-39.53581785384762,-25.96496314192651,189.2252026301523,189.2252026301523,Detected
2735,7.75,5.25,0.0,-36.03537887573107,-22.197827441266615,186.31378072267975,186.31378072267975,Detected
2736,8.25,5.25,0.0,-32.901049054195646,-19.080906661882917,183.9424868658039,183.9424868658039,Detected
2737,8.75,5.25,0.0,-30.065135432829493,-16.468902796260533,181.97905125934452,181.97905125934452,Detected
2738,9.25,5.25,0.0,-27.476990265765345,-14.25625143503192,180.33006444376397,180.33006444376397,Detected
2739,9.75,5.25,0.0,-25.097644257410455,-12.364350479216851,178.92786563657575,178.92786563657575,Detected
2740,10.25,5.25,0.0,-22.89641488786732,-10.733461082769777,177.72237262992383,177.72237262992383,Detected
2741,10.75,5.25,0.0,-20.84867823664084,-9.317384983407866,176.67581420587814,176.67581420587814,Detected
2742,11.25,5.25,0.0,-18.934354626740372,-8.079858546378082,175.75923327620774,175.75923327620774,Detected
2743,11.75,5.25,0.0,-17.136848217761525,-6.992045271553835,174.95010606847902,174.95010606847902,Detected
2744,12.25,5.25,0.0,-15.442284683816668,-6.030752363461874,174.23068492598662,174.23068492598662,Detected
2745,12.75,5.25,0.0,-13.83895033835431,-5.177137114910419,173.58682206465258,173.58682206465258,Detected
2746,13.25,5.25,0.0,-12.316870966983856,-4.415752268938042,173.00712008974983,173.00712008974983,Detected
2747,13.75,5.25,0.0,-10.867489834978235,-3.7338307313927235,172.48230888502826,172.48230888502826,Detected
2748,14.25,5.25,0.0,-9.483417589223505,-3.1207423243899743,172.0047820971762,172.0047820971762,Detected
2749,14.75,5.25,0.0,-8.158235269965331,-2.567576177382694,171.5682479226401,171.5682479226401,Detected
2750,15.25,5.25,0.0,-6.886337227373601,-2.0668161824705904,171.16746294089486,171.16746294089486,Detected
2751,15.75,5.25,0.0,-5.662804479508434,-1.6120862730273722,170.79802707285603,170.79802707285603,Detected
2752,-15.75,5.75,0.0,7.166194409497992,-2.9661859851765104,171.6953138094468,171.6953138094468,Detected
2753,-15.25,5.75,0.0,8.482035252819987,-3.5856961877920877,172.14307999276733,172.14307999276733,Detected
2754,-14.75,5.75,0.0,9.85495388164445,-4.272334887337149,172.63361913481816,172.63361913481816,Detected
2755,-14.25,5.75,0.0,11.291026735984902,-5.036041385946039,173.17359735767752,173.17359735767752,Detected
2756,-13.75,5.75,0.0,12.797232660751812,-5.888654680219971,173.77109325444079,173.77109325444079,Detected
2757,-13.25,5.75,0.0,14.381636981108924,-6.844368259162606,174.4359779386983,174.4359779386983,Detected
2758,-12.75,5.75,0.0,16.053627303527787,-7.920319260224664,175.18042084183455,175.18042084183455,Detected
2759,-12.25,5.75,0.0,17.824220716527027,-9.137360661399454,176.0195714892854,176.0195714892854,Detected
2760,-11.75,5.75,0.0,19.70647171495345,-10.52108675181987,176.97249141773787,176.97249141773787,Detected
2761,-11.25,5.75,0.0,21.71602561246063,-12.10321532105185,178.06344783893127,178.06344783893127,Detected
2762,-10.75,5.75,0.0,23.871887521824956,-13.92348241449851,179.32374057502844,179.32374057502844,Detected
2763,-10.25,5.75,0.0,26.19751959068341,-16.032290593134864,180.79433215871984,180.79433215871984,Detected
2764,-9.75,5.75,0.0,28.7224529501663,-18.494494202844034,182.52971716554634,182.52971716554634,Detected
2765,-9.25,5.75,0.0,31.484732573154872,-21.39495258887456,184.60375679949368,184.60375679949368,Detected
2766,-8.75,5.75,0.0,34.534756740235885,-24.84692896819712,187.11872965623493,187.11872965623493,Detected
2767,-8.25,5.75,0.0,37.941540875712846,-29.00525644339767,190.219841008376,190.219841008376,Detected
2768,-7.75,5.75,0.0,41.80337707126365,-34.08787008330033,194.11940013291655,194.11940013291655,Detected
2769,-7.25,5.75,0.0,46.26685975502054,-40.41284338632894,199.13901214470326,199.13901214470326,Detected
2770,-6.75,5.75,0.0,51.56278075288238,-48.46608020264228,205.78745848999037,205.78745848999037,Detected
2771,-6.25,5.75,0.0,58.078551185238624,-59.034568993716675,214.91484348208778,214.91484348208778,Detected
2772,-5.75,5.75,0.0,66.5172880306716,-73.49430290854576,228.04618469780797,228.04618469780797,Detected
2773,-5.25,5.75,0.0,78.28938091149948,-94.51283702667715,248.19440984624552,248.19440984624552,Detected
2774,-4.75,5.75,0.0,96.64636587619226,-128.07891038652676,282.20254097138235,282.20254097138235,Detected
2790,3.25,5.75,0.0,-77.5697313081257,-119.83779542998577,265.0821918122372,265.0821918122372,Detected
2791,3.75,5.75,0.0,-68.25424611677377,-91.70059560865276,239.95914859658046,239.95914859658046,Detected
2792,4.25,5.75,0.0,-61.10239969337224,-72.7909652697743,223.7906627466752,223.7906627466752,Detected
2793,4.75,5.75,0.0,-55.263304789451894,-59.22041209125967,212.65066108775184,212.65066108775184,Detected
2794,5.25,5.75,0.0,-50.307972153895435,-49.03243445623196,204.5924486883911,204.5924486883911,Detected
2795,5.75,5.75,0.0,-45.99339787403779,-41.12990103835223,198.54517755565436,198.54517755565436,Detected
2796,6.25,5.75,0.0,-42.16900992668094,-34.84676059720331,193.87361756665257,193.87361756665257,Detected
2797,6.75,5.75,0.0,-38.73458495975513,-29.753482787088025,190.1786905315263,190.1786905315263,Detected
2798,7.25,5.75,0.0,-35.619443381030656,-25.559676368681313,187.19810388542652,187.19810388542652,Detected
2799,7.75,5.75,0.0,-32.77136544860308,-22.061490219823494,184.7530683242884,184.7530683242884,Detected
2800,8.25,5.75,0.0,-30.150307846512202,-19.111395679572258,182.7179930712625,182.7179930712625,Detected
2801,8.75,5.75,0.0,-27.724645087196468,-16.59991805741895,181.00239848843216,181.00239848843216,Detected
2802,9.25,5.75,0.0,-25.468811139042007,-14.44410877917667,179.53967811782127,179.53967811782127,Detected
2803,9.75,5.75,0.0,-23.361754322007712,-12.580001865517378,178.27987513944802,178.27987513944802,Detected
2804,10.25,5.75,0.0,-21.385884606654816,-10.957521978549126,177.18490221255567,177.18490221255567,Detected
2805,10.75,5.75,0.0,-19.526330669756454,-9.53695431787335,176.22529758350433,176.22529758350433,Detected
2806,11.25,5.75,0.0,-17.77039887897476,-8.286440173877105,175.37797475203305,175.37797475203305,Detected
2807,11.75,5.75,0.0,-16.10716837120056,-7.180164142072111,174.6246307918624,174.6246307918624,Detected
2808,12.25,5.75,0.0,-14.527180731589734,-6.197018770031877,173.95060094445768,173.95060094445768,Detected
2809,12.75,5.75,0.0,-13.022197323143319,-5.319605607874718,173.34402151897356,173.34402151897356,Detected
2810,13.25,5.75,0.0,-11.585006250741557,-4.533477643457521,172.7952095216153,172.7952095216153,Detected
2811,13.75,5.75,0.0,-10.209266582582472,-3.826557763874697,172.29619704531734,172.29619704531734,Detected
2812,14.25,5.75,0.0,-8.889381106276918,-3.1886874464211896,171.84037775360665,171.84037775360665,Detected
2813,14.75,5.75,0.0,-7.620391323153294,-2.6112730505574553,171.4222356121641,171.4222356121641,Detected
2814,15.25,5.75,0.0,-6.397890036789257,-2.0870061143705687,171.037134689638,171.037134689638,Detected
2815,15.75,5.75,0.0,-5.217948042466838,-1.6096403586709422,170.6811547997629,170.6811547997629,Detected
2816,-15.75,6.25,0.0,6.567126782360186,-2.976269070326903,171.52894591227613,171.52894591227613,Detected
2817,-15.25,6.25,0.0,7.82021290623685,-3.614331766265261,171.95533333446244,171.95533333446244,Detected
2818,-14.75,6.25,0.0,9.121436721687722,-4.318907012131271,172.42056170491054,172.42056170491054,Detected
2819,-14.25,6.25,0.0,10.475239050548467,-5.099341526060903,172.9303584948071,172.9303584948071,Detected
2820,-13.75,6.25,0.0,11.886590271028048,-5.966649791277477,173.49158688504488,173.49158688504488,Detected
2821,-13.25,6.25,0.0,13.361070039021067,-6.933879537768109,174.11252776647936,174.11252776647936,Detected
2822,-12.75,6.25,0.0,14.904963073972226,-8.016573882816495,174.80324645555248,174.80324645555248,Detected
2823,-12.25,6.25,0.0,16.525375833477337,-9.233360775792894,175.57607428527757,175.57607428527757,Detected
2824,-11.75,6.25,0.0,18.230381052281448,-10.60671203951913,176.44624778553947,176.44624778553947,Detected
2825,-11.25,6.25,0.0,20.029200506239142,-12.163931256914573,177.43276676423315,177.43276676423315,Detected
2826,-10.75,6.25,0.0,21.93244179154116,-13.938454911802614,178.55956060230952,178.55956060230952,Detected
2827,-10.25,6.25,0.0,23.952413756825326,-15.971589306160084,179.85709493571824,179.85709493571824,Detected
2828,-9.75,6.25,0.0,26.1035598642569,-18.314864840838695,181.36461773695464,181.36461773695464,Detected
2829,-9.25,6.25,0.0,28.403073305347885,-21.03328306694838,183.13335015143804,183.13335015143804,Detected
2830,-8.75,6.25,0.0,30.871799373147834,-24.20988495057624,185.23110034673277,185.23110034673277,Detected
2831,-8.25,6.25,0.0,33.53560217059603,-27.952325616969766,187.74906656209853,187.74906656209853,Detected
2832,-7.75,6.25,0.0,36.427496994572486,-32.40258501749363,190.81208765681802,190.81208765681802,Detected
2833,-7.25,6.25,0.0,39.59106763927965,-37.75173694089147,194.59446482305512,194.59446482305512,Detected
2834,-6.75,6.25,0.0,43.0860735841819,-44.263162413783306,199.34504794079388,199.34504794079388,Detected
2835,-6.25,6.25,0.0,46.99784044358456,-52.310390811291015,205.42822588642537,205.42822588642537,Detected
2836,-5.75,6.25,0.0,51.453262858105155,-62.44129637804033,213.39319445078786,213.39319445078786,Detected
2837,-5.25,6.25,0.0,56.648467808625604,-75.49179026180396,224.09548240029963,224.09548240029963,Detected
2838,-4.75,6.25,0.0,62.89711186096215,-92.79655481776167,238.91917178965573,238.91917178965573,Detected
2839,-4.25,6.25,0.0,70.71483392801457,-116.59845706799209,260.2017480364843,260.2017480364843,Detected
2852,2.25,6.25,0.0,-61.218462371412635,-141.82781514733998,275.8588479584789,275.8588479584789,Detected
2853,2.75,6.25,0.0,-58.49732894020709,-112.47758209882353,250.90487750840947,250.90487750840947,Detected
2854,3.25,6.25,0.0,-55.358533153536754,-91.14900940311418,233.49121162780884,233.49121162780884,Detected
2855,3.75,6.25,0.0,-52.093370575849065,-75.10457358112274,220.90216758724162,220.90216758724162,Detected
2856,4.25,6.25,0.0,-48.84690684697934,-62.696594429109126,211.52673345507299,211.52673345507299,Detected
2857,4.75,6.25,0.0,-45.69268651740985,-52.88460453094027,204.3667384075966,204.3667384075966,Detected
2858,5.25,6.25,0.0,-42.66704794105377,-44.983093175587605,198.77960067648664,198.77960067648664,Detected
2859,5.75,6.25,0.0,-39.78602568352486,-38.52348696123998,194.33765070389057,194.33765070389057,Detected
2860,6.25,6.25,0.0,-37.054218346421244,-33.17522936404834,190.747906588343,190.747906588343,Detected
2861,6.75,6.25,0.0,-34.46970119348561,-28.698764919314815,187.80454177997154,187.80454177997154,Detected
2862,7.25,6.25,0.0,-32.02687052719445,-24.916459157662146,185.35973936127147,185.35973936127147,Detected
2863,7.75,6.25,0.0,-29.71814544532402,-21.693989332106348,183.30526448605076,183.30526448605076,Detected
2864,8.25,6.25,0.0,-27.535007285867795,-18.928064950124707,181.5604908815292,181.5604908815292,Detected
2865,8.75,6.25,0.0,-25.468639591252536,-16.5380995947527,180.06442916417254,180.06442916417254,Detected
2866,9.25,6.25,0.0,-23.51031960738964,-14.460422862235934,178.77030272864457,178.77030272864457,Detected
2867,9.75,6.25,0.0,-21.651651882109675,-12.644169575290936,177.64178438327818,177.64178438327818,Detected
2868,10.25,6.25,0.0,-19.884700243138653,-11.048303759407306,176.65033903195578,176.65033903195578,Detected
2869,10.75,6.25,0.0,-18.202054115199577,-9.63942735315308,175.77331735259318,175.77331735259318,Detected
2870,11.25,6.25,0.0,-16.59685262162535,-8.390142381710694,174.9925684044977,174.9925684044977,Detected
2871,11.75,6.25,0.0,-15.062781960579205,-7.277810425437481,174.29341656141372,174.29341656141372,Detected
2872,12.25,6.25,0.0,-13.594056362499678,-6.283601815725823,173.6638979697225,173.6638979697225,Detected
2873,12.75,6.25,0.0,-12.185389494423331,-5.391759118801415,173.0941843507872,173.0941843507872,Detected
2874,13.25,6.25,0.0,-10.831960865759894,-4.58902113117802,172.57614370777185,172.57614370777185,Detected
2875,13.75,6.25,0.0,-9.529380223228712,-3.864168482818712,172.10300221002618,172.10300221002618,Detected
2876,14.25,6.25,0.0,-8.27365185972143,-3.207662326795929,171.66908164056906,171.66908164056906,Detected
2877,14.75,6.25,0.0,-7.06114003779831,-2.611354951669077,171.26959382601189,171.26959382601189,Detected
2878,15.25,6.25,0.0,-5.888536239547207,-2.068256440157704,170.9004784299056,170.9004784299056,Detected
2879,15.75,6.25,0.0,-4.752828625634196,-1.5723453448065996,170.55827402631473,170.55827402631473,Detected
2880,-15.75,6.75,0.0,5.952012123292517,-2.9395205340794077,171.35720356439398,171.35720356439398,Detected
2881,-15.25,6.75,0.0,7.143099922952206,-3.590585944322108,171.76227183171952,171.76227183171952,Detected
2882,-14.75,6.75,0.0,8.373942461568829,-4.3067877215294095,172.20241893420794,172.20241893420794,Detected
2883,-14.25,6.75,0.0,9.647549294182689,-5.09677741060453,172.6825173532389,172.6825173532389,Detected
2884,-13.75,6.75,0.0,10.967161246468637,-5.970636608414093,173.2083375196757,173.2083375196757,Detected
2885,-13.25,6.75,0.0,12.336255593728266,-6.940159547200947,173.78675124493313,173.78675124493313,Detected
2886,-12.75,6.75,0.0,13.758545106486245,-8.019200666440971,174.42598958588172,174.42598958588172,Detected
2887,-12.25,6.75,0.0,15.23796790141288,-9.22410425763472,175.13597186932074,175.13597186932074,Detected
2888,-11.75,6.75,0.0,16.77866383883608,-10.574238339155022,175.92872835961646,175.92872835961646,Detected
2889,-11.25,6.75,0.0,18.38493155038036,-12.092661671870838,176.81894696067246,176.81894696067246,Detected
2890,-10.75,6.75,0.0,20.061157871337755,-13.806961872274945,177.8246852579479,177.8246852579479,Detected
2891,-10.25,6.75,0.0,21.811708179646338,-15.750314747018344,178.96830426222255,178.96830426222255,Detected
2892,-9.75,6.75,0.0,23.640761400999548,-17.962831376229648,180.27770096095483,180.27770096095483,Detected
2893,-9.25,6.75,0.0,25.552066324989294,-20.493281528893462,181.7879451312513,181.7879451312513,Detected
2894,-8.75,6.75,0.0,27.548584726115482,-23.40131131640625,183.54346397663315,183.54346397663315,Detected
2895,-8.25,6.75,0.0,29.63196835333716,-26.760310842659766,185.60096762125474,185.60096762125474,Detected
2896,-7.75,6.75,0.0,31.80178471576231,-30.661133233044115,188.0333683451072,188.0333683451072,Detected
2897,-7.25,6.75,0.0,34.054347753081416,-35.21691232010797,190.9350074226975,190.9350074226975,Detected
2898,-6.75,6.75,0.0,36.38089782717539,-40.56924603392337,194.42853447940885,194.42853447940885,Detected
2899,-6.25,6.75,0.0,38.76465945469882,-46.89593049454144,198.67369999170336,198.67369999170336,Detected
2900,-5.75,6.75,0.0,41.175887551928916,-54.420048189096164,203.8779080625621,203.8779080625621,Detected
2901,-5.25,6.75,0.0,43.56322638544631,-63.419047044799115,210.3071303009238,210.3071303009238,Detected
2902,-4.75,6.75,0.0,45.83831984751756,-74.22937820666735,218.2925904008342,218.2925904008342,Detected
2903,-4.25,6.75,0.0,47.848521879097085,-87.23495281434681,228.22127023053454,228.22127023053454,Detected
2904,-3.75,6.75,0.0,49.33062192913645,-102.81212217104492,240.48317890025294,240.48317890025294,Detected
2905,-3.25,6.75,0.0,49.84114155222195,-121.17656463147236,255.32299743640323,255.32299743640323,Detected
2906,-2.75,6.75,0.0,48.679266531351786,-142.04905421669602,272.5202660684033,272.5202660684033,Detected
2914,1.25,6.75,0.0,-35.042752859314334,-137.8930907576761,264.89567448214484,264.89567448214484,Detected
2915,1.75,6.75,0.0,-39.49618621795386,-118.41564116142152,249.3020887446103,249.3020887446103,Detected
2916,2.25,6.75,0.0,-41.807238912795576,-101.27428155679847,236.06190599783903,236.06190599783903,Detected
2917,2.75,6.75,0.0,-42.59250417410369,-86.60643684452407,225.13144886314382,225.13144886314382,Detected
2918,3.25,6.75,0.0,-42.334207852011545,-74.21454334855383,216.21600950993377,216.21600950993377,Detected
2919,3.75,6.75,0.0,-41.382848479913875,-63.7900805572557,208.96443677999966,208.96443677999966,Detected
2920,4.25,6.75,0.0,-39.98443148439894,-55.01729511125335,203.05146773011,203.05146773011,Detected
2921,4.75,6.75,0.0,-38.308733606059285,-47.61323525726314,198.20365208284284,198.20365208284284,Detected
2922,5.25,6.75,0.0,-36.47189173484424,-41.33837886262046,194.20108975352193,194.20108975352193,Detected
2923,5.75,6.75,0.0,-34.55284066497049,-35.995218347557476,190.8705669469746,190.8705669469746,Detected
2924,6.25,6.75,0.0,-32.604824823660536,-31.42275676618191,188.07679683546905,188.07679683546905,Detected
2925,6.75,6.75,0.0,-30.663345996781793,-27.49026782274866,185.71430087796423,185.71430087796423,Detected
2926,7.25,6.75,0.0,-28.751634788970364,-24.0915811266421,183.70067115356386,183.70067115356386,Detected
2927,7.75,6.75,0.0,-26.884426570645466,-21.140258039279146,181.97124940120895,181.97124940120895,Detected
2928,8.25,6.75,0.0,-25.070579222296054,-18.56566748386794,180.47502388377038,180.47502388377038,Detected
2929,8.75,6.75,0.0,-23.31489690768159,-16.309848777397722,179.17149975603994,179.17149975603994,Detected
2930,9.25,6.75,0.0,-21.61940623935186,-14.3250222109979,178.02832112469397,178.02832112469397,Detected
2931,9.75,6.75,0.0,-19.98425216609894,-12.571617742310226,177.01946379178335,177.01946379178335,Detected
2932,10.25,6.75,0.0,-18.40832803022947,-11.016712573167068,176.12385800956747,176.12385800956747,Detected
2933,10.75,6.75,0.0,-16.889718704515545,-9.632789628663293,175.3243345534254,175.3243345534254,Detected
2934,11.25,6.75,0.0,-15.426011647907481,-8.39674758516611,174.60681413855593,174.60681413855593,Detected
2935,11.75,6.75,0.0,-14.014514274984633,-7.289108334751479,173.95968053628275,173.95968053628275,Detected
2936,12.25,6.75,0.0,-12.652404695518111,-6.2933798281520055,173.37329293962242,173.37329293962242,Detected
2937,12.75,6.75,0.0,-11.33683500023165,-5.39554162186787,172.8396044038409,172.8396044038409,Detected
2938,13.25,6.75,0.0,-10.06500074665262,-4.583627702802512,172.3518615197181,172.3518615197181,Detected
2939,13.75,6.75,0.0,-8.834186404143464,-3.8473867486833018,171.90436663909273,171.90436663909273,Detected
2940,14.25,6.75,0.0,-7.641793755028916,-3.178004287767047,171.49228854258521,171.49228854258521,Detected
2941,14.75,6.75,0.0,-6.485358277425904,-2.5678745453661547,171.11151083295212,171.11151083295212,Detected
2942,15.25,6.75,0.0,-5.362557123552489,-2.01041233936785,170.75850987119424,170.75850987119424,Detected
2943,15.75,6.75,0.0,-4.27121129402435,-1.4998973886705982,170.43025598003044,170.43025598003044,Detected
2944,-15.75,7.25,0.0,5.3258746164557245,-2.8567569482421593,171.18134886004665,171.18134886004665,Detected
2945,-15.25,7.25,0.0,6.456376293483066,-3.5157057179964535,171.5653645749227,171.5653645749227,Detected
2946,-14.75,7.25,0.0,7.618888694285406,-4.237785888828267,171.98090241359947,171.98090241359947,Detected
2947,-14.25,7.25,0.0,8.815197056246673,-5.030889489404695,172.43206760659788,172.43206760659788,Detected
2948,-13.75,7.25,0.0,10.047088234749204,-5.904106125493371,172.92366294952936,172.92366294952936,Detected
2949,-13.25,7.25,0.0,11.316306223238342,-6.8679319590007974,173.461330850677,173.461330850677,Detected
2950,-12.75,7.25,0.0,12.624489414079125,-7.934518384868282,174.05172823610854,174.05172823610854,Detected
2951,-12.25,7.25,0.0,13.973083246415403,-9.117967940959005,174.70274248206638,174.70274248206638,Detected
2952,-11.75,7.25,0.0,15.363219712189727,-10.434686087941813,175.42375853463184,175.42375853463184,Detected
2953,-11.25,7.25,0.0,16.795552250806857,-11.903798465689379,176.22598970289513,176.22598970289513,Detected
2954,-10.75,7.25,0.0,18.27003057863683,-13.547643779387979,177.12288719359364,177.12288719359364,Detected
2955,-10.25,7.25,0.0,19.78559457226954,-15.392352041622473,178.13064599366552,178.13064599366552,Detected
2956,-9.75,7.25,0.0,21.339758897662517,-17.468515494248354,179.26882654449562,179.26882654449562,Detected
2957,-9.25,7.25,0.0,22.928049851591975,-19.81195333843532,180.56111137089468,180.56111137089468,Detected
2958,-8.75,7.25,0.0,24.543241725594395,-22.464558151730124,182.03621063178878,182.03621063178878,Detected
2959,-8.25,7.25,0.0,26.174320320612313,-25.475185718458047,183.72891503633969,183.72891503633969,Detected
2960,-7.75,7.25,0.0,27.80507393161883,-28.90050053423872,185.68125866925595,185.68125866925595,Detected
2961,-7.25,7.25,0.0,29.412174794120002,-32.805598097531245,187.94367975950453,187.94367975950453,Detected
2962,-6.75,7.25,0.0,30.962565187375894,-37.26406052783562,190.57592247053603,190.57592247053603,Detected
2963,-6.25,7.25,0.0,32.40990566666718,-42.35681142750481,193.64715481924233,193.64715481924233,Detected
2964,-5.75,7.25,0.0,33.68979787433224,-48.16863890043141,197.23430793418177,197.23430793418177,Detected
2965,-5.25,7.25,0.0,34.71352360732401,-54.780450737222154,201.41687398676854,201.41687398676854,Detected
2966,-4.75,7.25,0.0,35.36030674049129,-62.254148932114106,206.2652823789863,206.2652823789863,Detected
2967,-4.25,7.25,0.0,35.468957813649304,-70.60564101214516,211.81869808333624,211.81869808333624,Detected
2968,-3.75,7.25,0.0,34.83182217830568,-79.76088499922058,218.04756516503122,218.04756516503122,Detected
2969,-3.25,7.25,0.0,33.197907440967924,-89.492625810143,224.79888118493838,224.79888118493838,Detected
2970,-2.75,7.25,0.0,30.297521059688478,-99.34658860721957,231.73238232506347,231.73238232506347,Detected
2971,-2.25,7.25,0.0,25.903436054607543,-108.58993777294297,238.27706571204942,238.27706571204942,Detected
2972,-1.75,7.25,0.0,19.932868516955853,-116.2446420389039,243.66231092945395,243.66231092945395,Detected
2973,-1.25,7.25,0.0,12.560237033820973,-121.26894385799845,247.07490830776848,247.07490830776848,Detected
2974,-0.75,7.25,0.0,4.26792913742456,-122.87299153185181,247.92313803041887,247.92313803041887,Detected
2975,-0.25,7.25,0.0,-4.234273324228164,-120.82024413052814,246.07602861685848,246.07602861685848,Detected
2976,0.25,7.25,0.0,-12.20605874729947,-115.51615975634634,241.9142918558084,241.9142918558084,Detected
2977,0.75,7.25,0.0,-19.079200763093084,-107.8245838924742,236.15767636408737,236.15767636408737,Detected
2978,1.25,7.25,0.0,-24.557857626685642,-98.75070891451331,229.5978541147578,229.5978541147578,Detected
2979,1.75,7.25,0.0,-28.598915295578976,-89.17900817517742,222.89376568701107,222.89376568701107,Detected
2980,2.25,7.25,0.0,-31.327650888393027,-79.75192846208998,216.49064789193457,216.49064789193457,Detected
2981,2.75,7.25,0.0,-32.94917394111972,-70.86569212396284,210.63331432724004,210.63331432724004,Detected
2982,3.25,7.25,0.0,-33.68537066092385,-62.722637938286134,205.41935377150782,205.41935377150782,Detected
2983,3.75,7.25,0.0,-33.74041318563898,-55.39404902856636,200.85463183095476,200.85463183095476,Detected
2984,4.25,7.25,0.0,-33.28682479942395,-48.87223717085866,196.89580277089777,196.89580277089777,Detected
2985,4.75,7.25,0.0,-32.463234127496506,-43.10706066509871,193.47799073954803,193.47799073954803,Detected
2986,5.25,7.25,0.0,-31.377562961312073,-38.029064665769994,190.53086569892332,190.53086569892332,Detected
2987,5.75,7.25,0.0,-30.112074453020604,-33.563081325654466,187.98702475650907,187.98702475650907,Detected
2988,6.25,7.25,0.0,-28.728532809113723,-29.63566199627705,185.78576027087587,185.78576027087587,Detected
2989,6.75,7.25,0.0,-27.272757521624442,-26.178762055376932,183.87426922460824,183.87426922460824,Detected
2990,7.25,7.25,0.0,-25.778370768301794,-23.131255037363776,182.20755267684282,182.20755267684282,Detected
2991,7.75,7.25,0.0,-24.269764757353602,-20.439247253222536,180.74771773756925,180.74771773756925,Detected
2992,8.25,7.25,0.0,-22.764399288498197,-18.055769351772003,179.46306685423062,179.46306685423062,Detected
2993,8.75,7.25,0.0,-21.274556740797262,-15.940176940871588,178.32716966085383,178.32716966085383,Detected
2994,9.25,7.25,0.0,-19.80867141758048,-14.057445817130855,177.31800750676717,177.31800750676717,Detected
2995,9.75,7.25,0.0,-18.372331163788296,-12.377461297128127,176.4172247797,176.4172247797,Detected
2996,10.25,7.25,0.0,-16.969029452794228,-10.874351534614062,175.60949280150393,175.60949280150393,Detected
2997,10.75,7.25,0.0,-15.600728751372587,-9.525886676574686,174.8819788403746,174.8819788403746,Detected
2998,11.25,7.25,0.0,-14.268281721445435,-8.312950310293212,174.22390756072653,174.22390756072653,Detected
2999,11.75,7.25,0.0,-12.971745573230473,-7.219081559667469,173.6262010486694,173.6262010486694,Detected
3000,12.25,7.25,0.0,-11.710616212997095,-6.230082275441014,173.0811842956606,173.0811842956606,Detected
3001,12.75,7.25,0.0,-10.484002220834808,-5.333682188956272,172.5823445351648,172.5823445351648,Detected
3002,13.25,7.25,0.0,-9.290753704449054,-4.519254599177032,172.12413456027076,172.12413456027076,Detected
3003,13.75,7.25,0.0,-8.129557317936225,-3.7775755151907684,171.70181180047112,171.70181180047112,Detected
3004,14.25,7.25,0.0,-6.999005919270054,-3.1006198344034495,171.31130641865605,171.31130641865605,Detected
3005,14.75,7.25,0.0,-5.897649227084161,-2.481388899258553,170.94911294274098,170.94911294274098,Detected
3006,15.25,7.25,0.0,-4.824030255258886,-1.913764540140921,170.61220099423022,170.61220099423022,Detected
3007,15.75,7.25,0.0,-3.776711117763586,-1.3923854251687027,170.29794153407585,170.29794153407585,Detected
3008,-15.75,7.75,0.0,4.693337817354187,-2.7292548162494317,171.0025468250452,171.0025468250452,Detected
3009,-15.25,7.75,0.0,5.765205489061178,-3.3914421839787012,171.3659496945532,171.3659496945532,Detected
3010,-14.75,7.75,0.0,6.86202855881015,-4.114255849449902,171.7575474085539,171.7575474085539,Detected
3011,-14.25,7.75,0.0,7.984568786815272,-4.904797386463395,172.18076584301036,172.18076584301036,Detected
3012,-13.75,7.75,0.0,9.133420518038175,-5.771146884471232,172.6395625265735,172.6395625265735,Detected
3013,-13.25,7.75,0.0,10.308936335017243,-6.722509064574673,173.1385219117965,173.1385219117965,Detected
3014,-12.75,7.75,0.0,11.511129390167604,-7.769379875559533,173.68296868735806,173.68296868735806,Detected
3015,-12.25,7.75,0.0,12.739545532766831,-8.923734865223684,174.27910217059122,174.27910217059122,Detected
3016,-11.75,7.75,0.0,13.993096366247922,-10.199239613108016,174.9341549160881,174.9341549160881,Detected
3017,-11.25,7.75,0.0,15.269841863460988,-11.611480663327864,175.65657842447132,175.65657842447132,Detected
3018,-10.75,7.75,0.0,16.56670802014737,-13.178212212093388,176.4562579040581,176.4562579040581,Detected
3019,-10.25,7.75,0.0,17.87912113724675,-14.91960851643517,177.34475587944038,177.34475587944038,Detected
3020,-9.75,7.75,0.0,19.20053563226962,-16.85850342676516,178.33558015754818,178.33558015754818,Detected
3021,-9.25,7.75,0.0,20.52182683615796,-19.020584824284008,179.4444637697406,179.4444637697406,Detected
3022,-8.75,7.75,0.0,21.83051434301471,-21.434490407232783,180.6896306751808,180.6896306751808,Detected
3023,-8.25,7.75,0.0,23.10977598186773,-24.131718330700124,182.0919976087395,182.0919976087395,Detected
3024,-7.75,7.75,0.0,24.337209292625218,-27.14621621767344,183.67522415799138,183.67522415799138,Detected
3025,-7.25,7.75,0.0,25.48330053388586,-30.513437935214792,185.46546263888254,185.46546263888254,Detected
3026,-6.75,7.75,0.0,26.50957872397672,-34.268551415586586,187.49056788429928,187.49056788429928,Detected
3027,-6.25,7.75,0.0,27.366479184494228,-38.44333756861091,189.77839751771378,189.77839751771378,Detected
3028,-5.75,7.75,0.0,27.991044631283064,-43.06114709311239,192.35366858882622,192.35366858882622,Detected
3029,-5.25,7.75,0.0,28.304796367163956,-48.12911980380662,195.23266917610408,195.23266917610408,Detected
3030,-4.75,7.75,0.0,28.212475048460053,-53.62683663325284,198.41505297166805,198.41505297166805,Detected
3031,-4.25,7.75,0.0,27.602936139568246,-59.49092299362059,201.8721910032096,201.8721910032096,Detected
3032,-3.75,7.75,0.0,26.354260898973664,-65.5962979881026,205.53249698508822,205.53249698508822,Detected
3033,-3.25,7.75,0.0,24.345816283745894,-71.73731302440673,209.2662328726971,209.2662328726971,Detected
3034,-2.75,7.75,0.0,21.47975804886543,-77.61610770905222,212.87563502484116,212.87563502484116,Detected
3035,-2.25,7.75,0.0,17.711968448996156,-82.84980800849907,216.09960691688778,216.09960691688778,Detected
3036,-1.75,7.75,0.0,13.086635679093348,-87.00874579543519,218.6424095843333,218.6424095843333,Detected
3037,-1.25,7.75,0.0,7.761140128019127,-89.68918901123153,220.2284478994434,220.2284478994434,Detected
3038,-0.75,7.75,0.0,2.0044440815306923,-90.60496163010917,220.67000610907726,220.67000610907726,Detected
3039,-0.25,7.75,0.0,-3.840199021207848,-89.66316685415657,219.92053596176623,219.92053596176623,Detected
3040,0.25,7.75,0.0,-9.419342547507146,-86.98826721503849,218.0871089964494,218.0871089964494,Detected
3041,0.75,7.75,0.0,-14.435440055440163,-82.88309493495687,215.3959745479038,215.3959745479038,Detected
3042,1.25,7.75,0.0,-18.689883890591933,-77.74798362984727,212.12998945383828,212.12998945383828,Detected
3043,1.75,7.75,0.0,-22.092854402049273,-71.99489835816529,208.56662521906227,208.56662521906227,Detected
3044,2.25,7.75,0.0,-24.646614237238555,-65.98493231273386,204.93656041773744,204.93656041773744,Detected
3045,2.75,7.75,0.0,-26.41651265923215,-59.99809037219786,201.40723397119714,201.40723397119714,Detected
3046,3.25,7.75,0.0,-27.502027146660613,-54.22937046279088,198.08499826200222,198.08499826200222,Detected
3047,3.75,7.75,0.0,-28.014308874234015,-48.79999781421699,195.02671293006821,195.02671293006821,Detected
3048,4.25,7.75,0.0,-28.061656753514338,-43.77424636767662,192.2536871058144,192.2536871058144,Detected
3049,4.75,7.75,0.0,-27.741666795872966,-39.17602761951568,189.7641090800851,189.7641090800851,Detected
3050,5.25,7.75,0.0,-27.138025651756653,-35.002662730606424,187.54258677956759,187.54258677956759,Detected
3051,5.75,7.75,0.0,-26.320114615166784,-31.23524008237356,185.56679410813322,185.56679410813322,Detected
3052,6.25,7.75,0.0,-25.34409370258252,-27.845901423973647,183.8117668740789,183.8117668740789,Detected
3053,6.75,7.75,0.0,-24.2546191565805,-24.802707840900904,182.25249130544842,182.25249130544842,Detected
3054,7.25,7.75,0.0,-23.086708449034187,-22.072738156817444,180.86533923139893,180.86533923139893,Detected
3055,7.75,7.75,0.0,-21.86750272742028,-19.62395949586172,179.62876625521497,179.62876625521497,Detected
3056,8.25,7.75,0.0,-20.617817692801296,-17.426276229842884,178.52356208350565,178.52356208350565,Detected
3057,8.75,7.75,0.0,-19.353451971181787,-15.45204655599259,177.53284352542167,177.53284352542167,Detected
3058,9.25,7.75,0.0,-18.086261608917887,-13.676265264834543,176.64191067475434,176.64191067475434,Detected
3059,9.75,7.75,0.0,-16.825026773228913,-12.076545397424587,175.8380397534087,175.8380397534087,Detected
3060,10.25,7.75,0.0,-15.576142222062412,-10.632985518693438,175.1102556759453,175.1102556759453,Detected
3061,10.75,7.75,0.0,-14.344162570899716,-9.327978072001866,174.44910828993656,174.44910828993656,Detected
3062,11.25,7.75,0.0,-13.132230169176463,-8.145993427828746,173.84646458190068,173.84646458190068,Detected
3063,11.75,7.75,0.0,-11.942409282255785,-7.073360543643597,173.2953222113927,173.2953222113927,Detected
3064,12.25,7.75,0.0,-10.775946152539408,-6.09805628923044,172.7896457743297,172.7896457743297,Detected
3065,12.75,7.75,0.0,-9.63347078713732,-5.209509847686764,172.32422505012366,172.32422505012366,Detected
3066,13.25,7.75,0.0,-8.51515313056214,-4.398425078306329,171.89455342536155,171.89455342536155,Detected
3067,13.75,7.75,0.0,-7.42082364127783,-3.6566215866807967,171.49672426001305,171.49672426001305,Detected
3068,14.25,7.75,0.0,-6.350066150900952,-2.9768939982747527,171.12734288885974,171.12734288885974,Detected
3069,14.75,7.75,0.0,-5.302289175365771,-2.352888251139885,170.78345206725007,170.78345206725007,Detected
3070,15.25,7.75,0.0,-4.276780494133516,-1.7789933983748725,170.46246887426418,170.46246887426418,Detected
3071,15.75,7.75,0.0,-3.2727487495367895,-1.2502473032619794,170.16213132089408,170.16213132089408,Detected
3072,-15.75,8.25,0.0,4.058589844083343,-2.5586652994718335,170.82185748098757,170.82185748098757,Detected
3073,-15.25,8.25,0.0,5.074203062695231,-3.219944451611944,171.16522741704736,171.16522741704736,Detected
3074,-14.75,8.25,0.0,6.10842699658615,-3.938965828745436,171.5337083197202,171.5337083197202,Detected
3075,-14.25,8.25,0.0,7.161188267812699,-4.722037458156388,171.93013176005954,171.93013176005954,Detected
3076,-13.75,8.25,0.0,8.232128664217035,-5.576245738445428,172.35772587173062,172.35772587173062,Detected
3077,-13.25,8.25,0.0,9.320515926217888,-6.509549753346743,172.82017586084484,172.82017586084484,Detected
3078,-12.75,8.25,0.0,10.425130752843943,-7.530882213268213,173.32169280455474,173.32169280455474,Detected
3079,-12.25,8.25,0.0,11.544124062827155,-8.650254621837794,173.8670909281619,173.8670909281619,Detected
3080,-11.75,8.25,0.0,12.674837211441139,-9.878862369128598,174.4618728563466,174.4618728563466,Detected
3081,-11.25,8.25,0.0,13.813576343728766,-11.229182609379151,175.11232113419203,175.11232113419203,Detected
3082,-10.75,8.25,0.0,14.95533041703816,-12.715053575873391,175.82559231375507,175.82559231375507,Detected
3083,-10.25,8.25,0.0,16.093420793545288,-14.351717853132012,176.6098066805607,176.6098066805607,Detected
3084,-9.75,8.25,0.0,17.21906897734413,-16.155803309116493,177.47412164545582,177.47412164545582,Detected
3085,-9.25,8.25,0.0,18.320868586203755,-18.14520290948116,178.42876909063446,178.42876909063446,Detected
3086,-8.75,8.25,0.0,19.384148952289987,-20.33879731424335,179.4850253995721,179.4850253995721,Detected
3087,-8.25,8.25,0.0,20.390222449627068,-22.75594075237531,180.65506614959023,180.65506614959023,Detected
3088,-7.75,8.25,0.0,21.315518378943274,-25.415600247248392,181.95163407856373,181.95163407856373,Detected
3089,-7.25,8.25,0.0,22.130627170290662,-28.33500110951163,183.3874181701556,183.3874181701556,Detected
3090,-6.75,8.25,0.0,22.799316023821525,-31.52759103193912,184.9740047205935,184.9740047205935,Detected
3091,-6.25,8.25,0.0,23.27763955449704,-35.000100881926,186.72022409516148,186.72022409516148,Detected
3092,-5.75,8.25,0.0,23.513366861902057,-38.748474239266784,188.62969513422365,188.62969513422365,Detected
3093,-5.25,8.25,0.0,23.446088113161622,-42.75250163191851,190.69739475212836,190.69739475212836,Detected
3094,-4.75,8.25,0.0,23.008545829212267,-46.969198107575124,192.90520778477958,192.90520778477958,Detected
3095,-4.25,8.25,0.0,22.129923054530767,-51.325397002905746,195.21671677101767,195.21671677101767,Detected
3096,-3.75,8.25,0.0,20.741912772508435,-55.71078061878894,197.57204108898793,197.57204108898793,Detected
3097,-3.25,8.25,0.0,18.788197112420914,-59.97360502391769,199.88431346985374,199.88431346985374,Detected
3098,-2.75,8.25,0.0,16.237215756338212,-63.922401442892216,202.040158011592,202.040158011592,Detected
3099,-2.25,8.25,0.0,13.096618428376258,-67.33722256221552,203.90675000159393,203.90675000159393,Detected
3100,-1.75,8.25,0.0,9.42580984123956,-69.99251483782442,205.34692511080362,205.34692511080362,Detected
3101,-1.25,8.25,0.0,5.341481038705041,-71.68981438656574,206.24094994709418,206.24094994709418,Detected
3102,-0.75,8.25,0.0,1.0114966897478344,-72.29313479999902,206.50976655071153,206.50976655071153,Detected
3103,-0.25,8.25,0.0,-3.364094261945173,-71.75612176446911,206.13203204057902,206.13203204057902,Detected
3104,0.25,8.25,0.0,-7.580907270331205,-70.13114237143503,205.148431957083,205.148431957083,Detected
3105,0.75,8.25,0.0,-11.458841167894033,-67.55701357466685,203.65166703436952,203.65166703436952,Detected
3106,1.25,8.25,0.0,-14.863214467367028,-64.23046829813188,201.76635344162761,201.76635344162761,Detected
3107,1.75,8.25,0.0,-17.71389660836611,-60.371663783327534,199.62625712098847,199.62625712098847,Detected
3108,2.25,8.25,0.0,-19.982897550326257,-56.193717500845395,197.35547397165274,197.35547397165274,Detected
3109,2.75,8.25,0.0,-21.6842882184149,-51.88203323805235,195.05686929963866,195.05686929963866,Detected
3110,3.25,8.25,0.0,-22.861124898247116,-47.584359762338316,192.80774297908053,192.80774297908053,Detected
3111,3.75,8.25,0.0,-23.572970971045997,-43.40938366368354,190.66075825762027,190.66075825762027,Detected
3112,4.25,8.25,0.0,-23.885927007976807,-39.430618988266076,188.6477548382445,188.6477548382445,Detected
3113,4.75,8.25,0.0,-23.86568114316507,-35.69272077385362,186.78454055644136,186.78454055644136,Detected
3114,5.25,8.25,0.0,-23.573268958259792,-32.21825282691961,185.0754853760199,185.0754853760199,Detected
3115,5.75,8.25,0.0,-23.062906949050223,-29.013821908244378,183.5173649356735,183.5173649356735,Detected
3116,6.25,8.25,0.0,-22.381242201900143,-26.075129707037203,182.10230803444114,182.10230803444114,Detected
3117,6.75,8.25,0.0,-21.567475593829865,-23.390875320308922,180.8199164203763,180.8199164203763,Detected
3118,7.25,8.25,0.0,-20.653963656802077,-20.945628874474725,179.65870945835292,179.65870945835292,Detected
3119,7.75,8.25,0.0,-19.667036565455174,-18.7218648468402,178.60705860785245,178.60705860785245,Detected
3120,8.25,8.25,0.0,-18.627870906524482,-16.701347725888425,177.65375651266785,177.65375651266785,Detected
3121,8.75,8.25,0.0,-17.553326293200143,-14.866038458822024,176.78833527400687,176.78833527400687,Detected
3122,9.25,8.25,0.0,-16.45670058249543,-13.198657357202835,176.00121895204757,176.00121895204757,Detected
3123,9.75,8.25,0.0,-15.348386359499633,-11.683007307881505,175.28377070432725,175.28377070432725,Detected
3124,10.25,8.25,0.0,-14.236427306362831,-10.304134050930335,174.62827603554868,174.62827603554868,Detected
3125,10.75,8.25,0.0,-13.126981419766594,-9.04837881374502,174.02788982956037,174.02788982956037,Detected
3126,11.25,8.25,0.0,-12.024701761461364,-7.903362294276205,173.4765651120981,173.4765651120981,Detected
3127,11.75,8.25,0.0,-10.933046482515822,-6.857926983456806,172.9689748404164,172.9689748404164,Detected
3128,12.25,8.25,0.0,-9.854529476762702,-5.902056162218325,172.50043355352784,172.50043355352784,Detected
3129,12.75,8.25,0.0,-8.790921940334304,-5.026781775102722,172.0668227950801,172.0668227950801,Detected
3130,13.25,8.25,0.0,-7.743413770544364,-4.22408909590345,171.6645223403197,171.6645223403197,Detected
3131,13.75,8.25,0.0,-6.7127423705583595,-3.4868231467170374,171.290348088621,171.290348088621,Detected
3132,14.25,8.25,0.0,-5.699295152122118,-2.808599821254053,170.9414967649785,170.9414967649785,Detected
3133,14.75,8.25,0.0,-4.703190906081875,-2.1837233189347485,170.6154971702335,170.6154971702335,Detected
3134,15.25,8.25,0.0,-3.7243442479747295,-1.6071106120708376,170.31016749941978,170.31016749941978,Detected
3135,15.75,8.25,0.0,-2.762516540388169,-1.0742231024052606,170.02357814866616,170.02357814866616,Detected
3136,-15.75,8.75,0.0,3.425366143630937,-2.3469321864004655,170.64023215992816,170.64023215992816,Detected
3137,-15.25,8.75,0.0,4.387426534664466,-3.0036598191981647,170.96425843358932,170.96425843358932,Detected
3138,-14.75,8.75,0.0,5.362462493979517,-3.714977072012169,171.31056069362612,171.31056069362612,Detected
3139,-14.25,8.75,0.0,6.34973709511731,-4.486417463294639,171.68145627420608,171.68145627420608,Detected
3140,-13.75,8.75,0.0,7.348153626457408,-5.324114835699292,172.07955082729734,172.07955082729734,Detected
3141,-13.25,8.75,0.0,8.356162308321732,-6.234856441120909,172.5077736791776,172.5077736791776,Detected
3142,-12.75,8.75,0.0,9.371645478659406,-7.226133267174279,172.96941537640868,172.96941537640868,Detected
3143,-12.25,8.75,0.0,10.391776798046623,-8.306183333855069,173.4681662160937,173.4681662160937,Detected
3144,-11.75,8.75,0.0,11.41284938546472,-9.484021637959568,174.00815365453974,174.00815365453974,Detected
3145,-11.25,8.75,0.0,12.43006724853194,-10.769447585350997,174.5939751496112,174.5939751496112,Detected
3146,-10.75,8.75,0.0,13.437294063098525,-12.173016875474294,175.23072101767224,175.23072101767224,Detected
3147,-10.25,8.75,0.0,14.426753544740125,-13.705959598898898,175.92397905837592,175.92397905837592,Detected
3148,-9.75,8.75,0.0,15.388676736128126,-15.380019456525613,176.67980870336038,176.67980870336038,Detected
3149,-9.25,8.75,0.0,16.310894138515543,-17.20718023206323,177.5046669631378,177.5046669631378,Detected
3150,-8.75,8.75,0.0,17.178375677057208,-19.199234830452266,178.40526116719343,178.40526116719343,Detected
3151,-8.25,8.75,0.0,17.972730358809052,-21.367139627731582,179.38829428061192,179.38829428061192,Detected
3152,-7.75,8.75,0.0,18.671692012101275,-23.720083706445926,180.46005776780686,180.46005776780686,Detected
3153,-7.25,8.75,0.0,19.2486400389157,-26.26419149497936,181.62581587229067,181.62581587229067,Detected
3154,-6.75,8.75,0.0,19.67223727886313,-29.000773790241425,182.88891694236983,182.88891694236983,Detected
3155,-6.25,8.75,0.0,19.906312962239582,-31.92405566031932,184.2495682452513,184.2495682452513,Detected
3156,-5.75,8.75,0.0,19.910177074983945,-35.01835542159691,185.7032311095294,185.7032311095294,Detected
3157,-5.25,8.75,0.0,19.639617224594,-38.254787782946124,187.23864869851926,187.23864869851926,Detected
3158,-4.75,8.75,0.0,19.048882895433707,-41.58773993399535,188.83562766223514,188.83562766223514,Detected
3159,-4.25,8.75,0.0,18.093969316236137,-44.95163680906442,190.46287082472924,190.46287082472924,Detected
3160,-3.75,8.75,0.0,16.737416636534146,-48.258853860312925,192.0763923522301,192.0763923522301,Detected
3161,-3.25,8.75,0.0,14.954569420591053,-51.39996794937482,193.61928301147603,193.61928301147603,Detected
3162,-2.75,8.75,0.0,12.74074941220172,-54.24767729631598,195.02370487897107,195.02370487897107,Detected
3163,-2.25,8.75,0.0,10.118126797854078,-56.66540762260225,196.215799994639,196.215799994639,Detected
3164,-1.75,8.75,0.0,7.140447101621293,-58.52063291574764,197.1235465969933,197.1235465969933,Detected
3165,-1.25,8.75,0.0,3.8935695219168442,-59.70132718543768,197.68653583464473,197.68653583464473,Detected
3166,-0.75,8.75,0.0,0.4903870771409959,-60.132256147478586,197.86554572019156,197.86554572019156,Detected
3167,-0.25,8.75,0.0,-2.93980597271376,-59.78693016587364,197.64927730148077,197.64927730148077,Detected
3168,0.25,8.75,0.0,-6.265561746657301,-58.69174669737827,197.05617545011327,197.05617545011327,Detected
3169,0.75,8.75,0.0,-9.367863837280924,-56.92111858630816,196.13079293315366,196.13079293315366,Detected
3170,1.25,8.75,0.0,-12.151697137271215,-54.58520155605183,194.93594406006997,194.93594406006997,Detected
3171,1.75,8.75,0.0,-14.552453379523419,-51.81383471904454,193.5430414862643,193.5430414862643,Detected
3172,2.25,8.75,0.0,-16.53681089640107,-48.740697047049615,192.02307420179946,192.02307420179946,Detected
3173,2.75,8.75,0.0,-18.09922708951595,-45.49064639518459,190.43988304141325,190.43988304141325,Detected
3174,3.25,8.75,0.0,-19.25589282142814,-42.17156401357106,188.8463034884678,188.8463034884678,Detected
3175,3.75,8.75,0.0,-20.037936570282987,-38.870582439645375,187.28288088244605,187.28288088244605,Detected
3176,4.25,8.75,0.0,-20.485158343984075,-35.653729011493745,185.7784268964389,185.7784268964389,Detected
3177,4.75,8.75,0.0,-20.64096824088252,-32.5677660899017,184.35162480360557,184.35162480360557,Detected
3178,5.25,8.75,0.0,-20.54871747205964,-29.643143537261054,183.01304331178883,183.01304331178883,Detected
3179,5.75,8.75,0.0,-20.249308960650815,-26.897273997492515,181.76713652866687,181.76713652866687,Detected
3180,6.25,8.75,0.0,-19.779837858916167,-24.33764475940183,180.6140028319768,180.6140028319768,Detected
3181,6.75,8.75,0.0,-19.17298493339389,-21.964520376611446,179.55081512630244,179.55081512630244,Detected
3182,7.25,8.75,0.0,-18.4569161561933,-19.773152059524794,178.5729192657821,178.5729192657821,Detected
3183,7.75,8.75,0.0,-17.655493953851057,-17.755504441039314,177.67463964626822,177.67463964626822,Detected
3184,8.25,8.75,0.0,-16.788658975578986,-15.901556935557366,176.84984619138203,176.84984619138203,Detected
3185,8.75,8.75,0.0,-15.872886727601625,-14.200253437859004,176.0923371749697,176.0923371749697,Detected
3186,9.25,8.75,0.0,-14.921658358410685,-12.640173886465137,175.3960855609403,175.3960855609403,Detected
3187,9.75,8.75,0.0,-13.945909892796843,-11.209992990083961,174.75538750911934,174.75538750911934,Detected
3188,10.25,8.75,0.0,-12.954441149492085,-9.898780364432444,174.16494282709374,174.16494282709374,Detected
3189,10.75,8.75,0.0,-11.954276474226148,-8.696185216628653,173.61988949584057,173.61988949584057,Detected
3190,11.25,8.75,0.0,-10.950976052863737,-7.592538826128992,173.1158082505164,173.1158082505164,Detected
3191,11.75,8.75,0.0,-9.948900326357439,-6.578899847006069,172.64870848402904,172.64870848402904,Detected
3192,12.25,8.75,0.0,-8.951431926100605,-5.647060905657961,172.2150032472473,172.2150032472473,Detected
3193,12.75,8.75,0.0,-7.96116028849955,-4.789529901764588,171.8114785855404,171.8114785855404,Detected
3194,13.25,8.75,0.0,-6.980034167747066,-3.9994955886844505,171.43526065593832,171.43526065593832,Detected
3195,13.75,8.75,0.0,-6.009486952133408,-3.2707841600762007,171.08378281585252,171.08378281585252,Detected
3196,14.25,8.75,0.0,-5.05053919536085,-2.5978114804793875,170.7547540138396,170.7547540138396,Detected
3197,14.75,8.75,0.0,-4.103882217615987,-1.9755340854296215,170.4461292346308,170.4461292346308,Detected
3198,15.25,8.75,0.0,-3.1699460772650903,-1.399400994296215,170.15608236514575,170.15608236514575,Detected
3199,15.75,8.75,0.0,-2.2489547008448127,-0.8653076147566283,169.88298160484064,169.88298160484064,Detected
3200,-15.75,9.25,0.0,2.796947194468172,-2.0962155642536224,170.45851337430148,170.45851337430148,Detected
3201,-15.25,9.25,0.0,3.7083827624229917,-2.7452429144605226,170.76396654147885,170.76396654147885,Detected
3202,-14.75,9.25,0.0,4.627848923642996,-3.44553647886609,171.08910825827112,171.08910825827112,Detected
3203,-14.25,9.25,0.0,5.554097644180622,-4.2018909676138465,171.43581532922178,171.43581532922178,Detected
3204,-13.75,9.25,0.0,6.4854799423092455,-5.019546756195599,171.80616749651065,171.80616749651065,Detected
3205,-13.25,9.25,0.0,7.419855839197336,-5.904211311469806,172.2024651241142,172.2024651241142,Detected
3206,-12.75,9.25,0.0,8.354486377239152,-6.862072004122961,172.62724551800247,172.62724551800247,Detected
3207,-12.25,9.25,0.0,9.2859048514946,-7.8997953961695915,173.08329615332013,173.08329615332013,Detected
3208,-11.75,9.25,0.0,10.209764329319173,-9.02450626896108,173.57366224970897,173.57366224970897,Detected
3209,-11.25,9.25,0.0,11.120658716648563,-10.243737291720596,174.1016449960685,174.1016449960685,Detected
3210,-10.75,9.25,0.0,12.011915238877098,-11.565337219205668,174.6707851813741,174.6707851813741,Detected
3211,-10.25,9.25,0.0,12.875357495767695,-12.997321770567053,175.2848249457691,175.2848249457691,Detected
3212,-9.75,9.25,0.0,13.701040586691237,-14.54764686605497,175.94763774062173,175.94763774062173,Detected
3213,-9.25,9.25,0.0,14.47696368464502,-16.223878812800972,176.66311334503595,176.66311334503595,Detected
3214,-8.75,9.25,0.0,15.188771519935177,-18.032730731310558,177.43498101616154,177.43498101616154,Detected
3215,-8.25,9.25,0.0,15.819465319053139,-19.979429857946027,178.26654988089913,178.26654988089913,Detected
3216,-7.75,9.25,0.0,16.34915670874724,-22.066877945959433,179.16034227389545,179.16034227389545,Detected
3217,-7.25,9.25,0.0,16.754915687052755,-24.294569518018204,180.1175943455823,180.1175943455823,Detected
3218,-6.75,9.25,0.0,17.010786177744205,-26.657244383281693,181.13760138648297,181.13760138648297,Detected
3219,-6.25,9.25,0.0,17.088068781070298,-29.14327751498503,182.21689669841342,182.21689669841342,Detected
3220,-5.75,9.25,0.0,16.95599639059252,-31.73285836320346,183.34827748249813,183.34827748249813,Detected
3221,-5.25,9.25,0.0,16.582946374446095,-34.396090004335484,184.5197344365437,184.5197344365437,Detected
3222,-4.75,9.25,0.0,15.938329117371442,-37.09124925211984,185.71340690787346,185.71340690787346,Detected
3223,-4.25,9.25,0.0,14.995246668909722,-39.763584126829834,186.90476924171222,186.90476924171222,Detected
3224,-3.75,9.25,0.0,13.733903886255039,-42.34515687122334,188.06234019581245,188.06234019581245,Detected
3225,-3.25,9.25,0.0,12.14556186593064,-44.756312874942466,189.14826111654116,189.14826111654116,Detected
3226,-2.75,9.25,0.0,10.236559467939928,-46.90928694240147,190.12005807281568,190.12005807281568,Detected
3227,-2.25,9.25,0.0,8.031650768361713,-48.71416724205003,190.93373615149554,190.93373615149554,Detected
3228,-1.75,9.25,0.0,5.575728322933279,-50.08689799986418,191.5480340866084,191.5480340866084,Detected
3229,-1.25,9.25,0.0,2.9330671132131796,-50.958308749464344,191.929255002355,191.929255002355,Detected
3230,-0.75,9.25,0.0,0.18362819693417276,-51.28254963144857,192.0557352537007,192.0557352537007,Detected
3231,-0.25,9.25,0.0,-2.5833400710079264,-51.04309853585209,191.9209077470082,191.9209077470082,Detected
3232,0.25,9.25,0.0,-5.277395124668411,-50.25489520613667,191.534175675346,191.534175675346,Detected
3233,0.75,9.25,0.0,-7.815157642347778,-48.962089004490075,190.91938148499122,190.91938148499122,Detected
3234,1.25,9.25,0.0,-10.127168768027158,-47.23201355030913,190.11130800580833,190.11130800580833,Detected
3235,1.75,9.25,0.0,-12.162243609689767,-45.146870262310685,189.15111228281717,189.15111228281717,Detected
3236,2.25,9.25,0.0,-13.888952043284434,-42.794912584714616,188.0817080627168,188.0817080627168,Detected
3237,2.75,9.25,0.0,-15.294556730591493,-40.2626640860002,186.9439041403068,186.9439041403068,Detected
3238,3.25,9.25,0.0,-16.38217663010078,-37.62910332516825,185.77372840370586,185.77372840370586,Detected
3239,3.75,9.25,0.0,-17.167062545075954,-34.96209748045348,184.60099651307493,184.60099651307493,Detected
3240,4.25,9.25,0.0,-17.672744956279466,-32.31687265617793,183.44892961844437,183.44892961844437,Detected
3241,4.75,9.25,0.0,-17.92757113580079,-29.736044868980798,182.33451297839275,182.33451297839275,Detected
3242,5.25,9.25,0.0,-17.961897791837384,-27.250672356960678,181.26928562120176,181.26928562120176,Detected
3243,5.75,9.25,0.0,-17.80600907744091,-24.881853306021178,180.2603106830929,180.2603106830929,Detected
3244,6.25,9.25,0.0,-17.488705528712334,-22.642511229709807,179.3111545100663,179.3111545100663,Detected
3245,6.75,9.25,0.0,-17.036448524970524,-20.539133338190897,178.42277430340394,178.42277430340394,Detected
3246,7.25,9.25,0.0,-16.472928269445088,-18.573329825423098,177.59426829697495,177.59426829697495,Detected
3247,7.75,9.25,0.0,-15.818932429984859,-16.743156247786303,176.82347802775274,176.82347802775274,Detected
3248,8.25,9.25,0.0,-15.092413401879243,-15.044188978968533,176.10745252539837,176.10745252539837,Detected
3249,8.75,9.25,0.0,-14.308675801876452,-13.470370923727195,175.4427937239763,175.4427937239763,Detected
3250,9.25,9.25,0.0,-13.480627567174631,-12.014657574942312,174.8259051293937,174.8259051293937,Detected
3251,9.75,9.25,0.0,-12.619055971306793,-10.66949741162631,174.25316477480442,174.25316477480442,Detected
3252,10.25,9.25,0.0,-11.73290362400547,-9.427179452140834,173.72104076057934,173.72104076057934,Detected
3253,10.75,9.25,0.0,-10.829529512263678,-8.280077090831243,173.2261643989262,173.2261643989262,Detected
3254,11.25,9.25,0.0,-9.914947070188312,-7.2208127524678165,172.76537281294787,172.76537281294787,Detected
3255,11.75,9.25,0.0,-8.994035862135608,-6.242363291517493,172.33573005722,172.33573005722,Detected
3256,12.25,9.25,0.0,-8.070726369838688,-5.338121893985817,171.93453354143924,171.93453354143924,Detected
3257,12.75,9.25,0.0,-7.148159097008753,-4.501928682628227,171.55931072510396,171.55931072510396,Detected
3258,13.25,9.25,0.0,-6.228820131063829,-3.7280793096086677,171.2078096558774,171.2078096558774,Detected
3259,13.75,9.25,0.0,-5.314655710940238,-3.0113184948600993,170.8779858760835,170.8779858760835,Detected
3260,14.25,9.25,0.0,-4.407168437341416,-2.3468236518920627,170.56798744792684,170.56798744792684,Detected
3261,14.75,9.25,0.0,-3.5074976591758777,-1.7301823465480182,170.27613928168572,170.27613928168572,Detected
3262,15.25,9.25,0.0,-2.6164863663818414,-1.1573662762089585,170.000927546557,170.000927546557,Detected
3263,15.75,9.25,0.0,-1.734736670369986,-0.6247036642772545,169.7409846579463,169.7409846579463,Detected
3264,-15.75,9.75,0.0,2.176168351474422,-1.8088228546448253,170.27743752666512,170.27743752666512,Detected
3265,-15.25,9.75,0.0,3.0400489656286647,-2.4474754400015595,170.5651445446459,170.5651445446459,Detected
3266,-14.75,9.75,0.0,3.9076723034661867,-3.1339841599423717,170.87019355739886,170.87019355739886,Detected
3267,-14.25,9.75,0.0,4.7774116149668835,-3.8724523395289365,171.19408743837747,171.19408743837747,Detected
3268,-13.75,9.75,0.0,5.647223997603507,-4.667297549678432,171.53846571207032,171.53846571207032,Detected
3269,-13.25,9.75,0.0,6.514568122257677,-5.523249666692694,171.90511024962072,171.90511024962072,Detected
3270,-12.75,9.75,0.0,7.376308060248947,-6.4453371229465395,172.29594775304668,172.29594775304668,Detected
3271,-12.25,9.75,0.0,8.228601762020384,-7.438856557269533,172.7130472603921,172.7130472603921,Detected
3272,-11.75,9.75,0.0,9.066773055426461,-8.509319635788836,173.15861024471698,173.15861024471698,Detected
3273,-11.25,9.75,0.0,9.885166667656744,-9.66236906755941,173.63495004309814,173.63495004309814,Detected
3274,-10.75,9.75,0.0,10.676986876927879,-10.903653777969607,174.1444562882663,174.1444562882663,Detected
3275,-10.25,9.75,0.0,11.434122177540681,-12.238650881129008,174.68953873600958,174.68953873600958,Detected
3276,-9.75,9.75,0.0,12.146961050508398,-13.672419648476573,175.2725433878952,175.2725433878952,Detected
3277,-9.25,9.75,0.0,12.804207892571245,-15.209270405078591,175.89563221301307,175.89563221301307,Detected
3278,-8.75,9.75,0.0,13.392713714992434,-16.852329729366158,176.56061627206844,176.56061627206844,Detected
3279,-8.25,9.75,0.0,13.897343705674093,-18.60298336843668,177.26873104381977,177.26873104381977,Detected
3280,-7.75,9.75,0.0,14.300913338665636,-20.460181261900246,178.02034292982373,178.02034292982373,Detected
3281,-7.25,9.75,0.0,14.584236239840104,-22.419596904876215,178.81457829212033,178.81457829212033,Detected
3282,-6.75,9.75,0.0,14.72633962244033,-24.47264846352094,179.64887243588785,179.64887243588785,Detected
3283,-6.25,9.75,0.0,14.704914760360687,-26.60541438153513,180.51844745404054,180.51844745404054,Detected
3284,-5.75,9.75,0.0,14.497076918034978,-28.79751411332295,181.4157466029408,181.4157466029408,Detected
3285,-5.25,9.75,0.0,14.080505444479837,-31.021075711795476,182.3298798391526,182.3298798391526,Detected
3286,-4.75,9.75,0.0,13.43501226713364,-33.239972819165864,183.24616910494404,183.24616910494404,Detected
3287,-4.25,9.75,0.0,12.544536825110697,-35.409573642872495,184.1459176202201,184.1459176202201,Detected
3288,-3.75,9.75,0.0,11.399481081613562,-37.47728367935561,185.0065537546195,185.0065537546195,Detected
3289,-3.25,9.75,0.0,9.999181481794679,-39.38415295656575,185.80230009473618,185.80230009473618,Detected
3290,-2.75,9.75,0.0,8.354182906042944,-41.06772524922381,186.50547298500948,186.50547298500948,Detected
3291,-2.25,9.75,0.0,6.487870370739742,-42.466110935492274,187.0884146608624,187.0884146608624,Detected
3292,-1.75,9.75,0.0,4.436981190748533,-43.522979726290046,187.5259059448562,187.5259059448562,Detected
3293,-1.25,9.75,0.0,2.2506151423257212,-44.192856565431846,187.79773796840172,187.79773796840172,Detected
3294,-0.75,9.75,0.0,-0.012398012607921498,-44.44587040317848,187.8909975846582,187.8909975846582,Detected
3295,-0.25,9.75,0.0,-2.2875662236821794,-44.271065488263446,187.80160662937027,187.80160662937027,Detected
3296,0.25,9.75,0.0,-4.509678668187655,-43.677599853508006,187.53478089951938,187.53478089951938,Detected
3297,0.75,9.75,0.0,-6.617836493690422,-42.693586679135535,187.10431297721732,187.10431297721732,Detected
3298,1.25,9.75,0.0,-8.559765312420417,-41.36284416300612,186.53085285854152,186.53085285854152,Detected
3299,1.75,9.75,0.0,-10.294803709782181,-39.740234881143515,185.83956596651834,185.83956596651834,Detected
3300,2.25,9.75,0.0,-11.79529640194779,-37.88647028458905,185.05762663263565,185.05762663263565,Detected
3301,2.75,9.75,0.0,-13.04646712090701,-35.86320393344802,184.21195231499684,184.21195231499684,Detected
3302,3.25,9.75,0.0,-14.04510158122082,-33.72900575517886,183.32744493042554,183.32744493042554,Detected
3303,3.75,9.75,0.0,-14.797488475781988,-31.536509687394673,182.42584397710368,182.42584397710368,Detected
3304,4.25,9.75,0.0,-15.317057539560599,-29.330756985764314,181.52516229680174,181.52516229680174,Detected
3305,4.75,9.75,0.0,-15.622063263986973,-27.148572439515387,180.63959327585596,180.63959327585596,Detected
3306,5.25,9.75,0.0,-15.733541412513453,-25.018721002420037,179.7797475418966,179.7797475418966,Detected
3307,5.75,9.75,0.0,-15.67365100970948,-22.96257906057317,178.9530835990765,178.9530835990765,Detected
3308,6.25,9.75,0.0,-15.46442677021572,-20.99508847068911,178.16442314101423,178.16442314101423,Detected
3309,6.75,9.75,0.0,-15.126910769799004,-19.125815909568153,177.4164740374796,177.4164740374796,Detected
3310,7.25,9.75,0.0,-14.680603380027026,-17.359996448765667,176.71031364494166,176.71031364494166,Detected
3311,7.75,9.75,0.0,-14.143164465235738,-15.699488574373195,176.0458083078504,176.0458083078504,Detected
3312,8.25,9.75,0.0,-13.530298965599258,-14.143604470380692,175.42196102772684,175.42196102772684,Detected
3313,8.75,9.75,0.0,-12.855770256926055,-12.68980446705833,174.83718923936442,174.83718923936442,Detected
3314,9.25,9.75,0.0,-12.131496031585177,-11.334260104415458,174.28953997803941,174.28953997803941,Detected
3315,9.75,9.75,0.0,-11.367692506485104,-10.072298734400071,173.77685193636114,173.77685193636114,Detected
3316,10.25,9.75,0.0,-10.573042368665321,-8.898746248780794,173.29687420970416,173.29687420970416,Detected
3317,10.75,9.75,0.0,-9.75486961735055,-7.808185170051207,172.847350777683,172.847350777683,Detected
3318,11.25,9.75,0.0,-8.919310388330365,-6.7951442851648896,172.42607854903034,172.42607854903034,Detected
3319,11.75,9.75,0.0,-8.071473185850563,-5.85423410921197,172.0309454469869,172.0309454469869,Detected
3320,12.25,9.75,0.0,-7.215585002993847,-4.98024028803168,171.65995372784604,171.65995372784604,Detected
3321,12.75,9.75,0.0,-6.355121879879651,-4.168184902111911,171.3112325938464,171.3112325938464,Detected
3322,13.25,9.75,0.0,-5.492923787988416,-3.4133636840547505,170.9830432150066,170.9830432150066,Detected
3323,13.75,9.75,0.0,-4.631294546162082,-2.71136547685116,170.67377850720584,170.67377850720584,Detected
3324,14.25,9.75,0.0,-3.772087930102346,-2.0580788536834356,170.3819594087935,170.3819594087935,Detected
3325,14.75,9.75,0.0,-2.9167813514992393,-1.4496896748209886,170.10622893039533,170.10622893039533,Detected
3326,15.25,9.75,0.0,-2.0665385405493604,-0.8826724421729821,169.84534489529423,169.84534489529423,Detected
3327,15.75,9.75,0.0,-1.2222626272539518,-0.35377759220778,169.59817201976782,169.59817201976782,Detected
3328,-15.75,10.25,0.0,1.5654390883553226,-1.4871481688210733,170.09763977346282,170.09763977346282,Detected
3329,-15.25,10.25,0.0,2.3849037931566603,-2.1131972677695847,170.36846247542823,170.36846247542823,Detected
3330,-14.75,10.25,0.0,3.204437786372107,-2.7836762236363497,170.65451093102757,170.65451093102757,Detected
3331,-14.25,10.25,0.0,4.022148180631174,-3.5020518620685,170.95697331424822,170.95697331424822,Detected
3332,-13.75,10.25,0.0,4.835729909483801,-4.271995905130018,171.27712383093865,171.27712383093865,Detected
3333,-13.25,10.25,0.0,5.642393685981353,-5.09736658853656,171.6163206394942,171.6163206394942,Detected
3334,-12.75,10.25,0.0,6.438783963319672,-5.982177181287958,171.97599980973268,171.97599980973268,Detected
3335,-12.25,10.25,0.0,7.220886551513047,-6.93054715321143,172.35766374691642,172.35766374691642,Detected
3336,-11.75,10.25,0.0,7.983926082598741,-7.946630710477841,172.7628620441972,172.7628620441972,Detected
3337,-11.25,10.25,0.0,8.722254365189249,-9.034516264174123,173.19316216659425,173.19316216659425,Detected
3338,-10.75,10.25,0.0,9.429231942099554,-10.198089167223047,173.65010672561561,173.65010672561561,Detected
3339,-10.25,10.25,0.0,10.097106998305335,-11.440848859270295,174.13515339959991,174.13515339959991,Detected
3340,-9.75,10.25,0.0,10.716898315276161,-12.765670593092267,174.6495928580815,174.6495928580815,Detected
3341,-9.25,10.25,0.0,11.278292384564006,-14.174501496464071,175.19443947662953,175.19443947662953,Detected
3342,-8.75,10.25,0.0,11.76956919783434,-15.667981336250012,175.77028939495165,175.77028939495165,Detected
3343,-8.25,10.25,0.0,12.177576636710823,-17.244980685385197,176.37714088190927,176.37714088190927,Detected
3344,-7.75,10.25,0.0,12.487779612987932,-18.902054175306812,177.01417350426593,177.01417350426593,Detected
3345,-7.25,10.25,0.0,12.684416616043862,-20.63281526410169,177.6794858397397,177.6794858397397,Detected
3346,-6.75,10.25,0.0,12.750802027173474,-22.42725265361043,178.36979714548855,178.36979714548855,Detected
3347,-6.25,10.25,0.0,12.66981561641158,-24.271028082479113,179.08012714990576,179.08012714990576,Detected
3348,-5.75,10.25,0.0,12.424618298566706,-26.14482082133725,179.80348030829697,179.80348030829697,Detected
3349,-5.25,10.25,0.0,11.999621908784446,-28.023814233383472,180.53057598601384,180.53057598601384,Detected
3350,-4.75,10.25,0.0,11.381716557691897,-29.877449915511875,181.24968220326204,181.24968220326204,Detected
3351,-4.25,10.25,0.0,10.561719043776204,-31.66959720277227,181.94662387858926,181.94662387858926,Detected
3352,-3.75,10.25,0.0,9.535949822187527,-33.35928844379631,182.60504083575626,182.60504083575626,Detected
3353,-3.25,10.25,0.0,8.307779779804468,-34.902139695891286,183.2069587543715,183.2069587543715,Detected
3354,-2.75,10.25,0.0,6.888925008888182,-36.25250113968386,183.7337014041911,183.7337014041911,Detected
3355,-2.25,10.25,0.0,5.300229075099963,-37.36625997440195,184.16711352960806,184.16711352960806,Detected
3356,-1.75,10.25,0.0,3.5716823117401657,-38.204066238308606,184.49098839714642,184.49098839714642,Detected
3357,-1.25,10.25,0.0,1.7415044474039287,-38.73460431150818,184.69252071927926,184.69252071927926,Detected
3358,-0.75,10.25,0.0,-0.14573986709554876,-38.937438812110415,184.76355999040518,184.76355999040518,Detected
3359,-0.25,10.25,0.0,-2.041839718258663,-38.80496835554282,184.70144418814698,184.70144418814698,Detected
3360,0.25,10.25,0.0,-3.898123569953216,-38.343143136272104,184.5092577744406,184.5092577744406,Detected
3361,0.75,10.25,0.0,-5.668694512970331,-37.57082009550487,184.195467473588,184.195467473588,Detected
3362,1.25,10.25,0.0,-7.313269028929062,-36.517882526682314,183.77301211640966,183.77301211640966,Detected
3363,1.75,10.25,0.0,-8.799268025578195,-35.22246513989481,183.25802120389096,183.25802120389096,Detected
3364,2.25,10.25,0.0,-10.102973666539963,-33.727743564343335,182.668383977946,182.668383977946,Detected
3365,2.75,10.25,0.0,-11.20974707032472,-32.0787499869672,182.02238079543406,182.02238079543406,Detected
3366,3.25,10.25,0.0,-12.113450782878095,-30.31958465024935,181.33753531630109,181.33753531630109,Detected
3367,3.75,10.25,0.0,-12.815307236620562,-28.491250517471716,180.6297734568997,180.6297734568997,Detected
3368,4.25,10.25,0.0,-13.322446501007343,-26.630192078132545,179.91290610955562,179.91290610955562,Detected
3369,4.75,10.25,0.0,-13.646368391563222,-24.767502099212532,179.19840182274905,179.19840182274905,Detected
3370,5.25,10.25,0.0,-13.801487916340914,-22.92868641314875,178.49538754508194,178.49538754508194,Detected
3371,5.75,10.25,0.0,-13.803869873396849,-21.13384521093031,177.81080741961546,177.81080741961546,Detected
3372,6.25,10.25,0.0,-13.670202320316472,-19.398129527228743,177.14967515311167,177.14967515311167,Detected
3373,6.75,10.25,0.0,-13.41701643936157,-17.73235102428349,176.51536814126868,176.51536814126868,Detected
3374,7.25,10.25,0.0,-13.060133160127434,-16.14365081372665,175.90992615160664,175.90992615160664,Detected
3375,7.75,10.25,0.0,-12.614302632164355,-14.63616128711941,175.3343308049633,175.3343308049633,Detected
3376,8.25,10.25,0.0,-12.092997831855017,-13.211619480754464,174.78875286107953,174.78875286107953,Detected
3377,8.75,10.25,0.0,-11.508324830461955,-11.86990967820725,174.2727620873109,174.2727620873109,Detected
3378,9.25,10.25,0.0,-10.871016771929511,-10.609526671444769,173.7854995783453,173.7854995783453,Detected
3379,9.75,10.25,0.0,-10.190484451468613,-9.427960110964019,173.32581537688887,173.32581537688887,Detected
3380,10.25,10.25,0.0,-9.47490231947748,-8.32200572042433,172.8923757127064,172.8923757127064,Detected
3381,10.75,10.25,0.0,-8.731314092730237,-7.28801186274549,172.48374464851898,172.48374464851898,Detected
3382,11.25,10.25,0.0,-7.965746650401465,-6.322070895581007,172.0984447992501,172.0984447992501,Detected
3383,11.75,10.25,0.0,-7.183324467967264,-5.420164610926733,171.73500133842407,171.73500133842407,Detected
3384,12.25,10.25,0.0,-6.388379573437277,-4.578272301836911,171.39197292751527,171.39197292751527,Detected
3385,12.75,10.25,0.0,-5.584554019557393,-3.792448957925147,171.06797259281288,171.06797259281288,Detected
3386,13.25,10.25,0.0,-4.774893296336863,-3.0588799689051562,170.7616810076923,170.7616810076923,Detected
3387,13.75,10.25,0.0,-3.9619300886454307,-2.373917629337139,170.47185413095897,170.47185413095897,Detected
3388,14.25,10.25,0.0,-3.1477584308313387,-1.7341037548554448,170.19732673274174,170.19732673274174,Detected
3389,14.75,10.25,0.0,-2.334098710546457,-1.1361818630175207,169.93701298166508,169.93701298166508,Detected
3390,15.25,10.25,0.0,-1.5223542050921832,-0.577101650240258,169.68990499242605,169.68990499242605,Detected
3391,15.75,10.25,0.0,-0.7136599436875978,-0.054017898234416,169.4550700048733,169.4550700048733,Detected
3392,-15.75,10.75,0.0,0.9667690879049785,-1.1336203498803819,169.91966041866368,169.91966041866368,Detected
3393,-15.25,10.75,0.0,1.7449652008941248,-1.745248917604776,170.17447732585737,170.17447732585737,Detected
3394,-14.75,10.75,0.0,2.5201228523065247,-2.39792227171573,170.4426207973618,170.4426207973618,Detected
3395,-14.25,10.75,0.0,3.2901768265541644,-3.094529565295478,170.72501627867697,170.72501627867697,Detected
3396,-13.75,10.75,0.0,4.052667213913762,-3.838075740451971,171.02263728019003,171.02263728019003,Detected
3397,-13.25,10.75,0.0,4.804678561072171,-4.631652295334627,171.33649857108247,171.33649857108247,Detected
3398,-12.75,10.75,0.0,5.5427724784595265,-5.478394955514468,171.66764532396115,171.66764532396115,Detected
3399,-12.25,10.75,0.0,6.262914146698996,-6.381424717237956,172.01713692838132,172.01713692838132,Detected
3400,-11.75,10.75,0.0,6.960393789150683,-7.343768070929174,172.3860238867556,172.3860238867556,Detected
3401,-11.25,10.75,0.0,7.629745070273033,-8.368251550416957,172.77531587707819,172.77531587707819,Detected
3402,-10.75,10.75,0.0,8.264663611609992,-9.457365161569163,173.18593872768483,173.18593872768483,Detected
3403,-10.25,10.75,0.0,8.857930463327682,-10.613088845011985,173.61867773433917,173.61867773433917,Detected
3404,-9.75,10.75,0.0,9.401347502282078,-11.836676113554999,174.0741045485159,174.0741045485159,Detected
3405,-9.25,10.75,0.0,9.885694379957386,-13.128389638713557,174.55248485408916,174.55248485408916,Detected
3406,-8.75,10.75,0.0,10.300719799320804,-14.48718521664488,175.0536644193803,175.0536644193803,Detected
3407,-8.25,10.75,0.0,10.635183413985605,-15.910343679666703,175.57693204500242,175.57693204500242,Detected
3408,-7.75,10.75,0.0,10.876968200224614,-17.393055481413796,176.12085971830192,176.12085971830192,Detected
3409,-7.25,10.75,0.0,11.013286159109658,-18.927970410774282,176.68312321593848,176.68312321593848,Detected
3410,-6.75,10.75,0.0,11.031001721645696,-20.504735585020722,177.26031074702155,177.26031074702155,Detected
3411,-6.25,10.75,0.0,10.917095905755097,-22.109558546882827,177.84773312579017,177.84773312579017,Detected
3412,-5.75,10.75,0.0,10.659288397633501,-23.724848209676694,178.43925621234087,178.43925621234087,Detected
3413,-5.25,10.75,0.0,10.2468224445675,-25.329002655183633,179.02718423276139,179.02718423276139,Detected
3414,-4.75,10.75,0.0,9.671397233770984,-26.896425921965058,179.6022295601081,179.6022295601081,Detected
3415,-4.25,10.75,0.0,8.92820394033543,-28.397860811444893,180.1536082317094,180.1536082317094,Detected
3416,-3.75,10.75,0.0,8.01698672722383,-29.80111512126128,180.6692978110713,180.6692978110713,Detected
3417,-3.25,10.75,0.0,6.94301379492198,-31.072228699210342,181.13648216437468,181.13648216437468,Detected
3418,-2.75,10.75,0.0,5.717814830377106,-32.17707528829221,181.54218455365506,181.54218455365506,Detected
3419,-2.25,10.75,0.0,4.359531179133129,-33.0833193332784,181.87405735531257,181.87405735531257,Detected
3420,-1.75,10.75,0.0,2.892744576941666,-33.76256511019173,182.1212589609067,182.1212589609067,Detected
3421,-1.25,10.75,0.0,1.3477050454217416,-34.192463218807944,182.2753153478245,182.2753153478245,Detected
3422,-0.75,10.75,0.0,-0.24103547248207846,-34.35850087446752,182.3308465191595,182.3308465191595,Detected
3423,-0.25,10.75,0.0,-1.83647583124832,-34.25521643998028,182.28604534574768,182.28604534574768,Detected
3424,0.25,10.75,0.0,-3.40130490280951,-33.886650881757376,182.14283047977682,182.14283047977682,Detected
3425,0.75,10.75,0.0,-4.90007064164935,-33.26596663173268,181.90664920896126,181.90664920896126,Detected
3426,1.25,10.75,0.0,-6.301117578203514,-32.41429916906248,181.58596635860243,181.58596635860243,Detected
3427,1.75,10.75,0.0,-7.578079695240693,-31.359023968763907,181.19152543057575,181.19152543057575,Detected
3428,2.25,10.75,0.0,-8.710802106133235,-30.131693418984234,180.73549587947753,180.73549587947753,Detected
3429,2.75,10.75,0.0,-9.685664764309951,-28.765913008318204,180.23062172481497,180.23062172481497,Detected
3430,3.25,10.75,0.0,-10.495369751318197,-27.295389438339367,179.68946580691807,179.68946580691807,Detected
3431,3.75,10.75,0.0,-11.138313608921127,-25.752313816033517,179.12381048135785,179.12381048135785,Detected
3432,4.25,10.75,0.0,-11.617692039179603,-24.16616308543073,178.54423984755948,178.54423984755948,Detected
3433,4.75,10.75,0.0,-11.940480243327064,-22.56293102677035,177.95989869750466,177.95989869750466,Detected
3434,5.25,10.75,0.0,-12.116407931550961,-20.964747446609515,177.3784032661274,177.3784032661274,Detected
3435,5.75,10.75,0.0,-12.157014445464467,-19.389813677979642,176.80586894738633,176.80586894738633,Detected
3436,6.25,10.75,0.0,-12.074835344205834,-17.85257160646763,176.24701848607066,176.24701848607066,Detected
3437,6.75,10.75,0.0,-11.882742792487383,-16.364026719404315,175.7053379173589,175.7053379173589,Detected
3438,7.25,10.75,0.0,-11.593440591237536,-14.932157291599138,175.18325400850483,175.18325400850483,Detected
3439,7.75,10.75,0.0,-11.219100841989967,-13.562356885632255,174.6823141021511,174.6823141021511,Detected
3440,8.25,10.75,0.0,-10.771121862941612,-12.257872477315617,174.20335580498303,174.20335580498303,Detected
3441,8.75,10.75,0.0,-10.259984405508458,-11.020213779659155,173.74665929298118,173.74665929298118,Detected
3442,9.25,10.75,0.0,-9.695183808959255,-9.84951991451587,173.312078966527,173.312078966527,Detected
3443,9.75,10.75,0.0,-9.085218115483183,-8.744877381766674,172.89915389243436,172.89915389243436,Detected
3444,10.25,10.75,0.0,-8.437615357088589,-7.704588618927057,172.50719816138394,172.50719816138394,Detected
3445,10.75,10.75,0.0,-7.758986560979687,-6.726393802669079,172.1353732063438,172.1353732063438,Detected
3446,11.25,10.75,0.0,-7.055094125472784,-5.807650421919177,171.7827445276609,171.7827445276609,Detected
3447,11.75,10.75,0.0,-6.330927901550674,-4.945475985181569,171.4483253164266,171.4483253164266,Detected
3448,12.25,10.75,0.0,-5.590783520976399,-4.136859374368772,171.13110932358032,171.13110932358032,Detected
3449,12.75,10.75,0.0,-4.838339250429455,-3.378746087183308,170.83009506614977,170.83009506614977,Detected
3450,13.25,10.75,0.0,-4.07672897776745,-2.6681021135160825,170.54430317132866,170.54430317132866,Detected
3451,13.75,10.75,0.0,-3.3086099169014753,-2.0019605953729425,170.27278836626527,170.27278836626527,Detected
3452,14.25,10.75,0.0,-2.5362243203968506,-1.3774548063812,170.01464734920532,170.01464734920532,Detected
3453,14.75,10.75,0.0,-1.7614549760925724,-0.7918404045910907,169.76902353835797,169.76902353835797,Detected
3454,15.25,10.75,0.0,-0.9858745886947086,-0.24250938633566382,169.53510949194023,169.53510949194023,Detected
3455,15.75,10.75,0.0,-0.21078935122393447,0.27300229078427063,169.31214762015463,169.31214762015463,Detected
3456,-15.75,11.25,0.0,0.38179891877124633,-0.7506596084726906,169.7439522951567,169.7439522951567,Detected
3457,-15.25,11.25,0.0,1.1218323759394577,-1.3464249285627403,169.9836436042231,169.9836436042231,Detected
3458,-14.75,11.25,0.0,1.8562333948003287,-1.9799365133236793,170.23496439912836,170.23496439912836,Detected
3459,-14.25,11.25,0.0,2.5828410344296246,-2.6535658185635107,170.4986224667617,170.4986224667617,Detected
3460,-13.75,11.25,0.0,3.299126068986058,-3.3697290299506046,170.77534575695145,170.77534575695145,Detected
3461,-13.25,11.25,0.0,4.0021412705100055,-4.130851354463864,171.06587299640213,171.06587299640213,Detected
3462,-12.75,11.25,0.0,4.6884680198408555,-4.939319031358362,171.37094053885028,171.37094053885028,Detected
3463,-12.25,11.25,0.0,5.354160193268185,-5.797416286722597,171.6912644671487,171.6912644671487,Detected
3464,-11.75,11.25,0.0,5.99468689430294,-6.707244092444115,172.0275167882611,172.0275167882611,Detected
3465,-11.25,11.25,0.0,6.604876430178074,-7.670617296635945,172.38029439501898,172.38029439501898,Detected
3466,-10.75,11.25,0.0,7.178865008863308,-8.688936544770536,172.75007932952255,172.75007932952255,Detected
3467,-10.25,11.25,0.0,7.710054986120006,-9.763031522058114,173.13718881808438,173.13718881808438,Detected
3468,-9.75,11.25,0.0,8.191089130865993,-10.892972568656322,173.54171360032305,173.54171360032305,Detected
3469,-9.25,11.25,0.0,8.613849277139854,-12.077848855467368,173.96344334695058,173.96344334695058,Detected
3470,-8.75,11.25,0.0,8.969489793822287,-13.315513298141445,174.40177852818312,174.40177852818312,Detected
3471,-8.25,11.25,0.0,9.248518344834512,-14.602297512344917,174.85562911473528,174.85562911473528,Detected
3472,-7.75,11.25,0.0,9.440938098599368,-15.932704632626054,175.32330207121046,175.32330207121046,Detected
3473,-7.25,11.25,0.0,9.536466380299105,-17.29909392489779,175.80238188483852,175.80238188483852,Detected
3474,-6.75,11.25,0.0,9.524844043326203,-18.691378808450658,176.28961139456968,176.28961139456968,Detected
3475,-6.25,11.25,0.0,9.39624670046987,-20.096768816669496,176.78078387715888,176.78078387715888,Detected
3476,-5.75,11.25,0.0,9.141802455486781,-21.499595277030185,177.2706614036,177.2706614036,Detected
3477,-5.25,11.25,0.0,8.75421009613171,-22.881268477534984,177.75293826462556,177.75293826462556,Detected
3478,-4.75,11.25,0.0,8.228436516650927,-24.220418431785642,178.2202707882482,178.2202707882482,Detected
3479,-4.25,11.25,0.0,7.562453032604197,-25.49326905131592,178.6643947949795,178.6643947949795,Detected
3480,-3.75,11.25,0.0,6.757949257844029,-26.674283479260808,179.07634781762593,179.07634781762593,Detected
3481,-3.25,11.25,0.0,5.820944068294339,-27.737094296295215,179.4468039277037,179.4468039277037,Detected
3482,-2.75,11.25,0.0,4.762201142657326,-28.65569621756446,179.76651437107685,179.76651437107685,Detected
3483,-2.25,11.25,0.0,3.597357497398368,-29.40583415558177,180.02682858922583,180.02682858922583,Detected
3484,-1.75,11.25,0.0,2.3466920060132024,-29.966473575651193,180.2202508071083,180.2202508071083,Detected
3485,-1.25,11.25,0.0,1.0344984233279966,-30.321203613606155,180.3409719206176,180.3409719206176,Detected
3486,-0.75,11.25,0.0,-0.31191994130990275,-30.459407854438712,180.3853099530999,180.3853099530999,Detected
3487,-0.25,11.25,0.0,-1.6635584180562655,-30.377051216538167,180.35199841224969,180.35199841224969,Detected
3488,0.25,11.25,0.0,-2.9911954936647898,-30.076975418419007,180.24228088047838,180.24228088047838,Detected
3489,0.75,11.25,0.0,-4.266896124842565,-29.568662741605042,180.05979863138577,180.05979863138577,Detected
3490,1.25,11.25,0.0,-5.46537359694026,-28.867503790740614,179.81028945723273,179.81028945723273,Detected
3491,1.75,11.25,0.0,-6.565075787509108,-27.993672487996058,179.5011427464319,179.5011427464319,Detected
3492,2.25,11.25,0.0,-7.548909450984814,-26.970756270771496,179.1408722814806,179.1408722814806,Detected
3493,2.75,11.25,0.0,-8.40457331073432,-25.824304218037888,178.7385717727204,178.7385717727204,Detected
3494,3.25,11.25,0.0,-9.124524334953767,-24.58044189233137,178.30341000405065,178.30341000405065,Detected
3495,3.75,11.25,0.0,-9.705641723155457,-23.264667035056945,177.84420659861954,177.84420659861954,Detected
3496,4.25,11.25,0.0,-10.148675177365957,-21.900895894354985,177.36911067547499,177.36911067547499,Detected
3497,4.75,11.25,0.0,-10.457568466795559,-20.51078627041596,176.88538732490994,176.88538732490994,Detected
3498,5.25,11.25,0.0,-10.638740156969412,-19.113327619319186,176.39930356436287,176.39930356436287,Detected
3499,5.75,11.25,0.0,-10.700386173897886,-17.724664210234682,175.91609724361692,175.91609724361692,Detected
3500,6.25,11.25,0.0,-10.651848822884544,-16.3581045098003,175.4400088793128,175.4400088793128,Detected
3501,6.75,11.25,0.0,-10.50307787830657,-15.024266683961258,174.97435651183707,174.97435651183707,Detected
3502,7.25,11.25,0.0,-10.26419369243352,-13.731313480669717,174.52163607490627,174.52163607490627,Detected
3503,7.75,11.25,0.0,-9.94515080957372,-12.485236927453753,174.0836332538398,174.0836332538398,Detected
3504,8.25,11.25,0.0,-9.555493202142406,-11.290161938312194,173.66153651559372,173.66153651559372,Detected
3505,8.75,11.25,0.0,-9.104188301207609,-10.148646478319945,173.25604437190708,173.25604437190708,Detected
3506,9.25,11.25,0.0,-8.59952560909166,-9.06196345760177,172.86746272063894,172.86746272063894,Detected
3507,9.75,11.25,0.0,-8.049066012190014,-8.030355613410476,172.49579022474057,172.49579022474057,Detected
3508,10.25,11.25,0.0,-7.459629255860755,-7.053259235370483,172.14079118563822,172.14079118563822,Detected
3509,10.75,11.25,0.0,-6.837308871243939,-6.129495835869484,171.80205634180652,171.80205634180652,Detected
3510,11.25,11.25,0.0,-6.187505798894575,-5.257433000986306,171.47905259971378,171.47905259971378,Detected
3511,11.75,11.25,0.0,-5.514973814000305,-4.435116928955176,171.1711629869395,171.1711629869395,Detected
3512,12.25,11.25,0.0,-4.823871506904234,-3.6603798082992056,170.87771820800322,170.87771820800322,Detected
3513,12.75,11.25,0.0,-4.117816960954161,-2.9309253996464775,170.5980211454799,170.5980211454799,Detected
3514,13.25,11.25,0.0,-3.399942395158631,-2.244396118210349,170.33136554198697,170.33136554198697,Detected
3515,13.75,11.25,0.0,-2.672946922390062,-1.598424680848126,170.07704995764743,170.07704995764743,Detected
3516,14.25,11.25,0.0,-1.9391462465007616,-0.9906730618245223,169.83438794200575,169.83438794200575,Detected
3517,14.75,11.25,0.0,-1.2005186221221076,-0.41886115070507934,169.602715215541,169.602715215541,Detected
3518,15.25,11.25,0.0,-0.45874675963518446,0.11921284474767795,169.38139451250515,169.38139451250515,Detected
3519,15.75,11.25,0.0,0.2847443894867122,0.6256585340843438,169.16981862253778,169.16981862253778,Detected
3520,-15.75,11.75,0.0,-0.1881666265996495,-0.3406423203625529,169.5708886815003,169.5708886815003,Detected
3521,-15.25,11.75,0.0,0.5167294422311461,-0.9194372752141158,169.79632417437318,169.79632417437318,Detected
3522,-14.75,11.75,0.0,1.213860109850761,-1.532801062701107,170.03187838547132,170.03187838547132,Detected
3523,-14.25,11.75,0.0,1.9010299575016383,-2.1826464440166795,170.2780801288664,170.2780801288664,Detected
3524,-13.75,11.75,0.0,2.575707014458292,-2.8708755639328807,170.5354583742484,170.5354583742484,Detected
3525,-13.25,11.75,0.0,3.234983468321148,-3.5993410802038834,170.80453174740308,170.80453174740308,Detected
3526,-12.75,11.75,0.0,3.8755349656206155,-4.369796285478995,171.08579473217728,171.08579473217728,Detected
3527,-12.25,11.75,0.0,4.493579728149653,-5.183832151571398,171.37969985847994,171.37969985847994,Detected
3528,-11.75,11.75,0.0,5.084839274493912,-6.042799081977325,171.68663507758347,171.68663507758347,Detected
3529,-11.25,11.75,0.0,5.6445032486937246,-6.94771111939389,172.00689546332492,172.00689546332492,Detected
3530,-10.75,11.75,0.0,6.167201734100667,-7.899130490120773,172.34064836862902,172.34064836862902,Detected
3531,-10.25,11.75,0.0,6.646989466943557,-8.897030763104992,172.68789122598182,172.68789122598182,Detected
3532,-9.75,11.75,0.0,7.077347541025624,-9.940637674503254,173.04840136741808,173.04840136741808,Detected
3533,-9.25,11.75,0.0,7.451209449121361,-11.028247950220178,173.42167759225867,173.42167759225867,Detected
3534,-8.75,11.75,0.0,7.761019526652384,-12.157028397976404,173.80687380493916,173.80687380493916,Detected
3535,-8.25,11.75,0.0,7.998832859626277,-13.322800271887557,174.2027259326438,174.2027259326438,Detected
3536,-7.75,11.75,0.0,8.156466217210893,-14.51981753324203,174.6074745806156,174.6074745806156,Detected
3537,-7.25,11.75,0.0,8.225709193306606,-15.740552136522703,175.01878751264024,175.01878751264024,Detected
3538,-6.75,11.75,0.0,8.198603027575617,-16.975504683725177,175.43368801959522,175.43368801959522,Detected
3539,-6.25,11.75,0.0,8.067791017925424,-18.213064277769355,175.84849742667225,175.84849742667225,Detected
3540,-5.75,11.75,0.0,7.826938577754891,-19.439446391187825,176.2588021203688,176.2588021203688,Detected
3541,-5.25,11.75,0.0,7.471212578311396,-20.63874087966362,176.6594570921341,176.6594570921341,Detected
3542,-4.75,11.75,0.0,6.997798816761743,-21.7931024081573,177.04463850567308,177.04463850567308,Detected
3543,-4.25,11.75,0.0,6.406424076828259,-22.883110859280663,177.40795649079308,177.40795649079308,Detected
3544,-3.75,11.75,0.0,5.699836947334957,-23.888318331934048,177.74263560527373,177.74263560527373,Detected
3545,-3.25,11.75,0.0,4.884191830875487,-24.787981489048224,178.0417638628354,178.0417638628354,Detected
3546,-2.75,11.75,0.0,3.9692764707369697,-25.561954075561765,178.29860212906488,178.29860212906488,Detected
3547,-2.25,11.75,0.0,2.9685278320507478,-26.191687127255662,178.50693509652777,178.50693509652777,Detected
3548,-1.75,11.75,0.0,1.8987962232089644,-26.66125839452355,178.66143483850848,178.66143483850848,Detected
3549,-1.25,11.75,0.0,0.7798429817385323,-26.958333746628966,178.7580005414809,178.7580005414809,Detected
3550,-0.75,11.75,0.0,-0.3664100487079282,-27.074957550708366,178.79403577638917,178.79403577638917,Detected
3551,-0.25,11.75,0.0,-1.516826233641416,-27.008079941400926,178.76862907357673,178.76862907357673,Detected
3552,0.25,11.75,0.0,-2.648112453363417,-26.75975654181447,178.6826145469048,178.6826145469048,Detected
3553,0.75,11.75,0.0,-3.7378897007239953,-26.336996293739187,178.53850500953865,178.53850500953865,Detected
3554,1.25,11.75,0.0,-4.76567404877259,-25.751277883082288,178.34030722559973,178.34030722559973,Detected
3555,1.75,11.75,0.0,-5.713680830557388,-25.0177957473138,178.0932439881563,178.0932439881563,Detected
3556,2.25,11.75,0.0,-6.567392395131681,-24.15452507668198,177.8034176327805,177.8034176327805,Detected
3557,2.75,11.75,0.0,-7.315863726631208,-23.181207237786907,177.47745292677678,177.47745292677678,Detected
3558,3.25,11.75,0.0,-7.951773479866052,-22.11835254268817,177.1221542708481,177.1221542708481,Detected
3559,3.75,11.75,0.0,-8.471254793221757,-20.986339780618387,176.7442044963404,176.7442044963404,Detected
3560,4.25,11.75,0.0,-8.873557252120152,-19.80466696227675,176.34992254677059,176.34992254677059,Detected
3561,4.75,11.75,0.0,-9.16059799253819,-18.591381084278357,175.94508727887143,175.94508727887143,Detected
3562,5.25,11.75,0.0,-9.336457701383564,-17.362691003248205,175.53482615277082,175.53482615277082,Detected
3563,5.75,11.75,0.0,-9.406868929885265,-16.132749476482005,175.12356157763872,175.12356157763872,Detected
3564,6.25,11.75,0.0,-9.378732665985689,-14.91357899392144,174.71500428561498,174.71500428561498,Detected
3565,6.75,11.75,0.0,-9.259687045087865,-13.715110701083688,174.3121819531283,174.3121819531283,Detected
3566,7.25,11.75,0.0,-9.05774118132071,-12.545305203337751,173.91749178243433,173.91749178243433,Detected
3567,7.75,11.75,0.0,-8.780978332230772,-11.410326784440894,173.5327672536212,173.5327672536212,Detected
3568,8.25,11.75,0.0,-8.437326267482897,-10.314747112097917,173.15935121300825,173.15935121300825,Detected
3569,8.75,11.75,0.0,-8.034388649161503,-9.261759690664382,172.79816947997318,172.79816947997318,Detected
3570,9.25,11.75,0.0,-7.579329059525188,-8.253391367818416,172.44980098804714,172.44980098804714,Detected
3571,9.75,11.75,0.0,-7.078798557940988,-7.290701644162122,172.11454199437622,172.11454199437622,Detected
3572,10.25,11.75,0.0,-6.53889786162614,-6.373964169385113,171.79246307162842,171.79246307162842,Detected
3573,10.75,11.75,0.0,-5.965166043352964,-5.502827601827282,171.4834584518957,171.4834584518957,Detected
3574,11.25,11.75,0.0,-5.362588732851905,-4.676455030828581,171.18728786893325,171.18728786893325,Detected
3575,11.75,11.75,0.0,-4.735619995409962,-3.893642535559957,170.90361140594794,170.90361140594794,Detected
3576,12.25,11.75,0.0,-4.08821321074958,-3.152918314493825,170.63201805375385,170.63201805375385,Detected
3577,12.75,11.75,0.0,-3.423857313415283,-2.4526242939630456,170.37204876410635,170.37204876410635,Detected
3578,13.25,11.75,0.0,-2.745615649147256,-1.7909823235976114,170.1232147871987,170.1232147871987,Detected
3579,13.75,11.75,0.0,-2.0561654424931928,-1.1661470802267186,169.88501204223368,169.88501204223368,Detected
3580,14.25,11.75,0.0,-1.3578364650275156,-0.5762476969039088,169.65693219745478,169.65693219745478,Detected
3581,14.75,11.75,0.0,-0.6526479590970516,-0.019419962355903788,169.43847105718342,169.43847105718342,Detected
3582,15.25,11.75,0.0,0.05765677291241905,0.5061692676258543,169.2291347716998,169.2291347716998,Detected
3583,15.75,11.75,0.0,0.7715784404734526,1.002304018313669,169.02844430310077,169.02844430310077,Detected
3584,-15.75,12.25,0.0,-0.7421241094801241,0.09412667360667377,169.4007713919586,169.4007713919586,Detected
3585,-15.25,12.25,0.0,-0.06945083222829992,-0.46688776641566787,169.61280096165632,169.61280096165632,Detected
3586,-14.75,12.25,0.0,0.5937332508687931,-1.0594398185644,169.83360877189796,169.83360877189796,Detected
3587,-14.25,12.25,0.0,1.2452460967121302,-1.685040048141786,170.06357757054914,170.06357757054914,Detected
3588,-13.75,12.25,0.0,1.8826034281060025,-2.3451464548171295,170.3030763610236,170.3030763610236,Detected
3589,-13.25,12.25,0.0,2.5029888006064764,-3.041124862542064,170.55244975179633,170.55244975179633,Detected
3590,-12.75,12.25,0.0,3.1032239537751973,-3.7741997815119945,170.81200453549394,170.81200453549394,Detected
3591,-12.25,12.25,0.0,3.679740779853568,-4.545394283407818,171.0819930037449,171.0819930037449,Detected
3592,-11.75,12.25,0.0,4.2285567222389435,-5.355457437929373,171.36259248063786,171.36259248063786,Detected
3593,-11.25,12.25,0.0,4.745255992698096,-6.204777981242183,171.6538805632262,171.6538805632262,Detected
3594,-10.75,12.25,0.0,5.224979667146322,-7.093283179128075,171.95580561137064,171.95580561137064,Detected
3595,-10.25,12.25,0.0,5.662428467878363,-8.020322375316582,172.26815215490163,172.26815215490163,Detected
3596,-9.75,12.25,0.0,6.0518828258679696,-8.984535554027056,172.5905011079926,172.5905011079926,Detected
3597,-9.25,12.25,0.0,6.387245571994326,-9.983708477449074,172.9221850364805,172.9221850364805,Detected
3598,-8.75,12.25,0.0,6.6621132204024,-11.014617657269797,173.26223923978083,173.26223923978083,Detected
3599,-8.25,12.25,0.0,6.869882124920469,-12.072870637431457,173.60935012249223,173.60935012249223,Detected
3600,-7.75,12.25,0.0,7.003895597689979,-13.152749798199997,173.96180323980957,173.96180323980957,Detected
3601,-7.25,12.25,0.0,7.057637124206889,-14.247071054675278,174.31743450862317,174.31743450862317,Detected
3602,-6.75,12.25,0.0,7.02497280438479,-15.347072190736831,174.67358930411083,174.67358930411083,Detected
3603,-6.25,12.25,0.0,6.900442831704655,-16.442348749937924,175.02709539293505,175.02709539293505,Detected
3604,-5.75,12.25,0.0,6.679597016834174,-17.520857801118872,175.3742566768801,175.3742566768801,Detected
3605,-5.25,12.25,0.0,6.359363086444537,-18.569010723779847,175.71087525127868,175.71087525127868,Detected
3606,-4.75,12.25,0.0,5.93842906774435,-19.57187450994055,176.0323089668631,176.0323089668631,Detected
3607,-4.25,12.25,0.0,5.417613246244864,-20.513496092224656,176.333570178009,176.333570178009,Detected
3608,-3.75,12.25,0.0,4.800188159099153,-21.3773553040797,176.60946840537258,176.60946840537258,Detected
3609,-3.25,12.25,0.0,4.092120450316982,-22.146939274762687,176.85479519168817,176.85479519168817,Detected
3610,-2.75,12.25,0.0,3.3021879156272527,-22.80641527601202,177.06454380477766,177.06454380477766,Detected
3611,-2.25,12.25,0.0,2.4419401916711423,-23.34136221714407,177.23415033036417,177.23415033036417,Detected
3612,-1.75,12.25,0.0,1.525481012735923,-23.739506026893835,177.35973721271927,177.35973721271927,Detected
3613,-1.25,12.25,0.0,0.569067218142836,-23.99139438927809,177.43833668849103,177.43833668849103,Detected
3614,-0.75,12.25,0.0,-0.40945930113836976,-24.090944707653698,177.46807097594922,177.46807097594922,Detected
3615,-0.25,12.25,0.0,-1.3913691409670537,-24.035807446736822,177.44826914642186,177.44826914642186,Detected
3616,0.25,12.25,0.0,-2.3578170644521483,-23.82750482173048,177.37950716139542,177.37950716139542,Detected
3617,0.75,12.25,0.0,-3.2906219762799234,-23.471329605159852,177.263566587855,177.263566587855,Detected
3618,1.25,12.25,0.0,-4.172988340411744,-22.976016288866244,177.10331733270172,177.10331733270172,Detected
3619,1.75,12.25,0.0,-4.990110869202866,-22.353221983918594,176.9025384975773,176.9025384975773,Detected
3620,2.25,12.25,0.0,-5.729620751845214,-21.61687290009435,176.66569756350813,176.66569756350813,Detected
3621,2.75,12.25,0.0,-6.3818524446592075,-20.78244137717568,176.39771072220404,176.39771072220404,Detected
3622,3.25,12.25,0.0,-6.939931151192233,-19.866217785843432,176.10370624102922,176.10370624102922,Detected
3623,3.75,12.25,0.0,-7.399699108888634,-18.884632742554828,175.78880901544068,175.78880901544068,Detected
3624,4.25,12.25,0.0,-7.759511402596226,-17.85367084189365,175.4579590526285,175.4579590526285,Detected
3625,4.75,12.25,0.0,-8.019938445817347,-16.78840075461646,175.11577076209142,175.11577076209142,Detected
3626,5.25,12.25,0.0,-8.183412989622328,-15.702630922825717,174.76643459283466,174.76643459283466,Detected
3627,5.75,12.25,0.0,-8.253855865542116,-14.608687190378227,174.41365839010874,174.41365839010874,Detected
3628,6.25,12.25,0.0,-8.236308306765803,-13.517299508575672,174.0606430806388,174.0606430806388,Detected
3629,6.75,12.25,0.0,-8.136591210932124,-12.437579464942822,173.71008589330697,173.71008589330697,Detected
3630,7.25,12.25,0.0,-7.961004354569667,-11.37706829513613,173.36420401759133,173.36420401759133,Detected
3631,7.75,12.25,0.0,-7.716072161368405,-10.341835458247605,173.0247720818806,173.0247720818806,Detected
3632,8.25,12.25,0.0,-7.408337567795599,-9.33660991632001,172.69316776764668,172.69316776764668,Detected
3633,8.75,12.25,0.0,-7.044201909513859,-8.364929195692058,172.3704210165412,172.3704210165412,Detected
3634,9.25,12.25,0.0,-6.629806443468708,-7.429294518351711,172.05726342414323,172.05726342414323,Detected
3635,9.75,12.25,0.0,-6.1709498950965544,-6.53132337573236,171.75417545335236,171.75417545335236,Detected
3636,10.25,12.25,0.0,-5.673036007092396,-5.671893630978346,171.46142996253374,171.46142996253374,Detected
3637,10.75,12.25,0.0,-5.141045214917937,-4.85127547451551,171.179131224714,171.179131224714,Detected
3638,11.25,12.25,0.0,-4.5795250702656345,-4.069249302730752,170.90724911768882,170.90724911768882,Detected
3639,11.75,12.25,0.0,-3.992594712506353,-3.3252088792953893,170.64564851764467,170.64564851764467,Detected
3640,12.25,12.25,0.0,-3.3839594309122916,-2.618250038025162,170.39411415553997,170.39411415553997,Detected
3641,12.75,12.25,0.0,-2.7569320904802046,-1.9472457716427702,170.15237133149205,170.15237133149205,Detected
3642,13.25,12.25,0.0,-2.1144588632376617,-1.310908893293052,169.92010294412123,169.92010294412123,Detected
3643,13.75,12.25,0.0,-1.4591472939851304,-0.7078436238930012,169.69696331335348,169.69696331335348,Detected
3644,14.25,12.25,0.0,-0.7932952230870646,-0.13658749823511776,169.48258925403653,169.48258925403653,Detected
3645,14.75,12.25,0.0,-0.11891949631798396,0.40435505708062996,169.2766088336044,169.2766088336044,Detected
3646,15.25,12.25,0.0,0.562216285767678,0.916486214325793,169.07864819435932,169.07864819435932,Detected
3647,15.75,12.25,0.0,1.2485754715975146,1.4012941622827972,168.88833678345497,168.88833678345497,Detected
3648,-15.75,12.75,0.0,-1.2793371790590329,0.5514350597238309,169.2338387602746,169.2338387602746,Detected
3649,-15.25,12.75,0.0,-0.6361046611367419,0.008751735813138551,169.43328522509577,169.43328522509577,Detected
3650,-14.75,12.75,0.0,-0.003725610938051367,-0.5626012925264817,169.64032397802941,169.64032397802941,Detected
3651,-14.25,12.75,0.0,0.6156677073314283,-1.163785354973006,169.85521946880166,169.85521946880166,Detected
3652,-13.75,12.75,0.0,1.2196756843250447,-1.795878474224888,170.0782131574045,170.0782131574045,Detected
3653,-13.25,12.75,0.0,1.805609552237513,-2.459836715785015,170.30951331620452,170.30951331620452,Detected
3654,-12.75,12.75,0.0,2.3704710551872097,-3.1564475257365934,170.54928257842798,170.54928257842798,Detected
3655,-12.25,12.75,0.0,2.9109349265345172,-3.886274100166456,170.79762291501186,170.79762291501186,Detected
3656,-11.75,12.75,0.0,3.423335883058657,-4.6495899316842175,171.05455773406197,171.05455773406197,Detected
3657,-11.25,12.75,0.0,3.903662288244342,-5.446302890648948,171.32001083595105,171.32001083595105,Detected
3658,-10.75,12.75,0.0,4.347559124350979,-6.275868562362579,171.59378204497452,171.59378204497452,Detected
3659,-10.25,12.75,0.0,4.750343418225352,-7.13719311900542,171.87551947913514,171.87551947913514,Detected
3660,-9.75,12.75,0.0,5.107035747917168,-8.028526804743805,172.16468863898277,172.16468863898277,Detected
3661,-9.25,12.75,0.0,5.412411849693894,-8.947350195698,172.46053880621164,172.46053880621164,Detected
3662,-8.75,12.75,0.0,5.661078556549504,-9.890256792999319,172.76206766167937,172.76206766167937,Detected
3663,-8.25,12.75,0.0,5.847578207536066,-10.852837216358632,173.0679855629355,173.0679855629355,Detected
3664,-7.75,12.75,0.0,5.966525125286265,-11.82957224206553,173.37668156123627,173.37668156123627,Detected
3665,-7.25,12.75,0.0,6.012776602279832,-12.81374405594145,173.68619395292112,173.68619395292112,Detected
3666,-6.75,12.75,0.0,5.981638907193021,-13.797377162174483,173.99418889396355,173.99418889396355,Detected
3667,-6.25,12.75,0.0,5.869106002222987,-14.771222084754742,174.29795124866155,174.29795124866155,Detected
3668,-5.75,12.75,0.0,5.672124927771989,-15.72479590169754,174.59439227105958,174.59439227105958,Detected
3669,-5.25,12.75,0.0,5.388877283651343,-16.646493251422942,174.88007872622998,174.88007872622998,Detected
3670,-4.75,12.75,0.0,5.019061257242187,-17.523779236181195,175.15128748580162,175.15128748580162,Detected
3671,-4.25,12.75,0.0,4.564153801849097,-18.34347119171176,175.40408828767488,175.40408828767488,Detected
3672,-3.75,12.75,0.0,4.027628685107929,-19.092109431427915,175.63445517229212,175.63445517229212,Detected
3673,-3.25,12.75,0.0,3.4151041949643823,-19.756408039801634,175.83840413348386,175.83840413348386,Detected
3674,-2.75,12.75,0.0,2.7343952934805626,-20.323766369448435,176.0121510271301,176.0121510271301,Detected
3675,-2.25,12.75,0.0,1.9954496688626073,-20.78281142787504,176.15228021146993,176.15228021146993,Detected
3676,-1.75,12.75,0.0,1.2101556444323842,-21.123932605482242,176.25591138454257,176.25591138454257,Detected
3677,-1.25,12.75,0.0,0.3920216921162031,-21.33976510069909,176.32085031373472,176.32085031373472,Detected
3678,-0.75,12.75,0.0,-0.44425902589906996,-21.425578524607356,176.34570918933898,176.34570918933898,Detected
3679,-0.25,12.75,0.0,-1.283332161569242,-21.37953328899146,176.32998443216346,176.32998443216346,Detected
3680,0.25,12.75,0.0,-2.1097558025760317,-21.202779144425875,176.2740838269347,176.2740838269347,Detected
3681,0.75,12.75,0.0,-2.9085798389771464,-20.899386051481248,176.17930022461962,176.17930022461962,Detected
3682,1.25,12.75,0.0,-3.665886064852806,-20.47611495017637,176.04773488990475,176.04773488990475,Detected
3683,1.75,12.75,0.0,-4.3692492768886,-19.94205206930026,175.88217883119685,175.88217883119685,Detected
3684,2.25,12.75,0.0,-5.008089758913341,-19.308142657280086,175.6859643008099,175.6859643008099,Detected
3685,2.75,12.75,0.0,-5.5739005841475135,-18.58666676843446,175.4628005605714,175.4628005605714,Detected
3686,3.25,12.75,0.0,-6.060346832197646,-17.790700549086466,175.21660789696472,175.21660789696472,Detected
3687,3.75,12.75,0.0,-6.463245997025605,-16.933602018507422,174.95136204548405,174.95136204548405,Detected
3688,4.25,12.75,0.0,-6.780448040157497,-16.028552127978475,174.67095821479515,174.67095821479515,Detected
3689,4.75,12.75,0.0,-7.011639010416821,-15.088171759672969,174.37910044840197,174.37910044840197,Detected
3690,5.25,12.75,0.0,-7.158093954424127,-14.124225053151827,174.07921870646285,174.07921870646285,Detected
3691,5.75,12.75,0.0,-7.22240359757581,-13.147410382699622,173.7744132240694,173.7744132240694,Detected
3692,6.25,12.75,0.0,-7.208195899276761,-12.167233270094385,173.46742362431726,173.46742362431726,Detected
3693,6.75,12.75,0.0,-7.1198690500875035,-11.191950799568378,173.1606189859759,173.1606189859759,Detected
3694,7.25,12.75,0.0,-6.962347625984866,-10.22857458535911,172.8560044994052,172.8560044994052,Detected
3695,7.75,12.75,0.0,-6.740869070556989,-9.28291865267747,172.5552403379232,172.5552403379232,Detected
3696,8.25,12.75,0.0,-6.460803821454516,-8.359679241859183,172.25966874492562,172.25966874492562,Detected
3697,8.75,12.75,0.0,-6.127509403735255,-7.462535047102729,171.97034593265116,171.97034593265116,Detected
3698,9.25,12.75,0.0,-5.74621668867445,-6.59425833338568,171.6880760647568,171.6880760647568,Detected
3699,9.75,12.75,0.0,-5.3219451725149955,-5.756829420323818,171.41344526669945,171.41344526669945,Detected
3700,10.25,12.75,0.0,-4.859443422648492,-4.951548961535607,171.14685421295485,171.14685421295485,Detected
3701,10.75,12.75,0.0,-4.36315061252491,-4.179144154948834,170.88854834845182,170.88854834845182,Detected
3702,11.25,12.75,0.0,-3.8371751754072156,-3.4398664364144165,170.63864520710263,170.63864520710263,Detected
3703,11.75,12.75,0.0,-3.2852869268733462,-2.733579326449523,170.39715859583947,170.39715859583947,Detected
3704,12.25,12.75,0.0,-2.710919440360284,-2.0598359396393358,170.16401963209051,170.16401963209051,Detected
3705,12.75,12.75,0.0,-2.1171799381598335,-1.417946265013402,169.93909476909988,169.93909476909988,Detected
3706,13.25,12.75,0.0,-1.5068644346820517,-0.8070347271588152,169.7222010340665,169.7222010340665,Detected
3707,13.75,12.75,0.0,-0.8824763100294832,-0.22608878462774248,169.5131187532315,169.5131187532315,Detected
3708,14.25,12.75,0.0,-0.2462468840310754,0.3260005473080536,169.31160205794828,169.31160205794828,Detected
3709,14.75,12.75,0.0,0.3998431035785002,0.8504053166608655,169.11738746008706,169.11738746008706,Detected
3710,15.25,12.75,0.0,1.0540419200575677,1.3483334750434817,168.93020077401172,168.93020077401172,Detected
3711,15.75,12.75,0.0,1.7148057590392047,1.8210070646180097,168.7497626372051,168.7497626372051,Detected
3712,-15.75,13.25,0.0,-1.7993033979381963,1.0291781907876965,169.0702733138563,169.0702733138563,Detected
3713,-15.25,13.25,0.0,-1.1828771452674656,0.5051524542435883,169.25792718839466,169.25792718839466,Detected
3714,-14.75,13.25,0.0,-0.5783557026359178,-0.0448488163912617,169.45212676134713,169.45212676134713,Detected
3715,-14.25,13.25,0.0,0.012205235743759485,-0.6216865042365793,169.65304144407253,169.65304144407253,Detected
3716,-13.75,13.25,0.0,0.5865166700317744,-1.226116656041014,169.86081191169322,169.86081191169322,Detected
3717,-13.25,13.25,0.0,1.14204133286043,-1.8587539193760485,170.0755407018815,170.0755407018815,Detected
3718,-12.75,13.25,0.0,1.6759810028874422,-2.520028414147179,170.29728103390306,170.29728103390306,Detected
3719,-12.25,13.25,0.0,2.18526733154497,-3.210135476300527,170.5260236580967,170.5260236580967,Detected
3720,-11.75,13.25,0.0,2.6665577191759997,-3.9289778666704156,170.7616815803398,170.7616815803398,Detected
3721,-11.25,13.25,0.0,3.1162380999239248,-4.6761002898033555,171.0040725609431,171.0040725609431,Detected
3722,-10.75,13.25,0.0,3.5304348283371034,-5.450616445139826,171.25289938288563,171.25289938288563,Detected
3723,-10.25,13.25,0.0,3.9050381760258106,-6.251129361927989,171.5077280196812,171.5077280196812,Detected
3724,-9.75,13.25,0.0,4.235740205619945,-7.075646476519185,171.76796402708948,171.76796402708948,Detected
3725,-9.25,13.25,0.0,4.518089934293931,-7.92149181102734,172.03282773264746,172.03282773264746,Detected
3726,-8.75,13.25,0.0,4.747568660804538,-8.785218710295066,172.30132912151902,172.30132912151902,Detected
3727,-8.25,13.25,0.0,4.919688017360947,-9.662527860421578,172.5722436934057,172.5722436934057,Detected
3728,-7.75,13.25,0.0,5.030112626789541,-10.548196689146831,172.84409099969912,172.84409099969912,Detected
3729,-7.25,13.25,0.0,5.074808095932341,-11.436027618188254,173.11511801059842,173.11511801059842,Detected
3730,-6.75,13.25,0.0,5.050213383908056,-12.318823833879113,173.38328988148606,173.38328988148606,Detected
3731,-6.25,13.25,0.0,4.953434311077979,-13.188402023323231,173.64629098639602,173.64629098639602,Detected
3732,-5.75,13.25,0.0,4.782452168761713,-14.035651609910053,173.90153920018076,173.90153920018076,Detected
3733,-5.25,13.25,0.0,4.536338199870371,-14.85064909659055,174.1462162075512,174.1462162075512,Detected
3734,-4.75,13.25,0.0,4.215461439804833,-15.622833912547936,174.3773160198863,174.3773160198863,Detected
3735,-4.25,13.25,0.0,3.821674467147935,-16.341248473609582,174.59171280113816,174.59171280113816,Detected
3736,-3.75,13.25,0.0,3.3584595706422826,-16.99484002134321,174.78624754216068,174.78624754216068,Detected
3737,-3.25,13.25,0.0,2.831017297654383,-17.57281547854029,174.95783115003468,174.95783115003468,Detected
3738,-2.75,13.25,0.0,2.2462808541794104,-18.0650336537573,175.103559333989,175.103559333989,Detected
3739,-2.25,13.25,0.0,1.6128437103019806,-18.462412543464428,175.22083255112733,175.22083255112733,Detected
3740,-1.75,13.25,0.0,0.9407940085532276,-18.7573243245246,175.3074726043356,175.3074726043356,Detected
3741,-1.25,13.25,0.0,0.24145749782165823,-18.943948004997708,175.361826624216,175.361826624216,Detected
3742,-0.75,13.25,0.0,-0.47294021641406536,-19.018550460210427,175.38284939923727,175.38284939923727,Detected
3743,-0.25,13.25,0.0,-1.1896725874860474,-18.97967107852198,175.37015646386286,175.37015646386286,Detected
3744,0.25,13.25,0.0,-1.8959456931556145,-18.82819316686597,175.32404290510274,175.32404290510274,Detected
3745,0.75,13.25,0.0,-2.579335870334124,-18.56729562515859,175.24546614720845,175.24546614720845,Detected
3746,1.25,13.25,0.0,-3.2282004216035007,-18.202289703318804,175.13599454269018,175.13599454269018,Detected
3747,1.75,13.25,0.0,-3.8320336905719543,-17.740356203249434,174.99772685768298,174.99772685768298,Detected
3748,2.25,13.25,0.0,-4.381747210713494,-17.190206756484415,174.83319020650114,174.83319020650114,Detected
3749,2.75,13.25,0.0,-4.869861025155305,-16.56169776065471,174.64522536297346,174.64522536297346,Detected
3750,3.25,13.25,0.0,-5.2906022900559995,-15.865426809549104,174.43686854813112,174.43686854813112,Detected
3751,3.75,13.25,0.0,-5.639915608296699,-15.11233929676964,174.2112379205646,174.2112379205646,Detected
3752,4.25,13.25,0.0,-5.9153961842103016,-14.313368102035778,173.97143134829813,173.97143134829813,Detected
3753,4.75,13.25,0.0,-6.116161284449176,-13.479122951382928,173.7204399846194,173.7204399846194,Detected
3754,5.25,13.25,0.0,-6.242677526498801,-12.619639268326514,173.46108006297007,173.46108006297007,Detected
3755,5.75,13.25,0.0,-6.296561454886653,-11.744190007473463,173.195943423726,173.195943423726,Detected
3756,6.25,13.25,0.0,-6.28036920339091,-10.861158717885774,172.9273657862594,172.9273657862594,Detected
3757,6.75,13.25,0.0,-6.197388360923248,-9.977968227627956,172.65741073215716,172.65741073215716,Detected
3758,7.25,13.25,0.0,-6.051442016192101,-9.10105692311549,172.38786677422806,172.38786677422806,Detected
3759,7.75,13.25,0.0,-5.84671180266901,-8.235893465771015,172.12025467849423,172.12025467849423,Detected
3760,8.25,13.25,0.0,-5.587583914956592,-7.3870206839109445,171.8558422843806,171.8558422843806,Detected
3761,8.75,13.25,0.0,-5.278519702363143,-6.558120006126287,171.59566434343435,171.59566434343435,Detected
3762,9.25,13.25,0.0,-4.923950632325798,-5.752088881213262,171.34054527728065,171.34054527728065,Detected
3763,9.75,13.25,0.0,-4.528196140987046,-4.971124923085053,171.09112316906933,171.09112316906933,Detected
3764,10.25,13.25,0.0,-4.095402088325294,-4.216811852722533,170.84787371237738,170.84787371237738,Detected
3765,10.75,13.25,0.0,-3.6294971197484593,-3.4902035601054324,170.6111332028061,170.6111332028061,Detected
3766,11.25,13.25,0.0,-3.1341641130830755,-2.7919037101820394,170.3811199672467,170.3811199672467,Detected
3767,11.75,13.25,0.0,-2.61282397171059,-2.122139235662201,170.15795387533763,170.15795387533763,Detected
3768,12.25,13.25,0.0,-2.0686292369173827,-1.4808267906184827,169.9416737663367,169.9416737663367,Detected
3769,12.75,13.25,0.0,-1.5044652779453471,-0.8676317962665255,169.73225276362183,169.73225276362183,Detected
3770,13.25,13.25,0.0,-0.9229571338900411,-0.28202011580283726,169.52961154752157,169.52961154752157,Detected
3771,13.75,13.25,0.0,-0.32648039640637827,0.2766973268268891,169.3336297163485,169.3336297163485,Detected
3772,14.25,13.25,0.0,0.2828251811167615,0.8093264913305888,169.14415540348364,169.14415540348364,Detected
3773,14.75,13.25,0.0,0.9030403959359845,1.316758135719454,168.96101333378013,168.96101333378013,Detected
3774,15.25,13.25,0.0,1.5324504460264339,1.7999410650880467,168.78401150583952,168.78401150583952,Detected
3775,15.75,13.25,0.0,2.1695285379376705,2.2598600758428735,168.61294667945688,168.61294667945688,Detected
3776,-15.75,13.75,0.0,-2.3017228263121177,1.525369232430211,168.9102089966409,168.9102089966409,Detected
3777,-15.25,13.75,0.0,-1.7096250769477115,1.0201363201993696,169.08682490772753,169.08682490772753,Detected
3778,-14.75,13.75,0.0,-1.1302135395373236,0.491443318243505,169.26906495871376,169.26906495871376,Detected
3779,-14.25,13.75,0.0,-0.5654484777637259,-0.061314511236198535,169.45702287962015,169.45702287962015,Detected
3780,-13.75,13.75,0.0,-0.017491222283482728,-0.6386229810436294,169.65076050036689,169.65076050036689,Detected
3781,-13.25,13.75,0.0,0.5112865065938018,-1.2408151934979543,169.85029931904697,169.85029931904697,Detected
3782,-12.75,13.75,0.0,1.0182960202757543,-1.8680325038138799,170.05561069929323,170.05561069929323,Detected
3783,-12.25,13.75,0.0,1.5007289380059874,-2.5201799683103108,170.2666046027113,170.2666046027113,Detected
3784,-11.75,13.75,0.0,1.9555596473908596,-3.196876190275665,170.4831167994348,170.4831167994348,Detected
3785,-11.25,13.75,0.0,2.3795545038410237,-3.897397735925269,170.70489456572662,170.70489456572662,Detected
3786,-10.75,13.75,0.0,2.769289534644433,-4.6206186493010195,170.93158096279353,170.93158096279353,Detected
3787,-10.25,13.75,0.0,3.1211785881718783,-5.364946065833024,171.16269791391758,171.16269791391758,Detected
3788,-9.75,13.75,0.0,3.431513971476239,-6.128253518375975,171.39762845336438,171.39762845336438,Detected
3789,-9.25,13.75,0.0,3.6965216075168033,-6.907814249699757,171.63559871973794,171.63559871973794,Detected
3790,-8.75,13.75,0.0,3.9124325619570994,-7.7002376766390555,171.87566049909967,171.87566049909967,Detected
3791,-8.25,13.75,0.0,4.075572380520324,-8.50141306029396,172.11667538877833,172.11667538877833,Detected
3792,-7.75,13.75,0.0,4.182468980073864,-9.306465360051021,172.3573019311731,172.3573019311731,Detected
3793,-7.25,13.75,0.0,4.229978798346361,-10.109729090128523,172.59598733231425,172.59598733231425,Detected
3794,-6.75,13.75,0.0,4.215429499190156,-10.904746623083323,172.83096559637715,172.83096559637715,Detected
3795,-6.25,13.75,0.0,4.136775761962784,-11.684297628068135,173.0602640216465,173.0602640216465,Detected
3796,-5.75,13.75,0.0,3.9927626233639946,-12.440466005554576,173.28171995776898,173.28171995776898,Detected
3797,-5.25,13.75,0.0,3.7830886324670203,-13.164749602550613,173.49300946319894,173.49300946319894,Detected
3798,-4.75,13.75,0.0,3.5085589527850525,-13.848216017687998,173.69168896872,173.69168896872,Detected
3799,-4.25,13.75,0.0,3.1712168090279973,-14.481704878473264,173.87525022830766,173.87525022830766,Detected
3800,-3.75,13.75,0.0,2.774440693563289,-15.05607317118581,174.0411877354845,174.0411877354845,Detected
3801,-3.25,13.75,0.0,2.3229948850774083,-15.562475782297893,174.18707647834148,174.18707647834148,Detected
3802,-2.75,13.75,0.0,1.8230223837884436,-15.9926688072001,174.3106565217979,174.3106565217979,Detected
3803,-2.25,13.75,0.0,1.281972474222107,-16.33931900431894,174.40991963978047,174.40991963978047,Detected
3804,-1.75,13.75,0.0,0.7084596933539481,-16.59629970476798,174.48319227878434,174.48319227878434,Detected
3805,-1.25,13.75,0.0,0.11205663914342774,-16.758952180899644,174.52920872670205,174.52920872670205,Detected
3806,-0.75,13.75,0.0,-0.49697083009323595,-16.824292398078494,174.54716863051812,174.54716863051812,Detected
3807,-0.25,13.75,0.0,-1.107971694950849,-16.791146377927763,174.53677400891135,174.53677400891135,Detected
3808,0.25,13.75,0.0,-1.7102423072227448,-16.6602028403982,174.4982425476249,174.4982425476249,Detected
3809,0.75,13.75,0.0,-2.2933618599401924,-16.43397873721599,174.43229605421115,174.43229605421115,Detected
3810,1.25,13.75,0.0,-2.8475090223344597,-16.116700818728155,174.34012519182335,174.34012519182335,Detected
3811,1.75,13.75,0.0,-3.36374007682739,-15.714113452453985,174.22333367781866,174.22333367781866,Detected
3812,2.25,13.75,0.0,-3.8342130461647037,-15.233228599706791,174.08386675469046,174.08386675469046,Detected
3813,2.75,13.75,0.0,-4.252347813971404,-14.682037481871932,173.92392970984366,173.92392970984366,Detected
3814,3.25,13.75,0.0,-4.612918293546414,-14.06920474420568,173.74590247333262,173.74590247333262,Detected
3815,3.75,13.75,0.0,-4.912078466709509,-13.40376496119764,173.5522559220015,173.5522559220015,Detected
3816,4.25,13.75,0.0,-5.147328923366231,-12.694838545040568,173.3454745933796,173.3454745933796,Detected
3817,4.75,13.75,0.0,-5.317433965924275,-11.951380147378655,173.1279892832157,173.1279892832157,Detected
3818,5.25,13.75,0.0,-5.422301250658702,-11.181968155786699,172.90212166288092,172.90212166288092,Detected
3819,5.75,13.75,0.0,-5.462836411708934,-10.394639486741319,172.67004178589087,172.67004178589087,Detected
3820,6.25,13.75,0.0,-5.440784412799603,-9.596770022642412,172.43373828300523,172.43373828300523,Detected
3821,6.75,13.75,0.0,-5.358567843427387,-8.794998006068369,172.19500023928958,172.19500023928958,Detected
3822,7.25,13.75,0.0,-5.219130378759151,-7.995185592360736,171.9554092212917,171.9554092212917,Detected
3823,7.75,13.75,0.0,-5.025791470842644,-7.202412535309719,171.7163396508989,171.7163396508989,Detected
3824,8.25,13.75,0.0,-4.7821162762932925,-6.420995515260283,171.4789656629003,171.4789656629003,Detected
3825,8.75,13.75,0.0,-4.491803012623974,-5.654526741779649,171.2442726781469,171.2442726781469,Detected
3826,9.25,13.75,0.0,-4.15858845641107,-4.905925992754819,171.01307211706202,171.01307211706202,Detected
3827,9.75,13.75,0.0,-3.786171175769292,-4.1775010241407955,170.78601792412948,170.78601792412948,Detected
3828,10.25,13.75,0.0,-3.3781513088220017,-3.4710121646999434,170.5636238379146,170.5636238379146,Detected
3829,10.75,13.75,0.0,-2.9379852133208613,-2.787737795799107,170.34628058999064,170.34628058999064,Detected
3830,11.25,13.75,0.0,-2.4689530658498473,-2.128538242570021,170.13427244439123,170.13427244439123,Detected
3831,11.75,13.75,0.0,-1.9741374231447315,-1.4939163284753887,169.92779268173007,169.92779268173007,Detected
3832,12.25,13.75,0.0,-1.456410819574472,-0.8840734528418407,169.72695778486408,169.72695778486408,Detected
3833,12.75,13.75,0.0,-0.9184306204416137,-0.29896054024337904,169.53182020820765,169.53182020820765,Detected
3834,13.25,13.75,0.0,-0.362639542548747,0.2616764130753776,169.34237970134802,169.34237970134802,Detected
3835,13.75,13.75,0.0,0.2087295342926065,0.7982561924470519,169.15859322089366,169.15859322089366,Detected
3836,14.25,13.75,0.0,0.7936456272781335,1.311327418759534,168.9803835083155,168.9803835083155,Detected
3837,14.75,13.75,0.0,1.390269541947613,1.8015384757065405,168.80764643801015,168.80764643801015,Detected
3838,15.25,13.75,0.0,1.996942370775284,2.269611906835794,168.6402572515131,168.6402572515131,Detected
3839,15.75,13.75,0.0,2.612173212482822,2.716322841657669,168.47807580036357,168.47807580036357,Detected
3840,-15.75,14.25,0.0,-2.7864688067919983,2.038145140689752,168.75373785167386,168.75373785167386,Detected
3841,-15.25,14.25,0.0,-2.2163830012353793,1.551679126838687,168.92003230812625,168.92003230812625,Detected
3842,-14.75,14.25,0.0,-1.6595339893113337,1.0440890762164845,169.09114102144616,169.09114102144616,Detected
3843,-14.25,14.25,0.0,-1.1177741783814437,0.5149866623598472,169.2670980499701,169.2670980499701,Detected
3844,-13.75,14.25,0.0,-0.5931271930307563,-0.035889332944774255,169.4479042588421,169.4479042588421,Detected
3845,-13.25,14.25,0.0,-0.08779266493363988,-0.6086423745318221,169.63351991388575,169.63351991388575,Detected
3846,-12.75,14.25,0.0,0.3958519446423823,-1.2031834315848497,169.82385624711213,169.82385624711213,Detected
3847,-12.25,14.25,0.0,0.8552534540714586,-1.8191920894177418,170.01876596314068,170.01876596314068,Detected
3848,-11.75,14.25,0.0,1.2876901206068012,-2.4560736469278037,170.2180326984872,170.2180326984872,Detected
3849,-11.25,14.25,0.0,1.690285112587706,-3.1129125759385254,170.42135950252887,170.42135950252887,Detected
3850,-10.75,14.25,0.0,2.060027678239208,-3.78842303801151,170.62835648892602,170.62835648892602,Detected
3851,-10.25,14.25,0.0,2.393803468716367,-4.480897553836433,170.83852790570123,170.83852790570123,Detected
3852,-9.75,14.25,0.0,2.688435473833311,-5.188155402039962,171.05125899639518,171.05125899639518,Detected
3853,-9.25,14.25,0.0,2.940736923748408,-5.9074928816683245,171.26580317608995,171.26580317608995,Detected
3854,-8.75,14.25,0.0,3.1475772596203155,-6.635638183274826,171.48127020757354,171.48127020757354,Detected
3855,-8.25,14.25,0.0,3.3059618454302417,-7.368714245864454,171.69661624566777,171.69661624566777,Detected
3856,-7.75,14.25,0.0,3.4131254443895016,-8.102213571135618,171.91063678841445,171.91063678841445,Detected
3857,-7.25,14.25,0.0,3.4666385953133485,-8.83098944783022,172.1219637247242,172.1219637247242,Detected
3858,-6.75,14.25,0.0,3.4645248935836395,-9.549268307792014,172.32906776542765,172.32906776542765,Detected
3859,-6.25,14.25,0.0,3.40538583730483,-10.250687878073876,172.53026755761198,172.53026755761198,Detected
3860,-5.75,14.25,0.0,3.2885284133031267,-10.928365291768849,172.72374667386018,172.72374667386018,Detected
3861,-5.25,14.25,0.0,3.114089091592622,-11.574998271581272,172.90757940970042,172.90757940970042,Detected
3862,-4.75,14.25,0.0,2.8831465422891487,-12.183000836633815,173.07976588108176,173.07976588108176,Detected
3863,-4.25,14.25,0.0,2.597814402873913,-12.744672713087516,173.23827630605444,173.23827630605444,Detected
3864,-3.75,14.25,0.0,2.261305037573133,-13.252398840103238,173.381103575119,173.381103575119,Detected
3865,-3.25,14.25,0.0,1.8779556664914552,-13.698872270288422,173.50632235021462,173.50632235021462,Detected
3866,-2.75,14.25,0.0,1.4532096533653724,-14.077330677981722,173.61215205052815,173.61215205052815,Detected
3867,-2.25,14.25,0.0,0.9935481729263997,-14.38179401494436,173.69702031584112,173.69702031584112,Detected
3868,-1.75,14.25,0.0,0.5063708231061216,-14.607289020427629,173.7596230036487,173.7596230036487,Detected
3869,-1.25,14.25,0.0,-0.0001722720895103994,-14.75004569054173,173.79897659586132,173.79897659586132,Detected
3870,-0.75,14.25,0.0,-0.5173901342078584,-14.807651700280347,173.81445914410318,173.81445914410318,Detected
3871,-0.25,14.25,0.0,-1.036291768279954,-14.779153202963462,173.80583657047845,173.80583657047845,Detected
3872,0.25,14.25,0.0,-1.547844531183725,-14.665094233835125,173.7732722361859,173.7732722361859,Detected
3873,0.75,14.25,0.0,-2.0432346565246866,-14.46749169112226,173.71731903027498,173.71731903027498,Detected
3874,1.25,14.25,0.0,-2.514114373365431,-14.189747992322078,173.6388946847523,173.6388946847523,Detected
3875,1.75,14.25,0.0,-2.9528214372039847,-13.836508345461185,173.53924236090188,173.53924236090188,Detected
3876,2.25,14.25,0.0,-3.352559637519178,-13.413473549591757,173.41987963316848,173.41987963316848,Detected
3877,2.75,14.25,0.0,-3.7075325393922203,-12.927181902607677,173.2825396837355,173.2825396837355,Detected
3878,3.25,14.25,0.0,-4.013026844418451,-12.384774938728373,173.1291087740405,173.1291087740405,Detected
3879,3.75,14.25,0.0,-4.265445791076792,-11.793761363342346,172.96156388231472,172.96156388231472,Detected
3880,4.25,14.25,0.0,-4.462296507238312,-11.161791937631795,172.78191388781923,172.78191388781923,Detected
3881,4.75,14.25,0.0,-4.602137870418406,-10.496455549163063,172.59214693037788,172.59214693037788,Detected
3882,5.25,14.25,0.0,-4.684497083532816,-9.805103717984693,172.39418572775435,172.39418572775435,Detected
3883,5.75,14.25,0.0,-4.709763845035231,-9.094707724388618,172.18985178237128,172.18985178237128,Detected
3884,6.25,14.25,0.0,-4.679070815094815,-8.371749735635333,171.98083865979984,171.98083865979984,Detected
3885,6.75,14.25,0.0,-4.594168255238386,-7.6421469706692475,171.76869391584648,171.76869391584648,Detected
3886,7.25,14.25,0.0,-4.4572994761459395,-6.911206187122061,171.55480881415573,171.55480881415573,Detected
3887,7.75,14.25,0.0,-4.271082283536653,-6.1836046220932595,171.34041471301146,171.34041471301146,Detected
3888,8.25,14.25,0.0,-4.038400143945711,-5.463392913296049,171.1265848810846,171.1265848810846,Detected
3889,8.75,14.25,0.0,-3.7623054322427336,-4.754015376713825,170.91424050039436,170.91424050039436,Detected
3890,9.25,14.25,0.0,-3.4459359534997325,-4.058343209191901,170.70415970010174,170.70415970010174,Detected
3891,9.75,14.25,0.0,-3.092444991221573,-3.3787166057963898,170.4969885978773,170.4969885978773,Detected
3892,10.25,14.25,0.0,-2.704944429066054,-2.7169923362707458,170.29325349007286,170.29325349007286,Detected
3893,10.75,14.25,0.0,-2.2864600054005,-2.074593930690155,170.09337349757226,170.09337349757226,Detected
3894,11.25,14.25,0.0,-1.839897460239096,-1.4525622252239236,169.89767313623153,169.89767313623153,Detected
3895,11.75,14.25,0.0,-1.368018185093253,-0.8516045741063927,169.70639442336315,169.70639442336315,Detected
3896,12.25,14.25,0.0,-0.8734229523368019,-0.2721415219682936,169.51970825526163,169.51970825526163,Detected
3897,12.75,14.25,0.0,-0.3585423478243326,0.28564985937475773,169.33772488835794,169.33772488835794,Detected
3898,13.25,14.25,0.0,0.1743673678341197,0.821796432694071,169.16050343971614,169.16050343971614,Detected
3899,13.75,14.25,0.0,0.7232241125729323,1.3364934605952987,168.98806037861405,168.98806037861405,Detected
3900,14.25,14.25,0.0,1.2861165479133927,1.830073084963997,168.82037702602574,168.82037702602574,Detected
3901,14.75,14.25,0.0,1.861298205551754,2.3029766927083375,168.65740610835016,168.65740610835016,Detected
3902,15.25,14.25,0.0,2.447179884631761,2.7557309464306785,168.49907742984112,168.49907742984112,Detected
3903,15.75,14.25,0.0,3.0423208993601247,3.18892720053047,168.34530274102715,168.34530274102715,Detected
3904,-15.75,14.75,0.0,-3.253561208390146,2.565769233340625,168.60091611718522,168.60091611718522,Detected
3905,-15.25,14.75,0.0,-2.703332684796251,2.097910145362785,168.7575663746303,168.7575663746303,Detected
3906,-14.75,14.75,0.0,-2.1666958919971395,1.6110863678035279,168.91832037540684,168.91832037540684,Detected
3907,-14.25,14.75,0.0,-1.6453880878346,1.1050907258816316,169.08316567024397,169.08316567024397,Detected
3908,-13.75,14.75,0.0,-1.1412906018192988,0.5798467365896263,169.25205664728838,169.25205664728838,Detected
3909,-13.25,14.75,0.0,-0.6564300680538524,0.03543598665771942,169.424908133001,169.424908133001,Detected
3910,-12.75,14.75,0.0,-0.19297664657584365,-0.5278713777808092,169.60158824401475,169.60158824401475,Detected
3911,-12.25,14.75,0.0,0.2467615822906104,-1.1095831496841733,169.78191050102083,169.78191050102083,Detected
3912,-11.75,14.75,0.0,0.6603489672213764,-1.708948818388779,169.96562525624242,169.96562525624242,Detected
3913,-11.25,14.75,0.0,1.045238379936567,-2.3249210761013925,170.1524105367637,170.1524105367637,Detected
3914,-10.75,14.75,0.0,1.3987941097591445,-2.9561158379945445,170.34186247342268,170.34186247342268,Detected
3915,-10.25,14.75,0.0,1.7183226208878595,-3.6007718683160768,170.53348556324863,170.53348556324863,Detected
3916,-9.75,14.75,0.0,2.001112173059946,-4.256711484585942,170.72668311070268,170.72668311070268,Detected
3917,-9.25,14.75,0.0,2.2444821520587874,-4.921304230649092,170.92074829984355,170.92074829984355,Detected
3918,-8.75,14.75,0.0,2.445842685257357,-5.5914358468454814,171.11485646503667,171.11485646503667,Detected
3919,-8.25,14.75,0.0,2.6027647058681693,-6.263485289078929,171.30805924347916,171.30805924347916,Detected
3920,-7.75,14.75,0.0,2.713060060254192,-6.933312911865392,171.49928139603384,171.49928139603384,Detected
3921,-7.25,14.75,0.0,2.774870519406077,-7.596263174608627,171.68732115944664,171.68732115944664,Detected
3922,-6.75,14.75,0.0,2.786763669583582,-8.247185284901287,171.87085502299416,171.87085502299416,Detected
3923,-6.25,14.75,0.0,2.747832653484177,-8.88047498242337,172.0484477867139,172.0484477867139,Detected
3924,-5.75,14.75,0.0,2.6577956761073174,-9.490140118602785,172.21856863014767,172.21856863014767,Detected
3925,-5.25,14.75,0.0,2.5170901766019953,-10.069891748607704,172.37961369394017,172.37961369394017,Detected
3926,-4.75,14.75,0.0,2.3269557235374605,-10.61326109782618,172.52993532947477,172.52993532947477,Detected
3927,-4.25,14.75,0.0,2.0894991642529175,-11.113741025273391,172.66787772001396,172.66787772001396,Detected
3928,-3.75,14.75,0.0,1.807735498708569,-11.564948570955332,172.79181803786972,172.79181803786972,Detected
3929,-3.25,14.75,0.0,1.4855984836611131,-11.960803004708543,172.90021172212707,172.90021172212707,Detected
3930,-2.75,14.75,0.0,1.127916181899338,-12.295711712151762,172.99163989322088,172.99163989322088,Detected
3931,-2.25,14.75,0.0,0.7403485548778272,-12.564754531435064,173.0648564547668,173.0648564547668,Detected
3932,-1.75,14.75,0.0,0.3292866547447095,-12.76385605999799,173.11883212560306,173.11883212560306,Detected
3933,-1.25,14.75,0.0,-0.09828419787434554,-12.889935223735467,173.15279258250737,173.15279258250737,Detected
3934,-0.75,14.75,0.0,-0.5349519532398175,-12.941022180417388,173.1662480994463,173.1662480994463,Detected
3935,-0.25,14.75,0.0,-0.9730681422986333,-12.916334434238616,173.1590125613713,173.1590125613713,Detected
3936,0.25,14.75,0.0,-1.4049509605971624,-12.816306730903971,173.13121045878395,173.13121045878395,Detected
3937,0.75,14.75,0.0,-1.8230899584852662,-12.642572611002738,173.08327136264177,173.08327136264177,Detected
3938,1.25,14.75,0.0,-2.2203410394404988,-12.397899048672485,173.01591233142875,173.01591233142875,Detected
3939,1.75,14.75,0.0,-2.5901013896344027,-12.086078976493495,172.93010959193478,172.93010959193478,Detected
3940,2.25,14.75,0.0,-2.926455813190752,-11.711789316404941,172.8270615704489,172.8270615704489,Detected
3941,2.75,14.75,0.0,-3.224288462834221,-11.28042410390198,172.70814583752545,172.70814583752545,Detected
3942,3.25,14.75,0.0,-3.4793568126520027,-10.797913259537516,172.57487274850246,172.57487274850246,Detected
3943,3.75,14.75,0.0,-3.688327574565562,-10.270537515915047,172.42883850471878,172.42883850471878,Detected
3944,4.25,14.75,0.0,-3.848776808337054,-9.70474907621465,172.27168007227644,172.27168007227644,Detected
3945,4.75,14.75,0.0,-3.9591584961587585,-9.107005981582073,172.10503394196797,172.10503394196797,Detected
3946,5.25,14.75,0.0,-4.018747225338561,-8.483626164558135,171.93050016733451,171.93050016733451,Detected
3947,5.75,14.75,0.0,-4.027561324543598,-7.840665030460249,171.7496125506239,171.7496125506239,Detected
3948,6.25,14.75,0.0,-3.9862728916142203,-7.18381836812867,171.56381532195613,171.56381532195613,Detected
3949,6.75,14.75,0.0,-3.8961107494228298,-6.518350611817489,171.37444620683962,171.37444620683962,Detected
3950,7.25,14.75,0.0,-3.7587616156757,-5.8490470625960285,171.18272543820754,171.18272543820754,Detected
3951,7.75,14.75,0.0,-3.5762738171671242,-5.180187664728878,170.98975003348127,170.98975003348127,Detected
3952,8.25,14.75,0.0,-3.350966848667695,-4.515539309483893,170.7964925246931,170.7964925246931,Detected
3953,8.75,14.75,0.0,-3.0853490734910167,-3.858363357569202,170.60380328361816,170.60380328361816,Detected
3954,9.25,14.75,0.0,-2.7820449581404025,-3.211435064851549,170.4124156049252,170.4124156049252,Detected
3955,9.75,14.75,0.0,-2.443732468721421,-2.5770717904463925,170.22295277542088,170.22295277542088,Detected
3956,10.25,14.75,0.0,-2.0730906497976433,-1.9571671931950605,170.0359364530038,170.0359364530038,Detected
3957,10.75,14.75,0.0,-1.6727569552120127,-1.3532290213930043,169.85179578694672,169.85179578694672,Detected
3958,11.25,14.75,0.0,-1.2452935914856198,-0.7664185243367904,169.67087682272177,169.67087682272177,Detected
3959,11.75,14.75,0.0,-0.7931619457772353,-0.1975899266679882,169.49345183425982,169.49345183425982,Detected
3960,12.25,14.75,0.0,-0.3187040806954908,0.35267121221345954,169.3197283254234,169.3197283254234,Detected
3961,12.75,14.75,0.0,0.17586973874189782,0.8840115985169265,169.14985751774358,169.14985751774358,Detected
3962,13.25,14.75,0.0,0.6884884838737481,1.396276326956177,168.98394220887724,168.98394220887724,Detected
3963,13.75,14.75,0.0,1.2172236929451798,1.8894778593508894,168.8220439390111,168.8220439390111,Detected
3964,14.25,14.75,0.0,1.7602895272023023,2.363768011591145,168.66418944287284,168.66418944287284,Detected
3965,14.75,14.75,0.0,2.31604028481826,2.8194129651210957,168.51037639230518,168.51037639230518,Detected
3966,15.25,14.75,0.0,2.882966001017271,3.2567712189247833,168.36057845923645,168.36057845923645,Detected
3967,15.75,14.75,0.0,3.4596866640501527,3.676274329990312,168.2147497387701,168.2147497387701,Detected
3968,-15.75,15.25,0.0,-3.7031422445387525,3.1066310411700044,168.45176971846382,168.45176971846382,Detected
3969,-15.25,15.25,0.0,-3.1707759905888158,2.6571090195287783,168.59941351273272,168.59941351273272,Detected
3970,-14.75,15.25,0.0,-2.65219206305361,2.190610155348328,168.75053867228988,168.75053867228988,Detected
3971,-14.25,15.25,0.0,-2.1490092971864256,1.7070774286274686,168.9050970046109,168.9050970046109,Detected
3972,-13.75,15.25,0.0,-1.6629662754041779,1.2065845868209,169.06300809157972,169.06300809157972,Detected
3973,-13.25,15.25,0.0,-1.1959198407372547,0.6893602929641742,169.22415383617403,169.22415383617403,Detected
3974,-12.75,15.25,0.0,-0.7498406796018876,0.1558145633079964,169.38837248152663,169.38837248152663,Detected
3975,-12.25,15.25,0.0,-0.326805300002207,-0.39343270198559216,169.55545213987554,169.55545213987554,Detected
3976,-11.75,15.25,0.0,0.0710163292802143,-0.9575214456450466,169.72512390446516,169.72512390446516,Detected
3977,-11.25,15.25,0.0,0.44137825324131025,-1.5353199783571096,169.89705466055537,169.89705466055537,Detected
3978,-10.75,15.25,0.0,0.7819819026612059,-2.1253930704915884,170.07083976518285,170.07083976518285,Detected
3979,-10.25,15.25,0.0,1.0905061113578713,-2.725970641559,170.2459958282153,170.2459958282153,Detected
3980,-9.75,15.25,0.0,1.3646444300919338,-3.3349183695033022,170.42195389765752,170.42195389765752,Detected
3981,-9.25,15.25,0.0,1.6021502157061556,-3.9497118492324805,170.59805342920012,170.59805342920012,Detected
3982,-8.75,15.25,0.0,1.8008897087795501,-4.567416233342466,170.7735374971224,170.7735374971224,Detected
3983,-8.25,15.25,0.0,1.9589029428583473,-5.184673560226555,170.94754977542706,170.94754977542706,Detected
3984,-7.75,15.25,0.0,2.0744718465488123,-5.797700179622971,171.1191338762912,171.1191338762912,Detected
3985,-7.25,15.25,0.0,2.1461943093412503,-6.402296778919597,171.2872356645761,171.2872356645761,Detected
3986,-6.75,15.25,0.0,2.1730622999124756,-6.993873446637471,171.45070916034217,171.45070916034217,Detected
3987,-6.25,15.25,0.0,2.154541386390611,-7.56749193400262,171.6083265842641,171.6083265842641,Detected
3988,-5.75,15.25,0.0,2.0906482655624803,-8.117926749028204,171.75879298012086,171.75879298012086,Detected
3989,-5.25,15.25,0.0,1.98202223628542,-8.639745913367749,171.90076565373548,171.90076565373548,Detected
3990,-4.75,15.25,0.0,1.82998604278762,-9.127411132566875,172.03287840553912,172.03287840553912,Detected
3991,-4.25,15.25,0.0,1.636591264122151,-9.575395808200472,172.15377020186347,172.15377020186347,Detected
3992,-3.75,15.25,0.0,1.4046435324654456,-9.97831783506915,172.26211755317212,172.26211755317212,Detected
3993,-3.25,15.25,0.0,1.1377033997920236,-10.331082599843146,172.35666947770832,172.35666947770832,Detected
3994,-2.75,15.25,0.0,0.8400596754276595,-10.629030186203002,172.43628356429093,172.43628356429093,Detected
3995,-2.25,15.25,0.0,0.5166735077391749,-10.868079673829548,172.49996135406442,172.49996135406442,Detected
3996,-1.75,15.25,0.0,0.17309329905357138,-11.044862773041963,172.5468810953155,172.5468810953155,Detected
3997,-1.25,15.25,0.0,-0.18465742459185033,-11.156839000513413,172.57642590830207,172.57642590830207,Detected
3998,-0.75,15.25,0.0,-0.5502150171736064,-11.202385260527754,172.58820556953137,172.58820556953137,Detected
3999,-0.25,15.25,0.0,-0.9170275778776432,-11.18085404161593,172.582070470087,172.582070470087,Detected
4000,0.25,15.25,0.0,-1.2785162548079576,-11.092596374873501,172.5581168034105,172.5581168034105,Detected
4001,0.75,15.25,0.0,-1.6282377607012732,-10.938948041277284,172.51668263842268,172.51668263842268,Detected
4002,1.25,15.25,0.0,-1.960039782878907,-10.722180016751539,172.45833517530266,172.45833517530266,Detected
4003,1.75,15.25,0.0,-2.2682015949937737,-10.445416531525169,172.38385008109304,172.38385008109304,Detected
4004,2.25,15.25,0.0,-2.5475534474146646,-10.11252614627208,172.2941843085321,172.2941843085321,Detected
4005,2.75,15.25,0.0,-2.7935700531517895,-9.727992711751758,172.19044415259393,172.19044415259393,Detected
4006,3.25,15.25,0.0,-3.002435490543622,-9.296773870752288,172.0738504753025,172.0738504753025,Detected
4007,3.75,15.25,0.0,-3.171078885259051,-8.824154861161952,171.94570302841802,171.94570302841802,Detected
4008,4.25,15.25,0.0,-3.297182105027472,-8.315604853332074,171.80734564636705,171.80734564636705,Detected
4009,4.75,15.25,0.0,-3.379162241672864,-7.7766420338477245,171.66013379999194,171.66013379999194,Detected
4010,5.25,15.25,0.0,-3.416132770174333,-7.212712304122443,171.50540565371102,171.50540565371102,Detected
4011,5.75,15.25,0.0,-3.407847929042042,-6.62908496812427,171.34445738470353,171.34445738470353,Detected
4012,6.25,15.25,0.0,-3.354635084852214,-6.030767302798065,171.17852315548774,171.17852315548774,Detected
4013,6.75,15.25,0.0,-3.2573196910265967,-5.422438562149055,171.00875980595757,171.00875980595757,Detected
4014,7.25,15.25,0.0,-3.1171470157252577,-4.808402845518916,170.8362360637578,170.8362360637578,Detected
4015,7.75,15.25,0.0,-2.935704194119214,-4.192559407550997,170.66192588016673,170.66192588016673,Detected
4016,8.25,15.25,0.0,-2.7148454464325464,-3.5783884054928485,170.4867053702718,170.4867053702718,Detected
4017,8.75,15.25,0.0,-2.4566225730067712,-2.9689497505075133,170.3113527723549,170.3113527723549,Detected
4018,9.25,15.25,0.0,-2.1632221495272623,-2.366892615194934,170.13655082984502,170.13655082984502,Detected
4019,9.75,15.25,0.0,-1.8369102372181354,-1.7744732014988007,169.9628910201256,169.9628910201256,Detected
4020,10.25,15.25,0.0,-1.47998491743628,-1.1935785474405143,169.7908791108239,169.7908791108239,Detected
4021,10.75,15.25,0.0,-1.0947365617120124,-0.6257543992740171,169.62094158476944,169.62094158476944,Detected
4022,11.25,15.25,0.0,-0.6834154560302599,-0.07223546567155119,169.45343255323837,169.45343255323837,Detected
4023,11.75,15.25,0.0,-0.248206198834356,0.4660233308706711,169.28864084727235,169.28864084727235,Detected
4024,12.25,15.25,0.0,0.2087918271122922,0.9883157014612299,169.12679704582362,169.12679704582362,Detected
4025,12.75,15.25,0.0,0.6855786638625017,1.4941537683939259,168.9680802635106,168.9680802635106,Detected
4026,13.25,15.25,0.0,1.1802634303604962,1.9832393727791524,168.81262457063565,168.81262457063565,Detected
4027,13.75,15.25,0.0,1.6910701508028154,2.4554373153138394,168.66052496368692,168.66052496368692,Detected
4028,14.25,15.25,0.0,2.216340440735689,2.910750772142422,168.51184284110786,168.51184284110786,Detected
4029,14.75,15.25,0.0,2.7545336671750165,3.349299000599131,168.3666109634946,168.3666109634946,Detected
4030,15.25,15.25,0.0,3.3042251262642113,3.7712973511525356,168.2248379016273,168.2248379016273,Detected
4031,15.75,15.25,0.0,3.8641027089921645,4.177039530202477,168.0865119873504,168.0865119873504,Detected
4032,-15.75,15.75,0.0,-4.135454870058435,3.6592440412701572,168.30629916467115,168.30629916467115,Detected
4033,-15.25,15.75,0.0,-3.619111045664664,3.2277006339720176,168.44553511866525,168.44553511866525,Detected
4034,-14.75,15.75,0.0,-3.11660340478257,2.7810037597801966,168.587708018819,168.587708018819,Detected
4035,-14.25,15.75,0.0,-2.6294321726348193,2.319219532119541,168.7327426824927,168.7327426824927,Detected
4036,-13.75,15.75,0.0,-2.1591957950614686,1.8425422984483641,168.8805332327529,168.8805332327529,Detected
4037,-13.25,15.75,0.0,-1.7075874355364318,1.3513157050813587,169.03093850456625,169.03093850456625,Detected
4038,-12.75,15.75,0.0,-1.2763887043760205,0.8460553789067502,169.1837770974576,169.1837770974576,Detected
4039,-12.25,15.75,0.0,-0.867460075084622,0.32747297288158006,169.3388221246592,169.3388221246592,Detected
4040,-11.75,15.75,0.0,-0.48272741199494223,-0.20349881269143286,169.49579574193143,169.49579574193143,Detected
4041,-11.25,15.75,0.0,-0.12416402446095354,-0.7456807807072511,169.65436357253478,169.65436357253478,Detected
4042,-10.75,15.75,0.0,0.20623231680748647,-1.2976220922431072,169.81412918937576,169.81412918937576,Detected
4043,-10.25,15.75,0.0,0.506467904503179,-1.8575763631038422,169.9746288593083,169.9746288593083,Detected
4044,-9.75,15.75,0.0,0.7745875527979215,-2.423480158319775,170.1353268110025,170.1353268110025,Detected
4045,-9.25,15.75,0.0,1.0087152069035352,-2.9929352592136333,170.2956113345005,170.2956113345005,Detected
4046,-8.75,15.75,0.0,1.2071006790990781,-3.5631962824532666,170.45479207710446,170.45479207710446,Detected
4047,-8.25,15.75,0.0,1.3681721649032506,-4.1311653944758175,170.61209893753082,170.61209893753082,Detected
4048,-7.75,15.75,0.0,1.4905937960956426,-4.6933959645045595,170.76668299255962,170.76668299255962,Detected
4049,-7.25,15.75,0.0,1.573327020261602,-5.2461070000911505,170.91761989363306,170.91761989363306,Detected
4050,-6.75,15.75,0.0,1.6156940789489094,-5.785210080159707,171.0639161478185,171.0639161478185,Detected
4051,-6.25,15.75,0.0,1.61744131826096,-6.306350210462519,171.2045186357585,171.2045186357585,Detected
4052,-5.75,15.75,0.0,1.5787995500226173,-6.804961551236964,171.33832760909783,171.33832760909783,Detected
4053,-5.25,15.75,0.0,1.5005382449302944,-7.276338299217916,171.46421325658974,171.46421325658974,Detected
4054,-4.75,15.75,0.0,1.3840100445534707,-7.715720154438565,171.5810357253385,171.5810357253385,Detected
4055,-4.25,15.75,0.0,1.2311819934824262,-8.118390802926983,171.68766824434786,171.68766824434786,Detected
4056,-3.75,15.75,0.0,1.04465007536004,-8.47978676138534,171.78302273150877,171.78302273150877,Detected
4057,-3.25,15.75,0.0,0.827634129901573,-8.795612852373985,171.86607700534066,171.86607700534066,Detected
4058,-2.75,15.75,0.0,0.5839510442127517,-9.061959614211984,171.9359024788444,171.9359024788444,Detected
4059,-2.25,15.75,0.0,0.31796522833616175,-9.275417225586821,171.99169103888732,171.99169103888732,Detected
4060,-1.75,15.75,0.0,0.034516733325126156,-9.433180146290232,172.0327797132975,172.0327797132975,Detected
4061,-1.25,15.75,0.0,-0.2611711550907894,-9.533136737106123,172.05867174574703,172.05867174574703,Detected
4062,-0.75,15.75,0.0,-0.5636015528710889,-9.573938662583162,172.06905282829624,172.06905282829624,Detected
4063,-0.25,15.75,0.0,-0.8671262530511629,-9.555045892558631,172.06380149286872,172.06380149286872,Detected
4064,0.25,15.75,0.0,-1.1660750632199657,-9.476744527702701,172.04299300934312,172.04299300934312,Detected
4065,0.75,15.75,0.0,-1.454886068085973,-9.340136355839418,172.0068965507514,172.0068965507514,Detected
4066,1.25,15.75,0.0,-1.7282306157250629,-9.147100834480112,171.9559658230407,171.9559658230407,Detected
4067,1.75,15.75,0.0,-1.9811272566114557,-8.900231911001985,171.8908237732078,171.8908237732078,Detected
4068,2.25,15.75,0.0,-2.2090397489618927,-8.602753564437752,171.81224233760318,171.81224233760318,Detected
4069,2.75,15.75,0.0,-2.4079554642979546,-8.258419051221551,171.72111845043256,171.72111845043256,Detected
4070,3.25,15.75,0.0,-2.5744419514082217,-7.871399476849186,171.61844767243193,171.61844767243193,Detected
4071,3.75,15.75,0.0,-2.705680891129382,-7.446167474433555,171.50529681891996,171.50529681891996,Detected
4072,4.25,15.75,0.0,-2.7994800569647977,-6.9873814873329945,171.38277688680776,171.38277688680776,Detected
4073,4.75,15.75,0.0,-2.8542650720276908,-6.499775500193552,171.25201740275298,171.25201740275298,Detected
4074,5.25,15.75,0.0,-2.8690536469900727,-5.9880581563890445,171.11414309310518,171.11414309310518,Detected
4075,5.75,15.75,0.0,-2.843415560167828,-5.456824150075398,170.970253512034,170.970253512034,Detected
4076,6.25,15.75,0.0,-2.7774219063082595,-4.910479707427506,170.82140601198674,170.82140601198674,Detected
4077,6.75,15.75,0.0,-2.671587128373924,-4.353182961561034,170.6686022018637,170.6686022018637,Detected
4078,7.25,15.75,0.0,-2.526807111639366,-3.788799148549479,170.5127778335468,170.5127778335468,Detected
4079,7.75,15.75,0.0,-2.3442962270744245,-3.2208698509376785,170.35479590621676,170.35479590621676,Detected
4080,8.25,15.75,0.0,-2.125525722828859,-2.652595000010823,170.19544266142427,170.19544266142427,Detected
4081,8.75,15.75,0.0,-1.8721653378530592,-2.0868260187029866,170.03542607807293,170.03542607807293,Detected
4082,9.25,15.75,0.0,-1.586029494568327,-1.5260683198480756,169.87537644450714,169.87537644450714,Detected
4083,9.75,15.75,0.0,-1.2690289526859349,-0.9724913437211864,169.71584858815837,169.71584858815837,Detected
4084,10.25,15.75,0.0,-0.9231283936360356,-0.4279443904385545,169.55732536356356,169.55732536356356,Detected
4085,10.75,15.75,0.0,-0.5503100665284716,0.10602335167699443,169.40022204172254,169.40022204172254,Detected
4086,11.25,15.75,0.0,-0.15254336212213584,0.6281399923375642,169.24489128623662,169.24489128623662,Detected
4087,11.75,15.75,0.0,0.2682400109853338,1.1373865393582134,169.0916284555758,169.0916284555758,Detected
4088,12.25,15.75,0.0,0.71016570379603,1.6329718982800367,168.94067701815723,168.94067701815723,Detected
4089,12.75,15.75,0.0,1.171431790176236,2.1143080526671465,168.79223391450284,168.79223391450284,Detected
4090,13.25,15.75,0.0,1.6503197822590832,2.580986019972041,168.64645474136128,168.64645474136128,Detected
4091,13.75,15.75,0.0,2.1452021655414746,3.0327530140546624,168.50345866946188,168.50345866946188,Detected
4092,14.25,15.75,0.0,2.6545469992519255,3.4694911065681917,168.36333303603598,168.36333303603598,Detected
4093,14.75,15.75,0.0,3.1769200898822603,3.891197565120268,168.2261375763993,168.2261375763993,Detected
4094,15.25,15.75,0.0,3.7109851979734305,4.297966954131671,168.09190828132446,168.09190828132446,Detected
4095,15.75,15.75,0.0,4.2555026869149835,4.68997501422524,167.96066087675362,167.96066087675362,Detected
