ray_id,label,spin,status,stop_reason,failure_message,captured,escaped,sampled_min_r,scattering_angle_bl_rad,delta_phi_rad,total_abs_phi_rad,revolutions,affine_length,coordinate_time,seconds,max_null_abs,max_null_energy_scaled,max_E_relative,max_Lz_relative,max_E_abs,max_Lz_abs,max_Q_abs,accepted_steps,rejected_steps,event_iterations,initial_t,initial_r,initial_phi,initial_pt,initial_pr,initial_pphi,initial_b,rtol,atol,epsilon,r_escape,max_affine,initial_step,min_step,max_step,max_steps,null_tolerance,initial_theta,initial_ptheta,initial_Q,max_Q_relative
0,"source_ray_0",0.6,Detected,DetectorHit,"",false,false,2.0097295897120343e1,,-2.9228324093808391e0,2.9228324093808391e0,4.6518322578215482e-1,1.6161650508631439e2,1.6875540717277971e2,6.8749999999999996e-4,1.0519363158323358e-13,1.0519363158323358e-13,0.0000000000000000e0,0.0000000000000000e0,0.0000000000000000e0,0.0000000000000000e0,4.6441073209280148e-11,562,1,29,0.0000000000000000e0,8.2762623359935773e1,-1.8534794999569476e-1,-9.8781200608840847e-1,-9.7924087892826339e-1,-1.4829453547717105e1,-1.5012424890885441e1,9.9999999999999998e-13,1.0000000000000000e-14,1.0000000000000000e-3,4.0000000000000000e2,1.5000000000000000e3,5.0000000000000003e-2,9.9999999999999998e-13,5.0000000000000000e-1,200000,1.0000000000000001e-5,1.7530447684470518e0,1.4575822555312872e1,2.1991218973595491e2,2.1118007721646176e-13
1,"source_ray_1",0.6,Detected,DetectorHit,"",false,false,1.8724245833937957e1,,-2.9717543003731262e0,2.9717543003731262e0,4.7296938655898013e-1,1.6193265787134658e2,1.6940830411150552e2,7.7499999999999997e-4,1.3539169785303784e-13,1.3539169785303789e-13,0.0000000000000000e0,0.0000000000000000e0,0.0000000000000000e0,0.0000000000000000e0,4.0898839870351367e-11,587,1,31,0.0000000000000000e0,8.2423612653748776e1,-1.6109190453758049e-1,-9.8776554928277382e-1,-9.8322938731388054e-1,-1.2850378471912117e1,-1.3009543085647097e1,9.9999999999999998e-13,1.0000000000000000e-14,1.0000000000000000e-3,4.0000000000000000e2,1.5000000000000000e3,5.0000000000000003e-2,9.9999999999999998e-13,5.0000000000000000e-1,200000,1.0000000000000001e-5,1.7538028254728191e0,1.4635755583010814e1,2.1985008240805030e2,1.8603058694534183e-13
2,"source_ray_2",0.6,Detected,DetectorHit,"",false,false,1.7468136499311715e1,,-3.0163948885786240e0,3.0163948885786240e0,4.8007415683441490e-1,1.6230173563861365e2,1.7011354116657091e2,8.0679999999999999e-4,1.7330581414398694e-13,1.7330581414398694e-13,0.0000000000000000e0,0.0000000000000000e0,0.0000000000000000e0,0.0000000000000000e0,3.1121771826292388e-11,616,1,32,0.0000000000000000e0,8.2131918324940798e1,-1.3664316249108710e-1,-9.8772591788786490e-1,-9.8668640340937075e-1,-1.0872056036777849e1,-1.1007158807806173e1,9.9999999999999998e-13,1.0000000000000000e-14,1.0000000000000000e-3,4.0000000000000000e2,1.5000000000000000e3,5.0000000000000003e-2,9.9999999999999998e-13,5.0000000000000000e-1,200000,1.0000000000000001e-5,1.7544601738631547e0,1.4687713270513839e1,2.1979584150248334e2,1.4159399747306303e-13
3,"source_ray_3",0.6,Detected,DetectorHit,"",false,false,1.6354430152517303e1,,-3.0548327550400383e0,3.0548327550400383e0,4.8619173328365517e-1,1.6271433780362304e2,1.7084907706361665e2,1.0034000000000000e-3,2.2232216068118760e-13,2.2232216068118760e-13,0.0000000000000000e0,0.0000000000000000e0,0.0000000000000000e0,0.0000000000000000e0,2.1742607714259066e-11,650,2,33,0.0000000000000000e0,8.1888046010160494e1,-1.1202896242598788e-1,-9.8769331845585784e-1,-9.8959471456322001e-1,-8.8943893618309140e0,-9.0052136585638181e0,9.9999999999999998e-13,1.0000000000000000e-14,1.0000000000000000e-3,4.0000000000000000e2,1.5000000000000000e3,5.0000000000000003e-2,9.9999999999999998e-13,5.0000000000000000e-1,200000,1.0000000000000001e-5,1.7550134094113943e0,1.4731432165627860e1,2.1974991401225157e2,9.8942508405472532e-14
4,"source_ray_4",0.6,Detected,DetectorHit,"",false,false,1.5412184771272447e1,,-3.0851644335538060e0,3.0851644335538060e0,4.9101916985139554e-1,1.6314366461495376e2,1.7157043738470503e2,7.9810000000000005e-4,2.9110047705671604e-13,2.9110047705671630e-13,0.0000000000000000e0,0.0000000000000000e0,0.0000000000000000e0,0.0000000000000000e0,3.0041746867937036e-11,689,1,31,0.0000000000000000e0,8.1692423989512676e1,-8.7277712949461447e-2,-9.8766792367266432e-1,-9.9193959756462180e-1,-6.9172725222731479e0,-7.0036419696117314e0,9.9999999999999998e-13,1.0000000000000000e-14,1.0000000000000000e-3,4.0000000000000000e2,1.5000000000000000e3,5.0000000000000003e-2,9.9999999999999998e-13,5.0000000000000000e-1,200000,1.0000000000000001e-5,1.7554596159524212e0,1.4766686772187505e1,2.1971268660266719e2,1.3673196269392095e-13
5,"source_ray_5",0.6,Detected,DetectorHit,"",false,false,1.4672281686192765e1,,-3.1062006626082757e0,3.1062006626082757e0,4.9436718968942772e-1,1.6354040180640476e2,1.7220629281619262e2,8.1610000000000005e-4,4.0620111441125317e-13,4.0620111441125327e-13,0.0000000000000000e0,0.0000000000000000e0,0.0000000000000000e0,0.0000000000000000e0,4.4792614062316716e-11,736,1,32,0.0000000000000000e0,8.1545399509035718e1,-6.2418809995957350e-2,-9.8764986986523640e-1,-9.9370901861895589e-1,-4.9405918270281042e0,-5.0023717693621945e0,9.9999999999999998e-13,1.0000000000000000e-14,1.0000000000000000e-3,4.0000000000000000e2,1.5000000000000000e3,5.0000000000000003e-2,9.9999999999999998e-13,5.0000000000000000e-1,200000,1.0000000000000001e-5,1.7557964070798402e0,1.4793292684839628e1,2.1968447822483853e2,2.0389521564865960e-13
6,"source_ray_6",0.6,Detected,DetectorHit,"",false,false,1.4164059000084281e1,,-3.1184458390188117e0,3.1184458390188117e0,4.9631607004419681e-1,1.6383713700000897e2,1.7266595101108996e2,1.0977000000000001e-3,8.3305606336792071e-13,8.3305606336792111e-13,0.0000000000000000e0,0.0000000000000000e0,0.0000000000000000e0,0.0000000000000000e0,1.1203837857465260e-10,787,1,32,0.0000000000000000e0,8.1447235744795506e1,-3.7482436691661486e-2,-9.8763925499391847e-1,-9.9489380016736240e-1,-2.9642273066933047e0,-3.0013259312091209e0,9.9999999999999998e-13,1.0000000000000000e-14,1.0000000000000000e-3,4.0000000000000000e2,1.5000000000000000e3,5.0000000000000003e-2,9.9999999999999998e-13,5.0000000000000000e-1,200000,1.0000000000000001e-5,1.7560219610483694e0,1.4811109207404783e1,2.1966553386929877e2,5.1004077244687620e-13
7,"source_ray_7",0.6,Detected,DetectorHit,"",false,false,1.3910601925560153e1,,-3.1248156692735800e0,3.1248156692735800e0,4.9732986001589946e-1,1.6396874048670665e2,1.7286533273860371e2,1.3315000000000000e-3,1.8026005221914027e-12,1.8026005221914018e-12,0.0000000000000000e0,0.0000000000000000e0,0.0000000000000000e0,0.0000000000000000e0,2.9331204132176936e-10,897,2,31,0.0000000000000000e0,8.1398109469517379e1,-1.2499349019361679e-2,-9.8763613718700460e-1,-9.9548775013806434e-1,-9.8805437560762832e-1,-1.0004234741975064e0,9.9999999999999998e-13,1.0000000000000000e-14,1.0000000000000000e-3,4.0000000000000000e2,1.5000000000000000e3,5.0000000000000003e-2,9.9999999999999998e-13,5.0000000000000000e-1,200000,1.0000000000000001e-5,1.7561350478779547e0,1.4820041383590889e1,2.1965601967535301e2,1.3353243938193835e-12
8,"source_ray_8",0.6,Detected,DetectorHit,"",false,false,1.3924034859837603e1,,3.1529308254204311e0,3.1529308254204316e0,5.0180452609247139e-1,1.6390242561905416e2,1.7276316725271008e2,9.9270000000000001e-4,1.6985363040112472e-12,1.6985363040112464e-12,0.0000000000000000e0,0.0000000000000000e0,0.0000000000000000e0,0.0000000000000000e0,2.7532109925232362e-10,896,2,30,0.0000000000000000e0,8.1398109469517379e1,1.2499349019361679e-2,-9.8764053386009187e-1,-9.9548775013806434e-1,9.8805437560762843e-1,1.0004190206186852e0,9.9999999999999998e-13,1.0000000000000000e-14,1.0000000000000000e-3,4.0000000000000000e2,1.5000000000000000e3,5.0000000000000003e-2,9.9999999999999998e-13,5.0000000000000000e-1,200000,1.0000000000000001e-5,1.7561350478779547e0,1.4820041383590889e1,2.1965601956918138e2,1.2534193225950284e-12
9,"source_ray_9",0.6,Detected,DetectorHit,"",false,false,1.4202781257513335e1,,3.1431377922274595e0,3.1431377922274590e0,5.0024591645194683e-1,1.6365574223981255e2,1.7238210355552616e2,8.1709999999999997e-4,8.2855163702211243e-13,8.2855163702211243e-13,0.0000000000000000e0,0.0000000000000000e0,0.0000000000000000e0,0.0000000000000000e0,1.1181100489920937e-10,787,1,32,0.0000000000000000e0,8.1447235744795506e1,3.7482436691661486e-2,-9.8765242144624954e-1,-9.9489380016736240e-1,2.9642273066933047e0,3.0012859203571804e0,9.9999999999999998e-13,1.0000000000000000e-14,1.0000000000000000e-3,4.0000000000000000e2,1.5000000000000000e3,5.0000000000000003e-2,9.9999999999999998e-13,5.0000000000000000e-1,200000,1.0000000000000001e-5,1.7560219610483694e0,1.4811109207404783e1,2.1966553355173400e2,5.0900568282769071e-13
10,"source_ray_10",0.6,Detected,DetectorHit,"",false,false,1.4732110834783015e1,,3.1252902329569259e0,3.1252902329569259e0,4.9740538917191585e-1,1.6328633373105987e2,1.7179643120819992e2,1.0175000000000000e-3,3.9288017283922727e-13,3.9288017283922737e-13,0.0000000000000000e0,0.0000000000000000e0,0.0000000000000000e0,0.0000000000000000e0,4.3115733205922879e-11,733,1,33,0.0000000000000000e0,8.1545399509035718e1,6.2418809995957350e-2,-9.8767173574517053e-1,-9.9370901861895589e-1,4.9405918270281033e0,5.0022610227886757e0,9.9999999999999998e-13,1.0000000000000000e-14,1.0000000000000000e-3,4.0000000000000000e2,1.5000000000000000e3,5.0000000000000003e-2,9.9999999999999998e-13,5.0000000000000000e-1,200000,1.0000000000000001e-5,1.7557964070798402e0,1.4793292684839628e1,2.1968447769871122e2,1.9626208304555064e-13
11,"source_ray_11",0.6,Detected,DetectorHit,"",false,false,1.5487639276424927e1,,3.0981116187077249e0,3.0981116187077249e0,4.9307977836776773e-1,1.6286315636958750e2,1.7109759594514279e2,8.1320000000000003e-4,2.8538282847989649e-13,2.8538282847989674e-13,0.0000000000000000e0,0.0000000000000000e0,0.0000000000000000e0,0.0000000000000000e0,2.8791191652999260e-11,686,1,30,0.0000000000000000e0,8.1692423989512676e1,8.7277712949461447e-2,-9.8769837288122853e-1,-9.9193959756462180e-1,6.9172725222731470e0,7.0034260581949486e0,9.9999999999999998e-13,1.0000000000000000e-14,1.0000000000000000e-3,4.0000000000000000e2,1.5000000000000000e3,5.0000000000000003e-2,9.9999999999999998e-13,5.0000000000000000e-1,200000,1.0000000000000001e-5,1.7554596159524212e0,1.4766686772187505e1,2.1971268587262981e2,1.3104018795569170e-13
12,"source_ray_12",0.6,Detected,DetectorHit,"",false,false,1.6440029473977347e1,,3.0623096837738872e0,3.0623096837738872e0,4.8738172345079306e-1,1.6244199837062962e2,1.7036384652400966e2,6.9220000000000002e-4,2.2015722578316854e-13,2.2015722578316854e-13,0.0000000000000000e0,0.0000000000000000e0,0.0000000000000000e0,0.0000000000000000e0,2.4471091819577850e-11,646,1,31,0.0000000000000000e0,8.1888046010160494e1,1.1202896242598788e-1,-9.8773219084258657e-1,-9.8959471456322001e-1,8.8943893618309140e0,9.0048592566812466e0,9.9999999999999998e-13,1.0000000000000000e-14,1.0000000000000000e-3,4.0000000000000000e2,1.5000000000000000e3,5.0000000000000003e-2,9.9999999999999998e-13,5.0000000000000000e-1,200000,1.0000000000000001e-5,1.7550134094113943e0,1.4731432165627860e1,2.1974991308468333e2,1.1135882365581466e-13
13,"source_ray_13",0.6,Detected,DetectorHit,"",false,false,1.7559224792305319e1,,3.0196118700039873e0,3.0196118700039873e0,4.8058615533009630e-1,1.6205657099127035e2,1.6964766973883502e2,6.6180000000000004e-4,1.7008616737257398e-13,1.7008616737257391e-13,0.0000000000000000e0,0.0000000000000000e0,0.0000000000000000e0,0.0000000000000000e0,3.7232439353829250e-11,613,1,32,0.0000000000000000e0,8.2131918324940798e1,1.3664316249108710e-1,-9.8777301155705632e-1,-9.8668640340937075e-1,1.0872056036777851e1,1.1006634023782349e1,9.9999999999999998e-13,1.0000000000000000e-14,1.0000000000000000e-3,4.0000000000000000e2,1.5000000000000000e3,5.0000000000000003e-2,9.9999999999999998e-13,5.0000000000000000e-1,200000,1.0000000000000001e-5,1.7544601738631547e0,1.4687713270513839e1,2.1979584038536183e2,1.6939555948170206e-13
14,"source_ray_14",0.6,Detected,DetectorHit,"",false,false,1.8817322598976656e1,,2.9719595034321262e0,2.9719595034321267e0,4.7300204564015769e-1,1.6172138408608083e2,1.6897747003812447e2,8.1890000000000001e-4,1.3372636331610011e-13,1.3372636331610013e-13,0.0000000000000000e0,0.0000000000000000e0,0.0000000000000000e0,0.0000000000000000e0,3.9563019527122378e-11,584,1,33,0.0000000000000000e0,8.2423612653748776e1,1.6109190453758049e-1,-9.8782062344605936e-1,-9.8322938731388054e-1,1.2850378471912119e1,1.3008817761956580e1,9.9999999999999998e-13,1.0000000000000000e-14,1.0000000000000000e-3,4.0000000000000000e2,1.5000000000000000e3,5.0000000000000003e-2,9.9999999999999998e-13,5.0000000000000000e-1,200000,1.0000000000000001e-5,1.7538028254728191e0,1.4635755583010814e1,2.1985008111079452e2,1.7995453686998824e-13
15,"source_ray_15",0.6,Detected,DetectorHit,"",false,false,2.0189876041458632e1,,2.9210713489043307e0,2.9210713489043307e0,4.6490294430223472e-1,1.6143857373679225e2,1.6836475669603919e2,7.0940000000000000e-4,1.0508260928077107e-13,1.0508260928077109e-13,0.0000000000000000e0,0.0000000000000000e0,0.0000000000000000e0,0.0000000000000000e0,4.5616843635798432e-11,560,2,32,0.0000000000000000e0,8.2762623359935773e1,1.8534794999569476e-1,-9.8787478438637344e-1,-9.7924087892826339e-1,1.4829453547717106e1,1.5011470868677495e1,9.9999999999999998e-13,1.0000000000000000e-14,1.0000000000000000e-3,4.0000000000000000e2,1.5000000000000000e3,5.0000000000000003e-2,9.9999999999999998e-13,5.0000000000000000e-1,200000,1.0000000000000001e-5,1.7530447684470518e0,1.4575822555312872e1,2.1991218826924526e2,2.0743208457344951e-13
16,"source_ray_16",0.6,Detected,DetectorHit,"",false,false,1.8715387107943755e1,,-2.9487274688428227e0,2.9487274688428227e0,4.6930455249718805e-1,1.6195079382244961e2,1.6944443678609423e2,6.0959999999999996e-4,1.1474154959500993e-13,1.1474154959500993e-13,0.0000000000000000e0,0.0000000000000000e0,0.0000000000000000e0,0.0000000000000000e0,3.6493474908638746e-11,561,1,32,0.0000000000000000e0,8.2423594652399046e1,-1.8534794999569476e-1,-9.8776130485734170e-1,-9.8322958992914955e-1,-1.4827359669463757e1,-1.5011075648084040e1,9.9999999999999998e-13,1.0000000000000000e-14,1.0000000000000000e-3,4.0000000000000000e2,1.5000000000000000e3,5.0000000000000003e-2,9.9999999999999998e-13,5.0000000000000000e-1,200000,1.0000000000000001e-5,1.7291795042780038e0,1.2630598304801897e1,1.6513183739273072e2,2.2099599619815790e-13
17,"source_ray_17",0.6,Detected,DetectorHit,"",false,false,1.7238347813310376e1,,-3.0023342659289058e0,3.0023342659289058e0,4.7783633923676239e-1,1.6240659393146603e2,1.7030572456054529e2,6.1249999999999998e-4,1.4577228313328305e-13,1.4577228313328308e-13,0.0000000000000000e0,0.0000000000000000e0,0.0000000000000000e0,0.0000000000000000e0,3.1548097467748448e-11,587,1,28,0.0000000000000000e0,8.2083183599662632e1,-1.6109190453758049e-1,-9.8771426378994498e-1,-9.8726626167887777e-1,-1.2848526533709721e1,-1.3008343611854723e1,9.9999999999999998e-13,1.0000000000000000e-14,1.0000000000000000e-3,4.0000000000000000e2,1.5000000000000000e3,5.0000000000000003e-2,9.9999999999999998e-13,5.0000000000000000e-1,200000,1.0000000000000001e-5,1.7298419257250166e0,1.2682495961673936e1,1.6508423712331938e2,1.9110302726347967e-13
18,"source_ray_18",0.6,Detected,DetectorHit,"",false,false,1.5871704968635926e1,,-3.0514451180652147e0,3.0514451180652147e0,4.8565257411371110e-1,1.6297290860756220e2,1.7128944209707714e2,6.6239999999999995e-4,1.8984813721090177e-13,1.8984813721090189e-13,0.0000000000000000e0,0.0000000000000000e0,0.0000000000000000e0,0.0000000000000000e0,2.6233237804262899e-11,617,1,31,0.0000000000000000e0,8.1790275061570966e1,-1.3664316249108710e-1,-9.8767413025928241e-1,-9.9076532681315821e-1,-1.0870461277805449e1,-1.1006121295241128e1,9.9999999999999998e-13,1.0000000000000000e-14,1.0000000000000000e-3,4.0000000000000000e2,1.5000000000000000e3,5.0000000000000003e-2,9.9999999999999998e-13,5.0000000000000000e-1,200000,1.0000000000000001e-5,1.7304163803348800e0,1.2727486812508566e1,1.6504265961787436e2,1.5894822505285053e-13
19,"source_ray_19",0.6,Detected,DetectorHit,"",false,false,1.4644637740002739e1,,-3.0930033894671913e0,3.0930033894671909e0,4.9226677843369016e-1,1.6365263391524957e2,1.7238436075646979e2,7.0240000000000005e-4,2.5129898162390418e-13,2.5129898162390428e-13,0.0000000000000000e0,0.0000000000000000e0,0.0000000000000000e0,0.0000000000000000e0,1.7166712495964020e-11,652,1,31,0.0000000000000000e0,8.1545380919797637e1,-1.1202896242598788e-1,-9.8764111513875985e-1,-9.9370923194704819e-1,-8.8930652192284345e0,-9.0043489309160574e0,9.9999999999999998e-13,1.0000000000000000e-14,1.0000000000000000e-3,4.0000000000000000e2,1.5000000000000000e3,5.0000000000000003e-2,9.9999999999999998e-13,5.0000000000000000e-1,200000,1.0000000000000001e-5,1.7308998774505704e0,1.2765343043966590e1,1.6500745011453967e2,1.0403598433917847e-13
20,"source_ray_20",0.6,Detected,DetectorHit,"",false,false,1.3592679808961382e1,,-3.1232870631564960e0,3.1232870631564960e0,4.9708657479632506e-1,1.6441625422768055e2,1.7353769598126149e2,7.6059999999999995e-4,3.3500199142499909e-13,3.3500199142499894e-13,0.0000000000000000e0,0.0000000000000000e0,0.0000000000000000e0,0.0000000000000000e0,2.4783730623312294e-11,694,1,32,0.0000000000000000e0,8.1348934803087829e1,-8.7277712949461447e-2,-9.8761539476575866e-1,-9.9608295939060809e-1,-6.9162303751775118e0,-7.0029592610976810e0,9.9999999999999998e-13,1.0000000000000000e-14,1.0000000000000000e-3,4.0000000000000000e2,1.5000000000000000e3,5.0000000000000003e-2,9.9999999999999998e-13,5.0000000000000000e-1,200000,1.0000000000000001e-5,1.7312898547801807e0,1.2795869676623189e1,1.6497890734677162e2,1.5022363174717239e-13
21,"source_ray_21",0.6,Detected,DetectorHit,"",false,false,1.2756289150522663e1,,-3.1389349908183046e0,3.1389349908183051e0,4.9957701983284636e-1,1.6517693536677771e2,1.7462914097134262e2,8.0469999999999999e-4,5.0210660282323794e-13,5.0210660282323804e-13,0.0000000000000000e0,0.0000000000000000e0,0.0000000000000000e0,0.0000000000000000e0,3.6123992686043493e-11,744,2,30,0.0000000000000000e0,8.1201288333747812e1,-6.2418809995957350e-2,-9.8759710837557002e-1,-9.9787423262341490e-1,-4.9398407736005066e0,-5.0018785309382974e0,9.9999999999999998e-13,1.0000000000000000e-14,1.0000000000000000e-3,4.0000000000000000e2,1.5000000000000000e3,5.0000000000000003e-2,9.9999999999999998e-13,5.0000000000000000e-1,200000,1.0000000000000001e-5,1.7315842152427918e0,1.2818907269484829e1,1.6495727779365836e2,2.1898999043394887e-13
22,"source_ray_22",0.6,Detected,DetectorHit,"",false,false,1.2176399251479070e1,,-3.1391492386965321e0,3.1391492386965321e0,4.9961111844171313e-1,1.6578206432057155e2,1.7546606515183890e2,8.3440000000000001e-4,8.6842035298961839e-13,8.6842035298961799e-13,0.0000000000000000e0,0.0000000000000000e0,0.0000000000000000e0,0.0000000000000000e0,6.8979488787590526e-11,798,1,33,0.0000000000000000e0,8.1102708028185205e1,-3.7482436691661486e-2,-9.8758635603390998e-1,-9.9907368775635730e-1,-2.9637739818144953e0,-3.0010276708528467e0,9.9999999999999998e-13,1.0000000000000000e-14,1.0000000000000000e-3,4.0000000000000000e2,1.5000000000000000e3,5.0000000000000003e-2,9.9999999999999998e-13,5.0000000000000000e-1,200000,1.0000000000000001e-5,1.7317813578029440e0,1.2834334178619212e1,1.6494275081554221e2,4.1820260936918198e-13
23,"source_ray_23",0.6,Detected,DetectorHit,"",false,false,1.1886816977186168e1,,-3.1281991558982321e0,3.1281991558982325e0,4.9786835863709822e-1,1.6605861945804435e2,1.7583977932212841e2,1.1531000000000000e-3,1.9041147239669265e-12,1.9041147239669265e-12,0.0000000000000000e0,0.0000000000000000e0,0.0000000000000000e0,0.0000000000000000e0,2.0762058738910127e-10,904,2,33,0.0000000000000000e0,8.1053372914199926e1,-1.2499349019361679e-2,-9.8758319712735188e-1,-9.9967500641274076e-1,-9.8790281570489458e-1,-1.0003236371158120e0,9.9999999999999998e-13,1.0000000000000000e-14,1.0000000000000000e-3,4.0000000000000000e2,1.5000000000000000e3,5.0000000000000003e-2,9.9999999999999998e-13,5.0000000000000000e-1,200000,1.0000000000000001e-5,1.7318802014203269e0,1.2842068308661577e1,1.6493545484409006e2,1.2587990107121635e-12
24,"source_ray_24",0.6,Detected,DetectorHit,"",false,false,1.1905570331299879e1,,3.1677501451619077e0,3.1677501451619077e0,5.0416309408258664e-1,1.6591270579502941e2,1.7563979954393918e2,9.8890000000000002e-4,1.9945048759274775e-12,1.9945048759274775e-12,0.0000000000000000e0,0.0000000000000000e0,0.0000000000000000e0,0.0000000000000000e0,2.2410517885873560e-10,903,2,32,0.0000000000000000e0,8.1053372914199926e1,1.2499349019361679e-2,-9.8758764945592459e-1,-9.9967500641274076e-1,9.8790281570489435e-1,1.0003191273697514e0,9.9999999999999998e-13,1.0000000000000000e-14,1.0000000000000000e-3,4.0000000000000000e2,1.5000000000000000e3,5.0000000000000003e-2,9.9999999999999998e-13,5.0000000000000000e-1,200000,1.0000000000000001e-5,1.7318802014203269e0,1.2842068308661577e1,1.6493545476264984e2,1.3587447233903340e-12
25,"source_ray_25",0.6,Detected,DetectorHit,"",false,false,1.2229686764160171e1,,3.1720796907949169e0,3.1720796907949169e0,5.0485216267142197e-1,1.6539777382923617e2,1.7493017715009708e2,9.3789999999999998e-4,8.4393147851968831e-13,8.4393147851968831e-13,0.0000000000000000e0,0.0000000000000000e0,0.0000000000000000e0,0.0000000000000000e0,6.5710992203094065e-11,797,1,32,0.0000000000000000e0,8.1102708028185205e1,3.7482436691661486e-2,-9.8759968895490524e-1,-9.9907368775635730e-1,2.9637739818144957e0,3.0009871559911199e0,9.9999999999999998e-13,1.0000000000000000e-14,1.0000000000000000e-3,4.0000000000000000e2,1.5000000000000000e3,5.0000000000000003e-2,9.9999999999999998e-13,5.0000000000000000e-1,200000,1.0000000000000001e-5,1.7317813578029440e0,1.2834334178619212e1,1.6494275057195651e2,3.9838666431373443e-13
26,"source_ray_26",0.6,Detected,DetectorHit,"",false,false,1.2836584260092044e1,,3.1618482767106748e0,3.1618482767106748e0,5.0322378254509481e-1,1.6467313006164528e2,1.7390234373006132e2,7.7910000000000002e-4,4.9925948791829100e-13,4.9925948791829100e-13,0.0000000000000000e0,0.0000000000000000e0,0.0000000000000000e0,0.0000000000000000e0,3.3935521059902385e-11,740,1,31,0.0000000000000000e0,8.1201288333747812e1,6.2418809995957350e-2,-9.8761925005430817e-1,-9.9787423262341490e-1,4.9398407736005057e0,5.0017663925939768e0,9.9999999999999998e-13,1.0000000000000000e-14,1.0000000000000000e-3,4.0000000000000000e2,1.5000000000000000e3,5.0000000000000003e-2,9.9999999999999998e-13,5.0000000000000000e-1,200000,1.0000000000000001e-5,1.7315842152427918e0,1.2818907269484829e1,1.6495727739011650e2,2.0572309143807224e-13
27,"source_ray_27",0.6,Detected,DetectorHit,"",false,false,1.3690844202526309e1,,3.1363802105844534e0,3.1363802105844534e0,4.9917041393011541e-1,1.6390307890466588e2,1.7276014493381936e2,8.1599999999999999e-4,3.4163470663539641e-13,3.4163470663539611e-13,0.0000000000000000e0,0.0000000000000000e0,0.0000000000000000e0,0.0000000000000000e0,2.3476331989513710e-11,689,1,33,0.0000000000000000e0,8.1348934803087829e1,8.7277712949461447e-2,-9.8764622666560620e-1,-9.9608295939060809e-1,6.9162303751775092e0,7.0027406458357104e0,9.9999999999999998e-13,1.0000000000000000e-14,1.0000000000000000e-3,4.0000000000000000e2,1.5000000000000000e3,5.0000000000000003e-2,9.9999999999999998e-13,5.0000000000000000e-1,200000,1.0000000000000001e-5,1.7312898547801807e0,1.2795869676623189e1,1.6497890678687173e2,1.4229899110582451e-13
28,"source_ray_28",0.6,Detected,DetectorHit,"",false,false,1.4752440391364576e1,,3.0984153157446497e0,3.0984153157446497e0,4.9312811325239664e-1,1.6319404483098481e2,1.7164504371646592e2,6.7770000000000005e-4,2.4596991110570343e-13,2.4596991110570348e-13,0.0000000000000000e0,0.0000000000000000e0,0.0000000000000000e0,0.0000000000000000e0,1.8530954548623413e-11,647,1,32,0.0000000000000000e0,8.1545380919797637e1,1.1202896242598788e-1,-9.8768047376675416e-1,-9.9370923194704819e-1,8.8930652192284345e0,9.0039901116123282e0,9.9999999999999998e-13,1.0000000000000000e-14,1.0000000000000000e-3,4.0000000000000000e2,1.5000000000000000e3,5.0000000000000003e-2,9.9999999999999998e-13,5.0000000000000000e-1,200000,1.0000000000000001e-5,1.7308998774505704e0,1.2765343043966590e1,1.6500744940321439e2,1.1230374516814041e-13
29,"source_ray_29",0.6,Detected,DetectorHit,"",false,false,1.5982966908837820e1,,3.0516574001132621e0,3.0516574001132621e0,4.8568635985098751e-1,1.6259089266327146e2,1.7062742967340554e2,6.4979999999999997e-4,1.8957058145474548e-13,1.8957058145474561e-13,0.0000000000000000e0,0.0000000000000000e0,0.0000000000000000e0,0.0000000000000000e0,2.4954260879894719e-11,613,1,33,0.0000000000000000e0,8.1790275061570966e1,1.3664316249108710e-1,-9.8772180953952116e-1,-9.9076532681315821e-1,1.0870461277805447e1,1.1005590008054281e1,9.9999999999999998e-13,1.0000000000000000e-14,1.0000000000000000e-3,4.0000000000000000e2,1.5000000000000000e3,5.0000000000000003e-2,9.9999999999999998e-13,5.0000000000000000e-1,200000,1.0000000000000001e-5,1.7304163803348800e0,1.2727486812508566e1,1.6504265876129085e2,1.5119885408527785e-13
30,"source_ray_30",0.6,Detected,DetectorHit,"",false,false,1.7348926559847389e1,,2.9993944050250256e0,2.9993944050250252e0,4.7736844584190719e-1,1.6209924994449216e2,1.6972914076127029e2,6.6259999999999995e-4,1.4532819392343299e-13,1.4532819392343299e-13,0.0000000000000000e0,0.0000000000000000e0,0.0000000000000000e0,0.0000000000000000e0,3.2713387554395013e-11,583,1,28,0.0000000000000000e0,8.2083183599662632e1,1.6109190453758049e-1,-9.8777001799824915e-1,-9.8726626167887777e-1,1.2848526533709721e1,1.3007609362093936e1,9.9999999999999998e-13,1.0000000000000000e-14,1.0000000000000000e-3,4.0000000000000000e2,1.5000000000000000e3,5.0000000000000003e-2,9.9999999999999998e-13,5.0000000000000000e-1,200000,1.0000000000000001e-5,1.7298419257250166e0,1.2682495961673936e1,1.6508423612875694e2,1.9816178892380922e-13
31,"source_ray_31",0.6,Detected,DetectorHit,"",false,false,1.8822803717322795e1,,2.9440802668443156e0,2.9440802668443156e0,4.6856492732757909e-1,1.6170680160712288e2,1.6894701605822647e2,6.4199999999999999e-4,1.1263212584822213e-13,1.1263212584822213e-13,0.0000000000000000e0,0.0000000000000000e0,0.0000000000000000e0,0.0000000000000000e0,3.6095570976613089e-11,559,1,30,0.0000000000000000e0,8.2423594652399046e1,1.8534794999569476e-1,-9.8782485203708992e-1,-9.8322958992914955e-1,1.4827359669463759e1,1.5010109979402538e1,9.9999999999999998e-13,1.0000000000000000e-14,1.0000000000000000e-3,4.0000000000000000e2,1.5000000000000000e3,5.0000000000000003e-2,9.9999999999999998e-13,5.0000000000000000e-1,200000,1.0000000000000001e-5,1.7291795042780038e0,1.2630598304801897e1,1.6513183626844068e2,2.1858638402067795e-13
32,"source_ray_32",0.6,Detected,DetectorHit,"",false,false,1.7447637314557848e1,,-2.9788540289148742e0,2.9788540289148737e0,4.7409934345100990e-1,1.6235204004929494e2,1.7020683436577590e2,6.0099999999999997e-4,1.2240208846492351e-13,1.2240208846492358e-13,0.0000000000000000e0,0.0000000000000000e0,0.0000000000000000e0,0.0000000000000000e0,2.7213786779611837e-11,561,2,29,0.0000000000000000e0,8.2131884536385883e1,-1.8534794999569476e-1,-9.8771734037145864e-1,-9.8668678616951710e-1,-1.4825530756812363e1,-1.5009892153191123e1,9.9999999999999998e-13,1.0000000000000000e-14,1.0000000000000000e-3,4.0000000000000000e2,1.5000000000000000e3,5.0000000000000003e-2,9.9999999999999998e-13,5.0000000000000000e-1,200000,1.0000000000000001e-5,1.7051309251786131e0,1.0686112845878929e1,1.1820131608854547e2,2.3023251923206839e-13
33,"source_ray_33",0.6,Detected,DetectorHit,"",false,false,1.5859135590886408e1,,-3.0398916281007029e0,3.0398916281007033e0,4.8381377907589651e-1,1.6301283379934935e2,1.7135689591506349e2,6.2580000000000003e-4,1.6003864899971632e-13,1.6003864899971632e-13,0.0000000000000000e0,0.0000000000000000e0,0.0000000000000000e0,0.0000000000000000e0,2.3305801732931286e-11,586,1,32,0.0000000000000000e0,8.1790259270617440e1,-1.6109190453758049e-1,-9.8766978869971078e-1,-9.9076550704904065e-1,-1.2846908699026409e1,-1.3007291349814041e1,9.9999999999999998e-13,1.0000000000000000e-14,1.0000000000000000e-3,4.0000000000000000e2,1.5000000000000000e3,5.0000000000000003e-2,9.9999999999999998e-13,5.0000000000000000e-1,200000,1.0000000000000001e-5,1.7056954412625960e0,1.0729993300607099e1,1.1816663646439406e2,1.9722827381952082e-13
34,"source_ray_34",0.6,Detected,DetectorHit,"",false,false,1.4369319603920935e1,,-3.0973787492656717e0,3.0973787492656717e0,4.9296313857342394e-1,1.6390011288924626e2,1.7276738747551113e2,8.4110000000000001e-4,2.1216362000586741e-13,2.1216362000586731e-13,0.0000000000000000e0,0.0000000000000000e0,0.0000000000000000e0,0.0000000000000000e0,1.8431478565616999e-11,617,1,32,0.0000000000000000e0,8.1496297821524308e1,-1.3664316249108710e-1,-9.8762921627347677e-1,-9.9430128798732653e-1,-1.0869067927806679e1,-1.1005211013114671e1,9.9999999999999998e-13,1.0000000000000000e-14,1.0000000000000000e-3,4.0000000000000000e2,1.5000000000000000e3,5.0000000000000003e-2,9.9999999999999998e-13,5.0000000000000000e-1,200000,1.0000000000000001e-5,1.7061850190275445e0,1.0768033363618336e1,1.1813634084219230e2,1.5601870207100752e-13
35,"source_ray_35",0.6,Detected,DetectorHit,"",false,false,1.3010184012874838e1,,-3.1469751902712573e0,3.1469751902712573e0,5.0085665731922846e-1,1.6507116612488613e2,1.7448353779927589e2,8.0559999999999996e-4,3.2726078791345259e-13,3.2726078791345289e-13,0.0000000000000000e0,0.0000000000000000e0,0.0000000000000000e0,0.0000000000000000e0,1.4068746168049984e-11,654,1,33,0.0000000000000000e0,8.1250517526682941e1,-1.1202896242598788e-1,-9.8759583777140691e-1,-9.9727627606698144e-1,-8.8919081789808079e0,-9.0035901721154943e0,9.9999999999999998e-13,1.0000000000000000e-14,1.0000000000000000e-3,4.0000000000000000e2,1.5000000000000000e3,5.0000000000000003e-2,9.9999999999999998e-13,5.0000000000000000e-1,200000,1.0000000000000001e-5,1.7065970980263323e0,1.0800040652731155e1,1.1811068242944424e2,1.1911493421820018e-13
36,"source_ray_36",0.6,Detected,DetectorHit,"",false,false,1.1824119557209714e1,,-3.1819646951913194e0,3.1819646951913194e0,5.0642540998359453e-1,1.6654114752851717e2,1.7649325019632326e2,7.6800000000000002e-4,4.7884265996778197e-13,4.7884265996778207e-13,0.0000000000000000e0,0.0000000000000000e0,0.0000000000000000e0,0.0000000000000000e0,2.0975221559638157e-11,699,1,32,0.0000000000000000e0,8.1053356688625854e1,-8.7277712949461447e-2,-9.8756983274728138e-1,-9.9967519466020549e-1,-6.9153196612706465e0,-7.0023601693393092e0,9.9999999999999998e-13,1.0000000000000000e-14,1.0000000000000000e-3,4.0000000000000000e2,1.5000000000000000e3,5.0000000000000003e-2,9.9999999999999998e-13,5.0000000000000000e-1,200000,1.0000000000000001e-5,1.7069294842660798e0,1.0825850522555662e1,1.1808988038310849e2,1.7762082145896084e-13
37,"source_ray_37",0.6,Detected,DetectorHit,"",false,false,1.0864130224951133e1,,-3.1938552429956908e0,3.1938552429956908e0,5.0831784944273073e-1,1.6818936207558588e2,1.7862583888996735e2,7.8680000000000004e-4,6.5467379781192214e-13,6.5467379781192224e-13,0.0000000000000000e0,0.0000000000000000e0,0.0000000000000000e0,0.0000000000000000e0,2.9615421226480976e-11,754,1,32,0.0000000000000000e0,8.0905170754437449e1,-6.2418809995957350e-2,-9.8755134299883129e-1,-1.0014855537706988e0,-4.9391843964602806e0,-5.0014456782183991e0,9.9999999999999998e-13,1.0000000000000000e-14,1.0000000000000000e-3,4.0000000000000000e2,1.5000000000000000e3,5.0000000000000003e-2,9.9999999999999998e-13,5.0000000000000000e-1,200000,1.0000000000000001e-5,1.7071803819004798e0,1.0845328343677346e1,1.1807411556414444e2,2.5082060606579129e-13
38,"source_ray_38",0.6,Detected,DetectorHit,"",false,false,1.0189110681324390e1,,-3.1765119607904215e0,3.1765119607904211e0,5.0555758035032439e-1,1.6964580719238688e2,1.8043815625623716e2,8.6759999999999995e-4,9.5667180774472449e-13,9.5667180774472489e-13,0.0000000000000000e0,0.0000000000000000e0,0.0000000000000000e0,0.0000000000000000e0,4.4963144318899140e-11,816,1,32,0.0000000000000000e0,8.0806229160327405e1,-3.7482436691661486e-2,-9.8754047044712845e-1,-1.0026978256059922e0,-2.9633777840105555e0,-3.0007659156174409e0,9.9999999999999998e-13,1.0000000000000000e-14,1.0000000000000000e-3,4.0000000000000000e2,1.5000000000000000e3,5.0000000000000003e-2,9.9999999999999998e-13,5.0000000000000000e-1,200000,1.0000000000000001e-5,1.7073484197572544e0,1.0858371405811461e1,1.1806352694433991e2,3.8083856617375699e-13
39,"source_ray_39",0.6,Detected,DetectorHit,"",false,false,9.8513908171405671e0,,-3.1347763856703974e0,3.1347763856703978e0,4.9891515726718955e-1,1.7034911218814216e2,1.8129301194930790e2,9.4760000000000005e-4,2.3112999415850904e-12,2.3112999415850904e-12,0.0000000000000000e0,0.0000000000000000e0,0.0000000000000000e0,0.0000000000000000e0,1.7014656350511359e-10,917,1,28,0.0000000000000000e0,8.0756712905458727e1,-1.2499349019361679e-2,-9.8753727558783166e-1,-1.0033055806735436e0,-9.8777035202671026e-1,-1.0002360178644800e0,9.9999999999999998e-13,1.0000000000000000e-14,1.0000000000000000e-3,4.0000000000000000e2,1.5000000000000000e3,5.0000000000000003e-2,9.9999999999999998e-13,5.0000000000000000e-1,200000,1.0000000000000001e-5,1.7074326719459707e0,1.0864910393485349e1,1.1805820879118259e2,1.4412090886967728e-12
40,"source_ray_40",0.6,Detected,DetectorHit,"",false,false,9.8794582534060496e0,,3.1943609584918384e0,3.1943609584918384e0,5.0839833656374078e-1,1.6995070984011579e2,1.8080417427746610e2,1.0001000000000001e-3,2.3806256445324525e-12,2.3806256445324529e-12,0.0000000000000000e0,0.0000000000000000e0,0.0000000000000000e0,0.0000000000000000e0,1.7743673197401222e-10,915,2,32,0.0000000000000000e0,8.0756712905458727e1,1.2499349019361679e-2,-9.8754177656000941e-1,-1.0033055806735436e0,9.8777035202671026e-1,1.0002314590350772e0,9.9999999999999998e-13,1.0000000000000000e-14,1.0000000000000000e-3,4.0000000000000000e2,1.5000000000000000e3,5.0000000000000003e-2,9.9999999999999998e-13,5.0000000000000000e-1,200000,1.0000000000000001e-5,1.7074326719459707e0,1.0864910393485349e1,1.1805820873180517e2,1.5029597169062444e-12
41,"source_ray_41",0.6,Detected,DetectorHit,"",false,false,1.0266997475651504e1,,3.2213120311625332e0,3.2213120311625332e0,5.1268773300091075e-1,1.6866631523765963e2,1.7921350603084775e2,8.3819999999999999e-4,9.5069264960390143e-13,9.5069264960390183e-13,0.0000000000000000e0,0.0000000000000000e0,0.0000000000000000e0,0.0000000000000000e0,4.1509906623105053e-11,813,1,32,0.0000000000000000e0,8.0806229160327405e1,3.7482436691661486e-2,-9.8755394886049008e-1,-1.0026978256059922e0,2.9633777840105555e0,3.0007249603223309e0,9.9999999999999998e-13,1.0000000000000000e-14,1.0000000000000000e-3,4.0000000000000000e2,1.5000000000000000e3,5.0000000000000003e-2,9.9999999999999998e-13,5.0000000000000000e-1,200000,1.0000000000000001e-5,1.7073484197572544e0,1.0858371405811461e1,1.1806352676674733e2,3.5158958706285527e-13
42,"source_ray_42",0.6,Detected,DetectorHit,"",false,false,1.0976868594183829e1,,3.2192538320822677e0,3.2192538320822681e0,5.1236016044341937e-1,1.6704281827405441e2,1.7713831825836832e2,7.8180000000000003e-4,6.5198714482850306e-13,6.5198714482850306e-13,0.0000000000000000e0,0.0000000000000000e0,0.0000000000000000e0,0.0000000000000000e0,2.7867486096511129e-11,747,1,32,0.0000000000000000e0,8.0905170754437449e1,6.2418809995957350e-2,-9.8757372571252477e-1,-1.0014855537706988e0,4.9391843964602806e0,5.0013323237176115e0,9.9999999999999998e-13,1.0000000000000000e-14,1.0000000000000000e-3,4.0000000000000000e2,1.5000000000000000e3,5.0000000000000003e-2,9.9999999999999998e-13,5.0000000000000000e-1,200000,1.0000000000000001e-5,1.7071803819004798e0,1.0845328343677346e1,1.1807411526994444e2,2.3601689525938592e-13
43,"source_ray_43",0.6,Detected,DetectorHit,"",false,false,1.1955678034645187e1,,3.1916291360323128e0,3.1916291360323128e0,5.0796355351565781e-1,1.6551291732016497e2,1.7508560598986847e2,7.1739999999999998e-4,4.6354413363314251e-13,4.6354413363314251e-13,0.0000000000000000e0,0.0000000000000000e0,0.0000000000000000e0,0.0000000000000000e0,1.9710455489985179e-11,692,1,32,0.0000000000000000e0,8.1053356688625854e1,8.7277712949461447e-2,-9.8760099907795784e-1,-9.9967519466020549e-1,6.9153196612706465e0,7.0021391915631046e0,9.9999999999999998e-13,1.0000000000000000e-14,1.0000000000000000e-3,4.0000000000000000e2,1.5000000000000000e3,5.0000000000000003e-2,9.9999999999999998e-13,5.0000000000000000e-1,200000,1.0000000000000001e-5,1.7069294842660798e0,1.0825850522555662e1,1.1808987997494309e2,1.6691062345196256e-13
44,"source_ray_44",0.6,Detected,DetectorHit,"",false,false,1.3148268060093811e1,,3.1466563638657212e0,3.1466563638657212e0,5.0080591452079914e-1,1.6425628314900729e2,1.7328927496449208e2,6.7949999999999998e-4,3.1696173463657829e-13,3.1696173463657849e-13,0.0000000000000000e0,0.0000000000000000e0,0.0000000000000000e0,0.0000000000000000e0,1.4267698134062812e-11,648,1,32,0.0000000000000000e0,8.1250517526682941e1,1.1202896242598788e-1,-9.8763562128301985e-1,-9.9727627606698144e-1,8.8919081789808079e0,9.0032274933841379e0,9.9999999999999998e-13,1.0000000000000000e-14,1.0000000000000000e-3,4.0000000000000000e2,1.5000000000000000e3,5.0000000000000003e-2,9.9999999999999998e-13,5.0000000000000000e-1,200000,1.0000000000000001e-5,1.7065970980263323e0,1.0800040652731155e1,1.1811068191093476e2,1.2079938836372004e-13
45,"source_ray_45",0.6,Detected,DetectorHit,"",false,false,1.4506224423990284e1,,3.0916924400122854e0,3.0916924400122854e0,4.9205813434779833e-1,1.6328801506141406e2,1.7179599984952924e2,7.1150000000000000e-4,2.0877743978076069e-13,2.0877743978076059e-13,0.0000000000000000e0,0.0000000000000000e0,0.0000000000000000e0,0.0000000000000000e0,1.8829382497642655e-11,612,1,31,0.0000000000000000e0,8.1496297821524308e1,1.3664316249108710e-1,-9.8767740721022335e-1,-9.9430128798732653e-1,1.0869067927806682e1,1.1004674044845538e1,9.9999999999999998e-13,1.0000000000000000e-14,1.0000000000000000e-3,4.0000000000000000e2,1.5000000000000000e3,5.0000000000000003e-2,9.9999999999999998e-13,5.0000000000000000e-1,200000,1.0000000000000001e-5,1.7061850190275445e0,1.0768033363618336e1,1.1813634021786548e2,1.5938687843992590e-13
46,"source_ray_46",0.6,Detected,DetectorHit,"",false,false,1.5990698824132723e1,,3.0317849635682981e0,3.0317849635682981e0,4.8252356334357649e-1,1.6256062566320588e2,1.7057357298380273e2,6.2890000000000005e-4,1.5948353748740374e-13,1.5948353748740366e-13,0.0000000000000000e0,0.0000000000000000e0,0.0000000000000000e0,0.0000000000000000e0,2.3504753698944114e-11,582,1,29,0.0000000000000000e0,8.1790259270617440e1,1.6109190453758049e-1,-9.8772613699348677e-1,-9.9076550704904065e-1,1.2846908699026413e1,1.3006549303363355e1,9.9999999999999998e-13,1.0000000000000000e-14,1.0000000000000000e-3,4.0000000000000000e2,1.5000000000000000e3,5.0000000000000003e-2,9.9999999999999998e-13,5.0000000000000000e-1,200000,1.0000000000000001e-5,1.7056954412625960e0,1.0729993300607099e1,1.1816663573959165e2,1.9891193103561347e-13
47,"source_ray_47",0.6,Detected,DetectorHit,"",false,false,1.7571965441874092e1,,2.9699988649034026e0,2.9699988649034026e0,4.7269000032669478e-1,1.6201696842054122e2,1.6957052955427164e2,5.8850000000000005e-4,1.2223555501122974e-13,1.2223555501122979e-13,0.0000000000000000e0,0.0000000000000000e0,0.0000000000000000e0,0.0000000000000000e0,2.5579538487363607e-11,557,1,31,0.0000000000000000e0,8.2131884536385883e1,1.8534794999569476e-1,-9.8778155914119437e-1,-9.8668678616951710e-1,1.4825530756812364e1,1.5008916313139219e1,9.9999999999999998e-13,1.0000000000000000e-14,1.0000000000000000e-3,4.0000000000000000e2,1.5000000000000000e3,5.0000000000000003e-2,9.9999999999999998e-13,5.0000000000000000e-1,200000,1.0000000000000001e-5,1.7051309251786131e0,1.0686112845878929e1,1.1820131526932070e2,2.1640654699214507e-13
48,"source_ray_48",0.6,Detected,DetectorHit,"",false,false,1.6319141579411422e1,,-3.0126708370419988e0,3.0126708370419988e0,4.7948145562403205e-1,1.6281787882923589e2,1.7102902672869050e2,5.8629999999999999e-4,1.3145040611561853e-13,1.3145040611561853e-13,0.0000000000000000e0,0.0000000000000000e0,0.0000000000000000e0,0.0000000000000000e0,1.7266188478970435e-11,559,1,32,0.0000000000000000e0,8.1887998806756727e1,-1.8534794999569476e-1,-9.8768033986927550e-1,-9.8959525217400235e-1,-1.4823981982393722e1,-1.5008886361305674e1,9.9999999999999998e-13,1.0000000000000000e-14,1.0000000000000000e-3,4.0000000000000000e2,1.5000000000000000e3,5.0000000000000003e-2,9.9999999999999998e-13,5.0000000000000000e-1,200000,1.0000000000000001e-5,1.6809250196402019e0,8.7422710903525456e0,7.9109966088264940e1,2.1825554140304046e-13
49,"source_ray_49",0.6,Detected,DetectorHit,"",false,false,1.4614784588559765e1,,-3.0847592738002394e0,3.0847592738002394e0,4.9095468667387349e-1,1.6377177390688564e2,1.7257154090632903e2,6.0530000000000002e-4,1.7833998167127163e-13,1.7833998167127168e-13,0.0000000000000000e0,0.0000000000000000e0,0.0000000000000000e0,0.0000000000000000e0,1.5759837879159022e-11,585,1,30,0.0000000000000000e0,8.1545351708094984e1,-1.6109190453758049e-1,-9.8763235560160123e-1,-9.9370956717753256e-1,-1.2845538492418841e1,-1.3006396985236654e1,9.9999999999999998e-13,1.0000000000000000e-14,1.0000000000000000e-3,4.0000000000000000e2,1.5000000000000000e3,5.0000000000000003e-2,9.9999999999999998e-13,5.0000000000000000e-1,200000,1.0000000000000001e-5,1.6813896635474164e0,8.7781503305113819e0,7.9086409136589324e1,1.9927365588113082e-13
50,"source_ray_50",0.6,Detected,DetectorHit,"",false,false,1.2990905385917543e1,,-3.1567961510147260e0,3.1567961510147260e0,5.0241971176746292e-1,1.6518039131232888e2,1.7463951202371436e2,6.4619999999999999e-4,2.9027821812910304e-13,2.9027821812910309e-13,0.0000000000000000e0,0.0000000000000000e0,0.0000000000000000e0,0.0000000000000000e0,1.3358203432289883e-11,617,1,32,0.0000000000000000e0,8.1250504103551776e1,-1.3664316249108710e-1,-9.8759141128647387e-1,-9.9727643112004793e-1,-1.0867887711853328e1,-1.1004437247683642e1,9.9999999999999998e-13,1.0000000000000000e-14,1.0000000000000000e-3,4.0000000000000000e2,1.5000000000000000e3,5.0000000000000003e-2,9.9999999999999998e-13,5.0000000000000000e-1,200000,1.0000000000000001e-5,1.6817926457839889e0,8.8092537321052617e0,7.9065827863330185e1,1.6895040238344564e-13
51,"source_ray_51",0.6,Detected,DetectorHit,"",false,false,1.1479535373722266e1,,-3.2242413132636325e0,3.2242413132636325e0,5.1315394272701131e-1,1.6729263287863830e2,1.7748224007521358e2,7.3810000000000000e-4,4.5412285043511247e-13,4.5412285043511277e-13,0.0000000000000000e0,0.0000000000000000e0,0.0000000000000000e0,0.0000000000000000e0,1.0928147275990341e-11,657,1,31,0.0000000000000000e0,8.1003977951752091e1,-1.1202896242598788e-1,-9.8755772484736670e-1,-1.0002777360436264e0,-8.8909280316267392e0,-9.0029451523969275e0,9.9999999999999998e-13,1.0000000000000000e-14,1.0000000000000000e-3,4.0000000000000000e2,1.5000000000000000e3,5.0000000000000003e-2,9.9999999999999998e-13,5.0000000000000000e-1,200000,1.0000000000000001e-5,1.6821318506846359e0,8.8354241596245391e0,7.9048395228752597e1,1.3824628880024880e-13
52,"source_ray_52",0.6,Detected,DetectorHit,"",false,false,1.0128079452939955e1,,-3.2773484375275954e0,3.2773484375275954e0,5.2160620406701652e-1,1.7042788822833057e2,1.8140018408576708e2,1.0008000000000000e-3,6.3594962629309748e-13,6.3594962629309748e-13,0.0000000000000000e0,0.0000000000000000e0,0.0000000000000000e0,0.0000000000000000e0,1.7280399333685637e-11,708,1,30,0.0000000000000000e0,8.0806215514567882e1,-8.7277712949461447e-2,-9.8753147858144641e-1,-1.0026979847960307e0,-6.9145481211010082e0,-7.0018508483734703e0,9.9999999999999998e-13,1.0000000000000000e-14,1.0000000000000000e-3,4.0000000000000000e2,1.5000000000000000e3,5.0000000000000003e-2,9.9999999999999998e-13,5.0000000000000000e-1,200000,1.0000000000000001e-5,1.6824054651778826e0,8.8565271393383398e0,7.9034260967019122e1,2.1864440968071709e-13
53,"source_ray_53",0.6,Detected,DetectorHit,"",false,false,9.0043364328483690e0,,-3.2976019627259143e0,3.2976019627259143e0,5.2482965271736526e-1,1.7474348899881426e2,1.8648655476196612e2,9.1810000000000004e-4,8.5559163920390091e-13,8.5559163920390131e-13,0.0000000000000000e0,0.0000000000000000e0,0.0000000000000000e0,0.0000000000000000e0,2.4385826691286638e-11,773,1,30,0.0000000000000000e0,8.0657575479687779e1,-6.2418809995957350e-2,-9.8751281647250566e-1,-1.0045245055412833e0,-4.9386282931507166e0,-5.0010776678240898e0,9.9999999999999998e-13,1.0000000000000000e-14,1.0000000000000000e-3,4.0000000000000000e2,1.5000000000000000e3,5.0000000000000003e-2,9.9999999999999998e-13,5.0000000000000000e-1,200000,1.0000000000000001e-5,1.6826120050756026e0,8.8724527175697574e0,7.9023548669808406e1,3.0858936483832502e-13
54,"source_ray_54",0.6,Detected,DetectorHit,"",false,false,8.1957008049506026e0,,-3.2587010665469021e0,3.2587010665469016e0,5.1863838279977081e-1,1.7944879505875855e2,1.9181054889738084e2,8.7679999999999995e-4,1.1286141292365937e-12,1.1286141292365939e-12,0.0000000000000000e0,0.0000000000000000e0,0.0000000000000000e0,0.0000000000000000e0,3.3978153624047991e-11,848,1,32,0.0000000000000000e0,8.0558329757464492e1,-3.7482436691661486e-2,-9.8750184202473434e-1,-1.0057476308535998e0,-2.9630420996032134e0,-3.0005433645854374e0,9.9999999999999998e-13,1.0000000000000000e-14,1.0000000000000000e-3,4.0000000000000000e2,1.5000000000000000e3,5.0000000000000003e-2,9.9999999999999998e-13,5.0000000000000000e-1,200000,1.0000000000000001e-5,1.6827503370822103e0,8.8831170121950969e0,7.9016353317204931e1,4.3001419576584819e-13
55,"source_ray_55",0.6,Detected,DetectorHit,"",false,false,7.7902281684646004e0,,-3.1522561325639806e0,3.1522561325639811e0,5.0169714538929855e-1,1.8203041439898206e2,1.9466534083972843e2,9.7059999999999996e-4,2.5931739394691178e-12,2.5931739394691166e-12,0.0000000000000000e0,0.0000000000000000e0,0.0000000000000000e0,0.0000000000000000e0,1.1841905234177830e-10,949,1,32,0.0000000000000000e0,8.0508661017671116e1,-1.2499349019361679e-2,-9.8749861668030448e-1,-1.0063608365685321e0,-9.8765811801645764e-1,-1.0001615205666712e0,9.9999999999999998e-13,1.0000000000000000e-14,1.0000000000000000e-3,4.0000000000000000e2,1.5000000000000000e3,5.0000000000000003e-2,9.9999999999999998e-13,5.0000000000000000e-1,200000,1.0000000000000001e-5,1.6828196958948969e0,8.8884634155402829e0,7.9012739342730441e1,1.4987336640502571e-12
56,"source_ray_56",0.6,Detected,DetectorHit,"",false,false,7.8372602773623017e0,,3.2515031714024389e0,3.2515031714024394e0,5.1749280220767246e-1,1.8039085457478376e2,1.9284462437481656e2,1.0363000000000000e-3,2.8643772195715428e-12,2.8643772195715416e-12,0.0000000000000000e0,0.0000000000000000e0,0.0000000000000000e0,0.0000000000000000e0,1.3713474800169934e-10,943,2,29,0.0000000000000000e0,8.0508661017671116e1,1.2499349019361679e-2,-9.8750315886776996e-1,-1.0063608365685321e0,9.8765811801645764e-1,1.0001569201549343e0,9.9999999999999998e-13,1.0000000000000000e-14,1.0000000000000000e-3,4.0000000000000000e2,1.5000000000000000e3,5.0000000000000003e-2,9.9999999999999998e-13,5.0000000000000000e-1,200000,1.0000000000000001e-5,1.6828196958948969e0,8.8884634155402829e0,7.9012739302371955e1,1.7356030079770006e-12
57,"source_ray_57",0.6,Detected,DetectorHit,"",false,false,8.3204278603402386e0,,3.3161538007847375e0,3.3161538007847371e0,5.2778226944786732e-1,1.7599556896047346e2,1.8789880358198104e2,8.7739999999999997e-4,1.0784335664065781e-12,1.0784335664065785e-12,0.0000000000000000e0,0.0000000000000000e0,0.0000000000000000e0,0.0000000000000000e0,3.0382807381101884e-11,838,1,31,0.0000000000000000e0,8.0558329757464492e1,3.7482436691661486e-2,-9.8751544371001254e-1,-1.0057476308535998e0,2.9630420996032139e0,3.0005020361720254e0,9.9999999999999998e-13,1.0000000000000000e-14,1.0000000000000000e-3,4.0000000000000000e2,1.5000000000000000e3,5.0000000000000003e-2,9.9999999999999998e-13,5.0000000000000000e-1,200000,1.0000000000000001e-5,1.6827503370822103e0,8.8831170121950969e0,7.9016353196498542e1,3.8451290336755557e-13
58,"source_ray_58",0.6,Detected,DetectorHit,"",false,false,9.1725757163054187e0,,3.3152365880350474e0,3.3152365880350474e0,5.2763629050488725e-1,1.7152407301354282e2,1.8269294564331565e2,7.8450000000000004e-4,8.2708579568491203e-13,8.2708579568491243e-13,0.0000000000000000e0,0.0000000000000000e0,0.0000000000000000e0,0.0000000000000000e0,2.2055246517993510e-11,759,1,32,0.0000000000000000e0,8.0657575479687779e1,6.2418809995957350e-2,-9.8753540340078227e-1,-1.0045245055412833e0,4.9386282931507157e0,5.0009632830818305e0,9.9999999999999998e-13,1.0000000000000000e-14,1.0000000000000000e-3,4.0000000000000000e2,1.5000000000000000e3,5.0000000000000003e-2,9.9999999999999998e-13,5.0000000000000000e-1,200000,1.0000000000000001e-5,1.6826120050756026e0,8.8724527175697574e0,7.9023548469853509e1,2.7909714186534295e-13
59,"source_ray_59",0.6,Detected,DetectorHit,"",false,false,1.0310476603897431e1,,3.2728849044611543e0,3.2728849044611543e0,5.2089581071583835e-1,1.6811429100869515e2,1.7851199619185508e2,7.1650000000000001e-4,6.3051213555764818e-13,6.3051213555764828e-13,0.0000000000000000e0,0.0000000000000000e0,0.0000000000000000e0,0.0000000000000000e0,1.5987211554602254e-11,696,1,22,0.0000000000000000e0,8.0806215514567882e1,8.7277712949461447e-2,-9.8756292823872527e-1,-1.0026979847960307e0,6.9145481211010074e0,7.0016278693579537e0,9.9999999999999998e-13,1.0000000000000000e-14,1.0000000000000000e-3,4.0000000000000000e2,1.5000000000000000e3,5.0000000000000003e-2,9.9999999999999998e-13,5.0000000000000000e-1,200000,1.0000000000000001e-5,1.6824054651778826e0,8.8565271393383398e0,7.9034260689622116e1,2.0228204091623158e-13
60,"source_ray_60",0.6,Detected,DetectorHit,"",false,false,1.1659043720406087e1,,3.2105286050587996e0,3.2105286050587996e0,5.1097149743303538e-1,1.6576364799908094e2,1.7542782301281332e2,6.9700000000000003e-4,4.4643282126610728e-13,4.4643282126610759e-13,0.0000000000000000e0,0.0000000000000000e0,0.0000000000000000e0,0.0000000000000000e0,1.0359713087382261e-11,647,1,30,0.0000000000000000e0,8.1003977951752091e1,1.1202896242598788e-1,-9.8759786828818330e-1,-1.0002777360436264e0,8.8909280316267409e0,9.0025792046691091e0,9.9999999999999998e-13,1.0000000000000000e-14,1.0000000000000000e-3,4.0000000000000000e2,1.5000000000000000e3,5.0000000000000003e-2,9.9999999999999998e-13,5.0000000000000000e-1,200000,1.0000000000000001e-5,1.6821318506846359e0,8.8354241596245391e0,7.9048394876389239e1,1.3105532507753142e-13
61,"source_ray_61",0.6,Detected,DetectorHit,"",false,false,1.3159884600107707e1,,3.1404578424129235e0,3.1404578424129235e0,4.9981938919172525e-1,1.6418094747245325e2,1.7317576609665667e2,6.4400000000000004e-4,2.8428648324307915e-13,2.8428648324307915e-13,0.0000000000000000e0,0.0000000000000000e0,0.0000000000000000e0,0.0000000000000000e0,1.4111378732195590e-11,610,1,32,0.0000000000000000e0,8.1250504103551776e1,1.3664316249108710e-1,-9.8764003561793479e-1,-9.9727643112004793e-1,1.0867887711853330e1,1.1003895467900549e1,9.9999999999999998e-13,1.0000000000000000e-14,1.0000000000000000e-3,4.0000000000000000e2,1.5000000000000000e3,5.0000000000000003e-2,9.9999999999999998e-13,5.0000000000000000e-1,200000,1.0000000000000001e-5,1.6817926457839889e0,8.8092537321052617e0,7.9065827439094676e1,1.7847633028397443e-13
62,"source_ray_62",0.6,Detected,DetectorHit,"",false,false,1.4770768388104184e1,,3.0687291658219813e0,3.0687291658219817e0,4.8840341575083696e-1,1.6310647156140774e2,1.7150005936172823e2,6.1070000000000004e-4,1.7624096626533969e-13,1.7624096626533969e-13,0.0000000000000000e0,0.0000000000000000e0,0.0000000000000000e0,0.0000000000000000e0,1.6072476682893466e-11,580,1,27,0.0000000000000000e0,8.1545351708094984e1,1.6109190453758049e-1,-9.8768920705327812e-1,-9.9370956717753256e-1,1.2845538492418841e1,1.3005648336223972e1,9.9999999999999998e-13,1.0000000000000000e-14,1.0000000000000000e-3,4.0000000000000000e2,1.5000000000000000e3,5.0000000000000003e-2,9.9999999999999998e-13,5.0000000000000000e-1,200000,1.0000000000000001e-5,1.6813896635474164e0,8.7781503305113819e0,7.9086408644132149e1,2.0322678647876586e-13
63,"source_ray_63",0.6,Detected,DetectorHit,"",false,false,1.6462041664296486e1,,2.9980662677863514e0,2.9980662677863514e0,4.7715706623526782e-1,1.6236204285294318e2,1.7021778016757722e2,6.1109999999999995e-4,1.3078427230084344e-13,1.3078427230084347e-13,0.0000000000000000e0,0.0000000000000000e0,0.0000000000000000e0,0.0000000000000000e0,1.7308821043116041e-11,556,1,32,0.0000000000000000e0,8.1887998806756727e1,1.8534794999569476e-1,-9.8774512736413556e-1,-9.8959525217400235e-1,1.4823981982393722e1,1.5007901908817832e1,9.9999999999999998e-13,1.0000000000000000e-14,1.0000000000000000e-3,4.0000000000000000e2,1.5000000000000000e3,5.0000000000000003e-2,9.9999999999999998e-13,5.0000000000000000e-1,200000,1.0000000000000001e-5,1.6809250196402019e0,8.7422710903525456e0,7.9109965531721798e1,2.1879444551363743e-13
64,"source_ray_64",0.6,Detected,DetectorHit,"",false,false,1.5359045020617769e1,,-3.0484100263692513e0,3.0484100263692508e0,4.8516952426756133e-1,1.6332808321482702e2,1.7187367500901951e2,6.0510000000000002e-4,1.4255263636187010e-13,1.4255263636187013e-13,0.0000000000000000e0,0.0000000000000000e0,0.0000000000000000e0,0.0000000000000000e0,1.1212364370294381e-11,558,1,33,0.0000000000000000e0,8.1692365880993620e1,-1.8534794999569476e-1,-9.8765049799537263e-1,-9.9194026224492227e-1,-1.4822726475206453e1,-1.5008068649073774e1,9.9999999999999998e-13,1.0000000000000000e-14,1.0000000000000000e-3,4.0000000000000000e2,1.5000000000000000e3,5.0000000000000003e-2,9.9999999999999998e-13,5.0000000000000000e-1,200000,1.0000000000000001e-5,1.6565888532790132e0,6.7989690677177412e0,4.7848538415370555e1,2.3433034198370834e-13
65,"source_ray_65",0.6,Detected,DetectorHit,"",false,false,1.3540302363508042e1,,-3.1355144652678533e0,3.1355144652678537e0,4.9903262628351991e-1,1.6467748427973160e2,1.7392348050694798e2,6.0959999999999996e-4,2.3263682646934569e-13,2.3263682646934579e-13,0.0000000000000000e0,0.0000000000000000e0,0.0000000000000000e0,0.0000000000000000e0,1.0587086762825493e-11,584,1,31,0.0000000000000000e0,8.1348894679656041e1,-1.6109190453758049e-1,-9.8760216290982572e-1,-9.9608342185264553e-1,-1.2844427620390171e1,-1.3005669795766686e1,9.9999999999999998e-13,1.0000000000000000e-14,1.0000000000000000e-3,4.0000000000000000e2,1.5000000000000000e3,5.0000000000000003e-2,9.9999999999999998e-13,5.0000000000000000e-1,200000,1.0000000000000001e-5,1.6569519834014004e0,6.8268606095141182e0,4.7834119501359154e1,2.2132918663893610e-13
66,"source_ray_66",0.6,Detected,DetectorHit,"",false,false,1.1776713020833045e1,,-3.2305651241638067e0,3.2305651241638067e0,5.1416040849095246e-1,1.6690623817293283e2,1.7698039516837534e2,6.4010000000000000e-4,3.7236533301232555e-13,3.7236533301232565e-13,0.0000000000000000e0,0.0000000000000000e0,0.0000000000000000e0,0.0000000000000000e0,8.3417717178235762e-12,617,1,30,0.0000000000000000e0,8.1053332350234299e1,-1.3664316249108710e-1,-9.8756091697667059e-1,-9.9967547703185133e-1,-1.0866930781575029e1,-1.1003808063651572e1,9.9999999999999998e-13,1.0000000000000000e-14,1.0000000000000000e-3,4.0000000000000000e2,1.5000000000000000e3,5.0000000000000003e-2,9.9999999999999998e-13,5.0000000000000000e-1,200000,1.0000000000000001e-5,1.6572669353804683e0,6.8510392953988486e0,4.7821520845429788e1,1.7443551711343750e-13
67,"source_ray_67",0.6,Detected,DetectorHit,"",false,false,1.0094613276353346e1,,-3.3336273571231745e0,3.3336273571231740e0,5.3056327231252420e-1,1.7086730617174732e2,1.8193534563436026e2,6.9030000000000003e-4,5.6417891192150904e-13,5.6417891192150904e-13,0.0000000000000000e0,0.0000000000000000e0,0.0000000000000000e0,0.0000000000000000e0,7.7378103924274910e-12,662,1,32,0.0000000000000000e0,8.0806204597951961e1,-1.1202896242598788e-1,-9.8752698076485235e-1,-1.0026981121481839e0,-8.8901332557797890e0,-9.0024206213528117e0,9.9999999999999998e-13,1.0000000000000000e-14,1.0000000000000000e-3,4.0000000000000000e2,1.5000000000000000e3,5.0000000000000003e-2,9.9999999999999998e-13,5.0000000000000000e-1,200000,1.0000000000000001e-5,1.6575320505905653e0,6.8713830793458879e0,4.7810848790691999e1,1.6184214646140977e-13
68,"source_ray_68",0.6,Detected,DetectorHit,"",false,false,8.5384762018060929e0,,-3.4411221037972406e0,3.4411221037972406e0,5.4767159260211296e-1,1.7854662518295731e2,1.9081423289533336e2,7.5060000000000003e-4,7.9104257866280392e-13,7.9104257866280392e-13,0.0000000000000000e0,0.0000000000000000e0,0.0000000000000000e0,0.0000000000000000e0,1.2626344414456980e-11,726,1,30,0.0000000000000000e0,8.0607956895276232e1,-8.7277712949461447e-2,-9.8750053880865796e-1,-1.0051356504462428e0,-6.9139224592120812e0,-7.0014366448378720e0,9.9999999999999998e-13,1.0000000000000000e-14,1.0000000000000000e-3,4.0000000000000000e2,1.5000000000000000e3,5.0000000000000003e-2,9.9999999999999998e-13,5.0000000000000000e-1,200000,1.0000000000000001e-5,1.6577459075028436e0,6.8877875208703623e0,4.7802195416316216e1,2.6413733311811991e-13
69,"source_ray_69",0.6,Detected,DetectorHit,"",false,false,7.1854452213941107e0,,-3.5372728801280062e0,3.5372728801280067e0,5.6297446393727768e-1,1.9470092544503797e2,2.0836527280095274e2,8.4920000000000004e-4,9.8715653706893391e-13,9.8715653706893412e-13,0.0000000000000000e0,0.0000000000000000e0,0.0000000000000000e0,0.0000000000000000e0,1.7543300145916874e-11,824,1,31,0.0000000000000000e0,8.0458950558005114e1,-6.2418809995957350e-2,-9.8748173687483731e-1,-1.0069752719709895e0,-4.9381773127015327e0,-5.0007783721952963e0,9.9999999999999998e-13,1.0000000000000000e-14,1.0000000000000000e-3,4.0000000000000000e2,1.5000000000000000e3,5.0000000000000003e-2,9.9999999999999998e-13,5.0000000000000000e-1,200000,1.0000000000000001e-5,1.6579073423606776e0,6.9001672261956184e0,4.7795636736271597e1,3.6704815217166993e-13
70,"source_ray_70",0.6,Detected,DetectorHit,"",false,false,6.1656190950513912e0,,-3.5573954721956036e0,3.5573954721956031e0,5.6617707393265737e-1,2.2726564518388437e2,2.4226798145515983e2,9.5759999999999997e-4,1.3202086993069351e-12,1.3202086993069345e-12,0.0000000000000000e0,0.0000000000000000e0,0.0000000000000000e0,0.0000000000000000e0,2.6382451778772520e-11,965,0,31,0.0000000000000000e0,8.0359459503203112e1,-3.7482436691661486e-2,-9.8747067975896397e-1,-1.0082071955438470e0,-2.9627698623605569e0,-3.0003623632488536e0,9.9999999999999998e-13,1.0000000000000000e-14,1.0000000000000000e-3,4.0000000000000000e2,1.5000000000000000e3,5.0000000000000003e-2,9.9999999999999998e-13,5.0000000000000000e-1,200000,1.0000000000000001e-5,1.6580154664913724e0,6.9084570513798500e0,4.7791231173903881e1,5.5203540755774671e-13
71,"source_ray_71",0.6,Escaped,EscapeRadius,"",false,true,5.6530640502562113e0,-1.7772597268468626e-1,-3.2946808399794589e0,3.2946808399794589e0,5.2436474159288871e-1,4.8960197879428091e2,5.0401000827124108e2,1.4518999999999999e-3,2.6848934791471983e-12,2.6848934791471983e-12,0.0000000000000000e0,0.0000000000000000e0,0.0000000000000000e0,0.0000000000000000e0,7.3121952937071910e-11,1584,2,30,0.0000000000000000e0,8.0309667755726736e1,-1.2499349019361679e-2,-9.8746742967541457e-1,-1.0088248198691061e0,-9.8756709568784840e-1,-1.0001009309364934e0,9.9999999999999998e-13,1.0000000000000000e-14,1.0000000000000000e-3,4.0000000000000000e2,1.5000000000000000e3,5.0000000000000003e-2,9.9999999999999998e-13,5.0000000000000000e-1,200000,1.0000000000000001e-5,1.6580696797582040e0,6.9126130350400032e0,4.7789018366266326e1,1.5300994964292435e-12
72,"source_ray_72",0.6,Detected,DetectorHit,"",false,false,5.7520995133004948e0,,3.4435524437629415e0,3.4435524437629419e0,5.4805839322104810e-1,2.3365039440526255e2,2.4877723808558378e2,1.2673999999999999e-3,3.4607917118005538e-12,3.4607917118005538e-12,0.0000000000000000e0,0.0000000000000000e0,0.0000000000000000e0,0.0000000000000000e0,1.0257394933432806e-10,1067,2,32,0.0000000000000000e0,8.0309667755726736e1,1.2499349019361679e-2,-9.8747200528901180e-1,-1.0088248198691061e0,9.8756709568784828e-1,1.0000962968046965e0,9.9999999999999998e-13,1.0000000000000000e-14,1.0000000000000000e-3,4.0000000000000000e2,1.5000000000000000e3,5.0000000000000003e-2,9.9999999999999998e-13,5.0000000000000000e-1,200000,1.0000000000000001e-5,1.6580696797582040e0,6.9126130350400032e0,4.7789018341551021e1,2.1463916375353412e-12
73,"source_ray_73",0.6,Detected,DetectorHit,"",false,false,6.4006662609665215e0,,3.5428540262837629e0,3.5428540262837629e0,5.6386273093608452e-1,1.9958240613541753e2,2.1348202721773023e2,9.7849999999999999e-4,1.2022223494501105e-12,1.2022223494501095e-12,0.0000000000000000e0,0.0000000000000000e0,0.0000000000000000e0,0.0000000000000000e0,2.1181278953008587e-11,901,1,32,0.0000000000000000e0,8.0359459503203112e1,3.7482436691661486e-2,-9.8748438141771555e-1,-1.0082071955438470e0,2.9627698623605574e0,3.0003207322701710e0,9.9999999999999998e-13,1.0000000000000000e-14,1.0000000000000000e-3,4.0000000000000000e2,1.5000000000000000e3,5.0000000000000003e-2,9.9999999999999998e-13,5.0000000000000000e-1,200000,1.0000000000000001e-5,1.6580154664913724e0,6.9084570513798500e0,4.7791231099985076e1,4.4320429638430471e-13
74,"source_ray_74",0.6,Detected,DetectorHit,"",false,false,7.4594322056124316e0,,3.4867093868299652e0,3.4867093868299652e0,5.5492703403890042e-1,1.8136645132127933e2,1.9390899146676691e2,8.7060000000000002e-4,9.7240271390575117e-13,9.7240271390575157e-13,0.0000000000000000e0,0.0000000000000000e0,0.0000000000000000e0,0.0000000000000000e0,1.5155876553762937e-11,782,1,32,0.0000000000000000e0,8.0458950558005114e1,6.2418809995957350e-2,-9.8750448941561952e-1,-1.0069752719709895e0,4.9381773127015336e0,5.0006631520468563e0,9.9999999999999998e-13,1.0000000000000000e-14,1.0000000000000000e-3,4.0000000000000000e2,1.5000000000000000e3,5.0000000000000003e-2,9.9999999999999998e-13,5.0000000000000000e-1,200000,1.0000000000000001e-5,1.6579073423606776e0,6.9001672261956184e0,4.7795636613825813e1,3.1709749315021797e-13
75,"source_ray_75",0.6,Detected,DetectorHit,"",false,false,8.8005799377252956e0,,3.3918052284775442e0,3.3918052284775442e0,5.3982256811713658e-1,1.7247682115651548e2,1.8381650570611890e2,8.3160000000000005e-4,7.9112758011312678e-13,7.9112758011312648e-13,0.0000000000000000e0,0.0000000000000000e0,0.0000000000000000e0,0.0000000000000000e0,1.1489476037240820e-11,701,1,32,0.0000000000000000e0,8.0607956895276232e1,8.7277712949461447e-2,-9.8753221822490467e-1,-1.0051356504462428e0,6.9139224592120803e0,7.0012120431269569e0,9.9999999999999998e-13,1.0000000000000000e-14,1.0000000000000000e-3,4.0000000000000000e2,1.5000000000000000e3,5.0000000000000003e-2,9.9999999999999998e-13,5.0000000000000000e-1,200000,1.0000000000000001e-5,1.6577459075028436e0,6.8877875208703623e0,4.7802195246455000e1,2.4035456903190813e-13
76,"source_ray_76",0.6,Detected,DetectorHit,"",false,false,1.0329817165087221e1,,3.2919515562152961e0,3.2919515562152961e0,5.2393036259072179e-1,1.6786309535001450e2,1.7818971127464704e2,7.3249999999999997e-4,5.7034411915513061e-13,5.7034411915513061e-13,0.0000000000000000e0,0.0000000000000000e0,0.0000000000000000e0,0.0000000000000000e0,7.1764816311770119e-12,647,1,32,0.0000000000000000e0,8.0806204597951961e1,1.1202896242598788e-1,-9.8756741606534426e-1,-1.0026981121481839e0,8.8901332557797907e0,9.0020520231416370e0,9.9999999999999998e-13,1.0000000000000000e-14,1.0000000000000000e-3,4.0000000000000000e2,1.5000000000000000e3,5.0000000000000003e-2,9.9999999999999998e-13,5.0000000000000000e-1,200000,1.0000000000000001e-5,1.6575320505905653e0,6.8713830793458879e0,4.7810848574938575e1,1.5010153228986548e-13
77,"source_ray_77",0.6,Detected,DetectorHit,"",false,false,1.1984142263541921e1,,3.1967830871759069e0,3.1967830871759069e0,5.0878383031661500e-1,1.6527405878276488e2,1.7474972720139957e2,6.7639999999999996e-4,3.7554681586726701e-13,3.7554681586726712e-13,0.0000000000000000e0,0.0000000000000000e0,0.0000000000000000e0,0.0000000000000000e0,7.4109607339778449e-12,608,1,33,0.0000000000000000e0,8.1053332350234299e1,1.3664316249108710e-1,-9.8760989271144883e-1,-9.9967547703185133e-1,1.0866930781575029e1,1.1003262383024785e1,9.9999999999999998e-13,1.0000000000000000e-14,1.0000000000000000e-3,4.0000000000000000e2,1.5000000000000000e3,5.0000000000000003e-2,9.9999999999999998e-13,5.0000000000000000e-1,200000,1.0000000000000001e-5,1.6572669353804683e0,6.8510392953988486e0,4.7821520585687630e1,1.5497124815800715e-13
78,"source_ray_78",0.6,Detected,DetectorHit,"",false,false,1.3723187708816699e1,,3.1084207047911159e0,3.1084207047911159e0,4.9472052037669928e-1,1.6371628892911673e2,1.7246969806502511e2,6.4639999999999999e-4,2.3884713651334266e-13,2.3884713651334276e-13,0.0000000000000000e0,0.0000000000000000e0,0.0000000000000000e0,0.0000000000000000e0,9.4502183856093325e-12,577,0,31,0.0000000000000000e0,8.1348894679656041e1,1.6109190453758049e-1,-9.8765942229123949e-1,-9.9608342185264553e-1,1.2844427620390171e1,1.3004915794346187e1,9.9999999999999998e-13,1.0000000000000000e-14,1.0000000000000000e-3,4.0000000000000000e2,1.5000000000000000e3,5.0000000000000003e-2,9.9999999999999998e-13,5.0000000000000000e-1,200000,1.0000000000000001e-5,1.6569519834014004e0,6.8268606095141182e0,4.7834119199873577e1,1.9756229535913163e-13
79,"source_ray_79",0.6,Detected,DetectorHit,"",false,false,1.5521159254555499e1,,3.0266276627663506e0,3.0266276627663506e0,4.8170275342793473e-1,1.6272283812491699e2,1.7085518320420815e2,6.1019999999999998e-4,1.4321877017664519e-13,1.4321877017664519e-13,0.0000000000000000e0,0.0000000000000000e0,0.0000000000000000e0,0.0000000000000000e0,1.0821565865626326e-11,554,1,29,0.0000000000000000e0,8.1692365880993620e1,1.8534794999569476e-1,-9.8771574652764293e-1,-9.9194026224492227e-1,1.4822726475206453e1,1.5007077215602145e1,9.9999999999999998e-13,1.0000000000000000e-14,1.0000000000000000e-3,4.0000000000000000e2,1.5000000000000000e3,5.0000000000000003e-2,9.9999999999999998e-13,5.0000000000000000e-1,200000,1.0000000000000001e-5,1.6565888532790132e0,6.7989690677177412e0,4.7848538074684775e1,2.2616293623716165e-13
80,"source_ray_80",0.6,Detected,DetectorHit,"",false,false,1.4599020450838911e1,,-3.0826127608427467e0,3.0826127608427467e0,4.9061305852627773e-1,1.6383413904047416e2,1.7266879806925598e2,6.8510000000000001e-4,1.7131435159356556e-13,1.7131435159356561e-13,0.0000000000000000e0,0.0000000000000000e0,0.0000000000000000e0,0.0000000000000000e0,6.2136962242220761e-12,555,0,32,0.0000000000000000e0,8.1545333118802404e1,-1.8534794999569476e-1,-9.8762797402374658e-1,-9.9370978050642034e-1,-1.4821775067855853e1,-1.5007447599392803e1,9.9999999999999998e-13,1.0000000000000000e-14,1.0000000000000000e-3,4.0000000000000000e2,1.5000000000000000e3,5.0000000000000003e-2,9.9999999999999998e-13,5.0000000000000000e-1,200000,1.0000000000000001e-5,1.6321503997021392e0,4.8560951801318124e0,2.4409385166482043e1,2.5456176719905542e-13
81,"source_ray_81",0.6,Detected,DetectorHit,"",false,false,1.2676696728027137e1,,-3.1875150593793693e0,3.1875150593793697e0,5.0730877788008300e-1,1.6566133867514367e2,1.7531074206738725e2,6.2739999999999996e-4,2.9134333834335280e-13,2.9134333834335280e-13,0.0000000000000000e0,0.0000000000000000e0,0.0000000000000000e0,0.0000000000000000e0,5.7127635955112055e-12,582,1,32,0.0000000000000000e0,8.1201239922499937e1,-1.6109190453758049e-1,-9.8757937301184140e-1,-9.9787479244258359e-1,-1.2843585744298366e1,-1.3005117457171078e1,9.9999999999999998e-13,1.0000000000000000e-14,1.0000000000000000e-3,4.0000000000000000e2,1.5000000000000000e3,5.0000000000000003e-2,9.9999999999999998e-13,5.0000000000000000e-1,200000,1.0000000000000001e-5,1.6324107186143217e0,4.8760098160191774e0,2.4401963203353304e1,2.3411081919532444e-13
82,"source_ray_82",0.6,Detected,DetectorHit,"",false,false,1.0778798255579732e1,,-3.3140693129481580e0,3.3140693129481580e0,5.2745051290486078e-1,1.6906882005071157e2,1.7973881328750014e2,6.6020000000000000e-4,4.5087891753503584e-13,4.5087891753503614e-13,0.0000000000000000e0,0.0000000000000000e0,0.0000000000000000e0,0.0000000000000000e0,4.5723425046162447e-12,616,0,29,0.0000000000000000e0,8.0905138124600924e1,-1.3664316249108710e-1,-9.8753789842818207e-1,-1.0014859335891935e0,-1.0866205516936182e1,-1.1003330134703097e1,9.9999999999999998e-13,1.0000000000000000e-14,1.0000000000000000e-3,4.0000000000000000e2,1.5000000000000000e3,5.0000000000000003e-2,9.9999999999999998e-13,5.0000000000000000e-1,200000,1.0000000000000001e-5,1.6326365062719084e0,4.8932733265400516e0,2.4395477761420636e1,1.8742582331578740e-13
83,"source_ray_83",0.6,Detected,DetectorHit,"",false,false,8.9169329489368501e0,,-3.4784141604746002e0,3.4784141604745997e0,5.5360680776037785e-1,1.7658519376010000e2,1.8860534800783827e2,6.9930000000000003e-4,6.6021493827506106e-13,6.6021493827506146e-13,0.0000000000000000e0,0.0000000000000000e0,0.0000000000000000e0,0.0000000000000000e0,4.3165471197426086e-12,668,1,32,0.0000000000000000e0,8.0657556269792309e1,-1.1202896242598788e-1,-9.8750377285539359e-1,-1.0045247303858709e0,-8.8895308516616325e0,-9.0020221654012680e0,9.9999999999999998e-13,1.0000000000000000e-14,1.0000000000000000e-3,4.0000000000000000e2,1.5000000000000000e3,5.0000000000000003e-2,9.9999999999999998e-13,5.0000000000000000e-1,200000,1.0000000000000001e-5,1.6328265708374465e0,4.9077986288568010e0,2.4389983764834927e1,1.7698031951813492e-13
84,"source_ray_84",0.6,Detected,DetectorHit,"",false,false,7.1102517084130348e0,,-3.7281487442955834e0,3.7281487442955834e0,5.9335330123648466e-1,1.9963445770835199e2,2.1359863350575540e2,8.0619999999999997e-4,8.6574150626184121e-13,8.6574150626184121e-13,0.0000000000000000e0,0.0000000000000000e0,0.0000000000000000e0,0.0000000000000000e0,6.6471272930357372e-12,770,1,31,0.0000000000000000e0,8.0458942264070927e1,-8.7277712949461447e-2,-9.8747718253089212e-1,-1.0069753694797567e0,-6.9134482119250800e0,-7.0011219846174022e0,9.9999999999999998e-13,1.0000000000000000e-14,1.0000000000000000e-3,4.0000000000000000e2,1.5000000000000000e3,5.0000000000000003e-2,9.9999999999999998e-13,5.0000000000000000e-1,200000,1.0000000000000001e-5,1.6329798907739037e0,4.9195112044797620e0,2.4385528777115425e1,2.7258491516795514e-13
85,"source_ray_85",0.6,Escaped,EscapeRadius,"",false,true,5.3888038830013008e0,-1.2842936167447934e0,-4.3386388364565684e0,4.3386388364565693e0,6.9051581711253229e-1,4.9055310517996782e2,5.0629219584294492e2,1.5615000000000000e-3,8.8810333869968061e-13,8.8810333869967980e-13,0.0000000000000000e0,0.0000000000000000e0,0.0000000000000000e0,0.0000000000000000e0,1.0267342531733448e-11,1452,1,31,0.0000000000000000e0,8.0309659415455243e1,-6.2418809995957350e-2,-9.8745827457898316e-1,-1.0088249182504072e0,-4.9378354596851937e0,-5.0005509972464504e0,9.9999999999999998e-13,1.0000000000000000e-14,1.0000000000000000e-3,4.0000000000000000e2,1.5000000000000000e3,5.0000000000000003e-2,9.9999999999999998e-13,5.0000000000000000e-1,200000,1.0000000000000001e-5,1.6330956297368124e0,4.9283501263989740e0,2.4382152067650150e1,4.2110075038683701e-13
86,"source_ray_86",0.6,Escaped,EscapeRadius,"",false,true,3.7394375967436488e0,-2.7685901023753781e0,-5.8648707096908836e0,5.8648707096908828e0,9.3342316404217629e-1,4.9381318721312687e2,5.1709512403461201e2,1.7713000000000000e-3,2.4444454706923358e-12,2.4444454706923358e-12,0.0000000000000000e0,0.0000000000000000e0,0.0000000000000000e0,0.0000000000000000e0,4.1236347669837414e-11,1769,1,27,0.0000000000000000e0,8.0209983162301825e1,-3.7482436691661486e-2,-9.8744715477862599e-1,-1.0100635089862993e0,-2.9625634953199453e0,-3.0002248535356983e0,9.9999999999999998e-13,1.0000000000000000e-14,1.0000000000000000e-3,4.0000000000000000e2,1.5000000000000000e3,5.0000000000000003e-2,9.9999999999999998e-13,5.0000000000000000e-1,200000,1.0000000000000001e-5,1.6331731490450005e0,4.9342689164945925e0,2.4379883820991218e1,1.6914087028721886e-12
87,"source_ray_87",0.6,Captured,HorizonCutoff,"",true,false,1.8009999999988782e0,,-2.4165865338265200e0,5.3249176754954171e0,8.4748696961250070e-1,8.5832167965120959e1,1.1872192868709348e2,1.3037000000000001e-3,1.9426238395681139e-9,1.9426238395681139e-9,0.0000000000000000e0,0.0000000000000000e0,0.0000000000000000e0,0.0000000000000000e0,4.5048409447190352e-11,1410,2,21,0.0000000000000000e0,8.0160098556815569e1,-1.2499349019361679e-2,-9.8744388593229560e-1,-1.0106844817133129e0,-9.8749809612976924e-1,-1.0000548995221359e0,9.9999999999999998e-13,1.0000000000000000e-14,1.0000000000000000e-3,4.0000000000000000e2,1.5000000000000000e3,5.0000000000000003e-2,9.9999999999999998e-13,5.0000000000000000e-1,200000,1.0000000000000001e-5,1.6332120173718019e0,4.9372362102025278e0,2.4378744516979907e1,1.8478560048822008e-12
88,"source_ray_88",0.6,Escaped,EscapeRadius,"",false,true,3.4202680194076005e0,-2.7501995840065971e0,6.6587492510702209e0,6.6587492510702209e0,1.0597728581172818e0,4.9156717252244147e2,5.1319122051869329e2,2.0493000000000000e-3,4.0442126644085752e-12,4.0442126644085752e-12,0.0000000000000000e0,0.0000000000000000e0,0.0000000000000000e0,0.0000000000000000e0,9.5209173878174624e-11,1943,1,29,0.0000000000000000e0,8.0160098556815569e1,1.2499349019361679e-2,-9.8744848688480980e-1,-1.0106844817133129e0,9.8749809612976924e-1,1.0000502398308553e0,9.9999999999999998e-13,1.0000000000000000e-14,1.0000000000000000e-3,4.0000000000000000e2,1.5000000000000000e3,5.0000000000000003e-2,9.9999999999999998e-13,5.0000000000000000e-1,200000,1.0000000000000001e-5,1.6332120173718019e0,4.9372362102025278e0,2.4378744504253167e1,3.9054174369629343e-12
89,"source_ray_89",0.6,Escaped,EscapeRadius,"",false,true,4.5267271717733770e0,1.3110636099506694e0,4.3905639534023457e0,4.3905639534023457e0,6.9877995614507737e-1,4.8943583348408214e2,5.0535279652654367e2,1.5154000000000001e-3,1.1264019231238542e-12,1.1264019231238538e-12,0.0000000000000000e0,0.0000000000000000e0,0.0000000000000000e0,0.0000000000000000e0,1.3898215911467560e-11,1516,1,29,0.0000000000000000e0,8.0209983162301825e1,3.7482436691661486e-2,-9.8746093222199982e-1,-1.0100635089862993e0,2.9625634953199449e0,3.0001829932183126e0,9.9999999999999998e-13,1.0000000000000000e-14,1.0000000000000000e-3,4.0000000000000000e2,1.5000000000000000e3,5.0000000000000003e-2,9.9999999999999998e-13,5.0000000000000000e-1,200000,1.0000000000000001e-5,1.6331731490450005e0,4.9342689164945925e0,2.4379883782928378e1,5.7006899767092258e-13
90,"source_ray_90",0.6,Detected,DetectorHit,"",false,false,5.9061182725117538e0,,3.8017558919977930e0,3.8017558919977930e0,6.0506824264018655e-1,2.0912808708063790e2,2.2345709752467968e2,9.3349999999999998e-4,1.0770316929975543e-12,1.0770316929975539e-12,0.0000000000000000e0,0.0000000000000000e0,0.0000000000000000e0,0.0000000000000000e0,7.9189987900463166e-12,841,1,32,0.0000000000000000e0,8.0309659415455243e1,6.2418809995957350e-2,-9.8748115265864322e-1,-1.0088249182504072e0,4.9378354596851928e0,5.0004351438919317e0,9.9999999999999998e-13,1.0000000000000000e-14,1.0000000000000000e-3,4.0000000000000000e2,1.5000000000000000e3,5.0000000000000003e-2,9.9999999999999998e-13,5.0000000000000000e-1,200000,1.0000000000000001e-5,1.6330956297368124e0,4.9283501263989740e0,2.4382152004600847e1,3.2478670416590061e-13
91,"source_ray_91",0.6,Detected,DetectorHit,"",false,false,7.4980187670196852e0,,3.5548450641071097e0,3.5548450641071097e0,5.6577116387847204e-1,1.7983184942811346e2,1.9220069003717140e2,8.3170000000000000e-4,8.7599025255791219e-13,8.7599025255791219e-13,0.0000000000000000e0,0.0000000000000000e0,0.0000000000000000e0,0.0000000000000000e0,5.6914473134384025e-12,711,1,32,0.0000000000000000e0,8.0458942264070927e1,8.7277712949461447e-2,-9.8750903610412222e-1,-1.0069753694797567e0,6.9134482119250782e0,7.0008961530111300e0,9.9999999999999998e-13,1.0000000000000000e-14,1.0000000000000000e-3,4.0000000000000000e2,1.5000000000000000e3,5.0000000000000003e-2,9.9999999999999998e-13,5.0000000000000000e-1,200000,1.0000000000000001e-5,1.6329798907739037e0,4.9195112044797620e0,2.4385528689654091e1,2.3339446053728911e-13
92,"source_ray_92",0.6,Detected,DetectorHit,"",false,false,9.2224380472482590e0,,3.3866095297121639e0,3.3866095297121639e0,5.3899564697580993e-1,1.7059200471376715e2,1.8156651305453607e2,7.1380000000000000e-4,6.7040123452599687e-13,6.7040123452599727e-13,0.0000000000000000e0,0.0000000000000000e0,0.0000000000000000e0,0.0000000000000000e0,3.8617997688561445e-12,646,1,32,0.0000000000000000e0,8.0657556269792309e1,1.1202896242598788e-1,-9.8754442937387754e-1,-1.0045247303858709e0,8.8895308516616343e0,9.0016515583990184e0,9.9999999999999998e-13,1.0000000000000000e-14,1.0000000000000000e-3,4.0000000000000000e2,1.5000000000000000e3,5.0000000000000003e-2,9.9999999999999998e-13,5.0000000000000000e-1,200000,1.0000000000000001e-5,1.6328265708374465e0,4.9077986288568010e0,2.4389983653748686e1,1.5833547999375532e-13
93,"source_ray_93",0.6,Detected,DetectorHit,"",false,false,1.1028448290478030e1,,3.2556713541369926e0,3.2556713541369926e0,5.1815618909358685e-1,1.6649317581303154e2,1.7640719850485118e2,6.7770000000000005e-4,4.6216849791669290e-13,4.6216849791669310e-13,0.0000000000000000e0,0.0000000000000000e0,0.0000000000000000e0,0.0000000000000000e0,4.1353587221237831e-12,605,1,32,0.0000000000000000e0,8.0905138124600924e1,1.3664316249108710e-1,-9.8758714049591878e-1,-1.0014859335891935e0,1.0866205516936182e1,1.1002781497822760e1,9.9999999999999998e-13,1.0000000000000000e-14,1.0000000000000000e-3,4.0000000000000000e2,1.5000000000000000e3,5.0000000000000003e-2,9.9999999999999998e-13,5.0000000000000000e-1,200000,1.0000000000000001e-5,1.6326365062719084e0,4.8932733265400516e0,2.4395477627692998e1,1.6951333297239694e-13
94,"source_ray_94",0.6,Detected,DetectorHit,"",false,false,1.2886473396732262e1,,3.1469991216609463e0,3.1469991216609463e0,5.0086046611819257e-1,1.6433298367487646e2,1.7339951805691268e2,6.3829999999999996e-4,2.9374419563410470e-13,2.9374419563410470e-13,0.0000000000000000e0,0.0000000000000000e0,0.0000000000000000e0,0.0000000000000000e0,4.9311665861750953e-12,575,0,33,0.0000000000000000e0,8.1201239922499937e1,1.6109190453758049e-1,-9.8763694154527704e-1,-9.9787479244258359e-1,1.2843585744298366e1,1.3004359399723372e1,9.9999999999999998e-13,1.0000000000000000e-14,1.0000000000000000e-3,4.0000000000000000e2,1.5000000000000000e3,5.0000000000000003e-2,9.9999999999999998e-13,5.0000000000000000e-1,200000,1.0000000000000001e-5,1.6324107186143217e0,4.8760098160191774e0,2.4401963048144260e1,2.0208073327732149e-13
95,"source_ray_95",0.6,Detected,DetectorHit,"",false,false,1.4779173551378486e1,,3.0529757546399390e0,3.0529757546399390e0,4.8589618249065575e-1,1.6306434053605255e2,1.7142982717453188e2,6.1300000000000005e-4,1.7508217098338719e-13,1.7508217098338731e-13,0.0000000000000000e0,0.0000000000000000e0,0.0000000000000000e0,0.0000000000000000e0,5.8264504332328215e-12,552,1,32,0.0000000000000000e0,8.1545333118802404e1,1.8534794999569476e-1,-9.8769357192612639e-1,-9.9370978050642034e-1,1.4821775067855853e1,1.5006450876208024e1,9.9999999999999998e-13,1.0000000000000000e-14,1.0000000000000000e-3,4.0000000000000000e2,1.5000000000000000e3,5.0000000000000003e-2,9.9999999999999998e-13,5.0000000000000000e-1,200000,1.0000000000000001e-5,1.6321503997021392e0,4.8560951801318124e0,2.4409384991105284e1,2.3869714191307839e-13
96,"source_ray_96",0.6,Detected,DetectorHit,"",false,false,1.4070254934566414e1,,-3.1102328824460703e0,3.1102328824460703e0,4.9500893740824592e-1,1.6425611139005838e2,1.7330663388755011e2,6.1810000000000001e-4,2.0305285231003722e-13,2.0305285231003722e-13,0.0000000000000000e0,0.0000000000000000e0,0.0000000000000000e0,0.0000000000000000e0,2.2222224060897133e-12,553,0,32,0.0000000000000000e0,8.1447163783765944e1,-1.8534794999569476e-1,-9.8761288953512183e-1,-9.9489462778313020e-1,-1.4821136082692593e1,-1.5007029818807887e1,9.9999999999999998e-13,1.0000000000000000e-14,1.0000000000000000e-3,4.0000000000000000e2,1.5000000000000000e3,5.0000000000000003e-2,9.9999999999999998e-13,5.0000000000000000e-1,200000,1.0000000000000001e-5,1.6076383558556686e0,2.9135316636377384e0,8.7866208455643964e0,2.5290978695314032e-13
97,"source_ray_97",0.6,Detected,DetectorHit,"",false,false,1.2067471409640559e1,,-3.2320888785184057e0,3.2320888785184057e0,5.1440292152854472e-1,1.6655429358711621e2,1.7651781549380914e2,6.8139999999999997e-4,3.3494734763550582e-13,3.3494734763550602e-13,0.0000000000000000e0,0.0000000000000000e0,0.0000000000000000e0,0.0000000000000000e0,2.0907719999740948e-12,579,0,30,0.0000000000000000e0,8.1102654041516104e1,-1.6109190453758049e-1,-9.8756410988225918e-1,-9.9907431341775754e-1,-1.2843020288124944e1,-1.3004745878883886e1,9.9999999999999998e-13,1.0000000000000000e-14,1.0000000000000000e-3,4.0000000000000000e2,1.5000000000000000e3,5.0000000000000003e-2,9.9999999999999998e-13,5.0000000000000000e-1,200000,1.0000000000000001e-5,1.6077949255823711e0,2.9254772562575218e0,8.7839330868901406e0,2.3802230496206009e-13
98,"source_ray_98",0.6,Detected,DetectorHit,"",false,false,1.0059076801223679e1,,-3.3925424303443963e0,3.3925424303443963e0,5.3993989743830273e-1,1.7134458156656069e2,1.8251265662854414e2,6.4349999999999997e-4,5.0863133149725570e-13,5.0863133149725570e-13,0.0000000000000000e0,0.0000000000000000e0,0.0000000000000000e0,0.0000000000000000e0,2.0161650127192843e-12,614,0,32,0.0000000000000000e0,8.0806190952171690e1,-1.3664316249108710e-1,-9.8752248168943235e-1,-1.0026982713385293e0,-1.0865718358374471e1,-1.1003008599647911e1,9.9999999999999998e-13,1.0000000000000000e-14,1.0000000000000000e-3,4.0000000000000000e2,1.5000000000000000e3,5.0000000000000003e-2,9.9999999999999998e-13,5.0000000000000000e-1,200000,1.0000000000000001e-5,1.6079307289674702e0,2.9358325429026411e0,8.7815843704947039e0,2.2959012037661549e-13
99,"source_ray_99",0.6,Detected,DetectorHit,"",false,false,8.0330746090765999e0,,-3.6376979082889602e0,3.6376979082889598e0,5.7895760357923609e-1,1.8477128282058362e2,1.9770193035420641e2,7.0750000000000001e-4,7.2056943745124613e-13,7.2056943745124664e-13,0.0000000000000000e0,0.0000000000000000e0,0.0000000000000000e0,0.0000000000000000e0,1.5845103007450234e-12,676,0,30,0.0000000000000000e0,8.0558304967627265e1,-1.1202896242598788e-1,-9.8748822889603316e-1,-1.0057479216526386e0,-8.8891262000850677e0,-9.0017540867527153e0,9.9999999999999998e-13,1.0000000000000000e-14,1.0000000000000000e-3,4.0000000000000000e2,1.5000000000000000e3,5.0000000000000003e-2,9.9999999999999998e-13,5.0000000000000000e-1,200000,1.0000000000000001e-5,1.6080450480426320e0,2.9445453114843358e0,8.7795946313680080e0,1.8047647611016525e-13
100,"source_ray_100",0.6,Escaped,EscapeRadius,"",false,true,5.9375114810032290e0,-1.1626165997234876e0,-4.1965658537894885e0,4.1965658537894885e0,6.6790419964125725e-1,4.9039326367812436e2,5.0522786946846014e2,1.4220000000000001e-3,7.9014832871093788e-13,7.9014832871093808e-13,0.0000000000000000e0,0.0000000000000000e0,0.0000000000000000e0,0.0000000000000000e0,2.1991297671775101e-12,1351,1,30,0.0000000000000000e0,8.0359445628570910e1,-8.7277712949461447e-2,-9.8746153888713961e-1,-1.0082073590259784e0,-6.9131296353046121e0,-7.0009102765619087e0,9.9999999999999998e-13,1.0000000000000000e-14,1.0000000000000000e-3,4.0000000000000000e2,1.5000000000000000e3,5.0000000000000003e-2,9.9999999999999998e-13,5.0000000000000000e-1,200000,1.0000000000000001e-5,1.6081372674009400e0,2.9515708840575505e0,8.7779811344838929e0,2.5052796690782695e-13
101,"source_ray_101",0.6,Captured,HorizonCutoff,"",true,false,1.8009999999990556e0,,-1.6029205468273209e0,5.2351698885191666e0,8.3320316568367203e-1,8.5798289050009146e1,1.1777733796775367e2,1.6329999999999999e-3,5.7520992413628846e-9,5.7520992413628822e-9,0.0000000000000000e0,0.0000000000000000e0,0.0000000000000000e0,0.0000000000000000e0,4.3574033270488144e-12,1567,0,22,0.0000000000000000e0,8.0209977581363887e1,-6.2418809995957350e-2,-9.8744255970194383e-1,-1.0100635749656823e0,-4.9376058129020866e0,-5.0003980124094367e0,9.9999999999999998e-13,1.0000000000000000e-14,1.0000000000000000e-3,4.0000000000000000e2,1.5000000000000000e3,5.0000000000000003e-2,9.9999999999999998e-13,5.0000000000000000e-1,200000,1.0000000000000001e-5,1.6082068831823162e0,2.9568727321774237e0,8.7767581352080981e0,4.9647070819566341e-13
102,"source_ray_102",0.6,Captured,HorizonCutoff,"",true,false,1.8009999999995030e0,,6.0147386560229957e-2,3.7624703229957674e0,5.9881575014133648e-1,8.1346841216259321e1,1.0780390206640082e2,1.0283000000000000e-3,9.5487848739139736e-9,9.5487848739139802e-9,0.0000000000000000e0,0.0000000000000000e0,0.0000000000000000e0,0.0000000000000000e0,5.4090065759737627e-12,1009,0,20,0.0000000000000000e0,8.0110177286400031e1,-3.7482436691661486e-2,-9.8743139778218370e-1,-1.0113066434823899e0,-2.9624248614745792e0,-3.0001323313481034e0,9.9999999999999998e-13,1.0000000000000000e-14,1.0000000000000000e-3,4.0000000000000000e2,1.5000000000000000e3,5.0000000000000003e-2,9.9999999999999998e-13,5.0000000000000000e-1,200000,1.0000000000000001e-5,1.6082535105985101e0,2.9604229905474635e0,8.7759365916129415e0,6.1634522076459461e-13
103,"source_ray_103",0.6,Captured,HorizonCutoff,"",true,false,1.8009999999998785e0,,2.7300698779411220e-1,2.9666669935029146e0,4.7215971652356065e-1,8.0434552498477800e1,1.0554538901387460e2,1.0594000000000001e-3,1.5809291653567925e-9,1.5809291653567929e-9,0.0000000000000000e0,0.0000000000000000e0,0.0000000000000000e0,0.0000000000000000e0,5.2065018962821341e-12,1007,0,21,0.0000000000000000e0,8.0060230486106946e1,-1.2499349019361679e-2,-9.8742811632673255e-1,-1.0119298650816348e0,-9.8745174298018989e-1,-1.0000239274667864e0,9.9999999999999998e-13,1.0000000000000000e-14,1.0000000000000000e-3,4.0000000000000000e2,1.5000000000000000e3,5.0000000000000003e-2,9.9999999999999998e-13,5.0000000000000000e-1,200000,1.0000000000000001e-5,1.6082768897812363e0,2.9622028551833126e0,8.7755239389225803e0,5.9329812470676996e-13
104,"source_ray_104",0.6,Captured,HorizonCutoff,"",true,false,1.8009999999991280e0,,5.2477119239321652e0,5.2477119239321652e0,8.3519929261608439e-1,8.0998487125005724e1,1.0633201945623298e2,1.1291000000000001e-3,1.3620535810332512e-9,1.3620535810332512e-9,0.0000000000000000e0,0.0000000000000000e0,0.0000000000000000e0,0.0000000000000000e0,6.1817218011128716e-12,1020,1,21,0.0000000000000000e0,8.0060230486106946e1,1.2499349019361679e-2,-9.8743273430175837e-1,-1.0119298650816348e0,9.8745174298019001e-1,1.0000192506059109e0,9.9999999999999998e-13,1.0000000000000000e-14,1.0000000000000000e-3,4.0000000000000000e2,1.5000000000000000e3,5.0000000000000003e-2,9.9999999999999998e-13,5.0000000000000000e-1,200000,1.0000000000000001e-5,1.6082768897812363e0,2.9622028551833126e0,8.7755239343125968e0,7.0442766122967648e-13
105,"source_ray_105",0.6,Escaped,EscapeRadius,"",false,true,2.6047796120375941e0,-1.1255884163461227e0,8.2494106182820151e0,8.2494106182820151e0,1.3129344774943512e0,4.9279091397722760e2,5.2155331958656245e2,1.8587000000000000e-3,1.1479775463563158e-12,1.1479775463563164e-12,0.0000000000000000e0,0.0000000000000000e0,0.0000000000000000e0,0.0000000000000000e0,6.7768013423119555e-12,1792,2,29,0.0000000000000000e0,8.0110177286400031e1,3.7482436691661486e-2,-9.8744522613667607e-1,-1.0113066434823899e0,2.9624248614745792e0,3.0000903169737323e0,9.9999999999999998e-13,1.0000000000000000e-14,1.0000000000000000e-3,4.0000000000000000e2,1.5000000000000000e3,5.0000000000000003e-2,9.9999999999999998e-13,5.0000000000000000e-1,200000,1.0000000000000001e-5,1.6082535105985101e0,2.9604229905474635e0,8.7759365778256129e0,7.7220263412512298e-13
106,"source_ray_106",0.6,Escaped,EscapeRadius,"",false,true,4.6458201141069821e0,1.2417545108279384e0,4.3046559332473775e0,4.3046559332473784e0,6.8510727008617611e-1,4.8900631626240761e2,5.0415990951104402e2,1.4949000000000000e-3,9.6617760450209977e-13,9.6617760450209937e-13,0.0000000000000000e0,0.0000000000000000e0,0.0000000000000000e0,0.0000000000000000e0,2.4780177909633494e-12,1400,1,31,0.0000000000000000e0,8.0209977581363887e1,6.2418809995957350e-2,-9.8746552211541683e-1,-1.0100635749656823e0,4.9376058129020874e0,5.0002817337099605e0,9.9999999999999998e-13,1.0000000000000000e-14,1.0000000000000000e-3,4.0000000000000000e2,1.5000000000000000e3,5.0000000000000003e-2,9.9999999999999998e-13,5.0000000000000000e-1,200000,1.0000000000000001e-5,1.6082068831823162e0,2.9568727321774237e0,8.7767581123703842e0,2.8233862198739559e-13
107,"source_ray_107",0.6,Detected,DetectorHit,"",false,false,6.5096034573137791e0,,3.7387577361285418e0,3.7387577361285418e0,5.9504177472792152e-1,1.9102345031429354e2,2.0437634081885872e2,8.3500000000000002e-4,9.1256863177235914e-13,9.1256863177235914e-13,0.0000000000000000e0,0.0000000000000000e0,0.0000000000000000e0,0.0000000000000000e0,1.7870149804366520e-12,725,1,31,0.0000000000000000e0,8.0359445628570910e1,8.7277712949461447e-2,-9.8749350945134950e-1,-1.0082073590259784e0,6.9131296353046112e0,7.0006836188174439e0,9.9999999999999998e-13,1.0000000000000000e-14,1.0000000000000000e-3,4.0000000000000000e2,1.5000000000000000e3,5.0000000000000003e-2,9.9999999999999998e-13,5.0000000000000000e-1,200000,1.0000000000000001e-5,1.6081372674009400e0,2.9515708840575505e0,8.7779811028043682e0,2.0357926948210685e-13
108,"source_ray_108",0.6,Detected,DetectorHit,"",false,false,8.4140346234215713e0,,3.4775338688921638e0,3.4775338688921633e0,5.5346670500367090e-1,1.7356969912176115e2,1.8508984325519910e2,6.8740000000000001e-4,7.4408187944463577e-13,7.4408187944463628e-13,0.0000000000000000e0,0.0000000000000000e0,0.0000000000000000e0,0.0000000000000000e0,1.3891110484109959e-12,644,1,31,0.0000000000000000e0,8.0558304967627265e1,1.1202896242598788e-1,-9.8752903401357361e-1,-1.0057479216526386e0,8.8891262000850695e0,9.0013821304649237e0,9.9999999999999998e-13,1.0000000000000000e-14,1.0000000000000000e-3,4.0000000000000000e2,1.5000000000000000e3,5.0000000000000003e-2,9.9999999999999998e-13,5.0000000000000000e-1,200000,1.0000000000000001e-5,1.6080450480426320e0,2.9445453114843358e0,8.7795945911324615e0,1.5822040915351847e-13
109,"source_ray_109",0.6,Detected,DetectorHit,"",false,false,1.0347601230939977e1,,3.3070106145852614e0,3.3070106145852614e0,5.2632708616861112e-1,1.6762651145049045e2,1.7788427501135976e2,6.1930000000000004e-4,5.1898069175493333e-13,5.1898069175493333e-13,0.0000000000000000e0,0.0000000000000000e0,0.0000000000000000e0,0.0000000000000000e0,1.7443824162910460e-12,602,0,28,0.0000000000000000e0,8.0806190952171690e1,1.3664316249108710e-1,-9.8757190265327321e-1,-1.0026982713385293e0,1.0865718358374474e1,1.1002457977167989e1,9.9999999999999998e-13,1.0000000000000000e-14,1.0000000000000000e-3,4.0000000000000000e2,1.5000000000000000e3,5.0000000000000003e-2,9.9999999999999998e-13,5.0000000000000000e-1,200000,1.0000000000000001e-5,1.6079307289674702e0,2.9358325429026411e0,8.7815843220602066e0,1.9864096868135573e-13
110,"source_ray_110",0.6,Detected,DetectorHit,"",false,false,1.2299950911028079e1,,3.1785541274472795e0,3.1785541274472799e0,5.0588260126838092e-1,1.6485588070464749e2,1.7415757426890008e2,6.0139999999999998e-4,3.3477387528790814e-13,3.3477387528790834e-13,0.0000000000000000e0,0.0000000000000000e0,0.0000000000000000e0,0.0000000000000000e0,1.9397816686250735e-12,573,1,32,0.0000000000000000e0,8.1102654041516104e1,1.6109190453758049e-1,-9.8762188606228485e-1,-9.9907431341775754e-1,1.2843020288124945e1,1.3003985097303721e1,9.9999999999999998e-13,1.0000000000000000e-14,1.0000000000000000e-3,4.0000000000000000e2,1.5000000000000000e3,5.0000000000000003e-2,9.9999999999999998e-13,5.0000000000000000e-1,200000,1.0000000000000001e-5,1.6077949255823711e0,2.9254772562575218e0,8.7839330306777956e0,2.2083293006110200e-13
111,"source_ray_111",0.6,Detected,DetectorHit,"",false,false,1.4264795178306322e1,,3.0735971704687217e0,3.0735971704687217e0,4.8917818275335995e-1,1.6333752486966966e2,1.7187327280866489e2,5.8690000000000001e-4,2.0233120734403087e-13,2.0233120734403092e-13,0.0000000000000000e0,0.0000000000000000e0,0.0000000000000000e0,0.0000000000000000e0,2.1689317009077058e-12,550,1,31,0.0000000000000000e0,8.1447163783765944e1,1.8534794999569476e-1,-9.8767872208273599e-1,-9.9489462778313020e-1,1.4821136082692595e1,1.5006029543128152e1,9.9999999999999998e-13,1.0000000000000000e-14,1.0000000000000000e-3,4.0000000000000000e2,1.5000000000000000e3,5.0000000000000003e-2,9.9999999999999998e-13,5.0000000000000000e-1,200000,1.0000000000000001e-5,1.6076383558556686e0,2.9135316636377384e0,8.7866207820510560e0,2.4684480583688209e-13
112,"source_ray_112",0.6,Detected,DetectorHit,"",false,false,1.3798509483370667e1,,-3.1258523760579533e0,3.1258523760579533e0,4.9749485702516938e-1,1.6450025382097857e2,1.7366699353922962e2,5.7419999999999997e-4,2.1825596885349796e-13,2.1825596885349796e-13,0.0000000000000000e0,0.0000000000000000e0,0.0000000000000000e0,0.0000000000000000e0,2.5601742947856110e-13,551,0,31,0.0000000000000000e0,8.1398034708058972e1,-1.8534794999569476e-1,-9.8760532661345468e-1,-9.9548861089837282e-1,-1.4820815164297999e1,-1.5006819794218075e1,9.9999999999999998e-13,1.0000000000000000e-14,1.0000000000000000e-3,4.0000000000000000e2,1.5000000000000000e3,5.0000000000000003e-2,9.9999999999999998e-13,5.0000000000000000e-1,200000,1.0000000000000001e-5,1.5830819447474398e0,9.7115622046556382e-1,9.7624891772856726e-1,2.5601742947856110e-13
113,"source_ray_113",0.6,Detected,DetectorHit,"",false,false,1.1751219933223389e1,,-3.2583543273740130e0,3.2583543273740130e0,5.1858319754644200e-1,1.6710398953809977e2,1.7724187911547409e2,6.2419999999999999e-4,3.5715874702191286e-13,3.5715874702191286e-13,0.0000000000000000e0,0.0000000000000000e0,0.0000000000000000e0,0.0000000000000000e0,2.7189361873070084e-13,576,0,31,0.0000000000000000e0,8.1053316124619613e1,-1.6109190453758049e-1,-9.8755645722960739e-1,-9.9967566527991425e-1,-1.2842736287849240e1,-1.3004559074907954e1,9.9999999999999998e-13,1.0000000000000000e-14,1.0000000000000000e-3,4.0000000000000000e2,1.5000000000000000e3,5.0000000000000003e-2,9.9999999999999998e-13,5.0000000000000000e-1,200000,1.0000000000000001e-5,1.5831341979490368e0,9.7513755002160596e-1,9.7594939175143069e-1,2.7189361873070084e-13
114,"source_ray_114",0.6,Detected,DetectorHit,"",false,false,9.6789463593106682e0,,-3.4419100519209040e0,3.4419100519209040e0,5.4779699844089402e-1,1.7292189590173820e2,1.8438248291698090e2,6.3570000000000000e-4,5.3834367519378645e-13,5.3834367519378645e-13,0.0000000000000000e0,0.0000000000000000e0,0.0000000000000000e0,0.0000000000000000e0,2.2948309919001986e-13,612,0,30,0.0000000000000000e0,8.0756671892796817e1,-1.3664316249108710e-1,-9.8751475187649884e-1,-1.0033060596514314e0,-1.0865473675229561e1,-1.1002846949458457e1,9.9999999999999998e-13,1.0000000000000000e-14,1.0000000000000000e-3,4.0000000000000000e2,1.5000000000000000e3,5.0000000000000003e-2,9.9999999999999998e-13,5.0000000000000000e-1,200000,1.0000000000000001e-5,1.5831795210780248e0,9.7858883947200048e-1,9.7568764301311706e-1,2.2948309919001986e-13
115,"source_ray_115",0.6,Detected,DetectorHit,"",false,false,7.5488886870138767e0,,-3.7504930993924677e0,3.7504930993924677e0,5.9690951580035434e-1,1.9242591989962693e2,2.0596082112249849e2,7.0140000000000003e-4,7.2472930434663851e-13,7.2472930434663872e-13,0.0000000000000000e0,0.0000000000000000e0,0.0000000000000000e0,0.0000000000000000e0,2.5657254099087368e-13,682,0,32,0.0000000000000000e0,8.0508633422394510e1,-1.1202896242598788e-1,-9.8748043517624773e-1,-1.0063611606361946e0,-8.8889229518948181e0,-9.0016193083443756e0,9.9999999999999998e-13,1.0000000000000000e-14,1.0000000000000000e-3,4.0000000000000000e2,1.5000000000000000e3,5.0000000000000003e-2,9.9999999999999998e-13,5.0000000000000000e-1,200000,1.0000000000000001e-5,1.5832176743315673e0,9.8149269110224346e-1,9.7546589559993868e-1,2.5657254099087373e-13
116,"source_ray_116",0.6,Escaped,EscapeRadius,"",false,true,5.2033086688692451e0,-1.5785882298091480e0,-4.6152407870357823e0,4.6152407870357823e0,7.3453838481607425e-1,4.9133055674932450e2,5.0812392620989289e2,1.3967999999999999e-3,4.5773703837709290e-13,4.5773703837709320e-13,0.0000000000000000e0,0.0000000000000000e0,0.0000000000000000e0,0.0000000000000000e0,8.0802031732218893e-13,1368,0,31,0.0000000000000000e0,8.0309651075179431e1,-8.7277712949461447e-2,-9.8745369509147463e-1,-1.0088250166317734e0,-6.9129696173035740e0,-7.0008038368454111e0,9.9999999999999998e-13,1.0000000000000000e-14,1.0000000000000000e-3,4.0000000000000000e2,1.5000000000000000e3,5.0000000000000003e-2,9.9999999999999998e-13,5.0000000000000000e-1,200000,1.0000000000000001e-5,1.5832484521577919e0,9.8383421782993763e-1,9.7528607580014670e-1,8.0802031732218943e-13
117,"source_ray_117",0.6,Captured,HorizonCutoff,"",true,false,1.8009999999985924e0,,-2.7280296695969247e-1,4.0872717445961069e0,6.5050950191230517e-1,8.2444316141552079e1,1.1026921589958968e2,9.9170000000000009e-4,4.9312802730128169e-9,4.9312802730128177e-9,0.0000000000000000e0,0.0000000000000000e0,0.0000000000000000e0,0.0000000000000000e0,3.0242475190789264e-13,985,0,22,0.0000000000000000e0,8.0160090169769319e1,-6.2418809995957350e-2,-9.8743468012180369e-1,-1.0106845809780864e0,-4.9374904616049076e0,-5.0003210956656394e0,9.9999999999999998e-13,1.0000000000000000e-14,1.0000000000000000e-3,4.0000000000000000e2,1.5000000000000000e3,5.0000000000000003e-2,9.9999999999999998e-13,5.0000000000000000e-1,200000,1.0000000000000001e-5,1.5832716862593386e0,9.8560124816834727e-1,9.7514977417304305e-1,3.0242475190789269e-13
118,"source_ray_118",0.6,Captured,HorizonCutoff,"",true,false,1.8009999999983226e0,,9.5736542282184922e-1,2.9466102764511737e0,4.6896759086258055e-1,7.9918987063732004e1,1.0491514370132320e2,1.3347999999999999e-3,4.0543000068282709e-9,4.0543000068282717e-9,0.0000000000000000e0,0.0000000000000000e0,0.0000000000000000e0,0.0000000000000000e0,1.7985612998927536e-13,1264,0,22,0.0000000000000000e0,8.0060227679949804e1,-3.7482436691661486e-2,-9.8742349704254295e-1,-1.0119298983682545e0,-2.9623552250925456e0,-3.0000858131948149e0,9.9999999999999998e-13,1.0000000000000000e-14,1.0000000000000000e-3,4.0000000000000000e2,1.5000000000000000e3,5.0000000000000003e-2,9.9999999999999998e-13,5.0000000000000000e-1,200000,1.0000000000000001e-5,1.5832872481088307e0,9.8678449730845141e-1,9.7505821341426513e-1,1.7985612998927541e-13
119,"source_ray_119",0.6,Captured,HorizonCutoff,"",true,false,1.8009999999985296e0,,1.9306946072189881e0,2.3355112103124203e0,3.7170815376775684e-1,7.9161721123788311e1,1.0299089861793493e2,9.8909999999999992e-4,4.2468855099286884e-9,4.2468855099286892e-9,0.0000000000000000e0,0.0000000000000000e0,0.0000000000000000e0,0.0000000000000000e0,2.5868196473766147e-13,990,0,22,0.0000000000000000e0,8.0010249694870907e1,-1.2499349019361679e-2,-9.8742020925207896e-1,-1.0125542494259605e0,-9.8742845946255742e-1,-1.0000083553186385e0,9.9999999999999998e-13,1.0000000000000000e-14,1.0000000000000000e-3,4.0000000000000000e2,1.5000000000000000e3,5.0000000000000003e-2,9.9999999999999998e-13,5.0000000000000000e-1,200000,1.0000000000000001e-5,1.5832950509038575e0,9.8737769973313760e-1,9.7501222315918357e-1,2.5868196473766152e-13
120,"source_ray_120",0.6,Captured,HorizonCutoff,"",true,false,1.8009999999988602e0,,3.0780023557954026e0,3.0780023557954026e0,4.8987928977333711e-1,7.9520524577346421e1,1.0309273324550738e2,9.1000000000000000e-4,2.2965309653955046e-9,2.2965309653955046e-9,0.0000000000000000e0,0.0000000000000000e0,0.0000000000000000e0,0.0000000000000000e0,2.9820590441431705e-13,904,0,23,0.0000000000000000e0,8.0010249694870907e1,1.2499349019361679e-2,-9.8742483577766593e-1,-1.0125542494259605e0,9.8742845946255753e-1,1.0000036698336525e0,9.9999999999999998e-13,1.0000000000000000e-14,1.0000000000000000e-3,4.0000000000000000e2,1.5000000000000000e3,5.0000000000000003e-2,9.9999999999999998e-13,5.0000000000000000e-1,200000,1.0000000000000001e-5,1.5832950509038575e0,9.8737769973313760e-1,9.7501222264537746e-1,2.9820590441431705e-13
121,"source_ray_121",0.6,Captured,HorizonCutoff,"",true,false,1.8009999999993103e0,,5.1229575679279948e0,5.1229575679279948e0,8.1534402018577457e-1,8.1715368814054642e1,1.0763448804779513e2,8.9970000000000002e-4,8.0103745858650655e-10,8.0103745858650686e-10,0.0000000000000000e0,0.0000000000000000e0,0.0000000000000000e0,0.0000000000000000e0,1.8751666885918894e-13,893,0,23,0.0000000000000000e0,8.0060227679949804e1,3.7482436691661486e-2,-9.8743735097000596e-1,-1.0119298983682545e0,2.9623552250925451e0,3.0000437214396283e0,9.9999999999999998e-13,1.0000000000000000e-14,1.0000000000000000e-3,4.0000000000000000e2,1.5000000000000000e3,5.0000000000000003e-2,9.9999999999999998e-13,5.0000000000000000e-1,200000,1.0000000000000001e-5,1.5832872481088307e0,9.8678449730845141e-1,9.7505821187760333e-1,1.8751666885918902e-13
122,"source_ray_122",0.6,Escaped,EscapeRadius,"",false,true,3.9026869324040017e0,1.6530105293721795e0,4.7189864357267961e0,4.7189864357267961e0,7.5105001762952428e-1,4.8918985940149844e2,5.0605537392594999e2,1.4333000000000000e-3,6.2722684034469123e-13,6.2722684034469123e-13,0.0000000000000000e0,0.0000000000000000e0,0.0000000000000000e0,0.0000000000000000e0,4.0745185003743245e-13,1390,0,31,0.0000000000000000e0,8.0160090169769319e1,6.2418809995957350e-2,-9.8745768489620045e-1,-1.0106845809780864e0,4.9374904616049067e0,5.0002046033232563e0,9.9999999999999998e-13,1.0000000000000000e-14,1.0000000000000000e-3,4.0000000000000000e2,1.5000000000000000e3,5.0000000000000003e-2,9.9999999999999998e-13,5.0000000000000000e-1,200000,1.0000000000000001e-5,1.5832716862593386e0,9.8560124816834727e-1,9.7514977162769301e-1,4.0745185003743245e-13
123,"source_ray_123",0.6,Detected,DetectorHit,"",false,false,5.9656190274707157e0,,3.8696609868999197e0,3.8696609868999197e0,6.1587567415498423e-1,2.0208323412727154e2,2.1608145666557309e2,7.5540000000000004e-4,9.1041583993867192e-13,9.1041583993867233e-13,0.0000000000000000e0,0.0000000000000000e0,0.0000000000000000e0,0.0000000000000000e0,2.1127544158616729e-13,736,0,31,0.0000000000000000e0,8.0309651075179431e1,8.7277712949461447e-2,-9.8748572441934257e-1,-1.0088250166317734e0,6.9129696173035740e0,7.0005767641537409e0,9.9999999999999998e-13,1.0000000000000000e-14,1.0000000000000000e-3,4.0000000000000000e2,1.5000000000000000e3,5.0000000000000003e-2,9.9999999999999998e-13,5.0000000000000000e-1,200000,1.0000000000000001e-5,1.5832484521577919e0,9.8383421782993763e-1,9.7528607226938324e-1,2.1127544158616739e-13
124,"source_ray_124",0.6,Detected,DetectorHit,"",false,false,7.9834898116274502e0,,3.5354838469460232e0,3.5354838469460228e0,5.6268973046300952e-1,1.7569183145300397e2,1.8753374298382843e2,6.6069999999999996e-4,7.6228953704848834e-13,7.6228953704848854e-13,0.0000000000000000e0,0.0000000000000000e0,0.0000000000000000e0,0.0000000000000000e0,1.6608936448392342e-13,641,0,32,0.0000000000000000e0,8.0508633422394510e1,1.1202896242598788e-1,-9.8752131493229178e-1,-1.0063611606361946e0,8.8889229518948181e0,9.0012466743609245e0,9.9999999999999998e-13,1.0000000000000000e-14,1.0000000000000000e-3,4.0000000000000000e2,1.5000000000000000e3,5.0000000000000003e-2,9.9999999999999998e-13,5.0000000000000000e-1,200000,1.0000000000000001e-5,1.5832176743315673e0,9.8149269110224346e-1,9.7546589111565196e-1,1.6608936448392344e-13
125,"source_ray_125",0.6,Detected,DetectorHit,"",false,false,9.9917550736258764e0,,3.3375984337653075e0,3.3375984337653075e0,5.3119528878951650e-1,1.6833628697413468e2,1.7878575589701430e2,6.1930000000000004e-4,5.4910243019179461e-13,5.4910243019179461e-13,0.0000000000000000e0,0.0000000000000000e0,0.0000000000000000e0,0.0000000000000000e0,2.0305979120394113e-13,598,0,32,0.0000000000000000e0,8.0756671892796817e1,1.3664316249108710e-1,-9.8756426269402975e-1,-1.0033060596514314e0,1.0865473675229559e1,1.1002295329712569e1,9.9999999999999998e-13,1.0000000000000000e-14,1.0000000000000000e-3,4.0000000000000000e2,1.5000000000000000e3,5.0000000000000003e-2,9.9999999999999998e-13,5.0000000000000000e-1,200000,1.0000000000000001e-5,1.5831795210780248e0,9.7858883947200048e-1,9.7568763761514976e-1,2.0305979120394113e-13
126,"source_ray_126",0.6,Detected,DetectorHit,"",false,false,1.1996932784869822e1,,3.1965499560883837e0,3.1965499560883837e0,5.0874672635164730e-1,1.6516191232860305e2,1.7459069179256610e2,5.8750000000000002e-4,3.5604852399728770e-13,3.5604852399728780e-13,0.0000000000000000e0,0.0000000000000000e0,0.0000000000000000e0,0.0000000000000000e0,2.3137047833188262e-13,569,0,31,0.0000000000000000e0,8.1053316124619613e1,1.6109190453758049e-1,-9.8761433770038953e-1,-9.9967566527991425e-1,1.2842736287849238e1,1.3003796925177197e1,9.9999999999999998e-13,1.0000000000000000e-14,1.0000000000000000e-3,4.0000000000000000e2,1.5000000000000000e3,5.0000000000000003e-2,9.9999999999999998e-13,5.0000000000000000e-1,200000,1.0000000000000001e-5,1.5831341979490368e0,9.7513755002160596e-1,9.7594938548676879e-1,2.3137047833188267e-13
127,"source_ray_127",0.6,Detected,DetectorHit,"",false,false,1.4001063641650866e1,,3.0850137294976672e0,3.0850137294976672e0,4.9099518455591701e-1,1.6349104461073566e2,1.7211703483832909e2,6.1370000000000001e-4,2.2036539260028576e-13,2.2036539260028566e-13,0.0000000000000000e0,0.0000000000000000e0,0.0000000000000000e0,0.0000000000000000e0,2.5435209494162336e-13,546,0,32,0.0000000000000000e0,8.1398034708058972e1,1.8534794999569476e-1,-9.8767127700755675e-1,-9.9548861089837282e-1,1.4820815164297995e1,1.5005817734420761e1,9.9999999999999998e-13,1.0000000000000000e-14,1.0000000000000000e-3,4.0000000000000000e2,1.5000000000000000e3,5.0000000000000003e-2,9.9999999999999998e-13,5.0000000000000000e-1,200000,1.0000000000000001e-5,1.5830819447474398e0,9.7115622046556382e-1,9.7624891065041375e-1,2.5435209494162326e-13
128,"source_ray_128",0.6,Detected,DetectorHit,"",false,false,1.3798509477993203e1,,-3.1258523760580696e0,3.1258523760580696e0,4.9749485702518792e-1,1.6450025382103286e2,1.7366699353928470e2,5.8080000000000002e-4,2.1860291354869332e-13,2.1860291354869332e-13,0.0000000000000000e0,0.0000000000000000e0,0.0000000000000000e0,0.0000000000000000e0,2.3492319201068312e-13,551,0,32,0.0000000000000000e0,8.1398034708058972e1,-1.8534794999569476e-1,-9.8760532661345468e-1,-9.9548861089837282e-1,-1.4820815164297999e1,-1.5006819794218075e1,9.9999999999999998e-13,1.0000000000000000e-14,1.0000000000000000e-3,4.0000000000000000e2,1.5000000000000000e3,5.0000000000000003e-2,9.9999999999999998e-13,5.0000000000000000e-1,200000,1.0000000000000001e-5,1.5585107088423533e0,-9.7115622046557359e-1,9.7624891772858691e-1,2.3492319201068312e-13
129,"source_ray_129",0.6,Detected,DetectorHit,"",false,false,1.1751219933605007e1,,-3.2583543273740743e0,3.2583543273740743e0,5.1858319754645177e-1,1.6710398953813237e2,1.7724187911550692e2,6.0749999999999997e-4,3.5637118256381939e-13,3.5637118256381939e-13,0.0000000000000000e0,0.0000000000000000e0,0.0000000000000000e0,0.0000000000000000e0,2.7000623958883807e-13,576,0,30,0.0000000000000000e0,8.1053316124619613e1,-1.6109190453758049e-1,-9.8755645722960739e-1,-9.9967566527991425e-1,-1.2842736287849240e1,-1.3004559074907954e1,9.9999999999999998e-13,1.0000000000000000e-14,1.0000000000000000e-3,4.0000000000000000e2,1.5000000000000000e3,5.0000000000000003e-2,9.9999999999999998e-13,5.0000000000000000e-1,200000,1.0000000000000001e-5,1.5584584556407566e0,-9.7513755002159785e-1,9.7594939175141449e-1,2.7000623958883807e-13
130,"source_ray_130",0.6,Detected,DetectorHit,"",false,false,9.6789463591847031e0,,-3.4419100519208818e0,3.4419100519208818e0,5.4779699844089047e-1,1.7292189590171807e2,1.8438248291696064e2,6.3750000000000005e-4,5.3476667538632228e-13,5.3476667538632228e-13,0.0000000000000000e0,0.0000000000000000e0,0.0000000000000000e0,0.0000000000000000e0,2.5057733665789783e-13,612,0,31,0.0000000000000000e0,8.0756671892796817e1,-1.3664316249108710e-1,-9.8751475187649884e-1,-1.0033060596514314e0,-1.0865473675229561e1,-1.1002846949458457e1,9.9999999999999998e-13,1.0000000000000000e-14,1.0000000000000000e-3,4.0000000000000000e2,1.5000000000000000e3,5.0000000000000003e-2,9.9999999999999998e-13,5.0000000000000000e-1,200000,1.0000000000000001e-5,1.5584131325117685e0,-9.7858883947199271e-1,9.7568764301310162e-1,2.5057733665789783e-13
131,"source_ray_131",0.6,Detected,DetectorHit,"",false,false,7.5488886866065918e0,,-3.7504930993924455e0,3.7504930993924455e0,5.9690951580035079e-1,1.9242591989959334e2,2.0596082112246492e2,7.0730000000000001e-4,7.2511441295830537e-13,7.2511441295830557e-13,0.0000000000000000e0,0.0000000000000000e0,0.0000000000000000e0,0.0000000000000000e0,2.5457413954654839e-13,682,0,31,0.0000000000000000e0,8.0508633422394510e1,-1.1202896242598788e-1,-9.8748043517624773e-1,-1.0063611606361946e0,-8.8889229518948181e0,-9.0016193083443756e0,9.9999999999999998e-13,1.0000000000000000e-14,1.0000000000000000e-3,4.0000000000000000e2,1.5000000000000000e3,5.0000000000000003e-2,9.9999999999999998e-13,5.0000000000000000e-1,200000,1.0000000000000001e-5,1.5583749792582258e0,-9.8149269110225346e-1,9.7546589559995855e-1,2.5457413954654845e-13
132,"source_ray_132",0.6,Escaped,EscapeRadius,"",false,true,5.2033086688454420e0,-1.5785882298091409e0,-4.6152407870357770e0,4.6152407870357770e0,7.3453838481607336e-1,4.9133055674936520e2,5.0812392620993285e2,1.4396000000000001e-3,4.5796363663114237e-13,4.5796363663114267e-13,0.0000000000000000e0,0.0000000000000000e0,0.0000000000000000e0,0.0000000000000000e0,8.3233420156147986e-13,1368,0,31,0.0000000000000000e0,8.0309651075179431e1,-8.7277712949461447e-2,-9.8745369509147463e-1,-1.0088250166317734e0,-6.9129696173035740e0,-7.0008038368454111e0,9.9999999999999998e-13,1.0000000000000000e-14,1.0000000000000000e-3,4.0000000000000000e2,1.5000000000000000e3,5.0000000000000003e-2,9.9999999999999998e-13,5.0000000000000000e-1,200000,1.0000000000000001e-5,1.5583442014320015e0,-9.8383421782992986e-1,9.7528607580013127e-1,8.3233420156148036e-13
133,"source_ray_133",0.6,Captured,HorizonCutoff,"",true,false,1.8009999999985711e0,,-2.7280296695198286e-1,4.0872717440368760e0,6.5050950182330081e-1,8.2444316141552022e1,1.1026921589963638e2,1.0062000000000001e-3,1.1393694876460359e-8,1.1393694876460362e-8,0.0000000000000000e0,0.0000000000000000e0,0.0000000000000000e0,0.0000000000000000e0,2.9709568138969189e-13,985,0,21,0.0000000000000000e0,8.0160090169769319e1,-6.2418809995957350e-2,-9.8743468012180369e-1,-1.0106845809780864e0,-4.9374904616049076e0,-5.0003210956656394e0,9.9999999999999998e-13,1.0000000000000000e-14,1.0000000000000000e-3,4.0000000000000000e2,1.5000000000000000e3,5.0000000000000003e-2,9.9999999999999998e-13,5.0000000000000000e-1,200000,1.0000000000000001e-5,1.5583209673304546e0,-9.8560124816835681e-1,9.7514977417306192e-1,2.9709568138969194e-13
134,"source_ray_134",0.6,Captured,HorizonCutoff,"",true,false,1.8009999999987920e0,,9.5736542264616031e-1,2.9466102762770605e0,4.6896759083486955e-1,7.9918987063731578e1,1.0491514370026600e2,1.2867000000000000e-3,3.0713636078871787e-9,3.0713636078871795e-9,0.0000000000000000e0,0.0000000000000000e0,0.0000000000000000e0,0.0000000000000000e0,1.6908696665041134e-13,1264,0,22,0.0000000000000000e0,8.0060227679949804e1,-3.7482436691661486e-2,-9.8742349704254295e-1,-1.0119298983682545e0,-2.9623552250925456e0,-3.0000858131948149e0,9.9999999999999998e-13,1.0000000000000000e-14,1.0000000000000000e-3,4.0000000000000000e2,1.5000000000000000e3,5.0000000000000003e-2,9.9999999999999998e-13,5.0000000000000000e-1,200000,1.0000000000000001e-5,1.5583054054809626e0,-9.8678449730844375e-1,9.7505821341424992e-1,1.6908696665041137e-13
135,"source_ray_135",0.6,Captured,HorizonCutoff,"",true,false,1.8009999999994686e0,,1.9306946068673456e0,2.3355112099637276e0,3.7170815371226068e-1,7.9161721123787800e1,1.0299089861582057e2,1.0064000000000000e-3,4.5201318243925925e-9,4.5201318243925934e-9,0.0000000000000000e0,0.0000000000000000e0,0.0000000000000000e0,0.0000000000000000e0,3.6159963912041349e-13,990,0,23,0.0000000000000000e0,8.0010249694870907e1,-1.2499349019361679e-2,-9.8742020925207896e-1,-1.0125542494259605e0,-9.8742845946255742e-1,-1.0000083553186385e0,9.9999999999999998e-13,1.0000000000000000e-14,1.0000000000000000e-3,4.0000000000000000e2,1.5000000000000000e3,5.0000000000000003e-2,9.9999999999999998e-13,5.0000000000000000e-1,200000,1.0000000000000001e-5,1.5582976026859359e0,-9.8737769973312983e-1,9.7501222315916825e-1,3.6159963912041359e-13
136,"source_ray_136",0.6,Captured,HorizonCutoff,"",true,false,1.8009999999995345e0,,3.0780023555427793e0,3.0780023555427798e0,4.8987928973313094e-1,7.9520524577345839e1,1.0309273324399112e2,1.3527999999999999e-3,1.4190391084412113e-9,1.4190391084412113e-9,0.0000000000000000e0,0.0000000000000000e0,0.0000000000000000e0,0.0000000000000000e0,2.7355895326763857e-13,904,0,23,0.0000000000000000e0,8.0010249694870907e1,1.2499349019361679e-2,-9.8742483577766593e-1,-1.0125542494259605e0,9.8742845946255753e-1,1.0000036698336525e0,9.9999999999999998e-13,1.0000000000000000e-14,1.0000000000000000e-3,4.0000000000000000e2,1.5000000000000000e3,5.0000000000000003e-2,9.9999999999999998e-13,5.0000000000000000e-1,200000,1.0000000000000001e-5,1.5582976026859359e0,-9.8737769973312983e-1,9.7501222264536214e-1,2.7355895326763857e-13
137,"source_ray_137",0.6,Captured,HorizonCutoff,"",true,false,1.8009999999990491e0,,5.1229575680265462e0,5.1229575680265462e0,8.1534402020145957e-1,8.1715368814054997e1,1.0763448804838491e2,9.1609999999999999e-4,2.9012880986556411e-10,2.9012880986556421e-10,0.0000000000000000e0,0.0000000000000000e0,0.0000000000000000e0,0.0000000000000000e0,1.5887291482385990e-13,893,0,20,0.0000000000000000e0,8.0060227679949804e1,3.7482436691661486e-2,-9.8743735097000596e-1,-1.0119298983682545e0,2.9623552250925451e0,3.0000437214396283e0,9.9999999999999998e-13,1.0000000000000000e-14,1.0000000000000000e-3,4.0000000000000000e2,1.5000000000000000e3,5.0000000000000003e-2,9.9999999999999998e-13,5.0000000000000000e-1,200000,1.0000000000000001e-5,1.5583054054809626e0,-9.8678449730844375e-1,9.7505821187758823e-1,1.5887291482385998e-13
138,"source_ray_138",0.6,Escaped,EscapeRadius,"",false,true,3.9026869323766111e0,1.6530105293721911e0,4.7189864357268103e0,4.7189864357268103e0,7.5105001762952650e-1,4.8918985940157228e2,5.0605537392602292e2,1.4174999999999999e-3,6.2585348145280384e-13,6.2585348145280384e-13,0.0000000000000000e0,0.0000000000000000e0,0.0000000000000000e0,0.0000000000000000e0,3.9990233346998139e-13,1390,0,30,0.0000000000000000e0,8.0160090169769319e1,6.2418809995957350e-2,-9.8745768489620045e-1,-1.0106845809780864e0,4.9374904616049067e0,5.0002046033232563e0,9.9999999999999998e-13,1.0000000000000000e-14,1.0000000000000000e-3,4.0000000000000000e2,1.5000000000000000e3,5.0000000000000003e-2,9.9999999999999998e-13,5.0000000000000000e-1,200000,1.0000000000000001e-5,1.5583209673304546e0,-9.8560124816835681e-1,9.7514977162771188e-1,3.9990233346998139e-13
139,"source_ray_139",0.6,Detected,DetectorHit,"",false,false,5.9656190283251851e0,,3.8696609868998948e0,3.8696609868998948e0,6.1587567415498035e-1,2.0208323412722939e2,2.1608145666553071e2,8.2439999999999998e-4,9.1418452669023154e-13,9.1418452669023194e-13,0.0000000000000000e0,0.0000000000000000e0,0.0000000000000000e0,0.0000000000000000e0,2.0672352718520415e-13,736,0,31,0.0000000000000000e0,8.0309651075179431e1,8.7277712949461447e-2,-9.8748572441934257e-1,-1.0088250166317734e0,6.9129696173035740e0,7.0005767641537409e0,9.9999999999999998e-13,1.0000000000000000e-14,1.0000000000000000e-3,4.0000000000000000e2,1.5000000000000000e3,5.0000000000000003e-2,9.9999999999999998e-13,5.0000000000000000e-1,200000,1.0000000000000001e-5,1.5583442014320015e0,-9.8383421782992986e-1,9.7528607226936781e-1,2.0672352718520425e-13
140,"source_ray_140",0.6,Detected,DetectorHit,"",false,false,7.9834898116696227e0,,3.5354838469459695e0,3.5354838469459695e0,5.6268973046300097e-1,1.7569183145295312e2,1.8753374298377719e2,8.7180000000000005e-4,7.6726472397758982e-13,7.6726472397759003e-13,0.0000000000000000e0,0.0000000000000000e0,0.0000000000000000e0,0.0000000000000000e0,1.9750867608081535e-13,641,0,32,0.0000000000000000e0,8.0508633422394510e1,1.1202896242598788e-1,-9.8752131493229178e-1,-1.0063611606361946e0,8.8889229518948181e0,9.0012466743609245e0,9.9999999999999998e-13,1.0000000000000000e-14,1.0000000000000000e-3,4.0000000000000000e2,1.5000000000000000e3,5.0000000000000003e-2,9.9999999999999998e-13,5.0000000000000000e-1,200000,1.0000000000000001e-5,1.5583749792582258e0,-9.8149269110225346e-1,9.7546589111567183e-1,1.9750867608081540e-13
141,"source_ray_141",0.6,Detected,DetectorHit,"",false,false,9.9917550746799630e0,,3.3375984337654030e0,3.3375984337654030e0,5.3119528878953171e-1,1.6833628697419795e2,1.7878575589707825e2,6.3380000000000001e-4,5.4608748079054692e-13,5.4608748079054692e-13,0.0000000000000000e0,0.0000000000000000e0,0.0000000000000000e0,0.0000000000000000e0,1.7785772854495008e-13,598,0,32,0.0000000000000000e0,8.0756671892796817e1,1.3664316249108710e-1,-9.8756426269402975e-1,-1.0033060596514314e0,1.0865473675229559e1,1.1002295329712569e1,9.9999999999999998e-13,1.0000000000000000e-14,1.0000000000000000e-3,4.0000000000000000e2,1.5000000000000000e3,5.0000000000000003e-2,9.9999999999999998e-13,5.0000000000000000e-1,200000,1.0000000000000001e-5,1.5584131325117685e0,-9.7858883947199271e-1,9.7568763761513433e-1,1.7785772854495008e-13
142,"source_ray_142",0.6,Detected,DetectorHit,"",false,false,1.1996932783657158e1,,3.1965499560883339e0,3.1965499560883339e0,5.0874672635163931e-1,1.6516191232857815e2,1.7459069179254084e2,5.9670000000000003e-4,3.5575015155941969e-13,3.5575015155941979e-13,0.0000000000000000e0,0.0000000000000000e0,0.0000000000000000e0,0.0000000000000000e0,2.5002222514558525e-13,569,0,31,0.0000000000000000e0,8.1053316124619613e1,1.6109190453758049e-1,-9.8761433770038953e-1,-9.9967566527991425e-1,1.2842736287849238e1,1.3003796925177197e1,9.9999999999999998e-13,1.0000000000000000e-14,1.0000000000000000e-3,4.0000000000000000e2,1.5000000000000000e3,5.0000000000000003e-2,9.9999999999999998e-13,5.0000000000000000e-1,200000,1.0000000000000001e-5,1.5584584556407566e0,-9.7513755002159785e-1,9.7594938548675259e-1,2.5002222514558530e-13
143,"source_ray_143",0.6,Detected,DetectorHit,"",false,false,1.4001063643139926e1,,3.0850137294974997e0,3.0850137294974997e0,4.9099518455589036e-1,1.6349104461066321e2,1.7211703483825528e2,5.7140000000000001e-4,2.1906088054635120e-13,2.1906088054635110e-13,0.0000000000000000e0,0.0000000000000000e0,0.0000000000000000e0,0.0000000000000000e0,2.6323387913862462e-13,546,0,30,0.0000000000000000e0,8.1398034708058972e1,1.8534794999569476e-1,-9.8767127700755675e-1,-9.9548861089837282e-1,1.4820815164297995e1,1.5005817734420761e1,9.9999999999999998e-13,1.0000000000000000e-14,1.0000000000000000e-3,4.0000000000000000e2,1.5000000000000000e3,5.0000000000000003e-2,9.9999999999999998e-13,5.0000000000000000e-1,200000,1.0000000000000001e-5,1.5585107088423533e0,-9.7115622046557359e-1,9.7624891065043340e-1,2.6323387913862451e-13
144,"source_ray_144",0.6,Detected,DetectorHit,"",false,false,1.4070254933548512e1,,-3.1102328824461174e0,3.1102328824461174e0,4.9500893740825341e-1,1.6425611139008100e2,1.7330663388757318e2,5.8020000000000001e-4,2.0412838086514284e-13,2.0412838086514284e-13,0.0000000000000000e0,0.0000000000000000e0,0.0000000000000000e0,0.0000000000000000e0,2.3430146711689304e-12,553,0,31,0.0000000000000000e0,8.1447163783765944e1,-1.8534794999569476e-1,-9.8761288953512183e-1,-9.9489462778313020e-1,-1.4821136082692593e1,-1.5007029818807887e1,9.9999999999999998e-13,1.0000000000000000e-14,1.0000000000000000e-3,4.0000000000000000e2,1.5000000000000000e3,5.0000000000000003e-2,9.9999999999999998e-13,5.0000000000000000e-1,200000,1.0000000000000001e-5,1.5339542977341247e0,-2.9135316636377313e0,8.7866208455643555e0,2.6665708152773273e-13
145,"source_ray_145",0.6,Detected,DetectorHit,"",false,false,1.2067471410764771e1,,-3.2320888785184057e0,3.2320888785184057e0,5.1440292152854472e-1,1.6655429358711700e2,1.7651781549380985e2,6.9760000000000004e-4,3.3466979187934953e-13,3.3466979187934973e-13,0.0000000000000000e0,0.0000000000000000e0,0.0000000000000000e0,0.0000000000000000e0,2.0339285811132868e-12,579,0,32,0.0000000000000000e0,8.1102654041516104e1,-1.6109190453758049e-1,-9.8756410988225918e-1,-9.9907431341775754e-1,-1.2843020288124944e1,-1.3004745878883886e1,9.9999999999999998e-13,1.0000000000000000e-14,1.0000000000000000e-3,4.0000000000000000e2,1.5000000000000000e3,5.0000000000000003e-2,9.9999999999999998e-13,5.0000000000000000e-1,200000,1.0000000000000001e-5,1.5337977280074222e0,-2.9254772562575146e0,8.7839330868900962e0,2.3155101034966881e-13
146,"source_ray_146",0.6,Detected,DetectorHit,"",false,false,1.0059076801066082e1,,-3.3925424303444514e0,3.3925424303444514e0,5.3993989743831150e-1,1.7134458156659898e2,1.8251265662858262e2,7.0419999999999999e-4,5.0537699025632321e-13,5.0537699025632321e-13,0.0000000000000000e0,0.0000000000000000e0,0.0000000000000000e0,0.0000000000000000e0,1.9166890297128703e-12,614,0,30,0.0000000000000000e0,8.0806190952171690e1,-1.3664316249108710e-1,-9.8752248168943235e-1,-1.0026982713385293e0,-1.0865718358374471e1,-1.1003008599647911e1,9.9999999999999998e-13,1.0000000000000000e-14,1.0000000000000000e-3,4.0000000000000000e2,1.5000000000000000e3,5.0000000000000003e-2,9.9999999999999998e-13,5.0000000000000000e-1,200000,1.0000000000000001e-5,1.5336619246223229e0,-2.9358325429026499e0,8.7815843704947589e0,2.1826232589107186e-13
147,"source_ray_147",0.6,Detected,DetectorHit,"",false,false,8.0330746085187226e0,,-3.6376979082890104e0,3.6376979082890104e0,5.7895760357924420e-1,1.8477128282063279e2,1.9770193035425606e2,7.0770000000000002e-4,7.1297828752037162e-13,7.1297828752037213e-13,0.0000000000000000e0,0.0000000000000000e0,0.0000000000000000e0,0.0000000000000000e0,1.5845103007450234e-12,676,0,29,0.0000000000000000e0,8.0558304967627265e1,-1.1202896242598788e-1,-9.8748822889603316e-1,-1.0057479216526386e0,-8.8891262000850677e0,-9.0017540867527153e0,9.9999999999999998e-13,1.0000000000000000e-14,1.0000000000000000e-3,4.0000000000000000e2,1.5000000000000000e3,5.0000000000000003e-2,9.9999999999999998e-13,5.0000000000000000e-1,200000,1.0000000000000001e-5,1.5335476055471613e0,-2.9445453114843279e0,8.7795946313679600e0,1.8047647611016624e-13
148,"source_ray_148",0.6,Escaped,EscapeRadius,"",false,true,5.9375114827036359e0,-1.1626165997234805e0,-4.1965658537894832e0,4.1965658537894832e0,6.6790419964125636e-1,4.9039326367816500e2,5.0522786946850016e2,1.4246000000000000e-3,7.8718802309918345e-13,7.8718802309918366e-13,0.0000000000000000e0,0.0000000000000000e0,0.0000000000000000e0,0.0000000000000000e0,2.1920243398199091e-12,1351,1,29,0.0000000000000000e0,8.0359445628570910e1,-8.7277712949461447e-2,-9.8746153888713961e-1,-1.0082073590259784e0,-6.9131296353046121e0,-7.0009102765619087e0,9.9999999999999998e-13,1.0000000000000000e-14,1.0000000000000000e-3,4.0000000000000000e2,1.5000000000000000e3,5.0000000000000003e-2,9.9999999999999998e-13,5.0000000000000000e-1,200000,1.0000000000000001e-5,1.5334553861888534e0,-2.9515708840575430e0,8.7779811344838485e0,2.4971850659471729e-13
149,"source_ray_149",0.6,Captured,HorizonCutoff,"",true,false,1.8009999999984372e0,,-1.6029205465959671e0,5.2351698886901810e0,8.3320316571088981e-1,8.5798289050009686e1,1.1777733796914625e2,1.8083000000000001e-3,9.3855305749457330e-9,9.3855305749457280e-9,0.0000000000000000e0,0.0000000000000000e0,0.0000000000000000e0,0.0000000000000000e0,4.3556269702094141e-12,1567,0,19,0.0000000000000000e0,8.0209977581363887e1,-6.2418809995957350e-2,-9.8744255970194383e-1,-1.0100635749656823e0,-4.9376058129020866e0,-5.0003980124094367e0,9.9999999999999998e-13,1.0000000000000000e-14,1.0000000000000000e-3,4.0000000000000000e2,1.5000000000000000e3,5.0000000000000003e-2,9.9999999999999998e-13,5.0000000000000000e-1,200000,1.0000000000000001e-5,1.5333857704074771e0,-2.9568727321774166e0,8.7767581352080573e0,4.9626831491878203e-13
150,"source_ray_150",0.6,Captured,HorizonCutoff,"",true,false,1.8009999999987727e0,,6.0147386833655545e-2,3.7624703234868675e0,5.9881575021949740e-1,8.1346841216259790e1,1.0780390206804597e2,1.0238000000000001e-3,6.2966591940494254e-9,6.2966591940494296e-9,0.0000000000000000e0,0.0000000000000000e0,0.0000000000000000e0,0.0000000000000000e0,5.4427573559223674e-12,1009,0,21,0.0000000000000000e0,8.0110177286400031e1,-3.7482436691661486e-2,-9.8743139778218370e-1,-1.0113066434823899e0,-2.9624248614745792e0,-3.0001323313481034e0,9.9999999999999998e-13,1.0000000000000000e-14,1.0000000000000000e-3,4.0000000000000000e2,1.5000000000000000e3,5.0000000000000003e-2,9.9999999999999998e-13,5.0000000000000000e-1,200000,1.0000000000000001e-5,1.5333391429912833e0,-2.9604229905474559e0,8.7759365916128953e0,6.2019105301239015e-13
151,"source_ray_151",0.6,Captured,HorizonCutoff,"",true,false,1.8009999999990829e0,,2.7300698809092738e-1,2.9666669985024181e0,4.7215971731925632e-1,8.0434552498478482e1,1.0554538901566467e2,8.5510000000000002e-4,4.6790091801085509e-9,4.6790091801085518e-9,0.0000000000000000e0,0.0000000000000000e0,0.0000000000000000e0,0.0000000000000000e0,5.6061821851471905e-12,1007,0,19,0.0000000000000000e0,8.0060230486106946e1,-1.2499349019361679e-2,-9.8742811632673255e-1,-1.0119298650816348e0,-9.8745174298018989e-1,-1.0000239274667864e0,9.9999999999999998e-13,1.0000000000000000e-14,1.0000000000000000e-3,4.0000000000000000e2,1.5000000000000000e3,5.0000000000000003e-2,9.9999999999999998e-13,5.0000000000000000e-1,200000,1.0000000000000001e-5,1.5333157638085568e0,-2.9622028551833219e0,8.7755239389226354e0,6.3884301657268994e-13
152,"source_ray_152",0.6,Captured,HorizonCutoff,"",true,false,1.8009999999997834e0,,5.2477119236857410e0,5.2477119236857410e0,8.3519929257686476e-1,8.0998487125005099e1,1.0633201945475599e2,8.7440000000000000e-4,1.0671783456928097e-9,1.0671783456928097e-9,0.0000000000000000e0,0.0000000000000000e0,0.0000000000000000e0,0.0000000000000000e0,5.8477667153056245e-12,1020,0,22,0.0000000000000000e0,8.0060230486106946e1,1.2499349019361679e-2,-9.8743273430175837e-1,-1.0119298650816348e0,9.8745174298019001e-1,1.0000192506059109e0,9.9999999999999998e-13,1.0000000000000000e-14,1.0000000000000000e-3,4.0000000000000000e2,1.5000000000000000e3,5.0000000000000003e-2,9.9999999999999998e-13,5.0000000000000000e-1,200000,1.0000000000000001e-5,1.5333157638085568e0,-2.9622028551833219e0,8.7755239343126519e0,6.6637237378393118e-13
153,"source_ray_153",0.6,Escaped,EscapeRadius,"",false,true,2.6047796264526286e0,-1.1255884163459753e0,8.2494106182821625e0,8.2494106182821625e0,1.3129344774943748e0,4.9279091397719088e2,5.2155331958652550e2,2.0458000000000000e-3,1.1689017809235480e-12,1.1689017809235486e-12,0.0000000000000000e0,0.0000000000000000e0,0.0000000000000000e0,0.0000000000000000e0,6.7430505623633508e-12,1792,2,29,0.0000000000000000e0,8.0110177286400031e1,3.7482436691661486e-2,-9.8744522613667607e-1,-1.0113066434823899e0,2.9624248614745792e0,3.0000903169737323e0,9.9999999999999998e-13,1.0000000000000000e-14,1.0000000000000000e-3,4.0000000000000000e2,1.5000000000000000e3,5.0000000000000003e-2,9.9999999999999998e-13,5.0000000000000000e-1,200000,1.0000000000000001e-5,1.5333391429912833e0,-2.9604229905474559e0,8.7759365778255667e0,7.6835680187129281e-13
154,"source_ray_154",0.6,Escaped,EscapeRadius,"",false,true,4.6458201130044889e0,1.2417545108279340e0,4.3046559332473722e0,4.3046559332473722e0,6.8510727008617511e-1,4.8900631626239840e2,5.0415990951103527e2,1.4509000000000000e-3,9.6034394629282427e-13,9.6034394629282386e-13,0.0000000000000000e0,0.0000000000000000e0,0.0000000000000000e0,0.0000000000000000e0,2.4744650772845489e-12,1400,1,29,0.0000000000000000e0,8.0209977581363887e1,6.2418809995957350e-2,-9.8746552211541683e-1,-1.0100635749656823e0,4.9376058129020874e0,5.0002817337099605e0,9.9999999999999998e-13,1.0000000000000000e-14,1.0000000000000000e-3,4.0000000000000000e2,1.5000000000000000e3,5.0000000000000003e-2,9.9999999999999998e-13,5.0000000000000000e-1,200000,1.0000000000000001e-5,1.5333857704074771e0,-2.9568727321774166e0,8.7767581123703433e0,2.8193383543257625e-13
155,"source_ray_155",0.6,Detected,DetectorHit,"",false,false,6.5096034579838404e0,,3.7387577361285835e0,3.7387577361285835e0,5.9504177472792819e-1,1.9102345031436232e2,2.0437634081892787e2,7.4229999999999999e-4,9.1111059669080063e-13,9.1111059669080063e-13,0.0000000000000000e0,0.0000000000000000e0,0.0000000000000000e0,0.0000000000000000e0,1.7958967646336532e-12,725,1,29,0.0000000000000000e0,8.0359445628570910e1,8.7277712949461447e-2,-9.8749350945134950e-1,-1.0082073590259784e0,6.9131296353046112e0,7.0006836188174439e0,9.9999999999999998e-13,1.0000000000000000e-14,1.0000000000000000e-3,4.0000000000000000e2,1.5000000000000000e3,5.0000000000000003e-2,9.9999999999999998e-13,5.0000000000000000e-1,200000,1.0000000000000001e-5,1.5334553861888534e0,-2.9515708840575430e0,8.7779811028043238e0,2.0459109487714818e-13
156,"source_ray_156",0.6,Detected,DetectorHit,"",false,false,8.4140346217630935e0,,3.4775338688921122e0,3.4775338688921122e0,5.5346670500366280e-1,1.7356969912171496e2,1.8508984325515252e2,9.4220000000000003e-4,7.4438372132945574e-13,7.4438372132945624e-13,0.0000000000000000e0,0.0000000000000000e0,0.0000000000000000e0,0.0000000000000000e0,1.4068746168049984e-12,644,1,29,0.0000000000000000e0,8.0558304967627265e1,1.1202896242598788e-1,-9.8752903401357361e-1,-1.0057479216526386e0,8.8891262000850695e0,9.0013821304649237e0,9.9999999999999998e-13,1.0000000000000000e-14,1.0000000000000000e-3,4.0000000000000000e2,1.5000000000000000e3,5.0000000000000003e-2,9.9999999999999998e-13,5.0000000000000000e-1,200000,1.0000000000000001e-5,1.5335476055471613e0,-2.9445453114843279e0,8.7795945911324136e0,1.6024368804295053e-13
157,"source_ray_157",0.6,Detected,DetectorHit,"",false,false,1.0347601230722615e1,,3.3070106145852245e0,3.3070106145852245e0,5.2632708616860524e-1,1.6762651145046397e2,1.7788427501133276e2,6.3560000000000005e-4,5.2012907869602998e-13,5.2012907869602998e-13,0.0000000000000000e0,0.0000000000000000e0,0.0000000000000000e0,0.0000000000000000e0,1.7461587731304462e-12,602,0,33,0.0000000000000000e0,8.0806190952171690e1,1.3664316249108710e-1,-9.8757190265327321e-1,-1.0026982713385293e0,1.0865718358374474e1,1.1002457977167989e1,9.9999999999999998e-13,1.0000000000000000e-14,1.0000000000000000e-3,4.0000000000000000e2,1.5000000000000000e3,5.0000000000000003e-2,9.9999999999999998e-13,5.0000000000000000e-1,200000,1.0000000000000001e-5,1.5336619246223229e0,-2.9358325429026499e0,8.7815843220602599e0,1.9884325072685490e-13
158,"source_ray_158",0.6,Detected,DetectorHit,"",false,false,1.2299950899471208e1,,3.1785541274474101e0,3.1785541274474105e0,5.0588260126840168e-1,1.6485588070471505e2,1.7415757426896829e2,6.0809999999999998e-4,3.3333752424979934e-13,3.3333752424979955e-13,0.0000000000000000e0,0.0000000000000000e0,0.0000000000000000e0,0.0000000000000000e0,1.9646506643766770e-12,573,1,32,0.0000000000000000e0,8.1102654041516104e1,1.6109190453758049e-1,-9.8762188606228485e-1,-9.9907431341775754e-1,1.2843020288124945e1,1.3003985097303721e1,9.9999999999999998e-13,1.0000000000000000e-14,1.0000000000000000e-3,4.0000000000000000e2,1.5000000000000000e3,5.0000000000000003e-2,9.9999999999999998e-13,5.0000000000000000e-1,200000,1.0000000000000001e-5,1.5337977280074222e0,-2.9254772562575146e0,8.7839330306777512e0,2.2366412147214291e-13
159,"source_ray_159",0.6,Detected,DetectorHit,"",false,false,1.4264795174588651e1,,3.0735971704686631e0,3.0735971704686631e0,4.8917818275335062e-1,1.6333752486964238e2,1.7187327280863721e2,5.7640000000000002e-4,2.0441287551520304e-13,2.0441287551520309e-13,0.0000000000000000e0,0.0000000000000000e0,0.0000000000000000e0,0.0000000000000000e0,2.0179413695586845e-12,550,1,31,0.0000000000000000e0,8.1447163783765944e1,1.8534794999569476e-1,-9.8767872208273599e-1,-9.9489462778313020e-1,1.4821136082692595e1,1.5006029543128152e1,9.9999999999999998e-13,1.0000000000000000e-14,1.0000000000000000e-3,4.0000000000000000e2,1.5000000000000000e3,5.0000000000000003e-2,9.9999999999999998e-13,5.0000000000000000e-1,200000,1.0000000000000001e-5,1.5339542977341247e0,-2.9135316636377313e0,8.7866207820510134e0,2.2966068749443031e-13
160,"source_ray_160",0.6,Detected,DetectorHit,"",false,false,1.4599020452001010e1,,-3.0826127608429186e0,3.0826127608429186e0,4.9061305852630510e-1,1.6383413904054598e2,1.7266879806932894e2,5.8279999999999996e-4,1.7186946310587814e-13,1.7186946310587819e-13,0.0000000000000000e0,0.0000000000000000e0,0.0000000000000000e0,0.0000000000000000e0,5.9756644077424426e-12,555,0,32,0.0000000000000000e0,8.1545333118802404e1,-1.8534794999569476e-1,-9.8762797402374658e-1,-9.9370978050642034e-1,-1.4821775067855853e1,-1.5007447599392803e1,9.9999999999999998e-13,1.0000000000000000e-14,1.0000000000000000e-3,4.0000000000000000e2,1.5000000000000000e3,5.0000000000000003e-2,9.9999999999999998e-13,5.0000000000000000e-1,200000,1.0000000000000001e-5,1.5094422538876542e0,-4.8560951801318053e0,2.4409385166481972e1,2.4481011573974416e-13
161,"source_ray_161",0.6,Detected,DetectorHit,"",false,false,1.2676696738227948e1,,-3.1875150593793542e0,3.1875150593793546e0,5.0730877788008055e-1,1.6566133867513946e2,1.7531074206738276e2,6.1720000000000004e-4,2.9333827034072613e-13,2.9333827034072613e-13,0.0000000000000000e0,0.0000000000000000e0,0.0000000000000000e0,0.0000000000000000e0,5.6061821851471905e-12,582,1,32,0.0000000000000000e0,8.1201239922499937e1,-1.6109190453758049e-1,-9.8757937301184140e-1,-9.9787479244258370e-1,-1.2843585744298370e1,-1.3005117457171082e1,9.9999999999999998e-13,1.0000000000000000e-14,1.0000000000000000e-3,4.0000000000000000e2,1.5000000000000000e3,5.0000000000000003e-2,9.9999999999999998e-13,5.0000000000000000e-1,200000,1.0000000000000001e-5,1.5091819349754714e0,-4.8760098160191880e0,2.4401963203353407e1,2.2974308003123161e-13
162,"source_ray_162",0.6,Detected,DetectorHit,"",false,false,1.0778798255771370e1,,-3.3140693129482237e0,3.3140693129482237e0,5.2745051290487122e-1,1.6906882005075269e2,1.7973881328754155e2,6.6600000000000003e-4,4.5284262450984158e-13,4.5284262450984189e-13,0.0000000000000000e0,0.0000000000000000e0,0.0000000000000000e0,0.0000000000000000e0,4.5972115003678482e-12,616,0,32,0.0000000000000000e0,8.0905138124600924e1,-1.3664316249108710e-1,-9.8753789842818207e-1,-1.0014859335891935e0,-1.0866205516936182e1,-1.1003330134703097e1,9.9999999999999998e-13,1.0000000000000000e-14,1.0000000000000000e-3,4.0000000000000000e2,1.5000000000000000e3,5.0000000000000003e-2,9.9999999999999998e-13,5.0000000000000000e-1,200000,1.0000000000000001e-5,1.5089561473178850e0,-4.8932733265400437e0,2.4395477761420558e1,1.8844523338821263e-13
163,"source_ray_163",0.6,Detected,DetectorHit,"",false,false,8.9169329405383451e0,,-3.4784141604746455e0,3.4784141604746450e0,5.5360680776038507e-1,1.7658519376014155e2,1.8860534800787997e2,6.9609999999999995e-4,6.6202252013702889e-13,6.6202252013702930e-13,0.0000000000000000e0,0.0000000000000000e0,0.0000000000000000e0,0.0000000000000000e0,4.3129944060638081e-12,668,1,32,0.0000000000000000e0,8.0657556269792309e1,-1.1202896242598788e-1,-9.8750377285539359e-1,-1.0045247303858709e0,-8.8895308516616325e0,-9.0020221654012680e0,9.9999999999999998e-13,1.0000000000000000e-14,1.0000000000000000e-3,4.0000000000000000e2,1.5000000000000000e3,5.0000000000000003e-2,9.9999999999999998e-13,5.0000000000000000e-1,200000,1.0000000000000001e-5,1.5087660827523468e0,-4.9077986288567930e0,2.4389983764834849e1,1.7683465670371728e-13
164,"source_ray_164",0.6,Detected,DetectorHit,"",false,false,7.1102517075422487e0,,-3.7281487442956314e0,3.7281487442956314e0,5.9335330123649233e-1,1.9963445770841071e2,2.1359863350581421e2,7.9569999999999999e-4,8.5910445424275395e-13,8.5910445424275395e-13,0.0000000000000000e0,0.0000000000000000e0,0.0000000000000000e0,0.0000000000000000e0,6.6151528699265327e-12,770,1,28,0.0000000000000000e0,8.0458942264070927e1,-8.7277712949461447e-2,-9.8747718253089212e-1,-1.0069753694797567e0,-6.9134482119250800e0,-7.0011219846174022e0,9.9999999999999998e-13,1.0000000000000000e-14,1.0000000000000000e-3,4.0000000000000000e2,1.5000000000000000e3,5.0000000000000003e-2,9.9999999999999998e-13,5.0000000000000000e-1,200000,1.0000000000000001e-5,1.5086127628158896e0,-4.9195112044797540e0,2.4385528777115347e1,2.7127371033817966e-13
165,"source_ray_165",0.6,Escaped,EscapeRadius,"",false,true,5.3888038825190065e0,-1.2842936167447800e0,-4.3386388364565578e0,4.3386388364565578e0,6.9051581711253052e-1,4.9055310518000067e2,5.0629219584297709e2,1.5154999999999999e-3,8.8064278092048198e-13,8.8064278092048117e-13,0.0000000000000000e0,0.0000000000000000e0,0.0000000000000000e0,0.0000000000000000e0,1.0302869668521453e-11,1452,1,27,0.0000000000000000e0,8.0309659415455243e1,-6.2418809995957350e-2,-9.8745827457898316e-1,-1.0088249182504072e0,-4.9378354596851937e0,-5.0005509972464504e0,9.9999999999999998e-13,1.0000000000000000e-14,1.0000000000000000e-3,4.0000000000000000e2,1.5000000000000000e3,5.0000000000000003e-2,9.9999999999999998e-13,5.0000000000000000e-1,200000,1.0000000000000001e-5,1.5084970238529807e0,-4.9283501263989837e0,2.4382152067650246e1,4.2255784640893511e-13
166,"source_ray_166",0.6,Escaped,EscapeRadius,"",false,true,3.7394375957407027e0,-2.7685901023753585e0,-5.8648707096908623e0,5.8648707096908623e0,9.3342316404217307e-1,4.9381318721303739e2,5.1709512403452277e2,1.8151000000000000e-3,2.4850609851162497e-12,2.4850609851162497e-12,0.0000000000000000e0,0.0000000000000000e0,0.0000000000000000e0,0.0000000000000000e0,4.1840308995233499e-11,1769,1,30,0.0000000000000000e0,8.0209983162301825e1,-3.7482436691661486e-2,-9.8744715477862599e-1,-1.0100635089862993e0,-2.9625634953199453e0,-3.0002248535356983e0,9.9999999999999998e-13,1.0000000000000000e-14,1.0000000000000000e-3,4.0000000000000000e2,1.5000000000000000e3,5.0000000000000003e-2,9.9999999999999998e-13,5.0000000000000000e-1,200000,1.0000000000000001e-5,1.5084195045447926e0,-4.9342689164946023e0,2.4379883820991317e1,1.7161816398488571e-12
167,"source_ray_167",0.6,Captured,HorizonCutoff,"",true,false,1.8009999999993906e0,,-2.4165865340170956e0,5.3249166317406011e0,8.4748680349376238e-1,8.5832167965120334e1,1.1872192868593817e2,1.3496999999999999e-3,3.0635192160843872e-9,3.0635192160843872e-9,0.0000000000000000e0,0.0000000000000000e0,0.0000000000000000e0,0.0000000000000000e0,4.5019987737759948e-11,1410,2,21,0.0000000000000000e0,8.0160098556815569e1,-1.2499349019361679e-2,-9.8744388593229560e-1,-1.0106844817133129e0,-9.8749809612976924e-1,-1.0000548995221359e0,9.9999999999999998e-13,1.0000000000000000e-14,1.0000000000000000e-3,4.0000000000000000e2,1.5000000000000000e3,5.0000000000000003e-2,9.9999999999999998e-13,5.0000000000000000e-1,200000,1.0000000000000001e-5,1.5083806362179915e0,-4.9372362102025189e0,2.4378744516979818e1,1.8466901651314931e-12
168,"source_ray_168",0.6,Escaped,EscapeRadius,"",false,true,3.4202680144203930e0,-2.7501995840060935e0,6.6587492510707271e0,6.6587492510707280e0,1.0597728581173624e0,4.9156717252216134e2,5.1319122051841384e2,1.9023000000000000e-3,4.9190228442168998e-12,4.9190228442168998e-12,0.0000000000000000e0,0.0000000000000000e0,0.0000000000000000e0,0.0000000000000000e0,1.1754153206311457e-10,1930,1,30,0.0000000000000000e0,8.0160098556815569e1,1.2499349019361679e-2,-9.8744848688480980e-1,-1.0106844817133129e0,9.8749809612976924e-1,1.0000502398308553e0,9.9999999999999998e-13,1.0000000000000000e-14,1.0000000000000000e-3,4.0000000000000000e2,1.5000000000000000e3,5.0000000000000003e-2,9.9999999999999998e-13,5.0000000000000000e-1,200000,1.0000000000000001e-5,1.5083806362179915e0,-4.9372362102025189e0,2.4378744504253078e1,4.8214760215649523e-12
169,"source_ray_169",0.6,Escaped,EscapeRadius,"",false,true,4.5267271696623164e0,1.3110636099506543e0,4.3905639534023289e0,4.3905639534023289e0,6.9877995614507471e-1,4.8943583348403109e2,5.0535279652649302e2,1.4913000000000001e-3,1.1441869587208719e-12,1.1441869587208713e-12,0.0000000000000000e0,0.0000000000000000e0,0.0000000000000000e0,0.0000000000000000e0,1.3937295761934365e-11,1516,1,31,0.0000000000000000e0,8.0209983162301825e1,3.7482436691661486e-2,-9.8746093222199982e-1,-1.0100635089862993e0,2.9625634953199449e0,3.0001829932183126e0,9.9999999999999998e-13,1.0000000000000000e-14,1.0000000000000000e-3,4.0000000000000000e2,1.5000000000000000e3,5.0000000000000003e-2,9.9999999999999998e-13,5.0000000000000000e-1,200000,1.0000000000000001e-5,1.5084195045447926e0,-4.9342689164946023e0,2.4379883782928477e1,5.7167195241897241e-13
170,"source_ray_170",0.6,Detected,DetectorHit,"",false,false,5.9061182726649033e0,,3.8017558919977610e0,3.8017558919977610e0,6.0506824264018144e-1,2.0912808708057548e2,2.2345709752461701e2,8.5709999999999996e-4,1.0901305899646552e-12,1.0901305899646548e-12,0.0000000000000000e0,0.0000000000000000e0,0.0000000000000000e0,0.0000000000000000e0,7.9936057773011271e-12,841,1,31,0.0000000000000000e0,8.0309659415455243e1,6.2418809995957350e-2,-9.8748115265864322e-1,-1.0088249182504072e0,4.9378354596851928e0,5.0004351438919317e0,9.9999999999999998e-13,1.0000000000000000e-14,1.0000000000000000e-3,4.0000000000000000e2,1.5000000000000000e3,5.0000000000000003e-2,9.9999999999999998e-13,5.0000000000000000e-1,200000,1.0000000000000001e-5,1.5084970238529807e0,-4.9283501263989837e0,2.4382152004600943e1,3.2784660582022143e-13
171,"source_ray_171",0.6,Detected,DetectorHit,"",false,false,7.4980187651995012e0,,3.5548450641071470e0,3.5548450641071474e0,5.6577116387847814e-1,1.7983184942816013e2,1.9220069003721852e2,8.5200000000000000e-4,8.7624178746192882e-13,8.7624178746192882e-13,0.0000000000000000e0,0.0000000000000000e0,0.0000000000000000e0,0.0000000000000000e0,5.6807891724020010e-12,711,1,29,0.0000000000000000e0,8.0458942264070927e1,8.7277712949461447e-2,-9.8750903610412222e-1,-1.0069753694797567e0,6.9134482119250782e0,7.0008961530111300e0,9.9999999999999998e-13,1.0000000000000000e-14,1.0000000000000000e-3,4.0000000000000000e2,1.5000000000000000e3,5.0000000000000003e-2,9.9999999999999998e-13,5.0000000000000000e-1,200000,1.0000000000000001e-5,1.5086127628158896e0,-4.9195112044797540e0,2.4385528689654013e1,2.3295739225913009e-13
172,"source_ray_172",0.6,Detected,DetectorHit,"",false,false,9.2224380471501846e0,,3.3866095297120649e0,3.3866095297120649e0,5.3899564697579416e-1,1.7059200471368752e2,1.8156651305445561e2,7.5790000000000005e-4,6.7150625338019410e-13,6.7150625338019450e-13,0.0000000000000000e0,0.0000000000000000e0,0.0000000000000000e0,0.0000000000000000e0,3.9221959013957530e-12,646,1,32,0.0000000000000000e0,8.0657556269792309e1,1.1202896242598788e-1,-9.8754442937387754e-1,-1.0045247303858709e0,8.8895308516616343e0,9.0016515583990184e0,9.9999999999999998e-13,1.0000000000000000e-14,1.0000000000000000e-3,4.0000000000000000e2,1.5000000000000000e3,5.0000000000000003e-2,9.9999999999999998e-13,5.0000000000000000e-1,200000,1.0000000000000001e-5,1.5087660827523468e0,-4.9077986288567930e0,2.4389983653748608e1,1.6081174785014393e-13
173,"source_ray_173",0.6,Detected,DetectorHit,"",false,false,1.1028448288185244e1,,3.2556713541369136e0,3.2556713541369136e0,5.1815618909357430e-1,1.6649317581298487e2,1.7640719850480386e2,6.4110000000000002e-4,4.6184236990320926e-13,4.6184236990320946e-13,0.0000000000000000e0,0.0000000000000000e0,0.0000000000000000e0,0.0000000000000000e0,4.1424641494813841e-12,605,1,32,0.0000000000000000e0,8.0905138124600924e1,1.3664316249108710e-1,-9.8758714049591878e-1,-1.0014859335891935e0,1.0866205516936182e1,1.1002781497822760e1,9.9999999999999998e-13,1.0000000000000000e-14,1.0000000000000000e-3,4.0000000000000000e2,1.5000000000000000e3,5.0000000000000003e-2,9.9999999999999998e-13,5.0000000000000000e-1,200000,1.0000000000000001e-5,1.5089561473178850e0,-4.8932733265400437e0,2.4395477627692919e1,1.6980459299468681e-13
174,"source_ray_174",0.6,Detected,DetectorHit,"",false,false,1.2886473397392484e1,,3.1469991216610049e0,3.1469991216610049e0,5.0086046611820190e-1,1.6433298367490488e2,1.7339951805694156e2,6.0459999999999995e-4,2.9003188739551433e-13,2.9003188739551433e-13,0.0000000000000000e0,0.0000000000000000e0,0.0000000000000000e0,0.0000000000000000e0,5.5173643431771779e-12,575,0,32,0.0000000000000000e0,8.1201239922499937e1,1.6109190453758049e-1,-9.8763694154527704e-1,-9.9787479244258370e-1,1.2843585744298370e1,1.3004359399723375e1,9.9999999999999998e-13,1.0000000000000000e-14,1.0000000000000000e-3,4.0000000000000000e2,1.5000000000000000e3,5.0000000000000003e-2,9.9999999999999998e-13,5.0000000000000000e-1,200000,1.0000000000000001e-5,1.5091819349754714e0,-4.8760098160191880e0,2.4401963048144367e1,2.2610329883262170e-13
175,"source_ray_175",0.6,Detected,DetectorHit,"",false,false,1.4779173549874384e1,,3.0529757546398715e0,3.0529757546398715e0,4.8589618249064498e-1,1.6306434053602496e2,1.7142982717450366e2,5.8089999999999997e-4,1.7338908087083382e-13,1.7338908087083395e-13,0.0000000000000000e0,0.0000000000000000e0,0.0000000000000000e0,0.0000000000000000e0,5.8477667153056245e-12,552,1,32,0.0000000000000000e0,8.1545333118802404e1,1.8534794999569476e-1,-9.8769357192612639e-1,-9.9370978050642034e-1,1.4821775067855853e1,1.5006450876208024e1,9.9999999999999998e-13,1.0000000000000000e-14,1.0000000000000000e-3,4.0000000000000000e2,1.5000000000000000e3,5.0000000000000003e-2,9.9999999999999998e-13,5.0000000000000000e-1,200000,1.0000000000000001e-5,1.5094422538876542e0,-4.8560951801318053e0,2.4409384991105213e1,2.3957042413959035e-13
176,"source_ray_176",0.6,Detected,DetectorHit,"",false,false,1.5359045027078128e1,,-3.0484100263691372e0,3.0484100263691372e0,4.8516952426754323e-1,1.6332808321477651e2,1.7187367500896826e2,5.8629999999999999e-4,1.4244161405940758e-13,1.4244161405940761e-13,0.0000000000000000e0,0.0000000000000000e0,0.0000000000000000e0,0.0000000000000000e0,1.1176837233506376e-11,558,1,31,0.0000000000000000e0,8.1692365880993620e1,-1.8534794999569476e-1,-9.8765049799537263e-1,-9.9194026224492227e-1,-1.4822726475206453e1,-1.5008068649073774e1,9.9999999999999998e-13,1.0000000000000000e-14,1.0000000000000000e-3,4.0000000000000000e2,1.5000000000000000e3,5.0000000000000003e-2,9.9999999999999998e-13,5.0000000000000000e-1,200000,1.0000000000000001e-5,1.4850038003107802e0,-6.7989690677177341e0,4.7848538415370456e1,2.3358785040581372e-13
177,"source_ray_177",0.6,Detected,DetectorHit,"",false,false,1.3540302367172510e1,,-3.1355144652680140e0,3.1355144652680136e0,4.9903262628354533e-1,1.6467748427981428e2,1.7392348050703146e2,6.1479999999999998e-4,2.3620341793595401e-13,2.3620341793595411e-13,0.0000000000000000e0,0.0000000000000000e0,0.0000000000000000e0,0.0000000000000000e0,9.8694385997077916e-12,584,1,31,0.0000000000000000e0,8.1348894679656041e1,-1.6109190453758049e-1,-9.8760216290982572e-1,-9.9608342185264576e-1,-1.2844427620390174e1,-1.3005669795766689e1,9.9999999999999998e-13,1.0000000000000000e-14,1.0000000000000000e-3,4.0000000000000000e2,1.5000000000000000e3,5.0000000000000003e-2,9.9999999999999998e-13,5.0000000000000000e-1,200000,1.0000000000000001e-5,1.4846406701883930e0,-6.8268606095141120e0,4.7834119501359062e1,2.0632633573253881e-13
178,"source_ray_178",0.6,Detected,DetectorHit,"",false,false,1.1776713012655994e1,,-3.2305651241638436e0,3.2305651241638436e0,5.1416040849095834e-1,1.6690623817295207e2,1.7698039516839478e2,6.4409999999999999e-4,3.7750358394816885e-13,3.7750358394816895e-13,0.0000000000000000e0,0.0000000000000000e0,0.0000000000000000e0,0.0000000000000000e0,7.9083406490099151e-12,617,1,29,0.0000000000000000e0,8.1053332350234299e1,-1.3664316249108710e-1,-9.8756091697667059e-1,-9.9967547703185133e-1,-1.0866930781575029e1,-1.1003808063651572e1,9.9999999999999998e-13,1.0000000000000000e-14,1.0000000000000000e-3,4.0000000000000000e2,1.5000000000000000e3,5.0000000000000003e-2,9.9999999999999998e-13,5.0000000000000000e-1,200000,1.0000000000000001e-5,1.4843257182093250e0,-6.8510392953988415e0,4.7821520845429696e1,1.6537200216972428e-13
179,"source_ray_179",0.6,Detected,DetectorHit,"",false,false,1.0094613275387408e1,,-3.3336273571232167e0,3.3336273571232167e0,5.3056327231253098e-1,1.7086730617178139e2,1.8193534563439434e2,7.4520000000000001e-4,5.6571761164470047e-13,5.6571761164470047e-13,0.0000000000000000e0,0.0000000000000000e0,0.0000000000000000e0,0.0000000000000000e0,7.6809669735666830e-12,662,1,30,0.0000000000000000e0,8.0806204597951961e1,-1.1202896242598788e-1,-9.8752698076485235e-1,-1.0026981121481839e0,-8.8901332557797890e0,-9.0024206213528117e0,9.9999999999999998e-13,1.0000000000000000e-14,1.0000000000000000e-3,4.0000000000000000e2,1.5000000000000000e3,5.0000000000000003e-2,9.9999999999999998e-13,5.0000000000000000e-1,200000,1.0000000000000001e-5,1.4840606029992280e0,-6.8713830793458790e0,4.7810848790691871e1,1.6065322343873685e-13
180,"source_ray_180",0.6,Detected,DetectorHit,"",false,false,8.5384762022293277e0,,-3.4411221037972370e0,3.4411221037972370e0,5.4767159260211240e-1,1.7854662518295314e2,1.9081423289532927e2,7.4810000000000002e-4,7.9421191845341355e-13,7.9421191845341355e-13,0.0000000000000000e0,0.0000000000000000e0,0.0000000000000000e0,0.0000000000000000e0,1.2690293260675389e-11,726,1,32,0.0000000000000000e0,8.0607956895276232e1,-8.7277712949461447e-2,-9.8750053880865796e-1,-1.0051356504462428e0,-6.9139224592120812e0,-7.0014366448378720e0,9.9999999999999998e-13,1.0000000000000000e-14,1.0000000000000000e-3,4.0000000000000000e2,1.5000000000000000e3,5.0000000000000003e-2,9.9999999999999998e-13,5.0000000000000000e-1,200000,1.0000000000000001e-5,1.4838467460869496e0,-6.8877875208703720e0,4.7802195416316351e1,2.6547511364601058e-13
181,"source_ray_181",0.6,Detected,DetectorHit,"",false,false,7.1854452208598518e0,,-3.5372728801280076e0,3.5372728801280080e0,5.6297446393727790e-1,1.9470092544503387e2,2.0836527280094853e2,8.2189999999999997e-4,9.8146404198251602e-13,9.8146404198251622e-13,0.0000000000000000e0,0.0000000000000000e0,0.0000000000000000e0,0.0000000000000000e0,1.7543300145916874e-11,824,1,32,0.0000000000000000e0,8.0458950558005114e1,-6.2418809995957350e-2,-9.8748173687483731e-1,-1.0069752719709895e0,-4.9381773127015327e0,-5.0007783721952963e0,9.9999999999999998e-13,1.0000000000000000e-14,1.0000000000000000e-3,4.0000000000000000e2,1.5000000000000000e3,5.0000000000000003e-2,9.9999999999999998e-13,5.0000000000000000e-1,200000,1.0000000000000001e-5,1.4836853112291157e0,-6.9001672261956113e0,4.7795636736271497e1,3.6704815217167069e-13
182,"source_ray_182",0.6,Detected,DetectorHit,"",false,false,6.1656190954068144e0,,-3.5573954721956369e0,3.5573954721956369e0,5.6617707393266270e-1,2.2726564518391339e2,2.4226798145518956e2,9.0549999999999995e-4,1.3062311648992520e-12,1.3062311648992513e-12,0.0000000000000000e0,0.0000000000000000e0,0.0000000000000000e0,0.0000000000000000e0,2.6410873488202924e-11,965,0,31,0.0000000000000000e0,8.0359459503203112e1,-3.7482436691661486e-2,-9.8747067975896397e-1,-1.0082071955438470e0,-2.9627698623605569e0,-3.0003623632488536e0,9.9999999999999998e-13,1.0000000000000000e-14,1.0000000000000000e-3,4.0000000000000000e2,1.5000000000000000e3,5.0000000000000003e-2,9.9999999999999998e-13,5.0000000000000000e-1,200000,1.0000000000000001e-5,1.4835771870984209e0,-6.9084570513798420e0,4.7791231173903775e1,5.5263011308703187e-13
183,"source_ray_183",0.6,Escaped,EscapeRadius,"",false,true,5.6530564448017158e0,-1.7772597268480483e-1,-3.2946808399795708e0,3.2946808399795713e0,5.2436474159290658e-1,4.8960197879411390e2,5.0401000827107458e2,1.5388000000000001e-3,2.7059119308832195e-12,2.7059119308832195e-12,0.0000000000000000e0,0.0000000000000000e0,0.0000000000000000e0,0.0000000000000000e0,7.1970873705140548e-11,1584,1,26,0.0000000000000000e0,8.0309667755726736e1,-1.2499349019361679e-2,-9.8746742967541457e-1,-1.0088248198691061e0,-9.8756709568784840e-1,-1.0001009309364934e0,9.9999999999999998e-13,1.0000000000000000e-14,1.0000000000000000e-3,4.0000000000000000e2,1.5000000000000000e3,5.0000000000000003e-2,9.9999999999999998e-13,5.0000000000000000e-1,200000,1.0000000000000001e-5,1.4835229738315892e0,-6.9126130350400103e0,4.7789018366266419e1,1.5060128072424222e-12
184,"source_ray_184",0.6,Detected,DetectorHit,"",false,false,5.7520977518908181e0,,3.4435524437632665e0,3.4435524437632665e0,5.4805839322109984e-1,2.3365039440528665e2,2.4877723808560970e2,1.0023000000000000e-3,3.1447815000956031e-12,3.1447815000956031e-12,0.0000000000000000e0,0.0000000000000000e0,0.0000000000000000e0,0.0000000000000000e0,8.9826812654791865e-11,1068,1,31,0.0000000000000000e0,8.0309667755726736e1,1.2499349019361679e-2,-9.8747200528901180e-1,-1.0088248198691061e0,9.8756709568784828e-1,1.0000962968046965e0,9.9999999999999998e-13,1.0000000000000000e-14,1.0000000000000000e-3,4.0000000000000000e2,1.5000000000000000e3,5.0000000000000003e-2,9.9999999999999998e-13,5.0000000000000000e-1,200000,1.0000000000000001e-5,1.4835229738315892e0,-6.9126130350400103e0,4.7789018341551113e1,1.8796538571433716e-12
185,"source_ray_185",0.6,Detected,DetectorHit,"",false,false,6.4006662645631094e0,,3.5428540262837589e0,3.5428540262837585e0,5.6386273093608386e-1,1.9958240613538834e2,2.1348202721770110e2,8.3940000000000002e-4,1.1996736069830316e-12,1.1996736069830306e-12,0.0000000000000000e0,0.0000000000000000e0,0.0000000000000000e0,0.0000000000000000e0,2.1152857243578183e-11,901,1,32,0.0000000000000000e0,8.0359459503203112e1,3.7482436691661486e-2,-9.8748438141771555e-1,-1.0082071955438470e0,2.9627698623605574e0,3.0003207322701710e0,9.9999999999999998e-13,1.0000000000000000e-14,1.0000000000000000e-3,4.0000000000000000e2,1.5000000000000000e3,5.0000000000000003e-2,9.9999999999999998e-13,5.0000000000000000e-1,200000,1.0000000000000001e-5,1.4835771870984209e0,-6.9084570513798420e0,4.7791231099984969e1,4.4260959085410200e-13
186,"source_ray_186",0.6,Detected,DetectorHit,"",false,false,7.4594322064554088e0,,3.4867093868299786e0,3.4867093868299790e0,5.5492703403890264e-1,1.8136645132129087e2,1.9390899146677839e2,7.6219999999999999e-4,9.7180510166827716e-13,9.7180510166827756e-13,0.0000000000000000e0,0.0000000000000000e0,0.0000000000000000e0,0.0000000000000000e0,1.5127454844332533e-11,782,1,29,0.0000000000000000e0,8.0458950558005114e1,6.2418809995957350e-2,-9.8750448941561952e-1,-1.0069752719709895e0,4.9381773127015336e0,5.0006631520468563e0,9.9999999999999998e-13,1.0000000000000000e-14,1.0000000000000000e-3,4.0000000000000000e2,1.5000000000000000e3,5.0000000000000003e-2,9.9999999999999998e-13,5.0000000000000000e-1,200000,1.0000000000000001e-5,1.4836853112291157e0,-6.9001672261956113e0,4.7795636613825714e1,3.1650284243638790e-13
187,"source_ray_187",0.6,Detected,DetectorHit,"",false,false,8.8005799344311715e0,,3.3918052284775806e0,3.3918052284775806e0,5.3982256811714247e-1,1.7247682115654806e2,1.8381650570615187e2,7.3970000000000004e-4,7.9528137547635325e-13,7.9528137547635294e-13,0.0000000000000000e0,0.0000000000000000e0,0.0000000000000000e0,0.0000000000000000e0,1.1432632618380012e-11,701,1,31,0.0000000000000000e0,8.0607956895276232e1,8.7277712949461447e-2,-9.8753221822490467e-1,-1.0051356504462428e0,6.9139224592120803e0,7.0012120431269569e0,9.9999999999999998e-13,1.0000000000000000e-14,1.0000000000000000e-3,4.0000000000000000e2,1.5000000000000000e3,5.0000000000000003e-2,9.9999999999999998e-13,5.0000000000000000e-1,200000,1.0000000000000001e-5,1.4838467460869496e0,-6.8877875208703720e0,4.7802195246455142e1,2.3916543078066731e-13
188,"source_ray_188",0.6,Detected,DetectorHit,"",false,false,1.0329817169672001e1,,3.2919515562151753e0,3.2919515562151749e0,5.2393036259070247e-1,1.6786309534991972e2,1.7818971127455174e2,6.6710000000000001e-4,5.7299651134989915e-13,5.7299651134989915e-13,0.0000000000000000e0,0.0000000000000000e0,0.0000000000000000e0,0.0000000000000000e0,7.1764816311770119e-12,647,1,30,0.0000000000000000e0,8.0806204597951961e1,1.1202896242598788e-1,-9.8756741606534426e-1,-1.0026981121481839e0,8.8901332557797907e0,9.0020520231416370e0,9.9999999999999998e-13,1.0000000000000000e-14,1.0000000000000000e-3,4.0000000000000000e2,1.5000000000000000e3,5.0000000000000003e-2,9.9999999999999998e-13,5.0000000000000000e-1,200000,1.0000000000000001e-5,1.4840606029992280e0,-6.8713830793458790e0,4.7810848574938447e1,1.5010153228986588e-13
189,"source_ray_189",0.6,Detected,DetectorHit,"",false,false,1.1984142274273259e1,,3.1967830871758678e0,3.1967830871758678e0,5.0878383031660879e-1,1.6527405878274101e2,1.7474972720137541e2,6.2830000000000004e-4,3.7459271795547977e-13,3.7459271795547987e-13,0.0000000000000000e0,0.0000000000000000e0,0.0000000000000000e0,0.0000000000000000e0,8.2991391536779702e-12,608,1,31,0.0000000000000000e0,8.1053332350234299e1,1.3664316249108710e-1,-9.8760989271144883e-1,-9.9967547703185133e-1,1.0866930781575029e1,1.1003262383024785e1,9.9999999999999998e-13,1.0000000000000000e-14,1.0000000000000000e-3,4.0000000000000000e2,1.5000000000000000e3,5.0000000000000003e-2,9.9999999999999998e-13,5.0000000000000000e-1,200000,1.0000000000000001e-5,1.4843257182093250e0,-6.8510392953988415e0,4.7821520585687530e1,1.7354402478288853e-13
190,"source_ray_190",0.6,Detected,DetectorHit,"",false,false,1.3723187711696905e1,,3.1084207047911718e0,3.1084207047911714e0,4.9472052037670811e-1,1.6371628892914484e2,1.7246969806505348e2,6.0010000000000000e-4,2.3545054794738007e-13,2.3545054794738017e-13,0.0000000000000000e0,0.0000000000000000e0,0.0000000000000000e0,0.0000000000000000e0,9.8552277449925896e-12,577,0,29,0.0000000000000000e0,8.1348894679656041e1,1.6109190453758049e-1,-9.8765942229123949e-1,-9.9608342185264576e-1,1.2844427620390174e1,1.3004915794346191e1,9.9999999999999998e-13,1.0000000000000000e-14,1.0000000000000000e-3,4.0000000000000000e2,1.5000000000000000e3,5.0000000000000003e-2,9.9999999999999998e-13,5.0000000000000000e-1,200000,1.0000000000000001e-5,1.4846406701883930e0,-6.8268606095141120e0,4.7834119199873491e1,2.0602925087452335e-13
191,"source_ray_191",0.6,Detected,DetectorHit,"",false,false,1.5521159275210099e1,,3.0266276627663342e0,3.0266276627663342e0,4.8170275342793212e-1,1.6272283812490977e2,1.7085518320420087e2,6.4999999999999997e-4,1.4388490399142029e-13,1.4388490399142029e-13,0.0000000000000000e0,0.0000000000000000e0,0.0000000000000000e0,0.0000000000000000e0,1.1127099242003169e-11,554,1,32,0.0000000000000000e0,8.1692365880993620e1,1.8534794999569476e-1,-9.8771574652764293e-1,-9.9194026224492227e-1,1.4822726475206453e1,1.5007077215602145e1,9.9999999999999998e-13,1.0000000000000000e-14,1.0000000000000000e-3,4.0000000000000000e2,1.5000000000000000e3,5.0000000000000003e-2,9.9999999999999998e-13,5.0000000000000000e-1,200000,1.0000000000000001e-5,1.4850038003107802e0,-6.7989690677177341e0,4.7848538074684676e1,2.3254836385252519e-13
192,"source_ray_192",0.6,Detected,DetectorHit,"",false,false,1.6319141584618119e1,,-3.0126708370420827e0,3.0126708370420823e0,4.7948145562404532e-1,1.6281787882926943e2,1.7102902672872472e2,7.5179999999999995e-4,1.3150591726684979e-13,1.3150591726684979e-13,0.0000000000000000e0,0.0000000000000000e0,0.0000000000000000e0,0.0000000000000000e0,1.7791990103432909e-11,559,1,31,0.0000000000000000e0,8.1887998806756727e1,-1.8534794999569476e-1,-9.8768033986927550e-1,-9.8959525217400235e-1,-1.4823981982393722e1,-1.5008886361305674e1,9.9999999999999998e-13,1.0000000000000000e-14,1.0000000000000000e-3,4.0000000000000000e2,1.5000000000000000e3,5.0000000000000003e-2,9.9999999999999998e-13,5.0000000000000000e-1,200000,1.0000000000000001e-5,1.4606676339495914e0,-8.7422710903525402e0,7.9109966088264855e1,2.2490200644988226e-13
193,"source_ray_193",0.6,Detected,DetectorHit,"",false,false,1.4614784591172556e1,,-3.0847592738000733e0,3.0847592738000729e0,4.9095468667384701e-1,1.6377177390680350e2,1.7257154090624559e2,6.3820000000000001e-4,1.7707710298076051e-13,1.7707710298076057e-13,0.0000000000000000e0,0.0000000000000000e0,0.0000000000000000e0,0.0000000000000000e0,1.5774048733874224e-11,585,1,32,0.0000000000000000e0,8.1545351708094984e1,-1.6109190453758049e-1,-9.8763235560160123e-1,-9.9370956717753256e-1,-1.2845538492418841e1,-1.3006396985236654e1,9.9999999999999998e-13,1.0000000000000000e-14,1.0000000000000000e-3,4.0000000000000000e2,1.5000000000000000e3,5.0000000000000003e-2,9.9999999999999998e-13,5.0000000000000000e-1,200000,1.0000000000000001e-5,1.4602029900423770e0,-8.7781503305113748e0,7.9086409136589182e1,1.9945334357804835e-13
194,"source_ray_194",0.6,Detected,DetectorHit,"",false,false,1.2990905388886020e1,,-3.1567961510147278e0,3.1567961510147278e0,5.0241971176746325e-1,1.6518039131232914e2,1.7463951202371459e2,6.6989999999999997e-4,2.8917840344533374e-13,2.8917840344533379e-13,0.0000000000000000e0,0.0000000000000000e0,0.0000000000000000e0,0.0000000000000000e0,1.2477130439947359e-11,617,1,30,0.0000000000000000e0,8.1250504103551776e1,-1.3664316249108710e-1,-9.8759141128647387e-1,-9.9727643112004793e-1,-1.0867887711853328e1,-1.1004437247683642e1,9.9999999999999998e-13,1.0000000000000000e-14,1.0000000000000000e-3,4.0000000000000000e2,1.5000000000000000e3,5.0000000000000003e-2,9.9999999999999998e-13,5.0000000000000000e-1,200000,1.0000000000000001e-5,1.4598000078058042e0,-8.8092537321052742e0,7.9065827863330398e1,1.5780686520496264e-13
195,"source_ray_195",0.6,Detected,DetectorHit,"",false,false,1.1479535373779159e1,,-3.2242413132635943e0,3.2242413132635939e0,5.1315394272700521e-1,1.6729263287860940e2,1.7748224007518442e2,6.8700000000000000e-4,4.4471717974836622e-13,4.4471717974836652e-13,0.0000000000000000e0,0.0000000000000000e0,0.0000000000000000e0,0.0000000000000000e0,1.0842882147699129e-11,657,1,32,0.0000000000000000e0,8.1003977951752091e1,-1.1202896242598788e-1,-9.8755772484736670e-1,-1.0002777360436261e0,-8.8909280316267392e0,-9.0029451523969275e0,9.9999999999999998e-13,1.0000000000000000e-14,1.0000000000000000e-3,4.0000000000000000e2,1.5000000000000000e3,5.0000000000000003e-2,9.9999999999999998e-13,5.0000000000000000e-1,200000,1.0000000000000001e-5,1.4594608029051572e0,-8.8354241596245480e0,7.9048395228752753e1,1.3716764415421277e-13
196,"source_ray_196",0.6,Detected,DetectorHit,"",false,false,1.0128079454303718e1,,-3.2773484375275808e0,3.2773484375275808e0,5.2160620406701419e-1,1.7042788822831190e2,1.8140018408574778e2,6.9609999999999995e-4,6.3849706771756942e-13,6.3849706771756942e-13,0.0000000000000000e0,0.0000000000000000e0,0.0000000000000000e0,0.0000000000000000e0,1.7323031897831243e-11,708,1,28,0.0000000000000000e0,8.0806215514567882e1,-8.7277712949461447e-2,-9.8753147858144641e-1,-1.0026979847960307e0,-6.9145481211010082e0,-7.0018508483734703e0,9.9999999999999998e-13,1.0000000000000000e-14,1.0000000000000000e-3,4.0000000000000000e2,1.5000000000000000e3,5.0000000000000003e-2,9.9999999999999998e-13,5.0000000000000000e-1,200000,1.0000000000000001e-5,1.4591871884119108e0,-8.8565271393383309e0,7.9034260967018966e1,2.1918382845460087e-13
197,"source_ray_197",0.6,Detected,DetectorHit,"",false,false,9.0043364340384411e0,,-3.2976019627258881e0,3.2976019627258881e0,5.2482965271736115e-1,1.7474348899878015e2,1.8648655476193181e2,7.3649999999999996e-4,8.4662962404613573e-13,8.4662962404613614e-13,0.0000000000000000e0,0.0000000000000000e0,0.0000000000000000e0,0.0000000000000000e0,2.4499513529008254e-11,773,1,30,0.0000000000000000e0,8.0657575479687779e1,-6.2418809995957350e-2,-9.8751281647250566e-1,-1.0045245055412830e0,-4.9386282931507131e0,-5.0010776678240854e0,9.9999999999999998e-13,1.0000000000000000e-14,1.0000000000000000e-3,4.0000000000000000e2,1.5000000000000000e3,5.0000000000000003e-2,9.9999999999999998e-13,5.0000000000000000e-1,200000,1.0000000000000001e-5,1.4589806485141905e0,-8.8724527175697645e0,7.9023548669808534e1,3.1002800989584581e-13
198,"source_ray_198",0.6,Detected,DetectorHit,"",false,false,8.1957008045616622e0,,-3.2587010665469158e0,3.2587010665469154e0,5.1863838279977292e-1,1.7944879505879254e2,1.9181054889741475e2,7.9149999999999999e-4,1.1262722525440250e-12,1.1262722525440252e-12,0.0000000000000000e0,0.0000000000000000e0,0.0000000000000000e0,0.0000000000000000e0,3.4376057556073647e-11,848,1,31,0.0000000000000000e0,8.0558329757464492e1,-3.7482436691661486e-2,-9.8750184202473434e-1,-1.0057476308535998e0,-2.9630420996032134e0,-3.0005433645854374e0,9.9999999999999998e-13,1.0000000000000000e-14,1.0000000000000000e-3,4.0000000000000000e2,1.5000000000000000e3,5.0000000000000003e-2,9.9999999999999998e-13,5.0000000000000000e-1,200000,1.0000000000000001e-5,1.4588423165075830e0,-8.8831170121950862e0,7.9016353317204747e1,4.3504991198560821e-13
199,"source_ray_199",0.6,Detected,DetectorHit,"",false,false,7.7902257895175531e0,,-3.1522561325640042e0,3.1522561325640046e0,5.0169714538930221e-1,1.8203041439896077e2,1.9466534083970717e2,9.2199999999999997e-4,2.5363449947073125e-12,2.5363449947073112e-12,0.0000000000000000e0,0.0000000000000000e0,0.0000000000000000e0,0.0000000000000000e0,1.1579004421946593e-10,950,1,29,0.0000000000000000e0,8.0508661017671116e1,-1.2499349019361679e-2,-9.8749861668030448e-1,-1.0063608365685321e0,-9.8765811801645764e-1,-1.0001615205666712e0,9.9999999999999998e-13,1.0000000000000000e-14,1.0000000000000000e-3,4.0000000000000000e2,1.5000000000000000e3,5.0000000000000003e-2,9.9999999999999998e-13,5.0000000000000000e-1,200000,1.0000000000000001e-5,1.4587729576948962e0,-8.8884634155402917e0,7.9012739342730598e1,1.4654604457796077e-12
200,"source_ray_200",0.6,Detected,DetectorHit,"",false,false,7.8372591359094361e0,,3.2515031714024984e0,3.2515031714024984e0,5.1749280220768190e-1,1.8039085457477816e2,1.9284462437481071e2,9.7349999999999997e-4,2.7420336509188792e-12,2.7420336509188780e-12,0.0000000000000000e0,0.0000000000000000e0,0.0000000000000000e0,0.0000000000000000e0,1.3034195944783278e-10,944,1,28,0.0000000000000000e0,8.0508661017671116e1,1.2499349019361679e-2,-9.8750315886776996e-1,-1.0063608365685321e0,9.8765811801645764e-1,1.0001569201549343e0,9.9999999999999998e-13,1.0000000000000000e-14,1.0000000000000000e-3,4.0000000000000000e2,1.5000000000000000e3,5.0000000000000003e-2,9.9999999999999998e-13,5.0000000000000000e-1,200000,1.0000000000000001e-5,1.4587729576948962e0,-8.8884634155402917e0,7.9012739302372111e1,1.6496322061310899e-12
201,"source_ray_201",0.6,Detected,DetectorHit,"",false,false,8.3204278609056210e0,,3.3161538007847726e0,3.3161538007847726e0,5.2778226944787288e-1,1.7599556896054088e2,1.8789880358204931e2,7.7600000000000000e-4,1.0756313374715720e-12,1.0756313374715724e-12,0.0000000000000000e0,0.0000000000000000e0,0.0000000000000000e0,0.0000000000000000e0,3.0198066269804258e-11,838,1,30,0.0000000000000000e0,8.0558329757464492e1,3.7482436691661486e-2,-9.8751544371001254e-1,-1.0057476308535998e0,2.9630420996032139e0,3.0005020361720254e0,9.9999999999999998e-13,1.0000000000000000e-14,1.0000000000000000e-3,4.0000000000000000e2,1.5000000000000000e3,5.0000000000000003e-2,9.9999999999999998e-13,5.0000000000000000e-1,200000,1.0000000000000001e-5,1.4588423165075830e0,-8.8831170121950862e0,7.9016353196498358e1,3.8217489226195390e-13
202,"source_ray_202",0.6,Detected,DetectorHit,"",false,false,9.1725757148858662e0,,3.3152365880350287e0,3.3152365880350287e0,5.2763629050488425e-1,1.7152407301352781e2,1.8269294564330087e2,8.0579999999999996e-4,8.3622692104157181e-13,8.3622692104157222e-13,0.0000000000000000e0,0.0000000000000000e0,0.0000000000000000e0,0.0000000000000000e0,2.2168933355715126e-11,759,1,32,0.0000000000000000e0,8.0657575479687779e1,6.2418809995957350e-2,-9.8753540340078227e-1,-1.0045245055412830e0,4.9386282931507122e0,5.0009632830818269e0,9.9999999999999998e-13,1.0000000000000000e-14,1.0000000000000000e-3,4.0000000000000000e2,1.5000000000000000e3,5.0000000000000003e-2,9.9999999999999998e-13,5.0000000000000000e-1,200000,1.0000000000000001e-5,1.4589806485141905e0,-8.8724527175697645e0,7.9023548469853637e1,2.8053578692650406e-13
203,"source_ray_203",0.6,Detected,DetectorHit,"",false,false,1.0310476604703629e1,,3.2728849044611117e0,3.2728849044611117e0,5.2089581071583158e-1,1.6811429100865291e2,1.7851199619181287e2,7.9319999999999998e-4,6.2943053547037664e-13,6.2943053547037674e-13,0.0000000000000000e0,0.0000000000000000e0,0.0000000000000000e0,0.0000000000000000e0,1.5916157281026244e-11,696,1,32,0.0000000000000000e0,8.0806215514567882e1,8.7277712949461447e-2,-9.8756292823872527e-1,-1.0026979847960307e0,6.9145481211010074e0,7.0016278693579537e0,9.9999999999999998e-13,1.0000000000000000e-14,1.0000000000000000e-3,4.0000000000000000e2,1.5000000000000000e3,5.0000000000000003e-2,9.9999999999999998e-13,5.0000000000000000e-1,200000,1.0000000000000001e-5,1.4591871884119108e0,-8.8565271393383309e0,7.9034260689621959e1,2.0138300962327095e-13
204,"source_ray_204",0.6,Detected,DetectorHit,"",false,false,1.1659043724974389e1,,3.2105286050589212e0,3.2105286050589212e0,5.1097149743305470e-1,1.6576364799917025e2,1.7542782301290347e2,6.6779999999999997e-4,4.4529310794239052e-13,4.4529310794239082e-13,0.0000000000000000e0,0.0000000000000000e0,0.0000000000000000e0,0.0000000000000000e0,1.0430767360958271e-11,647,1,32,0.0000000000000000e0,8.1003977951752091e1,1.1202896242598788e-1,-9.8759786828818330e-1,-1.0002777360436261e0,8.8909280316267409e0,9.0025792046691091e0,9.9999999999999998e-13,1.0000000000000000e-14,1.0000000000000000e-3,4.0000000000000000e2,1.5000000000000000e3,5.0000000000000003e-2,9.9999999999999998e-13,5.0000000000000000e-1,200000,1.0000000000000001e-5,1.4594608029051572e0,-8.8354241596245480e0,7.9048394876389395e1,1.3195419561990105e-13
205,"source_ray_205",0.6,Detected,DetectorHit,"",false,false,1.3159884600675344e1,,3.1404578424129395e0,3.1404578424129395e0,4.9981938919172780e-1,1.6418094747246161e2,1.7317576609666509e2,6.9090000000000004e-4,2.8885921432575401e-13,2.8885921432575401e-13,0.0000000000000000e0,0.0000000000000000e0,0.0000000000000000e0,0.0000000000000000e0,1.2960299500264227e-11,610,1,31,0.0000000000000000e0,8.1250504103551776e1,1.3664316249108710e-1,-9.8764003561793479e-1,-9.9727643112004793e-1,1.0867887711853330e1,1.1003895467900549e1,9.9999999999999998e-13,1.0000000000000000e-14,1.0000000000000000e-3,4.0000000000000000e2,1.5000000000000000e3,5.0000000000000003e-2,9.9999999999999998e-13,5.0000000000000000e-1,200000,1.0000000000000001e-5,1.4598000078058042e0,-8.8092537321052742e0,7.9065827439094889e1,1.6391783808558333e-13
206,"source_ray_206",0.6,Detected,DetectorHit,"",false,false,1.4770768391463848e1,,3.0687291658220346e0,3.0687291658220346e0,4.8840341575084539e-1,1.6310647156143415e2,1.7150005936175486e2,6.9870000000000002e-4,1.7625484405314751e-13,1.7625484405314751e-13,0.0000000000000000e0,0.0000000000000000e0,0.0000000000000000e0,0.0000000000000000e0,1.5916157281026244e-11,580,1,27,0.0000000000000000e0,8.1545351708094984e1,1.6109190453758049e-1,-9.8768920705327812e-1,-9.9370956717753256e-1,1.2845538492418841e1,1.3005648336223972e1,9.9999999999999998e-13,1.0000000000000000e-14,1.0000000000000000e-3,4.0000000000000000e2,1.5000000000000000e3,5.0000000000000003e-2,9.9999999999999998e-13,5.0000000000000000e-1,200000,1.0000000000000001e-5,1.4602029900423770e0,-8.7781503305113748e0,7.9086408644132021e1,2.0125022180036970e-13
207,"source_ray_207",0.6,Detected,DetectorHit,"",false,false,1.6462041667629755e1,,2.9980662677863763e0,2.9980662677863763e0,4.7715706623527177e-1,1.6236204285295435e2,1.7021778016758824e2,5.8449999999999995e-4,1.3078427230084344e-13,1.3078427230084347e-13,0.0000000000000000e0,0.0000000000000000e0,0.0000000000000000e0,0.0000000000000000e0,1.8388846001471393e-11,556,1,32,0.0000000000000000e0,8.1887998806756727e1,1.8534794999569476e-1,-9.8774512736413556e-1,-9.8959525217400235e-1,1.4823981982393722e1,1.5007901908817832e1,9.9999999999999998e-13,1.0000000000000000e-14,1.0000000000000000e-3,4.0000000000000000e2,1.5000000000000000e3,5.0000000000000003e-2,9.9999999999999998e-13,5.0000000000000000e-1,200000,1.0000000000000001e-5,1.4606676339495914e0,-8.7422710903525402e0,7.9109965531721699e1,2.3244664408427519e-13
208,"source_ray_208",0.6,Detected,DetectorHit,"",false,false,1.7447637306094446e1,,-2.9788540289148444e0,2.9788540289148444e0,4.7409934345100524e-1,1.6235204004928187e2,1.7020683436576257e2,5.8940000000000002e-4,1.2212453270876722e-13,1.2212453270876730e-13,0.0000000000000000e0,0.0000000000000000e0,0.0000000000000000e0,0.0000000000000000e0,2.6616930881573353e-11,561,2,32,0.0000000000000000e0,8.2131884536385883e1,-1.8534794999569476e-1,-9.8771734037145864e-1,-9.8668678616951710e-1,-1.4825530756812363e1,-1.5009892153191123e1,9.9999999999999998e-13,1.0000000000000000e-14,1.0000000000000000e-3,4.0000000000000000e2,1.5000000000000000e3,5.0000000000000003e-2,9.9999999999999998e-13,5.0000000000000000e-1,200000,1.0000000000000001e-5,1.4364617284111800e0,-1.0686112845878942e1,1.1820131608854574e2,2.2518303317058125e-13
209,"source_ray_209",0.6,Detected,DetectorHit,"",false,false,1.5859135601282741e1,,-3.0398916281006114e0,3.0398916281006110e0,4.8381377907588180e-1,1.6301283379930317e2,1.7135689591501696e2,8.0959999999999995e-4,1.5976109324356003e-13,1.5976109324356003e-13,0.0000000000000000e0,0.0000000000000000e0,0.0000000000000000e0,0.0000000000000000e0,2.3334223442361690e-11,586,1,31,0.0000000000000000e0,8.1790259270617440e1,-1.6109190453758049e-1,-9.8766978869971078e-1,-9.9076550704904054e-1,-1.2846908699026409e1,-1.3007291349814041e1,9.9999999999999998e-13,1.0000000000000000e-14,1.0000000000000000e-3,4.0000000000000000e2,1.5000000000000000e3,5.0000000000000003e-2,9.9999999999999998e-13,5.0000000000000000e-1,200000,1.0000000000000001e-5,1.4358972123271971e0,-1.0729993300607109e1,1.1816663646439429e2,1.9746879610466620e-13
210,"source_ray_210",0.6,Detected,DetectorHit,"",false,false,1.4369319602090599e1,,-3.0973787492656197e0,3.0973787492656197e0,4.9296313857341567e-1,1.6390011288921269e2,1.7276738747547691e2,6.7639999999999996e-4,2.1166401964478609e-13,2.1166401964478599e-13,0.0000000000000000e0,0.0000000000000000e0,0.0000000000000000e0,0.0000000000000000e0,1.8488321984477807e-11,617,1,30,0.0000000000000000e0,8.1496297821524308e1,-1.3664316249108710e-1,-9.8762921627347677e-1,-9.9430128798732653e-1,-1.0869067927806679e1,-1.1005211013114671e1,9.9999999999999998e-13,1.0000000000000000e-14,1.0000000000000000e-3,4.0000000000000000e2,1.5000000000000000e3,5.0000000000000003e-2,9.9999999999999998e-13,5.0000000000000000e-1,200000,1.0000000000000001e-5,1.4354076345622488e0,-1.0768033363618331e1,1.1813634084219218e2,1.5649987000337779e-13
211,"source_ray_211",0.6,Detected,DetectorHit,"",false,false,1.3010184012830520e1,,-3.1469751902712972e0,3.1469751902712968e0,5.0085665731923479e-1,1.6507116612491410e2,1.7448353779930400e2,6.6359999999999998e-4,3.2561973950517853e-13,3.2561973950517883e-13,0.0000000000000000e0,0.0000000000000000e0,0.0000000000000000e0,0.0000000000000000e0,1.3884005056752358e-11,654,1,31,0.0000000000000000e0,8.1250517526682941e1,-1.1202896242598788e-1,-9.8759583777140691e-1,-9.9727627606698144e-1,-8.8919081789808079e0,-9.0035901721154943e0,9.9999999999999998e-13,1.0000000000000000e-14,1.0000000000000000e-3,4.0000000000000000e2,1.5000000000000000e3,5.0000000000000003e-2,9.9999999999999998e-13,5.0000000000000000e-1,200000,1.0000000000000001e-5,1.4349955555634610e0,-1.0800040652731145e1,1.1811068242944400e2,1.1755079871836548e-13
212,"source_ray_212",0.6,Detected,DetectorHit,"",false,false,1.1824119555785902e1,,-3.1819646951912901e0,3.1819646951912901e0,5.0642540998358987e-1,1.6654114752848758e2,1.7649325019629364e2,9.6000000000000002e-4,4.8189230383854920e-13,4.8189230383854930e-13,0.0000000000000000e0,0.0000000000000000e0,0.0000000000000000e0,0.0000000000000000e0,2.0889956431346945e-11,699,1,31,0.0000000000000000e0,8.1053356688625854e1,-8.7277712949461447e-2,-9.8756983274728138e-1,-9.9967519466020549e-1,-6.9153196612706420e0,-7.0023601693393047e0,9.9999999999999998e-13,1.0000000000000000e-14,1.0000000000000000e-3,4.0000000000000000e2,1.5000000000000000e3,5.0000000000000003e-2,9.9999999999999998e-13,5.0000000000000000e-1,200000,1.0000000000000001e-5,1.4346631693237133e0,-1.0825850522555672e1,1.1808988038310872e2,1.7689878559937123e-13
213,"source_ray_213",0.6,Detected,DetectorHit,"",false,false,1.0864130224531191e1,,-3.1938552429956504e0,3.1938552429956504e0,5.0831784944272429e-1,1.6818936207553526e2,1.7862583888991585e2,7.6449999999999999e-4,6.6511293000948157e-13,6.6511293000948167e-13,0.0000000000000000e0,0.0000000000000000e0,0.0000000000000000e0,0.0000000000000000e0,2.9814373192493804e-11,754,1,28,0.0000000000000000e0,8.0905170754437449e1,-6.2418809995957350e-2,-9.8755134299883129e-1,-1.0014855537706990e0,-4.9391843964602815e0,-5.0014456782184000e0,9.9999999999999998e-13,1.0000000000000000e-14,1.0000000000000000e-3,4.0000000000000000e2,1.5000000000000000e3,5.0000000000000003e-2,9.9999999999999998e-13,5.0000000000000000e-1,200000,1.0000000000000001e-5,1.4344122716893135e0,-1.0845328343677343e1,1.1807411556414435e2,2.5250558134646391e-13
214,"source_ray_214",0.6,Detected,DetectorHit,"",false,false,1.0189110681601710e1,,-3.1765119607904153e0,3.1765119607904149e0,5.0555758035032339e-1,1.6964580719237864e2,1.8043815625622887e2,7.7550000000000004e-4,9.6495858178946570e-13,9.6495858178946610e-13,0.0000000000000000e0,0.0000000000000000e0,0.0000000000000000e0,0.0000000000000000e0,4.4892090045323130e-11,816,1,33,0.0000000000000000e0,8.0806229160327405e1,-3.7482436691661486e-2,-9.8754047044712845e-1,-1.0026978256059922e0,-2.9633777840105555e0,-3.0007659156174409e0,9.9999999999999998e-13,1.0000000000000000e-14,1.0000000000000000e-3,4.0000000000000000e2,1.5000000000000000e3,5.0000000000000003e-2,9.9999999999999998e-13,5.0000000000000000e-1,200000,1.0000000000000001e-5,1.4342442338325390e0,-1.0858371405811454e1,1.1806352694433976e2,3.8023673531697220e-13
215,"source_ray_215",0.6,Detected,DetectorHit,"",false,false,9.8513884393920659e0,,-3.1347763856703939e0,3.1347763856703939e0,4.9891515726718888e-1,1.7034911218808412e2,1.8129301194924986e2,8.2960000000000000e-4,2.2382273985599443e-12,2.2382273985599443e-12,0.0000000000000000e0,0.0000000000000000e0,0.0000000000000000e0,0.0000000000000000e0,1.6333956409653183e-10,918,1,27,0.0000000000000000e0,8.0756712905458727e1,-1.2499349019361679e-2,-9.8753727558783166e-1,-1.0033055806735438e0,-9.8777035202671049e-1,-1.0002360178644802e0,9.9999999999999998e-13,1.0000000000000000e-14,1.0000000000000000e-3,4.0000000000000000e2,1.5000000000000000e3,5.0000000000000003e-2,9.9999999999999998e-13,5.0000000000000000e-1,200000,1.0000000000000001e-5,1.4341599816438226e0,-1.0864910393485342e1,1.1805820879118244e2,1.3835510954214256e-12
216,"source_ray_216",0.6,Detected,DetectorHit,"",false,false,9.8794577988663264e0,,3.1943609584918504e0,3.1943609584918504e0,5.0839833656374267e-1,1.6995070984009027e2,1.8080417427743984e2,8.3429999999999995e-4,2.3395479076173537e-12,2.3395479076173541e-12,0.0000000000000000e0,0.0000000000000000e0,0.0000000000000000e0,0.0000000000000000e0,1.7350032521790126e-10,915,1,32,0.0000000000000000e0,8.0756712905458727e1,1.2499349019361679e-2,-9.8754177656000941e-1,-1.0033055806735438e0,9.8777035202671049e-1,1.0002314590350774e0,9.9999999999999998e-13,1.0000000000000000e-14,1.0000000000000000e-3,4.0000000000000000e2,1.5000000000000000e3,5.0000000000000003e-2,9.9999999999999998e-13,5.0000000000000000e-1,200000,1.0000000000000001e-5,1.4341599816438226e0,-1.0864910393485342e1,1.1805820873180501e2,1.4696167854964251e-12
217,"source_ray_217",0.6,Detected,DetectorHit,"",false,false,1.0266997475549520e1,,3.2213120311625492e0,3.2213120311625492e0,5.1268773300091330e-1,1.6866631523769388e2,1.7921350603088271e2,7.4620000000000003e-4,9.3933172871929482e-13,9.3933172871929523e-13,0.0000000000000000e0,0.0000000000000000e0,0.0000000000000000e0,0.0000000000000000e0,4.1808334572124295e-11,813,1,32,0.0000000000000000e0,8.0806229160327405e1,3.7482436691661486e-2,-9.8755394886049008e-1,-1.0026978256059922e0,2.9633777840105555e0,3.0007249603223309e0,9.9999999999999998e-13,1.0000000000000000e-14,1.0000000000000000e-3,4.0000000000000000e2,1.5000000000000000e3,5.0000000000000003e-2,9.9999999999999998e-13,5.0000000000000000e-1,200000,1.0000000000000001e-5,1.4342442338325390e0,-1.0858371405811454e1,1.1806352676674717e2,3.5411727666515628e-13
218,"source_ray_218",0.6,Detected,DetectorHit,"",false,false,1.0976868593921084e1,,3.2192538320823036e0,3.2192538320823036e0,5.1236016044342503e-1,1.6704281827409619e2,1.7713831825841049e2,6.9709999999999998e-4,6.5481821354129721e-13,6.5481821354129721e-13,0.0000000000000000e0,0.0000000000000000e0,0.0000000000000000e0,0.0000000000000000e0,2.7583269002207089e-11,747,1,32,0.0000000000000000e0,8.0905170754437449e1,6.2418809995957350e-2,-9.8757372571252477e-1,-1.0014855537706990e0,4.9391843964602824e0,5.0013323237176133e0,9.9999999999999998e-13,1.0000000000000000e-14,1.0000000000000000e-3,4.0000000000000000e2,1.5000000000000000e3,5.0000000000000003e-2,9.9999999999999998e-13,5.0000000000000000e-1,200000,1.0000000000000001e-5,1.4344122716893135e0,-1.0845328343677343e1,1.1807411526994436e2,2.3360978770957101e-13
219,"source_ray_219",0.6,Detected,DetectorHit,"",false,false,1.1955678035186221e1,,3.1916291360323759e0,3.1916291360323759e0,5.0796355351566791e-1,1.6551291732022494e2,1.7508560598992935e2,6.6339999999999997e-4,4.7285439452871003e-13,4.7285439452871003e-13,0.0000000000000000e0,0.0000000000000000e0,0.0000000000000000e0,0.0000000000000000e0,1.9625190361693967e-11,692,1,32,0.0000000000000000e0,8.1053356688625854e1,8.7277712949461447e-2,-9.8760099907795784e-1,-9.9967519466020549e-1,6.9153196612706429e0,7.0021391915631011e0,9.9999999999999998e-13,1.0000000000000000e-14,1.0000000000000000e-3,4.0000000000000000e2,1.5000000000000000e3,5.0000000000000003e-2,9.9999999999999998e-13,5.0000000000000000e-1,200000,1.0000000000000001e-5,1.4346631693237133e0,-1.0825850522555672e1,1.1808987997494332e2,1.6618858758987732e-13
220,"source_ray_220",0.6,Detected,DetectorHit,"",false,false,1.3148268061636587e1,,3.1466563638657621e0,3.1466563638657621e0,5.0080591452080570e-1,1.6425628314903548e2,1.7328927496452073e2,6.3429999999999997e-4,3.2193518684220379e-13,3.2193518684220399e-13,0.0000000000000000e0,0.0000000000000000e0,0.0000000000000000e0,0.0000000000000000e0,1.3088197192701045e-11,648,1,32,0.0000000000000000e0,8.1250517526682941e1,1.1202896242598788e-1,-9.8763562128301985e-1,-9.9727627606698144e-1,8.8919081789808079e0,9.0032274933841379e0,9.9999999999999998e-13,1.0000000000000000e-14,1.0000000000000000e-3,4.0000000000000000e2,1.5000000000000000e3,5.0000000000000003e-2,9.9999999999999998e-13,5.0000000000000000e-1,200000,1.0000000000000001e-5,1.4349955555634610e0,-1.0800040652731145e1,1.1811068191093452e2,1.1081298474401034e-13
221,"source_ray_221",0.6,Detected,DetectorHit,"",false,false,1.4506224416421388e1,,3.0916924400122414e0,3.0916924400122414e0,4.9205813434779133e-1,1.6328801506138657e2,1.7179599984950138e2,6.3310000000000005e-4,2.0972112935169207e-13,2.0972112935169197e-13,0.0000000000000000e0,0.0000000000000000e0,0.0000000000000000e0,0.0000000000000000e0,1.9198864720237907e-11,612,1,31,0.0000000000000000e0,8.1496297821524308e1,1.3664316249108710e-1,-9.8767740721022335e-1,-9.9430128798732653e-1,1.0869067927806682e1,1.1004674044845538e1,9.9999999999999998e-13,1.0000000000000000e-14,1.0000000000000000e-3,4.0000000000000000e2,1.5000000000000000e3,5.0000000000000003e-2,9.9999999999999998e-13,5.0000000000000000e-1,200000,1.0000000000000001e-5,1.4354076345622488e0,-1.0768033363618331e1,1.1813634021786535e2,1.6251447001686047e-13
222,"source_ray_222",0.6,Detected,DetectorHit,"",false,false,1.5990698834564521e1,,3.0317849635682519e0,3.0317849635682519e0,4.8252356334356911e-1,1.6256062566318377e2,1.7057357298378037e2,6.1249999999999998e-4,1.5804024755539103e-13,1.5804024755539096e-13,0.0000000000000000e0,0.0000000000000000e0,0.0000000000000000e0,0.0000000000000000e0,2.3618440536665730e-11,582,1,32,0.0000000000000000e0,8.1790259270617440e1,1.6109190453758049e-1,-9.8772613699348677e-1,-9.9076550704904054e-1,1.2846908699026413e1,1.3006549303363355e1,9.9999999999999998e-13,1.0000000000000000e-14,1.0000000000000000e-3,4.0000000000000000e2,1.5000000000000000e3,5.0000000000000003e-2,9.9999999999999998e-13,5.0000000000000000e-1,200000,1.0000000000000001e-5,1.4358972123271971e0,-1.0729993300607109e1,1.1816663573959190e2,1.9987402018209729e-13
223,"source_ray_223",0.6,Detected,DetectorHit,"",false,false,1.7571965433730366e1,,2.9699988649035638e0,2.9699988649035638e0,4.7269000032672048e-1,1.6201696842060736e2,1.6957052955433872e2,5.8870000000000005e-4,1.2212453270876722e-13,1.2212453270876727e-13,0.0000000000000000e0,0.0000000000000000e0,0.0000000000000000e0,0.0000000000000000e0,2.6446400624990929e-11,557,1,32,0.0000000000000000e0,8.2131884536385883e1,1.8534794999569476e-1,-9.8778155914119437e-1,-9.8668678616951710e-1,1.4825530756812364e1,1.5008916313139219e1,9.9999999999999998e-13,1.0000000000000000e-14,1.0000000000000000e-3,4.0000000000000000e2,1.5000000000000000e3,5.0000000000000003e-2,9.9999999999999998e-13,5.0000000000000000e-1,200000,1.0000000000000001e-5,1.4364617284111800e0,-1.0686112845878942e1,1.1820131526932099e2,2.2374032441798946e-13
224,"source_ray_224",0.6,Detected,DetectorHit,"",false,false,1.8715387107871983e1,,-2.9487274688428236e0,2.9487274688428236e0,4.6930455249718817e-1,1.6195079382244992e2,1.6944443678609477e2,5.9080000000000005e-4,1.1463052729254741e-13,1.1463052729254741e-13,0.0000000000000000e0,0.0000000000000000e0,0.0000000000000000e0,0.0000000000000000e0,3.5328184821992181e-11,561,1,32,0.0000000000000000e0,8.2423594652399046e1,-1.8534794999569476e-1,-9.8776130485734170e-1,-9.8322958992914955e-1,-1.4827359669463762e1,-1.5011075648084045e1,9.9999999999999998e-13,1.0000000000000000e-14,1.0000000000000000e-3,4.0000000000000000e2,1.5000000000000000e3,5.0000000000000003e-2,9.9999999999999998e-13,5.0000000000000000e-1,200000,1.0000000000000001e-5,1.4124131493117895e0,-1.2630598304801884e1,1.6513183739273040e2,2.1393927046285886e-13
225,"source_ray_225",0.6,Detected,DetectorHit,"",false,false,1.7238347811899949e1,,-3.0023342659289005e0,3.0023342659289010e0,4.7783633923676161e-1,1.6240659393146467e2,1.7030572456054378e2,6.1059999999999999e-4,1.4516166046973922e-13,1.4516166046973924e-13,0.0000000000000000e0,0.0000000000000000e0,0.0000000000000000e0,0.0000000000000000e0,3.2116531656356528e-11,587,1,30,0.0000000000000000e0,8.2083183599662632e1,-1.6109190453758049e-1,-9.8771426378994498e-1,-9.8726626167887777e-1,-1.2848526533709721e1,-1.3008343611854723e1,9.9999999999999998e-13,1.0000000000000000e-14,1.0000000000000000e-3,4.0000000000000000e2,1.5000000000000000e3,5.0000000000000003e-2,9.9999999999999998e-13,5.0000000000000000e-1,200000,1.0000000000000001e-5,1.4117507278647765e0,-1.2682495961673940e1,1.6508423712331947e2,1.9454632505201074e-13
226,"source_ray_226",0.6,Detected,DetectorHit,"",false,false,1.5871704969777868e1,,-3.0514451180650690e0,3.0514451180650690e0,4.8565257411368790e-1,1.6297290860747628e2,1.7128944209698983e2,6.0479999999999996e-4,1.9018120411828932e-13,1.9018120411828944e-13,0.0000000000000000e0,0.0000000000000000e0,0.0000000000000000e0,0.0000000000000000e0,2.5607960196794011e-11,617,1,32,0.0000000000000000e0,8.1790275061570966e1,-1.3664316249108710e-1,-9.8767413025928241e-1,-9.9076532681315821e-1,-1.0870461277805449e1,-1.1006121295241128e1,9.9999999999999998e-13,1.0000000000000000e-14,1.0000000000000000e-3,4.0000000000000000e2,1.5000000000000000e3,5.0000000000000003e-2,9.9999999999999998e-13,5.0000000000000000e-1,200000,1.0000000000000001e-5,1.4111762732549131e0,-1.2727486812508577e1,1.6504265961787465e2,1.5515964330727853e-13
227,"source_ray_227",0.6,Detected,DetectorHit,"",false,false,1.4644637740021064e1,,-3.0930033894671944e0,3.0930033894671944e0,4.9226677843369071e-1,1.6365263391525116e2,1.7238436075647144e2,6.2049999999999996e-4,2.4980018054066022e-13,2.4980018054066032e-13,0.0000000000000000e0,0.0000000000000000e0,0.0000000000000000e0,0.0000000000000000e0,1.7223555914824829e-11,652,1,29,0.0000000000000000e0,8.1545380919797637e1,-1.1202896242598788e-1,-9.8764111513875985e-1,-9.9370923194704819e-1,-8.8930652192284345e0,-9.0043489309160574e0,9.9999999999999998e-13,1.0000000000000000e-14,1.0000000000000000e-3,4.0000000000000000e2,1.5000000000000000e3,5.0000000000000003e-2,9.9999999999999998e-13,5.0000000000000000e-1,200000,1.0000000000000001e-5,1.4106927761392227e0,-1.2765343043966597e1,1.6500745011453984e2,1.0438047435354650e-13
228,"source_ray_228",0.6,Detected,DetectorHit,"",false,false,1.3592679813328990e1,,-3.1232870631564884e0,3.1232870631564889e0,4.9708657479632390e-1,1.6441625422767657e2,1.7353769598125763e2,6.5439999999999997e-4,3.4383693808814897e-13,3.4383693808814882e-13,0.0000000000000000e0,0.0000000000000000e0,0.0000000000000000e0,0.0000000000000000e0,2.4670043785590678e-11,694,1,32,0.0000000000000000e0,8.1348934803087829e1,-8.7277712949461447e-2,-9.8761539476575866e-1,-9.9608295939060798e-1,-6.9162303751775136e0,-7.0029592610976827e0,9.9999999999999998e-13,1.0000000000000000e-14,1.0000000000000000e-3,4.0000000000000000e2,1.5000000000000000e3,5.0000000000000003e-2,9.9999999999999998e-13,5.0000000000000000e-1,200000,1.0000000000000001e-5,1.4103027988096126e0,-1.2795869676623179e1,1.6497890734677134e2,1.4953453251897461e-13
229,"source_ray_229",0.6,Detected,DetectorHit,"",false,false,1.2756289150192821e1,,-3.1389349908183015e0,3.1389349908183015e0,4.9957701983284580e-1,1.6517693536676697e2,1.7462914097133168e2,6.8690000000000005e-4,5.1178939558527148e-13,5.1178939558527158e-13,0.0000000000000000e0,0.0000000000000000e0,0.0000000000000000e0,0.0000000000000000e0,3.6180836104904301e-11,744,2,31,0.0000000000000000e0,8.1201288333747812e1,-6.2418809995957350e-2,-9.8759710837557002e-1,-9.9787423262341490e-1,-4.9398407736005066e0,-5.0018785309382974e0,9.9999999999999998e-13,1.0000000000000000e-14,1.0000000000000000e-3,4.0000000000000000e2,1.5000000000000000e3,5.0000000000000003e-2,9.9999999999999998e-13,5.0000000000000000e-1,200000,1.0000000000000001e-5,1.4100084383470015e0,-1.2818907269484823e1,1.6495727779365822e2,2.1933458522613468e-13
230,"source_ray_230",0.6,Detected,DetectorHit,"",false,false,1.2176399246672961e1,,-3.1391492386965467e0,3.1391492386965467e0,4.9961111844171546e-1,1.6578206432061629e2,1.7546606515188446e2,7.2999999999999996e-4,8.6352431281910835e-13,8.6352431281910795e-13,0.0000000000000000e0,0.0000000000000000e0,0.0000000000000000e0,0.0000000000000000e0,6.8155259214108810e-11,798,1,32,0.0000000000000000e0,8.1102708028185205e1,-3.7482436691661486e-2,-9.8758635603390998e-1,-9.9907368775635719e-1,-2.9637739818144966e0,-3.0010276708528481e0,9.9999999999999998e-13,1.0000000000000000e-14,1.0000000000000000e-3,4.0000000000000000e2,1.5000000000000000e3,5.0000000000000003e-2,9.9999999999999998e-13,5.0000000000000000e-1,200000,1.0000000000000001e-5,1.4098112957868494e0,-1.2834334178619201e1,1.6494275081554193e2,4.1320554481553365e-13
231,"source_ray_231",0.6,Detected,DetectorHit,"",false,false,1.1886817325456429e1,,-3.1281991558982329e0,3.1281991558982329e0,4.9786835863709833e-1,1.6605861945800240e2,1.7583977932208583e2,8.1590000000000005e-4,1.9559146511617664e-12,1.9559146511617664e-12,0.0000000000000000e0,0.0000000000000000e0,0.0000000000000000e0,0.0000000000000000e0,2.1756818568974268e-10,904,1,31,0.0000000000000000e0,8.1053372914199926e1,-1.2499349019361679e-2,-9.8758319712735188e-1,-9.9967500641274076e-1,-9.8790281570489458e-1,-1.0003236371158120e0,9.9999999999999998e-13,1.0000000000000000e-14,1.0000000000000000e-3,4.0000000000000000e2,1.5000000000000000e3,5.0000000000000003e-2,9.9999999999999998e-13,5.0000000000000000e-1,200000,1.0000000000000001e-5,1.4097124521694662e0,-1.2842068308661586e1,1.6493545484409029e2,1.3191110783027513e-12
232,"source_ray_232",0.6,Detected,DetectorHit,"",false,false,1.1905570312513969e1,,3.1677501451619445e0,3.1677501451619450e0,5.0416309408259252e-1,1.6591270579506613e2,1.7563979954397632e2,8.0900000000000004e-4,2.0036313374497544e-12,2.0036313374497544e-12,0.0000000000000000e0,0.0000000000000000e0,0.0000000000000000e0,0.0000000000000000e0,2.2581048142455984e-10,902,1,33,0.0000000000000000e0,8.1053372914199926e1,1.2499349019361679e-2,-9.8758764945592459e-1,-9.9967500641274076e-1,9.8790281570489435e-1,1.0003191273697514e0,9.9999999999999998e-13,1.0000000000000000e-14,1.0000000000000000e-3,4.0000000000000000e2,1.5000000000000000e3,5.0000000000000003e-2,9.9999999999999998e-13,5.0000000000000000e-1,200000,1.0000000000000001e-5,1.4097124521694662e0,-1.2842068308661586e1,1.6493545476265007e2,1.3690839349823955e-12
233,"source_ray_233",0.6,Detected,DetectorHit,"",false,false,1.2229686764028187e1,,3.1720796907948987e0,3.1720796907948983e0,5.0485216267141897e-1,1.6539777382919044e2,1.7493017715005053e2,9.1250000000000001e-4,8.3723522906198333e-13,8.3723522906198333e-13,0.0000000000000000e0,0.0000000000000000e0,0.0000000000000000e0,0.0000000000000000e0,6.5085714595625177e-11,797,1,32,0.0000000000000000e0,8.1102708028185205e1,3.7482436691661486e-2,-9.8759968895490524e-1,-9.9907368775635719e-1,2.9637739818144970e0,3.0009871559911212e0,9.9999999999999998e-13,1.0000000000000000e-14,1.0000000000000000e-3,4.0000000000000000e2,1.5000000000000000e3,5.0000000000000003e-2,9.9999999999999998e-13,5.0000000000000000e-1,200000,1.0000000000000001e-5,1.4098112957868494e0,-1.2834334178619201e1,1.6494275057195622e2,3.9459578775019613e-13
234,"source_ray_234",0.6,Detected,DetectorHit,"",false,false,1.2836584256217606e1,,3.1618482767107143e0,3.1618482767107143e0,5.0322378254510114e-1,1.6467313006168840e2,1.7390234373010526e2,7.7160000000000000e-4,5.0137932000593466e-13,5.0137932000593466e-13,0.0000000000000000e0,0.0000000000000000e0,0.0000000000000000e0,0.0000000000000000e0,3.3935521059902385e-11,740,1,32,0.0000000000000000e0,8.1201288333747812e1,6.2418809995957350e-2,-9.8761925005430817e-1,-9.9787423262341490e-1,4.9398407736005057e0,5.0017663925939768e0,9.9999999999999998e-13,1.0000000000000000e-14,1.0000000000000000e-3,4.0000000000000000e2,1.5000000000000000e3,5.0000000000000003e-2,9.9999999999999998e-13,5.0000000000000000e-1,200000,1.0000000000000001e-5,1.4100084383470015e0,-1.2818907269484823e1,1.6495727739011636e2,2.0572309143807242e-13
235,"source_ray_235",0.6,Detected,DetectorHit,"",false,false,1.3690844207595534e1,,3.1363802105844858e0,3.1363802105844858e0,4.9917041393012057e-1,1.6390307890469865e2,1.7276014493385222e2,6.1799999999999995e-4,3.3782698860562732e-13,3.3782698860562702e-13,0.0000000000000000e0,0.0000000000000000e0,0.0000000000000000e0,0.0000000000000000e0,2.3590018827235326e-11,689,1,32,0.0000000000000000e0,8.1348934803087829e1,8.7277712949461447e-2,-9.8764622666560620e-1,-9.9608295939060798e-1,6.9162303751775118e0,7.0027406458357131e0,9.9999999999999998e-13,1.0000000000000000e-14,1.0000000000000000e-3,4.0000000000000000e2,1.5000000000000000e3,5.0000000000000003e-2,9.9999999999999998e-13,5.0000000000000000e-1,200000,1.0000000000000001e-5,1.4103027988096126e0,-1.2795869676623179e1,1.6497890678687145e2,1.4298809033636144e-13
236,"source_ray_236",0.6,Detected,DetectorHit,"",false,false,1.4752440391627113e1,,3.0984153157446883e0,3.0984153157446883e0,4.9312811325240280e-1,1.6319404483101096e2,1.7164504371649247e2,5.8549999999999997e-4,2.4508173268600331e-13,2.4508173268600336e-13,0.0000000000000000e0,0.0000000000000000e0,0.0000000000000000e0,0.0000000000000000e0,1.8445689420332201e-11,647,1,30,0.0000000000000000e0,8.1545380919797637e1,1.1202896242598788e-1,-9.8768047376675416e-1,-9.9370923194704819e-1,8.8930652192284345e0,9.0039901116123282e0,9.9999999999999998e-13,1.0000000000000000e-14,1.0000000000000000e-3,4.0000000000000000e2,1.5000000000000000e3,5.0000000000000003e-2,9.9999999999999998e-13,5.0000000000000000e-1,200000,1.0000000000000001e-5,1.4106927761392227e0,-1.2765343043966597e1,1.6500744940321457e2,1.1178701014436052e-13
237,"source_ray_237",0.6,Detected,DetectorHit,"",false,false,1.5982966916166944e1,,3.0516574001132866e0,3.0516574001132866e0,4.8568635985099140e-1,1.6259089266329136e2,1.7062742967342575e2,6.7909999999999997e-4,1.8962609260597674e-13,1.8962609260597686e-13,0.0000000000000000e0,0.0000000000000000e0,0.0000000000000000e0,0.0000000000000000e0,2.6517454898566939e-11,613,1,31,0.0000000000000000e0,8.1790275061570966e1,1.3664316249108710e-1,-9.8772180953952116e-1,-9.9076532681315821e-1,1.0870461277805447e1,1.1005590008054281e1,9.9999999999999998e-13,1.0000000000000000e-14,1.0000000000000000e-3,4.0000000000000000e2,1.5000000000000000e3,5.0000000000000003e-2,9.9999999999999998e-13,5.0000000000000000e-1,200000,1.0000000000000001e-5,1.4111762732549131e0,-1.2727486812508577e1,1.6504265876129111e2,1.6067030849836449e-13
238,"source_ray_238",0.6,Detected,DetectorHit,"",false,false,1.7348926559084717e1,,2.9993944050250319e0,2.9993944050250319e0,4.7736844584190824e-1,1.6209924994449847e2,1.6972914076127654e2,5.7649999999999997e-4,1.4560574967958928e-13,1.4560574967958928e-13,0.0000000000000000e0,0.0000000000000000e0,0.0000000000000000e0,0.0000000000000000e0,3.2827074392116629e-11,583,1,32,0.0000000000000000e0,8.2083183599662632e1,1.6109190453758049e-1,-9.8777001799824915e-1,-9.8726626167887777e-1,1.2848526533709721e1,1.3007609362093936e1,9.9999999999999998e-13,1.0000000000000000e-14,1.0000000000000000e-3,4.0000000000000000e2,1.5000000000000000e3,5.0000000000000003e-2,9.9999999999999998e-13,5.0000000000000000e-1,200000,1.0000000000000001e-5,1.4117507278647765e0,-1.2682495961673940e1,1.6508423612875706e2,1.9885044848566420e-13
239,"source_ray_239",0.6,Detected,DetectorHit,"",false,false,1.8822803717486604e1,,2.9440802668442450e0,2.9440802668442450e0,4.6856492732756788e-1,1.6170680160709134e2,1.6894701605819466e2,5.5789999999999995e-4,1.1329825966299722e-13,1.1329825966299722e-13,0.0000000000000000e0,0.0000000000000000e0,0.0000000000000000e0,0.0000000000000000e0,3.6038727557752281e-11,559,1,32,0.0000000000000000e0,8.2423594652399046e1,1.8534794999569476e-1,-9.8782485203708992e-1,-9.8322958992914955e-1,1.4827359669463762e1,1.5010109979402541e1,9.9999999999999998e-13,1.0000000000000000e-14,1.0000000000000000e-3,4.0000000000000000e2,1.5000000000000000e3,5.0000000000000003e-2,9.9999999999999998e-13,5.0000000000000000e-1,200000,1.0000000000000001e-5,1.4124131493117895e0,-1.2630598304801884e1,1.6513183626844037e2,2.1824215349466155e-13
240,"source_ray_240",0.6,Detected,DetectorHit,"",false,false,2.0097295903518109e1,,-2.9228324093808404e0,2.9228324093808404e0,4.6518322578215499e-1,1.6161650508631746e2,1.6875540717278264e2,5.6150000000000004e-4,1.0436096431476471e-13,1.0436096431476471e-13,0.0000000000000000e0,0.0000000000000000e0,0.0000000000000000e0,0.0000000000000000e0,4.7464254748774692e-11,562,1,32,0.0000000000000000e0,8.2762623359935773e1,-1.8534794999569476e-1,-9.8781200608840847e-1,-9.7924087892826339e-1,-1.4829453547717105e1,-1.5012424890885441e1,9.9999999999999998e-13,1.0000000000000000e-14,1.0000000000000000e-3,4.0000000000000000e2,1.5000000000000000e3,5.0000000000000003e-2,9.9999999999999998e-13,5.0000000000000000e-1,200000,1.0000000000000001e-5,1.3885478851427415e0,-1.4575822555312865e1,2.1991218973595471e2,2.1583275945623713e-13
241,"source_ray_241",0.6,Detected,DetectorHit,"",false,false,1.8724245828661147e1,,-2.9717543003732203e0,2.9717543003732203e0,4.7296938655899512e-1,1.6193265787139376e2,1.6940830411155338e2,5.4290000000000002e-4,1.3605783166781293e-13,1.3605783166781298e-13,0.0000000000000000e0,0.0000000000000000e0,0.0000000000000000e0,0.0000000000000000e0,4.1978864828706719e-11,587,1,32,0.0000000000000000e0,8.2423612653748776e1,-1.6109190453758049e-1,-9.8776554928277382e-1,-9.8322938731388054e-1,-1.2850378471912117e1,-1.3009543085647097e1,9.9999999999999998e-13,1.0000000000000000e-14,1.0000000000000000e-3,4.0000000000000000e2,1.5000000000000000e3,5.0000000000000003e-2,9.9999999999999998e-13,5.0000000000000000e-1,200000,1.0000000000000001e-5,1.3877898281169743e0,-1.4635755583010811e1,2.1985008240805018e2,1.9094313892861017e-13
242,"source_ray_242",0.6,Detected,DetectorHit,"",false,false,1.7468136493624137e1,,-3.0163948885785521e0,3.0163948885785521e0,4.8007415683440346e-1,1.6230173563857187e2,1.7011354116652848e2,5.6079999999999997e-4,1.7308376953906190e-13,1.7308376953906190e-13,0.0000000000000000e0,0.0000000000000000e0,0.0000000000000000e0,0.0000000000000000e0,3.3821834222180769e-11,616,1,33,0.0000000000000000e0,8.2131918324940798e1,-1.3664316249108710e-1,-9.8772591788786490e-1,-9.8668640340937097e-1,-1.0872056036777852e1,-1.1007158807806176e1,9.9999999999999998e-13,1.0000000000000000e-14,1.0000000000000000e-3,4.0000000000000000e2,1.5000000000000000e3,5.0000000000000003e-2,9.9999999999999998e-13,5.0000000000000000e-1,200000,1.0000000000000001e-5,1.3871324797266387e0,-1.4687713270513838e1,2.1979584150248331e2,1.5387840821273519e-13
243,"source_ray_243",0.6,Detected,DetectorHit,"",false,false,1.6354430152907309e1,,-3.0548327550400809e0,3.0548327550400809e0,4.8619173328366194e-1,1.6271433780365902e2,1.7084907706365325e2,5.7470000000000004e-4,2.2232216068118760e-13,2.2232216068118760e-13,0.0000000000000000e0,0.0000000000000000e0,0.0000000000000000e0,0.0000000000000000e0,2.1742607714259066e-11,650,2,29,0.0000000000000000e0,8.1888046010160494e1,-1.1202896242598788e-1,-9.8769331845585784e-1,-9.8959471456321990e-1,-8.8943893618309140e0,-9.0052136585638181e0,9.9999999999999998e-13,1.0000000000000000e-14,1.0000000000000000e-3,4.0000000000000000e2,1.5000000000000000e3,5.0000000000000003e-2,9.9999999999999998e-13,5.0000000000000000e-1,200000,1.0000000000000001e-5,1.3865792441783988e0,-1.4731432165627869e1,2.1974991401225182e2,9.8942508405472418e-14
244,"source_ray_244",0.6,Detected,DetectorHit,"",false,false,1.5412184770809334e1,,-3.0851644335538135e0,3.0851644335538135e0,4.9101916985139671e-1,1.6314366461495888e2,1.7157043738470986e2,6.7290000000000004e-4,2.9193314432518491e-13,2.9193314432518516e-13,0.0000000000000000e0,0.0000000000000000e0,0.0000000000000000e0,0.0000000000000000e0,2.9956481739645824e-11,689,1,33,0.0000000000000000e0,8.1692423989512676e1,-8.7277712949461447e-2,-9.8766792367266432e-1,-9.9193959756462180e-1,-6.9172725222731470e0,-7.0036419696117305e0,9.9999999999999998e-13,1.0000000000000000e-14,1.0000000000000000e-3,4.0000000000000000e2,1.5000000000000000e3,5.0000000000000003e-2,9.9999999999999998e-13,5.0000000000000000e-1,200000,1.0000000000000001e-5,1.3861330376373719e0,-1.4766686772187514e1,2.1971268660266747e2,1.3634388711390020e-13
245,"source_ray_245",0.6,Detected,DetectorHit,"",false,false,1.4672281687142361e1,,-3.1062006626082703e0,3.1062006626082708e0,4.9436718968942694e-1,1.6354040180640024e2,1.7220629281618801e2,6.3800000000000000e-4,4.0248967353440079e-13,4.0248967353440089e-13,0.0000000000000000e0,0.0000000000000000e0,0.0000000000000000e0,0.0000000000000000e0,4.4735770643455908e-11,736,1,32,0.0000000000000000e0,8.1545399509035718e1,-6.2418809995957350e-2,-9.8764986986523640e-1,-9.9370901861895589e-1,-4.9405918270281042e0,-5.0023717693621945e0,9.9999999999999998e-13,1.0000000000000000e-14,1.0000000000000000e-3,4.0000000000000000e2,1.5000000000000000e3,5.0000000000000003e-2,9.9999999999999998e-13,5.0000000000000000e-1,200000,1.0000000000000001e-5,1.3857962465099529e0,-1.4793292684839633e1,2.1968447822483867e2,2.0363646537499365e-13
246,"source_ray_246",0.6,Detected,DetectorHit,"",false,false,1.4164058998166809e1,,-3.1184458390187983e0,3.1184458390187983e0,4.9631607004419470e-1,1.6383713699998373e2,1.7266595101106432e2,6.7250000000000003e-4,8.3683841106685364e-13,8.3683841106685404e-13,0.0000000000000000e0,0.0000000000000000e0,0.0000000000000000e0,0.0000000000000000e0,1.1178258318977896e-10,787,1,31,0.0000000000000000e0,8.1447235744795506e1,-3.7482436691661486e-2,-9.8763925499391847e-1,-9.9489380016736262e-1,-2.9642273066933047e0,-3.0013259312091209e0,9.9999999999999998e-13,1.0000000000000000e-14,1.0000000000000000e-3,4.0000000000000000e2,1.5000000000000000e3,5.0000000000000003e-2,9.9999999999999998e-13,5.0000000000000000e-1,200000,1.0000000000000001e-5,1.3855706925414240e0,-1.4811109207404774e1,2.1966553386929851e2,5.0887629579745471e-13
247,"source_ray_247",0.6,Detected,DetectorHit,"",false,false,1.3910603826754508e1,,-3.1248156692735862e0,3.1248156692735867e0,4.9732986001590052e-1,1.6396874048667530e2,1.7286533273857165e2,7.8520000000000000e-4,1.7241537787326261e-12,1.7241537787326253e-12,0.0000000000000000e0,0.0000000000000000e0,0.0000000000000000e0,0.0000000000000000e0,2.8015278985549230e-10,896,1,32,0.0000000000000000e0,8.1398109469517379e1,-1.2499349019361679e-2,-9.8763613718700460e-1,-9.9548775013806445e-1,-9.8805437560762854e-1,-1.0004234741975067e0,9.9999999999999998e-13,1.0000000000000000e-14,1.0000000000000000e-3,4.0000000000000000e2,1.5000000000000000e3,5.0000000000000003e-2,9.9999999999999998e-13,5.0000000000000000e-1,200000,1.0000000000000001e-5,1.3854576057118386e0,-1.4820041383590880e1,2.1965601967535275e2,1.2754159447555892e-12
248,"source_ray_248",0.6,Detected,DetectorHit,"",false,false,1.3924034859817352e1,,3.1529308254204400e0,3.1529308254204400e0,5.0180452609247272e-1,1.6390242561903688e2,1.7276316725269217e2,7.4600000000000003e-4,1.7452695918237365e-12,1.7452695918237357e-12,0.0000000000000000e0,0.0000000000000000e0,0.0000000000000000e0,0.0000000000000000e0,2.8538238439068664e-10,895,1,32,0.0000000000000000e0,8.1398109469517379e1,1.2499349019361679e-2,-9.8764053386009187e-1,-9.9548775013806445e-1,9.8805437560762843e-1,1.0004190206186852e0,9.9999999999999998e-13,1.0000000000000000e-14,1.0000000000000000e-3,4.0000000000000000e2,1.5000000000000000e3,5.0000000000000003e-2,9.9999999999999998e-13,5.0000000000000000e-1,200000,1.0000000000000001e-5,1.3854576057118386e0,-1.4820041383590880e1,2.1965601956918113e2,1.2992240547307416e-12
249,"source_ray_249",0.6,Detected,DetectorHit,"",false,false,1.4202781258481288e1,,3.1431377922274577e0,3.1431377922274577e0,5.0024591645194660e-1,1.6365574223981736e2,1.7238210355553039e2,6.7239999999999997e-4,8.1165434616392584e-13,8.1165434616392584e-13,0.0000000000000000e0,0.0000000000000000e0,0.0000000000000000e0,0.0000000000000000e0,1.0919620763161220e-10,787,1,32,0.0000000000000000e0,8.1447235744795506e1,3.7482436691661486e-2,-9.8765242144624954e-1,-9.9489380016736262e-1,2.9642273066933047e0,3.0012859203571804e0,9.9999999999999998e-13,1.0000000000000000e-14,1.0000000000000000e-3,4.0000000000000000e2,1.5000000000000000e3,5.0000000000000003e-2,9.9999999999999998e-13,5.0000000000000000e-1,200000,1.0000000000000001e-5,1.3855706925414240e0,-1.4811109207404774e1,2.1966553355173374e2,4.9710214372750123e-13
250,"source_ray_250",0.6,Detected,DetectorHit,"",false,false,1.4732110836465791e1,,3.1252902329569174e0,3.1252902329569174e0,4.9740538917191451e-1,1.6328633373105515e2,1.7179643120819534e2,6.7299999999999999e-4,3.9725904857346173e-13,3.9725904857346183e-13,0.0000000000000000e0,0.0000000000000000e0,0.0000000000000000e0,0.0000000000000000e0,4.3087311496492475e-11,733,1,32,0.0000000000000000e0,8.1545399509035718e1,6.2418809995957350e-2,-9.8767173574517053e-1,-9.9370901861895589e-1,4.9405918270281033e0,5.0022610227886757e0,9.9999999999999998e-13,1.0000000000000000e-14,1.0000000000000000e-3,4.0000000000000000e2,1.5000000000000000e3,5.0000000000000003e-2,9.9999999999999998e-13,5.0000000000000000e-1,200000,1.0000000000000001e-5,1.3857962465099529e0,-1.4793292684839633e1,2.1968447769871136e2,1.9613270790840776e-13
251,"source_ray_251",0.6,Detected,DetectorHit,"",false,false,1.5487639281188446e1,,3.0981116187077875e0,3.0981116187077875e0,4.9307977836777767e-1,1.6286315636964227e2,1.7109759594519821e2,5.9750000000000005e-4,2.8460567236265888e-13,2.8460567236265913e-13,0.0000000000000000e0,0.0000000000000000e0,0.0000000000000000e0,0.0000000000000000e0,2.8819613362429664e-11,686,1,32,0.0000000000000000e0,8.1692423989512676e1,8.7277712949461447e-2,-9.8769837288122853e-1,-9.9193959756462180e-1,6.9172725222731462e0,7.0034260581949477e0,9.9999999999999998e-13,1.0000000000000000e-14,1.0000000000000000e-3,4.0000000000000000e2,1.5000000000000000e3,5.0000000000000003e-2,9.9999999999999998e-13,5.0000000000000000e-1,200000,1.0000000000000001e-5,1.3861330376373719e0,-1.4766686772187514e1,2.1971268587263009e2,1.3116954648279489e-13
252,"source_ray_252",0.6,Detected,DetectorHit,"",false,false,1.6440029475789604e1,,3.0623096837738508e0,3.0623096837738508e0,4.8738172345078723e-1,1.6244199837060052e2,1.7036384652398047e2,5.7790000000000001e-4,2.2004620348070603e-13,2.2004620348070603e-13,0.0000000000000000e0,0.0000000000000000e0,0.0000000000000000e0,0.0000000000000000e0,2.3504753698944114e-11,646,1,33,0.0000000000000000e0,8.1888046010160494e1,1.1202896242598788e-1,-9.8773219084258657e-1,-9.8959471456321990e-1,8.8943893618309140e0,9.0048592566812466e0,9.9999999999999998e-13,1.0000000000000000e-14,1.0000000000000000e-3,4.0000000000000000e2,1.5000000000000000e3,5.0000000000000003e-2,9.9999999999999998e-13,5.0000000000000000e-1,200000,1.0000000000000001e-5,1.3865792441783988e0,-1.4731432165627869e1,2.1974991308468358e2,1.0696137881923185e-13
253,"source_ray_253",0.6,Detected,DetectorHit,"",false,false,1.7559224793217954e1,,3.0196118700039789e0,3.0196118700039789e0,4.8058615533009491e-1,1.6205657099126813e2,1.6964766973883280e2,5.5300000000000000e-4,1.7086332348981159e-13,1.7086332348981152e-13,0.0000000000000000e0,0.0000000000000000e0,0.0000000000000000e0,0.0000000000000000e0,3.4702907214523293e-11,613,1,32,0.0000000000000000e0,8.2131918324940798e1,1.3664316249108710e-1,-9.8777301155705632e-1,-9.8668640340937097e-1,1.0872056036777852e1,1.1006634023782350e1,9.9999999999999998e-13,1.0000000000000000e-14,1.0000000000000000e-3,4.0000000000000000e2,1.5000000000000000e3,5.0000000000000003e-2,9.9999999999999998e-13,5.0000000000000000e-1,200000,1.0000000000000001e-5,1.3871324797266387e0,-1.4687713270513838e1,2.1979584038536180e2,1.5788700620393758e-13
254,"source_ray_254",0.6,Detected,DetectorHit,"",false,false,1.8817322581926298e1,,2.9719595034321813e0,2.9719595034321813e0,4.7300204564016635e-1,1.6172138408610471e2,1.6897747003814860e2,5.3830000000000002e-4,1.3283818489639998e-13,1.3283818489640001e-13,0.0000000000000000e0,0.0000000000000000e0,0.0000000000000000e0,0.0000000000000000e0,4.2462033889023587e-11,584,1,31,0.0000000000000000e0,8.2423612653748776e1,1.6109190453758049e-1,-9.8782062344605936e-1,-9.8322938731388054e-1,1.2850378471912119e1,1.3008817761956580e1,9.9999999999999998e-13,1.0000000000000000e-14,1.0000000000000000e-3,4.0000000000000000e2,1.5000000000000000e3,5.0000000000000003e-2,9.9999999999999998e-13,5.0000000000000000e-1,200000,1.0000000000000001e-5,1.3877898281169743e0,-1.4635755583010811e1,2.1985008111079441e2,1.9314086069235817e-13
255,"source_ray_255",0.6,Detected,DetectorHit,"",false,false,2.0189876052173233e1,,2.9210713489041580e0,2.9210713489041575e0,4.6490294430220713e-1,1.6143857373671290e2,1.6836475669595904e2,5.5049999999999999e-4,1.0585976539800868e-13,1.0585976539800870e-13,0.0000000000000000e0,0.0000000000000000e0,0.0000000000000000e0,0.0000000000000000e0,4.7805315261939541e-11,560,2,32,0.0000000000000000e0,8.2762623359935773e1,1.8534794999569476e-1,-9.8787478438637344e-1,-9.7924087892826339e-1,1.4829453547717106e1,1.5011470868677495e1,9.9999999999999998e-13,1.0000000000000000e-14,1.0000000000000000e-3,4.0000000000000000e2,1.5000000000000000e3,5.0000000000000003e-2,9.9999999999999998e-13,5.0000000000000000e-1,200000,1.0000000000000001e-5,1.3885478851427415e0,-1.4575822555312865e1,2.1991218826924504e2,2.1738365498600774e-13
